================================================================================
Test org.apache.flink.test.checkpointing.UnalignedCheckpointRescaleITCase.shouldRescaleUnalignedCheckpoint[downscale pipeline from 7 to 3, sourceSleepMs = 0] is running.
--------------------------------------------------------------------------------
59622 [                                ] PseudoRandomValueSelector [ForkJoinPool-1-worker-19] INFO  Randomly selected true for taskmanager.network.memory.buffer-debloat.enabled
59622 [                                ] TaskExecutorResourceUtils [ForkJoinPool-1-worker-19] INFO  The configuration option taskmanager.cpu.cores required for local execution is not set, setting it to the maximal possible value.
59622 [                                ] TaskExecutorResourceUtils [ForkJoinPool-1-worker-19] INFO  The configuration option taskmanager.memory.task.heap.size required for local execution is not set, setting it to the maximal possible value.
59622 [                                ] TaskExecutorResourceUtils [ForkJoinPool-1-worker-19] INFO  The configuration option taskmanager.memory.task.off-heap.size required for local execution is not set, setting it to the maximal possible value.
59622 [                                ] MiniCluster [ForkJoinPool-1-worker-19] INFO  Starting Flink Mini Cluster
59623 [                                ] MiniCluster [ForkJoinPool-1-worker-19] INFO  Starting Metrics Registry
59623 [                                ] MetricRegistryImpl [ForkJoinPool-1-worker-19] INFO  No metrics reporter configured, no metrics will be exposed/reported.
59623 [                                ] MetricRegistryImpl [ForkJoinPool-1-worker-19] INFO  No trace reporter configured, no traces will be exposed/reported.
59623 [                                ] MetricRegistryImpl [ForkJoinPool-1-worker-19] INFO  No event reporter configured, no events will be exposed/reported.
59623 [                                ] MiniCluster [ForkJoinPool-1-worker-19] INFO  Starting RPC Service(s)
59623 [                                ] PekkoRpcServiceUtils [ForkJoinPool-1-worker-19] INFO  Trying to start local actor system
59624 [                                ] Slf4jLogger [flink-pekko.actor.default-dispatcher-6] INFO  Slf4jLogger started
59625 [                                ] PekkoRpcServiceUtils [ForkJoinPool-1-worker-19] INFO  Actor system started at pekko://flink
59625 [                                ] PekkoRpcServiceUtils [ForkJoinPool-1-worker-19] INFO  Trying to start local actor system
59626 [                                ] Slf4jLogger [flink-metrics-6] INFO  Slf4jLogger started
59627 [                                ] PekkoRpcServiceUtils [ForkJoinPool-1-worker-19] INFO  Actor system started at pekko://flink-metrics
59627 [                                ] PekkoRpcService [ForkJoinPool-1-worker-19] INFO  Starting RPC endpoint for org.apache.flink.runtime.metrics.dump.MetricQueryService at pekko://flink-metrics/user/rpc/MetricQueryService .
59627 [                                ] DefaultDelegationTokenManager [ForkJoinPool-1-worker-19] INFO  Loading delegation token providers
59628 [                                ] HadoopFSDelegationTokenProvider [ForkJoinPool-1-worker-19] INFO  Hadoop FS is not available (not packaged with this application): NoClassDefFoundError : "org/apache/hadoop/hdfs/HdfsConfiguration".
59628 [                                ] DefaultDelegationTokenManager [ForkJoinPool-1-worker-19] INFO  Delegation token provider hadoopfs loaded and initialized
59628 [                                ] DefaultDelegationTokenManager [ForkJoinPool-1-worker-19] INFO  Delegation token provider hbase loaded and initialized
59628 [                                ] DefaultDelegationTokenManager [ForkJoinPool-1-worker-19] INFO  Delegation token provider test loaded and initialized
59628 [                                ] DefaultDelegationTokenManager [ForkJoinPool-1-worker-19] INFO  Delegation token provider throw loaded and initialized
59628 [                                ] DefaultDelegationTokenManager [ForkJoinPool-1-worker-19] INFO  Delegation token providers loaded successfully
59628 [                                ] DelegationTokenReceiverRepository [ForkJoinPool-1-worker-19] INFO  Loading delegation token receivers
59628 [                                ] DelegationTokenReceiverRepository [ForkJoinPool-1-worker-19] INFO  Delegation token receiver hadoopfs loaded and initialized
59628 [                                ] DelegationTokenReceiverRepository [ForkJoinPool-1-worker-19] INFO  Delegation token receiver hbase loaded and initialized
59628 [                                ] DelegationTokenReceiverRepository [ForkJoinPool-1-worker-19] INFO  Delegation token receiver test loaded and initialized
59628 [                                ] DelegationTokenReceiverRepository [ForkJoinPool-1-worker-19] INFO  Delegation token receiver throw loaded and initialized
59628 [                                ] DelegationTokenReceiverRepository [ForkJoinPool-1-worker-19] INFO  Delegation token receivers loaded successfully
59628 [                                ] DefaultDelegationTokenManager [ForkJoinPool-1-worker-19] INFO  Checking provider and receiver instances consistency
59628 [                                ] DefaultDelegationTokenManager [ForkJoinPool-1-worker-19] INFO  Provider and receiver instances are consistent
59628 [                                ] DefaultDelegationTokenManager [ForkJoinPool-1-worker-19] INFO  Obtaining delegation tokens
59628 [                                ] DefaultDelegationTokenManager [ForkJoinPool-1-worker-19] INFO  Delegation tokens obtained successfully
59628 [                                ] DefaultDelegationTokenManager [ForkJoinPool-1-worker-19] WARN  No tokens obtained so skipping notifications
59628 [                                ] DelegationTokenReceiverRepository [ForkJoinPool-1-worker-19] INFO  Loading delegation token receivers
59628 [                                ] DelegationTokenReceiverRepository [ForkJoinPool-1-worker-19] INFO  Delegation token receiver hadoopfs loaded and initialized
59628 [                                ] DelegationTokenReceiverRepository [ForkJoinPool-1-worker-19] INFO  Delegation token receiver hbase loaded and initialized
59628 [                                ] DelegationTokenReceiverRepository [ForkJoinPool-1-worker-19] INFO  Delegation token receiver test loaded and initialized
59628 [                                ] DelegationTokenReceiverRepository [ForkJoinPool-1-worker-19] INFO  Delegation token receiver throw loaded and initialized
59628 [                                ] DelegationTokenReceiverRepository [ForkJoinPool-1-worker-19] INFO  Delegation token receivers loaded successfully
59628 [                                ] BlobServer [ForkJoinPool-1-worker-19] INFO  Created BLOB server storage directory /var/folders/m8/q6f016tn6cl2cp86hfq331_w0000gp/T/junit12394834073980259349/junit9098618622995622122/minicluster_140ac3e61bcb9b3c1d4284234883bf2b/blobStorage
59628 [                                ] BlobServer [ForkJoinPool-1-worker-19] INFO  Started BLOB server at 0.0.0.0:64552 - max concurrent requests: 50 - max backlog: 1000
59629 [                                ] PermanentBlobCache [ForkJoinPool-1-worker-19] INFO  Created BLOB cache storage directory /var/folders/m8/q6f016tn6cl2cp86hfq331_w0000gp/T/junit12394834073980259349/junit9098618622995622122/minicluster_140ac3e61bcb9b3c1d4284234883bf2b/blobStorage
59629 [                                ] TransientBlobCache [ForkJoinPool-1-worker-19] INFO  Created BLOB cache storage directory /var/folders/m8/q6f016tn6cl2cp86hfq331_w0000gp/T/junit12394834073980259349/junit9098618622995622122/minicluster_140ac3e61bcb9b3c1d4284234883bf2b/blobStorage
59629 [                                ] MiniCluster [ForkJoinPool-1-worker-19] INFO  Starting 3 TaskManager(s)
59629 [                                ] TaskManagerRunner [ForkJoinPool-1-worker-19] INFO  Starting TaskManager with ResourceID: 0aab3875-4873-4632-a356-5359d33c98fa
59629 [                                ] TaskManagerServices [ForkJoinPool-1-worker-19] INFO  Temporary file directory '/var/folders/m8/q6f016tn6cl2cp86hfq331_w0000gp/T/junit12394834073980259349/junit9098618622995622122': total 926 GB, usable 259 GB (27.97% usable)
59629 [                                ] IOManager [ForkJoinPool-1-worker-19] INFO  Created a new FileChannelManager for spilling of task related data to disk (joins, sorting, ...). Used directories:
	/var/folders/m8/q6f016tn6cl2cp86hfq331_w0000gp/T/junit12394834073980259349/junit9098618622995622122/flink-io-bdfa9487-20c4-469f-8d83-251de7149577
59630 [                                ] NettyConfig [ForkJoinPool-1-worker-19] INFO  NettyConfig [server address: localhost/127.0.0.1, server port range: 0, ssl enabled: false, memory segment size (bytes): 4096, number of server threads: 5 (manual), number of client threads: 5 (manual), server connect backlog: 0 (use Netty's default), client connect timeout (sec): 120, send/receive buffer size (bytes): 0 (use Netty's default)]
59630 [                                ] NettyShuffleServiceFactory [ForkJoinPool-1-worker-19] INFO  Created a new FileChannelManager for storing result partitions of BLOCKING shuffles. Used directories:
	/var/folders/m8/q6f016tn6cl2cp86hfq331_w0000gp/T/junit12394834073980259349/junit9098618622995622122/flink-netty-shuffle-28fbbde6-f006-4b86-af4b-609f0c3c3334
59635 [                                ] NetworkBufferPool [ForkJoinPool-1-worker-19] INFO  Allocated 32 MB for network buffer pool (number of memory segments: 8192, bytes per segment: 4096).
59635 [                                ] NettyShuffleEnvironment [ForkJoinPool-1-worker-19] INFO  Starting the network environment and its components.
59635 [                                ] NettyClient [ForkJoinPool-1-worker-19] INFO  Transport type 'auto': using NIO.
59635 [                                ] NettyClient [ForkJoinPool-1-worker-19] INFO  Successful initialization (took 0 ms).
59635 [                                ] NettyServer [ForkJoinPool-1-worker-19] INFO  Transport type 'auto': using NIO.
59635 [                                ] NettyServer [ForkJoinPool-1-worker-19] INFO  Successful initialization (took 0 ms). Listening on SocketAddress /127.0.0.1:64553.
59635 [                                ] TaskManagerServices [ForkJoinPool-1-worker-19] INFO  TaskManager data connection initialized successfully; listening internally on port: 64553
59635 [                                ] KvStateService [ForkJoinPool-1-worker-19] INFO  Starting the kvState service and its components.
59635 [                                ] Configuration [ForkJoinPool-1-worker-19] INFO  Config uses fallback configuration key 'pekko.ask.timeout' instead of key 'taskmanager.slot.timeout'
59635 [                                ] PekkoRpcService [ForkJoinPool-1-worker-19] INFO  Starting RPC endpoint for org.apache.flink.runtime.taskexecutor.TaskExecutor at pekko://flink/user/rpc/taskmanager_328 .
59636 [                                ] DefaultJobLeaderService [flink-pekko.actor.default-dispatcher-6] INFO  Start job leader service.
59636 [                                ] FileCache [flink-pekko.actor.default-dispatcher-6] INFO  User file cache uses directory /var/folders/m8/q6f016tn6cl2cp86hfq331_w0000gp/T/junit12394834073980259349/junit9098618622995622122/flink-dist-cache-c4680e7d-37eb-4afd-a310-4bf25f8eb1fb
59636 [                                ] TaskManagerRunner [ForkJoinPool-1-worker-19] INFO  Starting TaskManager with ResourceID: 851c89e8-2e40-4759-9ebc-c952f3b10787
59636 [                                ] TaskManagerServices [ForkJoinPool-1-worker-19] INFO  Temporary file directory '/var/folders/m8/q6f016tn6cl2cp86hfq331_w0000gp/T/junit12394834073980259349/junit9098618622995622122': total 926 GB, usable 259 GB (27.97% usable)
59636 [                                ] IOManager [ForkJoinPool-1-worker-19] INFO  Created a new FileChannelManager for spilling of task related data to disk (joins, sorting, ...). Used directories:
	/var/folders/m8/q6f016tn6cl2cp86hfq331_w0000gp/T/junit12394834073980259349/junit9098618622995622122/flink-io-052387e6-3391-4ae8-8bda-e4fa2cc166c3
59636 [                                ] NettyConfig [ForkJoinPool-1-worker-19] INFO  NettyConfig [server address: localhost/127.0.0.1, server port range: 0, ssl enabled: false, memory segment size (bytes): 4096, number of server threads: 5 (manual), number of client threads: 5 (manual), server connect backlog: 0 (use Netty's default), client connect timeout (sec): 120, send/receive buffer size (bytes): 0 (use Netty's default)]
59636 [                                ] NettyShuffleServiceFactory [ForkJoinPool-1-worker-19] INFO  Created a new FileChannelManager for storing result partitions of BLOCKING shuffles. Used directories:
	/var/folders/m8/q6f016tn6cl2cp86hfq331_w0000gp/T/junit12394834073980259349/junit9098618622995622122/flink-netty-shuffle-c5ed628a-bdba-4628-80f0-2dc718cad844
59640 [                                ] NetworkBufferPool [ForkJoinPool-1-worker-19] INFO  Allocated 32 MB for network buffer pool (number of memory segments: 8192, bytes per segment: 4096).
59640 [                                ] NettyShuffleEnvironment [ForkJoinPool-1-worker-19] INFO  Starting the network environment and its components.
59640 [                                ] NettyClient [ForkJoinPool-1-worker-19] INFO  Transport type 'auto': using NIO.
59640 [                                ] NettyClient [ForkJoinPool-1-worker-19] INFO  Successful initialization (took 0 ms).
59640 [                                ] NettyServer [ForkJoinPool-1-worker-19] INFO  Transport type 'auto': using NIO.
59640 [                                ] NettyServer [ForkJoinPool-1-worker-19] INFO  Successful initialization (took 0 ms). Listening on SocketAddress /127.0.0.1:64554.
59640 [                                ] TaskManagerServices [ForkJoinPool-1-worker-19] INFO  TaskManager data connection initialized successfully; listening internally on port: 64554
59640 [                                ] KvStateService [ForkJoinPool-1-worker-19] INFO  Starting the kvState service and its components.
59640 [                                ] Configuration [ForkJoinPool-1-worker-19] INFO  Config uses fallback configuration key 'pekko.ask.timeout' instead of key 'taskmanager.slot.timeout'
59640 [                                ] PekkoRpcService [ForkJoinPool-1-worker-19] INFO  Starting RPC endpoint for org.apache.flink.runtime.taskexecutor.TaskExecutor at pekko://flink/user/rpc/taskmanager_329 .
59641 [                                ] DefaultJobLeaderService [flink-pekko.actor.default-dispatcher-6] INFO  Start job leader service.
59641 [                                ] FileCache [flink-pekko.actor.default-dispatcher-6] INFO  User file cache uses directory /var/folders/m8/q6f016tn6cl2cp86hfq331_w0000gp/T/junit12394834073980259349/junit9098618622995622122/flink-dist-cache-f10c6104-7a68-425c-9373-7f534f9f311c
59641 [                                ] TaskManagerRunner [ForkJoinPool-1-worker-19] INFO  Starting TaskManager with ResourceID: 5df2bd91-da4a-4832-bb2f-2477c2111d51
59641 [                                ] TaskManagerServices [ForkJoinPool-1-worker-19] INFO  Temporary file directory '/var/folders/m8/q6f016tn6cl2cp86hfq331_w0000gp/T/junit12394834073980259349/junit9098618622995622122': total 926 GB, usable 259 GB (27.97% usable)
59641 [                                ] IOManager [ForkJoinPool-1-worker-19] INFO  Created a new FileChannelManager for spilling of task related data to disk (joins, sorting, ...). Used directories:
	/var/folders/m8/q6f016tn6cl2cp86hfq331_w0000gp/T/junit12394834073980259349/junit9098618622995622122/flink-io-3c4228cb-6245-4417-87c2-6cd67475d1bc
59641 [                                ] NettyConfig [ForkJoinPool-1-worker-19] INFO  NettyConfig [server address: localhost/127.0.0.1, server port range: 0, ssl enabled: false, memory segment size (bytes): 4096, number of server threads: 5 (manual), number of client threads: 5 (manual), server connect backlog: 0 (use Netty's default), client connect timeout (sec): 120, send/receive buffer size (bytes): 0 (use Netty's default)]
59641 [                                ] NettyShuffleServiceFactory [ForkJoinPool-1-worker-19] INFO  Created a new FileChannelManager for storing result partitions of BLOCKING shuffles. Used directories:
	/var/folders/m8/q6f016tn6cl2cp86hfq331_w0000gp/T/junit12394834073980259349/junit9098618622995622122/flink-netty-shuffle-6d63e711-ee2c-42fb-a630-c81512f18bf1
59646 [                                ] NetworkBufferPool [ForkJoinPool-1-worker-19] INFO  Allocated 32 MB for network buffer pool (number of memory segments: 8192, bytes per segment: 4096).
59646 [                                ] NettyShuffleEnvironment [ForkJoinPool-1-worker-19] INFO  Starting the network environment and its components.
59646 [                                ] NettyClient [ForkJoinPool-1-worker-19] INFO  Transport type 'auto': using NIO.
59646 [                                ] NettyClient [ForkJoinPool-1-worker-19] INFO  Successful initialization (took 0 ms).
59646 [                                ] NettyServer [ForkJoinPool-1-worker-19] INFO  Transport type 'auto': using NIO.
59647 [                                ] NettyServer [ForkJoinPool-1-worker-19] INFO  Successful initialization (took 0 ms). Listening on SocketAddress /127.0.0.1:64555.
59647 [                                ] TaskManagerServices [ForkJoinPool-1-worker-19] INFO  TaskManager data connection initialized successfully; listening internally on port: 64555
59647 [                                ] KvStateService [ForkJoinPool-1-worker-19] INFO  Starting the kvState service and its components.
59647 [                                ] Configuration [ForkJoinPool-1-worker-19] INFO  Config uses fallback configuration key 'pekko.ask.timeout' instead of key 'taskmanager.slot.timeout'
59647 [                                ] PekkoRpcService [ForkJoinPool-1-worker-19] INFO  Starting RPC endpoint for org.apache.flink.runtime.taskexecutor.TaskExecutor at pekko://flink/user/rpc/taskmanager_330 .
59647 [                                ] DefaultJobLeaderService [flink-pekko.actor.default-dispatcher-6] INFO  Start job leader service.
59647 [                                ] FileCache [flink-pekko.actor.default-dispatcher-6] INFO  User file cache uses directory /var/folders/m8/q6f016tn6cl2cp86hfq331_w0000gp/T/junit12394834073980259349/junit9098618622995622122/flink-dist-cache-495330b5-c921-46bc-a9ac-a5b0b6a0cad4
59647 [                                ] DispatcherRestEndpoint [ForkJoinPool-1-worker-19] INFO  Starting rest endpoint.
59648 [                                ] WebMonitorUtils [ForkJoinPool-1-worker-19] WARN  Log file environment variable 'log.file' is not set.
59648 [                                ] WebMonitorUtils [ForkJoinPool-1-worker-19] WARN  JobManager log files are unavailable in the web dashboard. Log file location not found in environment variable 'log.file' or configuration key 'web.log.path'.
59649 [                                ] DispatcherRestEndpoint [ForkJoinPool-1-worker-19] INFO  Rest endpoint listening at localhost:64556
59649 [                                ] EmbeddedLeaderService [ForkJoinPool-1-worker-19] INFO  Proposing leadership to the contender that is registered under component ID 'rest_server'.
59649 [                                ] DispatcherRestEndpoint [ForkJoinPool-1-worker-19] INFO  Web frontend listening at http://localhost:64556.
59649 [                                ] DispatcherRestEndpoint [mini-cluster-io-thread-1] INFO  http://localhost:64556 was granted leadership with leaderSessionID=418f8c0f-7d54-40ef-89b4-7c227ff72d4b
59649 [                                ] EmbeddedLeaderService [mini-cluster-io-thread-1] INFO  Received confirmation of leadership for leader http://localhost:64556 , session=418f8c0f-7d54-40ef-89b4-7c227ff72d4b
59649 [                                ] EmbeddedLeaderService [ForkJoinPool-1-worker-19] INFO  Proposing leadership to the contender that is registered under component ID 'dispatcher'.
59649 [                                ] ResourceManagerServiceImpl [ForkJoinPool-1-worker-19] INFO  Starting resource manager service.
59649 [                                ] EmbeddedLeaderService [ForkJoinPool-1-worker-19] INFO  Proposing leadership to the contender that is registered under component ID 'resource_manager'.
59649 [                                ] DefaultDispatcherRunner [mini-cluster-io-thread-2] INFO  DefaultDispatcherRunner was granted leadership with leader id 8c02a977-c35c-4b1d-83b7-58ea82611604. Creating new DispatcherLeaderProcess.
59649 [                                ] SessionDispatcherLeaderProcess [mini-cluster-io-thread-2] INFO  Start SessionDispatcherLeaderProcess.
59649 [                                ] MiniCluster [ForkJoinPool-1-worker-19] INFO  Flink Mini Cluster started successfully
59649 [                                ] SessionDispatcherLeaderProcess [mini-cluster-io-thread-4] INFO  Recover all persisted job graphs that are not finished, yet.
59649 [                                ] SessionDispatcherLeaderProcess [mini-cluster-io-thread-4] INFO  Successfully recovered 0 persisted job graphs.
59649 [                                ] SessionDispatcherLeaderProcess [mini-cluster-io-thread-4] INFO  Recover all persisted applications that are not finished, yet.
59649 [                                ] SessionDispatcherLeaderProcess [mini-cluster-io-thread-4] INFO  Successfully recovered 0 persisted applications.
59649 [                                ] ResourceManagerServiceImpl [pool-710-thread-1] INFO  Resource manager service is granted leadership with session id 64e3c7f3-d295-4228-ba95-af8716d208c9.
59649 [                                ] PekkoRpcService [mini-cluster-io-thread-4] INFO  Starting RPC endpoint for org.apache.flink.runtime.dispatcher.StandaloneDispatcher at pekko://flink/user/rpc/dispatcher_331 .
59649 [                                ] Configuration [ForkJoinPool-1-worker-19] INFO  Config uses fallback configuration key 'jobmanager.rpc.address' instead of key 'rest.address'
59649 [                                ] PekkoRpcService [pool-710-thread-1] INFO  Starting RPC endpoint for org.apache.flink.runtime.resourcemanager.StandaloneResourceManager at pekko://flink/user/rpc/resourcemanager_332 .
59649 [                                ] StandaloneResourceManager [flink-pekko.actor.default-dispatcher-6] INFO  Starting the resource manager.
59649 [                                ] FineGrainedSlotManager [flink-pekko.actor.default-dispatcher-6] INFO  Starting the slot manager.
59649 [                                ] PseudoRandomValueSelector [ForkJoinPool-1-worker-19] INFO  Randomly selected true for execution.checkpointing.unaligned.enabled
59649 [                                ] PseudoRandomValueSelector [ForkJoinPool-1-worker-19] INFO  Randomly selected PT0.1S for execution.checkpointing.aligned-checkpoint-timeout
59649 [                                ] PseudoRandomValueSelector [ForkJoinPool-1-worker-19] INFO  Randomly selected false for execution.checkpointing.cleaner.parallel-mode
59649 [                                ] PseudoRandomValueSelector [ForkJoinPool-1-worker-19] INFO  Randomly selected false for execution.checkpointing.unaligned.interruptible-timers.enabled
59649 [                                ] PseudoRandomValueSelector [ForkJoinPool-1-worker-19] INFO  Randomly selected false for execution.checkpointing.snapshot-compression
59649 [                                ] PseudoRandomValueSelector [ForkJoinPool-1-worker-19] INFO  Randomly selected true for execution.checkpointing.file-merging.enabled
59649 [                                ] PseudoRandomValueSelector [ForkJoinPool-1-worker-19] INFO  Randomly selected true for state.backend.rocksdb.use-ingest-db-restore-mode
59649 [                                ] PseudoRandomValueSelector [ForkJoinPool-1-worker-19] INFO  Randomly selected 1 for pipeline.watermark-alignment.buffer-size
59649 [                                ] PseudoRandomValueSelector [ForkJoinPool-1-worker-19] INFO  Randomly selected 1 for table.exec.unbounded-over.version
59649 [                                ] PseudoRandomValueSelector [ForkJoinPool-1-worker-19] INFO  Randomly selected VALUE for table.exec.sink.upsert-materialize-strategy.type
59649 [                                ] DefaultDelegationTokenManager [flink-pekko.actor.default-dispatcher-6] INFO  Starting tokens update task
59649 [                                ] DefaultDelegationTokenManager [flink-pekko.actor.default-dispatcher-6] WARN  No tokens obtained so skipping notifications
59649 [                                ] DefaultDelegationTokenManager [flink-pekko.actor.default-dispatcher-6] WARN  Tokens update task not started because either no tokens obtained or none of the tokens specified its renewal date
59649 [                                ] EmbeddedLeaderService [mini-cluster-io-thread-2] INFO  Received confirmation of leadership for leader pekko://flink/user/rpc/resourcemanager_332 , session=64e3c7f3-d295-4228-ba95-af8716d208c9
59649 [                                ] EmbeddedLeaderService [mini-cluster-io-thread-4] INFO  Received confirmation of leadership for leader pekko://flink/user/rpc/dispatcher_331 , session=8c02a977-c35c-4b1d-83b7-58ea82611604
59649 [                                ] TaskExecutor [flink-pekko.actor.default-dispatcher-9] INFO  Connecting to ResourceManager pekko://flink/user/rpc/resourcemanager_332(ba95af8716d208c964e3c7f3d2954228).
59650 [                                ] TaskExecutor [flink-pekko.actor.default-dispatcher-6] INFO  Connecting to ResourceManager pekko://flink/user/rpc/resourcemanager_332(ba95af8716d208c964e3c7f3d2954228).
59650 [                                ] TaskExecutor [flink-pekko.actor.default-dispatcher-8] INFO  Connecting to ResourceManager pekko://flink/user/rpc/resourcemanager_332(ba95af8716d208c964e3c7f3d2954228).
59650 [                                ] TaskExecutor [flink-pekko.actor.default-dispatcher-8] INFO  Resolved ResourceManager address, beginning registration
59650 [                                ] TaskExecutor [flink-pekko.actor.default-dispatcher-6] INFO  Resolved ResourceManager address, beginning registration
59650 [                                ] TaskExecutor [flink-pekko.actor.default-dispatcher-10] INFO  Resolved ResourceManager address, beginning registration
59650 [                                ] StandaloneResourceManager [flink-pekko.actor.default-dispatcher-6] INFO  Registering TaskManager with ResourceID 0aab3875-4873-4632-a356-5359d33c98fa (pekko://flink/user/rpc/taskmanager_328) at ResourceManager
59650 [                                ] StandaloneResourceManager [flink-pekko.actor.default-dispatcher-6] INFO  Registering TaskManager with ResourceID 851c89e8-2e40-4759-9ebc-c952f3b10787 (pekko://flink/user/rpc/taskmanager_329) at ResourceManager
59650 [                                ] StandaloneResourceManager [flink-pekko.actor.default-dispatcher-6] INFO  Registering TaskManager with ResourceID 5df2bd91-da4a-4832-bb2f-2477c2111d51 (pekko://flink/user/rpc/taskmanager_330) at ResourceManager
59650 [                                ] TaskExecutor [flink-pekko.actor.default-dispatcher-9] INFO  Successful registration at resource manager pekko://flink/user/rpc/resourcemanager_332 under registration id b070aaac3880e72c4ac0f7bfb40b7cbd.
59650 [                                ] TaskExecutor [flink-pekko.actor.default-dispatcher-6] INFO  Successful registration at resource manager pekko://flink/user/rpc/resourcemanager_332 under registration id 004854b5842d1b348b55161e9f116ea7.
59650 [                                ] TaskExecutor [flink-pekko.actor.default-dispatcher-10] INFO  Successful registration at resource manager pekko://flink/user/rpc/resourcemanager_332 under registration id c8477fc213aa46a9883f0cf588cf7376.
59650 [                                ] FineGrainedSlotManager [flink-pekko.actor.default-dispatcher-8] INFO  Registering task executor 0aab3875-4873-4632-a356-5359d33c98fa under b070aaac3880e72c4ac0f7bfb40b7cbd at the slot manager.
59650 [                                ] FineGrainedSlotManager [flink-pekko.actor.default-dispatcher-8] INFO  Registering task executor 5df2bd91-da4a-4832-bb2f-2477c2111d51 under 004854b5842d1b348b55161e9f116ea7 at the slot manager.
59650 [                                ] FineGrainedSlotManager [flink-pekko.actor.default-dispatcher-8] INFO  Registering task executor 851c89e8-2e40-4759-9ebc-c952f3b10787 under c8477fc213aa46a9883f0cf588cf7376 at the slot manager.
Starting org.apache.flink.test.checkpointing.UnalignedCheckpointRescaleITCase#shouldRescaleUnalignedCheckpoint.
59651 [                                ] StandaloneDispatcher [flink-pekko.actor.default-dispatcher-6] INFO  Received application submission 'SingleJobApplication(Flink Streaming Job)' (e2f0affed90bb4580c88f6e4db7d5c6b).
59651 [                                ] StandaloneDispatcher [flink-pekko.actor.default-dispatcher-6] INFO  Submitting application 'SingleJobApplication(Flink Streaming Job)' (e2f0affed90bb4580c88f6e4db7d5c6b).
59651 [                                ] AbstractApplication [flink-pekko.actor.default-dispatcher-6] INFO  Application SingleJobApplication(Flink Streaming Job) (e2f0affed90bb4580c88f6e4db7d5c6b) switched from state CREATED to RUNNING.
59651 [e2f0affed90bb4580c88f6e4db7d5c6b] StandaloneDispatcher [flink-pekko.actor.default-dispatcher-6] INFO  Received job submission 'Flink Streaming Job' (e2f0affed90bb4580c88f6e4db7d5c6b).
59651 [e2f0affed90bb4580c88f6e4db7d5c6b] StandaloneDispatcher [flink-pekko.actor.default-dispatcher-6] INFO  Submitting job 'Flink Streaming Job' (e2f0affed90bb4580c88f6e4db7d5c6b) with associated application (e2f0affed90bb4580c88f6e4db7d5c6b).
59652 [e2f0affed90bb4580c88f6e4db7d5c6b] EmbeddedLeaderService [flink-pekko.actor.default-dispatcher-6] INFO  Proposing leadership to the contender that is registered under component ID 'job-e2f0affed90bb4580c88f6e4db7d5c6b'.
59652 [                                ] JobMasterServiceLeadershipRunner [mini-cluster-io-thread-3] INFO  JobMasterServiceLeadershipRunner for job e2f0affed90bb4580c88f6e4db7d5c6b was granted leadership with leader id cf5e3095-090d-410b-98f1-a41c4fcb4f24. Creating new JobMasterServiceProcess.
59652 [e2f0affed90bb4580c88f6e4db7d5c6b] PekkoRpcService [jobmanager-io-thread-1] INFO  Starting RPC endpoint for org.apache.flink.runtime.jobmaster.JobMaster at pekko://flink/user/rpc/jobmanager_333 .
59652 [e2f0affed90bb4580c88f6e4db7d5c6b] JobMaster [jobmanager-io-thread-1] INFO  Initializing job 'Flink Streaming Job' (e2f0affed90bb4580c88f6e4db7d5c6b).
59652 [e2f0affed90bb4580c88f6e4db7d5c6b] JobMaster [jobmanager-io-thread-1] INFO  Using restart back off time strategy FixedDelayRestartBackoffTimeStrategy(maxNumberRestartAttempts=0, backoffTimeMS=100) for Flink Streaming Job (e2f0affed90bb4580c88f6e4db7d5c6b).
59652 [e2f0affed90bb4580c88f6e4db7d5c6b] ExecutionGraph [jobmanager-io-thread-1] INFO  Created execution graph 7c364d770be7fb6122304dc159ffb54f for job e2f0affed90bb4580c88f6e4db7d5c6b.
59652 [e2f0affed90bb4580c88f6e4db7d5c6b] JobMaster [jobmanager-io-thread-1] INFO  Running initialization on master for job Flink Streaming Job (e2f0affed90bb4580c88f6e4db7d5c6b).
59652 [e2f0affed90bb4580c88f6e4db7d5c6b] JobMaster [jobmanager-io-thread-1] INFO  Successfully ran initialization on master in 0 ms.
59652 [e2f0affed90bb4580c88f6e4db7d5c6b] DefaultExecutionTopology [jobmanager-io-thread-1] INFO  Built 1 new pipelined regions in 0 ms, total 1 pipelined regions currently.
59652 [e2f0affed90bb4580c88f6e4db7d5c6b] JobMaster [jobmanager-io-thread-1] INFO  State backend is set to heap memory org.apache.flink.runtime.state.hashmap.HashMapStateBackend@7e2a07b4
59652 [e2f0affed90bb4580c88f6e4db7d5c6b] StateBackendLoader [jobmanager-io-thread-1] INFO  State backend loader loads the state backend as HashMapStateBackend
59652 [e2f0affed90bb4580c88f6e4db7d5c6b] JobMaster [jobmanager-io-thread-1] INFO  Checkpoint storage is set to 'filesystem': (checkpoints "file:/var/folders/m8/q6f016tn6cl2cp86hfq331_w0000gp/T/junit-4734462783579597589/junit13986449793460021045")
59653 [e2f0affed90bb4580c88f6e4db7d5c6b] CheckpointCoordinator [jobmanager-io-thread-1] INFO  No checkpoint found during restore.
59653 [e2f0affed90bb4580c88f6e4db7d5c6b] JobMaster [jobmanager-io-thread-1] INFO  Using failover strategy org.apache.flink.runtime.executiongraph.failover.RestartPipelinedRegionFailoverStrategy@5a503259 for Flink Streaming Job (e2f0affed90bb4580c88f6e4db7d5c6b).
59653 [e2f0affed90bb4580c88f6e4db7d5c6b] EmbeddedLeaderService [jobmanager-io-thread-1] INFO  Received confirmation of leadership for leader pekko://flink/user/rpc/jobmanager_333 , session=cf5e3095-090d-410b-98f1-a41c4fcb4f24
59653 [e2f0affed90bb4580c88f6e4db7d5c6b] JobMaster [flink-pekko.actor.default-dispatcher-8] INFO  Starting execution of job 'Flink Streaming Job' (e2f0affed90bb4580c88f6e4db7d5c6b) under job master id 98f1a41c4fcb4f24cf5e3095090d410b.
59653 [e2f0affed90bb4580c88f6e4db7d5c6b] SourceCoordinator [flink-pekko.actor.default-dispatcher-8] INFO  Starting split enumerator for source Source: source0.
59653 [e2f0affed90bb4580c88f6e4db7d5c6b] JobMaster [flink-pekko.actor.default-dispatcher-8] INFO  Starting scheduling with scheduling strategy [org.apache.flink.runtime.scheduler.strategy.PipelinedRegionSchedulingStrategy]
59653 [e2f0affed90bb4580c88f6e4db7d5c6b] ExecutionGraph [flink-pekko.actor.default-dispatcher-8] INFO  Job Flink Streaming Job (e2f0affed90bb4580c88f6e4db7d5c6b) switched from state CREATED to RUNNING.
59653 [e2f0affed90bb4580c88f6e4db7d5c6b] ExecutionTrackingCheckpointCoordinatorDeActivator [flink-pekko.actor.default-dispatcher-8] INFO  Starting checkpoint scheduler
59653 [e2f0affed90bb4580c88f6e4db7d5c6b] ExecutionGraph [flink-pekko.actor.default-dispatcher-8] INFO  Source: source0 -> input-filter0 -> input-counter0 (1/7) (7c364d770be7fb6122304dc159ffb54f_3e9b902627593008a6d790e9aeca7953_0_0) switched from CREATED to SCHEDULED.
59653 [e2f0affed90bb4580c88f6e4db7d5c6b] ExecutionTrackingCheckpointCoordinatorDeActivator [flink-pekko.actor.default-dispatcher-8] INFO  Stopping checkpoint scheduler, current job status: RUNNING
59653 [e2f0affed90bb4580c88f6e4db7d5c6b] ExecutionGraph [flink-pekko.actor.default-dispatcher-8] INFO  Source: source0 -> input-filter0 -> input-counter0 (2/7) (7c364d770be7fb6122304dc159ffb54f_3e9b902627593008a6d790e9aeca7953_1_0) switched from CREATED to SCHEDULED.
59653 [e2f0affed90bb4580c88f6e4db7d5c6b] ExecutionGraph [flink-pekko.actor.default-dispatcher-8] INFO  Source: source0 -> input-filter0 -> input-counter0 (3/7) (7c364d770be7fb6122304dc159ffb54f_3e9b902627593008a6d790e9aeca7953_2_0) switched from CREATED to SCHEDULED.
59653 [e2f0affed90bb4580c88f6e4db7d5c6b] ExecutionGraph [flink-pekko.actor.default-dispatcher-8] INFO  Source: source0 -> input-filter0 -> input-counter0 (4/7) (7c364d770be7fb6122304dc159ffb54f_3e9b902627593008a6d790e9aeca7953_3_0) switched from CREATED to SCHEDULED.
59653 [e2f0affed90bb4580c88f6e4db7d5c6b] ExecutionGraph [flink-pekko.actor.default-dispatcher-8] INFO  Source: source0 -> input-filter0 -> input-counter0 (5/7) (7c364d770be7fb6122304dc159ffb54f_3e9b902627593008a6d790e9aeca7953_4_0) switched from CREATED to SCHEDULED.
59653 [e2f0affed90bb4580c88f6e4db7d5c6b] ExecutionGraph [flink-pekko.actor.default-dispatcher-8] INFO  Source: source0 -> input-filter0 -> input-counter0 (6/7) (7c364d770be7fb6122304dc159ffb54f_3e9b902627593008a6d790e9aeca7953_5_0) switched from CREATED to SCHEDULED.
59653 [e2f0affed90bb4580c88f6e4db7d5c6b] ExecutionGraph [flink-pekko.actor.default-dispatcher-8] INFO  Source: source0 -> input-filter0 -> input-counter0 (7/7) (7c364d770be7fb6122304dc159ffb54f_3e9b902627593008a6d790e9aeca7953_6_0) switched from CREATED to SCHEDULED.
59653 [e2f0affed90bb4580c88f6e4db7d5c6b] ExecutionGraph [flink-pekko.actor.default-dispatcher-8] INFO  global0 (1/7) (7c364d770be7fb6122304dc159ffb54f_4eca6edb63b17eb77deb9de060a699d1_0_0) switched from CREATED to SCHEDULED.
59653 [e2f0affed90bb4580c88f6e4db7d5c6b] ExecutionGraph [flink-pekko.actor.default-dispatcher-8] INFO  global0 (2/7) (7c364d770be7fb6122304dc159ffb54f_4eca6edb63b17eb77deb9de060a699d1_1_0) switched from CREATED to SCHEDULED.
59653 [e2f0affed90bb4580c88f6e4db7d5c6b] ExecutionGraph [flink-pekko.actor.default-dispatcher-8] INFO  global0 (3/7) (7c364d770be7fb6122304dc159ffb54f_4eca6edb63b17eb77deb9de060a699d1_2_0) switched from CREATED to SCHEDULED.
59653 [e2f0affed90bb4580c88f6e4db7d5c6b] ExecutionGraph [flink-pekko.actor.default-dispatcher-8] INFO  global0 (4/7) (7c364d770be7fb6122304dc159ffb54f_4eca6edb63b17eb77deb9de060a699d1_3_0) switched from CREATED to SCHEDULED.
59653 [e2f0affed90bb4580c88f6e4db7d5c6b] ExecutionGraph [flink-pekko.actor.default-dispatcher-8] INFO  global0 (5/7) (7c364d770be7fb6122304dc159ffb54f_4eca6edb63b17eb77deb9de060a699d1_4_0) switched from CREATED to SCHEDULED.
59653 [e2f0affed90bb4580c88f6e4db7d5c6b] ExecutionGraph [flink-pekko.actor.default-dispatcher-8] INFO  global0 (6/7) (7c364d770be7fb6122304dc159ffb54f_4eca6edb63b17eb77deb9de060a699d1_5_0) switched from CREATED to SCHEDULED.
59653 [e2f0affed90bb4580c88f6e4db7d5c6b] ExecutionGraph [flink-pekko.actor.default-dispatcher-8] INFO  global0 (7/7) (7c364d770be7fb6122304dc159ffb54f_4eca6edb63b17eb77deb9de060a699d1_6_0) switched from CREATED to SCHEDULED.
59653 [e2f0affed90bb4580c88f6e4db7d5c6b] ExecutionGraph [flink-pekko.actor.default-dispatcher-8] INFO  rebalance0 (1/8) (7c364d770be7fb6122304dc159ffb54f_25a6d73fce56b9559bed0247061e93e0_0_0) switched from CREATED to SCHEDULED.
59653 [e2f0affed90bb4580c88f6e4db7d5c6b] ExecutionGraph [flink-pekko.actor.default-dispatcher-8] INFO  rebalance0 (2/8) (7c364d770be7fb6122304dc159ffb54f_25a6d73fce56b9559bed0247061e93e0_1_0) switched from CREATED to SCHEDULED.
59653 [e2f0affed90bb4580c88f6e4db7d5c6b] ExecutionGraph [flink-pekko.actor.default-dispatcher-8] INFO  rebalance0 (3/8) (7c364d770be7fb6122304dc159ffb54f_25a6d73fce56b9559bed0247061e93e0_2_0) switched from CREATED to SCHEDULED.
59653 [e2f0affed90bb4580c88f6e4db7d5c6b] ExecutionGraph [flink-pekko.actor.default-dispatcher-8] INFO  rebalance0 (4/8) (7c364d770be7fb6122304dc159ffb54f_25a6d73fce56b9559bed0247061e93e0_3_0) switched from CREATED to SCHEDULED.
59653 [e2f0affed90bb4580c88f6e4db7d5c6b] ExecutionGraph [flink-pekko.actor.default-dispatcher-8] INFO  rebalance0 (5/8) (7c364d770be7fb6122304dc159ffb54f_25a6d73fce56b9559bed0247061e93e0_4_0) switched from CREATED to SCHEDULED.
59653 [e2f0affed90bb4580c88f6e4db7d5c6b] ExecutionGraph [flink-pekko.actor.default-dispatcher-8] INFO  rebalance0 (6/8) (7c364d770be7fb6122304dc159ffb54f_25a6d73fce56b9559bed0247061e93e0_5_0) switched from CREATED to SCHEDULED.
59653 [e2f0affed90bb4580c88f6e4db7d5c6b] ExecutionGraph [flink-pekko.actor.default-dispatcher-8] INFO  rebalance0 (7/8) (7c364d770be7fb6122304dc159ffb54f_25a6d73fce56b9559bed0247061e93e0_6_0) switched from CREATED to SCHEDULED.
59653 [e2f0affed90bb4580c88f6e4db7d5c6b] ExecutionGraph [flink-pekko.actor.default-dispatcher-8] INFO  rebalance0 (8/8) (7c364d770be7fb6122304dc159ffb54f_25a6d73fce56b9559bed0247061e93e0_7_0) switched from CREATED to SCHEDULED.
59653 [e2f0affed90bb4580c88f6e4db7d5c6b] ExecutionGraph [flink-pekko.actor.default-dispatcher-8] INFO  upscale0 (1/14) (7c364d770be7fb6122304dc159ffb54f_7559af08559a2c7079a359b85b7edab5_0_0) switched from CREATED to SCHEDULED.
59653 [e2f0affed90bb4580c88f6e4db7d5c6b] ExecutionGraph [flink-pekko.actor.default-dispatcher-8] INFO  upscale0 (2/14) (7c364d770be7fb6122304dc159ffb54f_7559af08559a2c7079a359b85b7edab5_1_0) switched from CREATED to SCHEDULED.
59653 [e2f0affed90bb4580c88f6e4db7d5c6b] ExecutionGraph [flink-pekko.actor.default-dispatcher-8] INFO  upscale0 (3/14) (7c364d770be7fb6122304dc159ffb54f_7559af08559a2c7079a359b85b7edab5_2_0) switched from CREATED to SCHEDULED.
59653 [e2f0affed90bb4580c88f6e4db7d5c6b] ExecutionGraph [flink-pekko.actor.default-dispatcher-8] INFO  upscale0 (4/14) (7c364d770be7fb6122304dc159ffb54f_7559af08559a2c7079a359b85b7edab5_3_0) switched from CREATED to SCHEDULED.
59653 [e2f0affed90bb4580c88f6e4db7d5c6b] ExecutionGraph [flink-pekko.actor.default-dispatcher-8] INFO  upscale0 (5/14) (7c364d770be7fb6122304dc159ffb54f_7559af08559a2c7079a359b85b7edab5_4_0) switched from CREATED to SCHEDULED.
59653 [e2f0affed90bb4580c88f6e4db7d5c6b] ExecutionGraph [flink-pekko.actor.default-dispatcher-8] INFO  upscale0 (6/14) (7c364d770be7fb6122304dc159ffb54f_7559af08559a2c7079a359b85b7edab5_5_0) switched from CREATED to SCHEDULED.
59653 [e2f0affed90bb4580c88f6e4db7d5c6b] ExecutionGraph [flink-pekko.actor.default-dispatcher-8] INFO  upscale0 (7/14) (7c364d770be7fb6122304dc159ffb54f_7559af08559a2c7079a359b85b7edab5_6_0) switched from CREATED to SCHEDULED.
59653 [e2f0affed90bb4580c88f6e4db7d5c6b] ExecutionGraph [flink-pekko.actor.default-dispatcher-8] INFO  upscale0 (8/14) (7c364d770be7fb6122304dc159ffb54f_7559af08559a2c7079a359b85b7edab5_7_0) switched from CREATED to SCHEDULED.
59653 [e2f0affed90bb4580c88f6e4db7d5c6b] ExecutionGraph [flink-pekko.actor.default-dispatcher-8] INFO  upscale0 (9/14) (7c364d770be7fb6122304dc159ffb54f_7559af08559a2c7079a359b85b7edab5_8_0) switched from CREATED to SCHEDULED.
59653 [e2f0affed90bb4580c88f6e4db7d5c6b] ExecutionGraph [flink-pekko.actor.default-dispatcher-8] INFO  upscale0 (10/14) (7c364d770be7fb6122304dc159ffb54f_7559af08559a2c7079a359b85b7edab5_9_0) switched from CREATED to SCHEDULED.
59653 [e2f0affed90bb4580c88f6e4db7d5c6b] ExecutionGraph [flink-pekko.actor.default-dispatcher-8] INFO  upscale0 (11/14) (7c364d770be7fb6122304dc159ffb54f_7559af08559a2c7079a359b85b7edab5_10_0) switched from CREATED to SCHEDULED.
59653 [e2f0affed90bb4580c88f6e4db7d5c6b] ExecutionGraph [flink-pekko.actor.default-dispatcher-8] INFO  upscale0 (12/14) (7c364d770be7fb6122304dc159ffb54f_7559af08559a2c7079a359b85b7edab5_11_0) switched from CREATED to SCHEDULED.
59653 [e2f0affed90bb4580c88f6e4db7d5c6b] ExecutionGraph [flink-pekko.actor.default-dispatcher-8] INFO  upscale0 (13/14) (7c364d770be7fb6122304dc159ffb54f_7559af08559a2c7079a359b85b7edab5_12_0) switched from CREATED to SCHEDULED.
59653 [e2f0affed90bb4580c88f6e4db7d5c6b] ExecutionGraph [flink-pekko.actor.default-dispatcher-8] INFO  upscale0 (14/14) (7c364d770be7fb6122304dc159ffb54f_7559af08559a2c7079a359b85b7edab5_13_0) switched from CREATED to SCHEDULED.
59653 [e2f0affed90bb4580c88f6e4db7d5c6b] ExecutionGraph [flink-pekko.actor.default-dispatcher-8] INFO  downscale0 (1/8) (7c364d770be7fb6122304dc159ffb54f_579c351891399448b6165717925f2b21_0_0) switched from CREATED to SCHEDULED.
59653 [e2f0affed90bb4580c88f6e4db7d5c6b] ExecutionGraph [flink-pekko.actor.default-dispatcher-8] INFO  downscale0 (2/8) (7c364d770be7fb6122304dc159ffb54f_579c351891399448b6165717925f2b21_1_0) switched from CREATED to SCHEDULED.
59653 [e2f0affed90bb4580c88f6e4db7d5c6b] ExecutionGraph [flink-pekko.actor.default-dispatcher-8] INFO  downscale0 (3/8) (7c364d770be7fb6122304dc159ffb54f_579c351891399448b6165717925f2b21_2_0) switched from CREATED to SCHEDULED.
59653 [e2f0affed90bb4580c88f6e4db7d5c6b] ExecutionGraph [flink-pekko.actor.default-dispatcher-8] INFO  downscale0 (4/8) (7c364d770be7fb6122304dc159ffb54f_579c351891399448b6165717925f2b21_3_0) switched from CREATED to SCHEDULED.
59653 [e2f0affed90bb4580c88f6e4db7d5c6b] ExecutionGraph [flink-pekko.actor.default-dispatcher-8] INFO  downscale0 (5/8) (7c364d770be7fb6122304dc159ffb54f_579c351891399448b6165717925f2b21_4_0) switched from CREATED to SCHEDULED.
59653 [e2f0affed90bb4580c88f6e4db7d5c6b] ExecutionGraph [flink-pekko.actor.default-dispatcher-8] INFO  downscale0 (6/8) (7c364d770be7fb6122304dc159ffb54f_579c351891399448b6165717925f2b21_5_0) switched from CREATED to SCHEDULED.
59653 [e2f0affed90bb4580c88f6e4db7d5c6b] ExecutionGraph [flink-pekko.actor.default-dispatcher-8] INFO  downscale0 (7/8) (7c364d770be7fb6122304dc159ffb54f_579c351891399448b6165717925f2b21_6_0) switched from CREATED to SCHEDULED.
59653 [e2f0affed90bb4580c88f6e4db7d5c6b] ExecutionGraph [flink-pekko.actor.default-dispatcher-8] INFO  downscale0 (8/8) (7c364d770be7fb6122304dc159ffb54f_579c351891399448b6165717925f2b21_7_0) switched from CREATED to SCHEDULED.
59653 [e2f0affed90bb4580c88f6e4db7d5c6b] ExecutionGraph [flink-pekko.actor.default-dispatcher-8] INFO  keyby0 (1/7) (7c364d770be7fb6122304dc159ffb54f_e32648f4a493dd25fdd7d9c66c500390_0_0) switched from CREATED to SCHEDULED.
59653 [e2f0affed90bb4580c88f6e4db7d5c6b] ExecutionGraph [flink-pekko.actor.default-dispatcher-8] INFO  keyby0 (2/7) (7c364d770be7fb6122304dc159ffb54f_e32648f4a493dd25fdd7d9c66c500390_1_0) switched from CREATED to SCHEDULED.
59653 [e2f0affed90bb4580c88f6e4db7d5c6b] ExecutionGraph [flink-pekko.actor.default-dispatcher-8] INFO  keyby0 (3/7) (7c364d770be7fb6122304dc159ffb54f_e32648f4a493dd25fdd7d9c66c500390_2_0) switched from CREATED to SCHEDULED.
59653 [e2f0affed90bb4580c88f6e4db7d5c6b] ExecutionGraph [flink-pekko.actor.default-dispatcher-8] INFO  keyby0 (4/7) (7c364d770be7fb6122304dc159ffb54f_e32648f4a493dd25fdd7d9c66c500390_3_0) switched from CREATED to SCHEDULED.
59653 [e2f0affed90bb4580c88f6e4db7d5c6b] ExecutionGraph [flink-pekko.actor.default-dispatcher-8] INFO  keyby0 (5/7) (7c364d770be7fb6122304dc159ffb54f_e32648f4a493dd25fdd7d9c66c500390_4_0) switched from CREATED to SCHEDULED.
59653 [e2f0affed90bb4580c88f6e4db7d5c6b] ExecutionGraph [flink-pekko.actor.default-dispatcher-8] INFO  keyby0 (6/7) (7c364d770be7fb6122304dc159ffb54f_e32648f4a493dd25fdd7d9c66c500390_5_0) switched from CREATED to SCHEDULED.
59653 [e2f0affed90bb4580c88f6e4db7d5c6b] ExecutionGraph [flink-pekko.actor.default-dispatcher-8] INFO  keyby0 (7/7) (7c364d770be7fb6122304dc159ffb54f_e32648f4a493dd25fdd7d9c66c500390_6_0) switched from CREATED to SCHEDULED.
59653 [e2f0affed90bb4580c88f6e4db7d5c6b] ExecutionGraph [flink-pekko.actor.default-dispatcher-8] INFO  rescale0 (1/10) (7c364d770be7fb6122304dc159ffb54f_7b4c6fe4c6df355e1ed86e978ba4a96e_0_0) switched from CREATED to SCHEDULED.
59653 [e2f0affed90bb4580c88f6e4db7d5c6b] ExecutionGraph [flink-pekko.actor.default-dispatcher-8] INFO  rescale0 (2/10) (7c364d770be7fb6122304dc159ffb54f_7b4c6fe4c6df355e1ed86e978ba4a96e_1_0) switched from CREATED to SCHEDULED.
59653 [e2f0affed90bb4580c88f6e4db7d5c6b] ExecutionGraph [flink-pekko.actor.default-dispatcher-8] INFO  rescale0 (3/10) (7c364d770be7fb6122304dc159ffb54f_7b4c6fe4c6df355e1ed86e978ba4a96e_2_0) switched from CREATED to SCHEDULED.
59653 [e2f0affed90bb4580c88f6e4db7d5c6b] ExecutionGraph [flink-pekko.actor.default-dispatcher-8] INFO  rescale0 (4/10) (7c364d770be7fb6122304dc159ffb54f_7b4c6fe4c6df355e1ed86e978ba4a96e_3_0) switched from CREATED to SCHEDULED.
59653 [e2f0affed90bb4580c88f6e4db7d5c6b] ExecutionGraph [flink-pekko.actor.default-dispatcher-8] INFO  rescale0 (5/10) (7c364d770be7fb6122304dc159ffb54f_7b4c6fe4c6df355e1ed86e978ba4a96e_4_0) switched from CREATED to SCHEDULED.
59653 [e2f0affed90bb4580c88f6e4db7d5c6b] ExecutionGraph [flink-pekko.actor.default-dispatcher-8] INFO  rescale0 (6/10) (7c364d770be7fb6122304dc159ffb54f_7b4c6fe4c6df355e1ed86e978ba4a96e_5_0) switched from CREATED to SCHEDULED.
59653 [e2f0affed90bb4580c88f6e4db7d5c6b] ExecutionGraph [flink-pekko.actor.default-dispatcher-8] INFO  rescale0 (7/10) (7c364d770be7fb6122304dc159ffb54f_7b4c6fe4c6df355e1ed86e978ba4a96e_6_0) switched from CREATED to SCHEDULED.
59653 [e2f0affed90bb4580c88f6e4db7d5c6b] ExecutionGraph [flink-pekko.actor.default-dispatcher-8] INFO  rescale0 (8/10) (7c364d770be7fb6122304dc159ffb54f_7b4c6fe4c6df355e1ed86e978ba4a96e_7_0) switched from CREATED to SCHEDULED.
59653 [e2f0affed90bb4580c88f6e4db7d5c6b] ExecutionGraph [flink-pekko.actor.default-dispatcher-8] INFO  rescale0 (9/10) (7c364d770be7fb6122304dc159ffb54f_7b4c6fe4c6df355e1ed86e978ba4a96e_8_0) switched from CREATED to SCHEDULED.
59653 [e2f0affed90bb4580c88f6e4db7d5c6b] ExecutionGraph [flink-pekko.actor.default-dispatcher-8] INFO  rescale0 (10/10) (7c364d770be7fb6122304dc159ffb54f_7b4c6fe4c6df355e1ed86e978ba4a96e_9_0) switched from CREATED to SCHEDULED.
59653 [e2f0affed90bb4580c88f6e4db7d5c6b] ExecutionGraph [flink-pekko.actor.default-dispatcher-8] INFO  failing-map (1/7) (7c364d770be7fb6122304dc159ffb54f_b8c789ec3a44294cb45da029ffe0e6fd_0_0) switched from CREATED to SCHEDULED.
59653 [e2f0affed90bb4580c88f6e4db7d5c6b] ExecutionGraph [flink-pekko.actor.default-dispatcher-8] INFO  failing-map (2/7) (7c364d770be7fb6122304dc159ffb54f_b8c789ec3a44294cb45da029ffe0e6fd_1_0) switched from CREATED to SCHEDULED.
59653 [e2f0affed90bb4580c88f6e4db7d5c6b] ExecutionGraph [flink-pekko.actor.default-dispatcher-8] INFO  failing-map (3/7) (7c364d770be7fb6122304dc159ffb54f_b8c789ec3a44294cb45da029ffe0e6fd_2_0) switched from CREATED to SCHEDULED.
59653 [e2f0affed90bb4580c88f6e4db7d5c6b] ExecutionGraph [flink-pekko.actor.default-dispatcher-8] INFO  failing-map (4/7) (7c364d770be7fb6122304dc159ffb54f_b8c789ec3a44294cb45da029ffe0e6fd_3_0) switched from CREATED to SCHEDULED.
59653 [e2f0affed90bb4580c88f6e4db7d5c6b] ExecutionGraph [flink-pekko.actor.default-dispatcher-8] INFO  failing-map (5/7) (7c364d770be7fb6122304dc159ffb54f_b8c789ec3a44294cb45da029ffe0e6fd_4_0) switched from CREATED to SCHEDULED.
59653 [e2f0affed90bb4580c88f6e4db7d5c6b] ExecutionGraph [flink-pekko.actor.default-dispatcher-8] INFO  failing-map (6/7) (7c364d770be7fb6122304dc159ffb54f_b8c789ec3a44294cb45da029ffe0e6fd_5_0) switched from CREATED to SCHEDULED.
59653 [e2f0affed90bb4580c88f6e4db7d5c6b] ExecutionGraph [flink-pekko.actor.default-dispatcher-8] INFO  failing-map (7/7) (7c364d770be7fb6122304dc159ffb54f_b8c789ec3a44294cb45da029ffe0e6fd_6_0) switched from CREATED to SCHEDULED.
59653 [e2f0affed90bb4580c88f6e4db7d5c6b] ExecutionGraph [flink-pekko.actor.default-dispatcher-8] INFO  Sink: sink (1/1) (7c364d770be7fb6122304dc159ffb54f_2e588ce1c86a9d46e2e85186773ce4fd_0_0) switched from CREATED to SCHEDULED.
59653 [e2f0affed90bb4580c88f6e4db7d5c6b] JobMaster [flink-pekko.actor.default-dispatcher-8] INFO  Connecting to ResourceManager pekko://flink/user/rpc/resourcemanager_332(ba95af8716d208c964e3c7f3d2954228)
59653 [                                ] JobMaster [flink-pekko.actor.default-dispatcher-8] INFO  Resolved ResourceManager address, beginning registration
59654 [e2f0affed90bb4580c88f6e4db7d5c6b] StandaloneResourceManager [flink-pekko.actor.default-dispatcher-8] INFO  Registering job manager 98f1a41c4fcb4f24cf5e3095090d410b@pekko://flink/user/rpc/jobmanager_333 for job e2f0affed90bb4580c88f6e4db7d5c6b.
59654 [e2f0affed90bb4580c88f6e4db7d5c6b] StandaloneResourceManager [flink-pekko.actor.default-dispatcher-10] INFO  Registered job manager 98f1a41c4fcb4f24cf5e3095090d410b@pekko://flink/user/rpc/jobmanager_333 for job e2f0affed90bb4580c88f6e4db7d5c6b.
59654 [e2f0affed90bb4580c88f6e4db7d5c6b] JobMaster [flink-pekko.actor.default-dispatcher-6] INFO  JobManager successfully registered at ResourceManager, leader id: ba95af8716d208c964e3c7f3d2954228.
59654 [e2f0affed90bb4580c88f6e4db7d5c6b] FineGrainedSlotManager [flink-pekko.actor.default-dispatcher-6] INFO  Received resource requirements from job e2f0affed90bb4580c88f6e4db7d5c6b: [ResourceRequirement{resourceProfile=ResourceProfile{UNKNOWN}, numberOfRequiredSlots=14}]
59674 [e2f0affed90bb4580c88f6e4db7d5c6b] FineGrainedSlotManager [flink-pekko.actor.default-dispatcher-10] INFO  Received resource requirements from job e2f0affed90bb4580c88f6e4db7d5c6b: [ResourceRequirement{resourceProfile=ResourceProfile{UNKNOWN}, numberOfRequiredSlots=14}]
59716 [                                ] FineGrainedSlotManager [flink-pekko.actor.default-dispatcher-6] INFO  Matching resource requirements against available resources.
Missing resources:
	 Job e2f0affed90bb4580c88f6e4db7d5c6b
		ResourceRequirement{resourceProfile=ResourceProfile{UNKNOWN}, numberOfRequiredSlots=14}
Current resources:
	TaskManager 851c89e8-2e40-4759-9ebc-c952f3b10787
		Available: ResourceProfile{taskHeapMemory=1024.000gb (1099511627776 bytes), taskOffHeapMemory=1024.000gb (1099511627776 bytes), managedMemory=80.000mb (83886080 bytes), networkMemory=32.000mb (33554432 bytes)}
		Total:     ResourceProfile{taskHeapMemory=1024.000gb (1099511627776 bytes), taskOffHeapMemory=1024.000gb (1099511627776 bytes), managedMemory=80.000mb (83886080 bytes), networkMemory=32.000mb (33554432 bytes)}
	TaskManager 0aab3875-4873-4632-a356-5359d33c98fa
		Available: ResourceProfile{taskHeapMemory=1024.000gb (1099511627776 bytes), taskOffHeapMemory=1024.000gb (1099511627776 bytes), managedMemory=80.000mb (83886080 bytes), networkMemory=32.000mb (33554432 bytes)}
		Total:     ResourceProfile{taskHeapMemory=1024.000gb (1099511627776 bytes), taskOffHeapMemory=1024.000gb (1099511627776 bytes), managedMemory=80.000mb (83886080 bytes), networkMemory=32.000mb (33554432 bytes)}
	TaskManager 5df2bd91-da4a-4832-bb2f-2477c2111d51
		Available: ResourceProfile{taskHeapMemory=1024.000gb (1099511627776 bytes), taskOffHeapMemory=1024.000gb (1099511627776 bytes), managedMemory=80.000mb (83886080 bytes), networkMemory=32.000mb (33554432 bytes)}
		Total:     ResourceProfile{taskHeapMemory=1024.000gb (1099511627776 bytes), taskOffHeapMemory=1024.000gb (1099511627776 bytes), managedMemory=80.000mb (83886080 bytes), networkMemory=32.000mb (33554432 bytes)}
59716 [e2f0affed90bb4580c88f6e4db7d5c6b] DefaultSlotStatusSyncer [flink-pekko.actor.default-dispatcher-6] INFO  Starting allocation of slot ad281a12c9fed243353c6fd5ab19e289 from 851c89e8-2e40-4759-9ebc-c952f3b10787 for job e2f0affed90bb4580c88f6e4db7d5c6b with resource profile ResourceProfile{taskHeapMemory=204.800gb (219902325555 bytes), taskOffHeapMemory=204.800gb (219902325555 bytes), managedMemory=16.000mb (16777216 bytes), networkMemory=6.400mb (6710886 bytes)}.
59716 [e2f0affed90bb4580c88f6e4db7d5c6b] DefaultSlotStatusSyncer [flink-pekko.actor.default-dispatcher-6] INFO  Starting allocation of slot 738d40efd47b62e7177e81efe55667b7 from 851c89e8-2e40-4759-9ebc-c952f3b10787 for job e2f0affed90bb4580c88f6e4db7d5c6b with resource profile ResourceProfile{taskHeapMemory=204.800gb (219902325555 bytes), taskOffHeapMemory=204.800gb (219902325555 bytes), managedMemory=16.000mb (16777216 bytes), networkMemory=6.400mb (6710886 bytes)}.
59716 [e2f0affed90bb4580c88f6e4db7d5c6b] TaskExecutor [flink-pekko.actor.default-dispatcher-10] INFO  Receive slot request ad281a12c9fed243353c6fd5ab19e289 for job e2f0affed90bb4580c88f6e4db7d5c6b from resource manager with leader id ba95af8716d208c964e3c7f3d2954228.
59716 [e2f0affed90bb4580c88f6e4db7d5c6b] DefaultSlotStatusSyncer [flink-pekko.actor.default-dispatcher-6] INFO  Starting allocation of slot f17d2f5ba332a9667507cf1e1c08ff16 from 851c89e8-2e40-4759-9ebc-c952f3b10787 for job e2f0affed90bb4580c88f6e4db7d5c6b with resource profile ResourceProfile{taskHeapMemory=204.800gb (219902325555 bytes), taskOffHeapMemory=204.800gb (219902325555 bytes), managedMemory=16.000mb (16777216 bytes), networkMemory=6.400mb (6710886 bytes)}.
59716 [e2f0affed90bb4580c88f6e4db7d5c6b] TaskSlotTableImpl [flink-pekko.actor.default-dispatcher-10] INFO  Allocated slot for ad281a12c9fed243353c6fd5ab19e289 with resources ResourceProfile{taskHeapMemory=204.800gb (219902325555 bytes), taskOffHeapMemory=204.800gb (219902325555 bytes), managedMemory=16.000mb (16777216 bytes), networkMemory=6.400mb (6710886 bytes)}.
59716 [e2f0affed90bb4580c88f6e4db7d5c6b] DefaultSlotStatusSyncer [flink-pekko.actor.default-dispatcher-6] INFO  Starting allocation of slot af229d40ea91e721c8d8abf6fdb3bb89 from 851c89e8-2e40-4759-9ebc-c952f3b10787 for job e2f0affed90bb4580c88f6e4db7d5c6b with resource profile ResourceProfile{taskHeapMemory=204.800gb (219902325555 bytes), taskOffHeapMemory=204.800gb (219902325555 bytes), managedMemory=16.000mb (16777216 bytes), networkMemory=6.400mb (6710886 bytes)}.
59716 [e2f0affed90bb4580c88f6e4db7d5c6b] DefaultSlotStatusSyncer [flink-pekko.actor.default-dispatcher-6] INFO  Starting allocation of slot c7c9dd428cb618ca3d16f1857c46888b from 851c89e8-2e40-4759-9ebc-c952f3b10787 for job e2f0affed90bb4580c88f6e4db7d5c6b with resource profile ResourceProfile{taskHeapMemory=204.800gb (219902325555 bytes), taskOffHeapMemory=204.800gb (219902325555 bytes), managedMemory=16.000mb (16777216 bytes), networkMemory=6.400mb (6710886 bytes)}.
59716 [e2f0affed90bb4580c88f6e4db7d5c6b] DefaultSlotStatusSyncer [flink-pekko.actor.default-dispatcher-6] INFO  Starting allocation of slot 960d6db2c0ed9a8d8866c563b3cacbc8 from 5df2bd91-da4a-4832-bb2f-2477c2111d51 for job e2f0affed90bb4580c88f6e4db7d5c6b with resource profile ResourceProfile{taskHeapMemory=204.800gb (219902325555 bytes), taskOffHeapMemory=204.800gb (219902325555 bytes), managedMemory=16.000mb (16777216 bytes), networkMemory=6.400mb (6710886 bytes)}.
59716 [e2f0affed90bb4580c88f6e4db7d5c6b] DefaultSlotStatusSyncer [flink-pekko.actor.default-dispatcher-6] INFO  Starting allocation of slot 754c63adaf4693e9ea08dd5b964f2745 from 5df2bd91-da4a-4832-bb2f-2477c2111d51 for job e2f0affed90bb4580c88f6e4db7d5c6b with resource profile ResourceProfile{taskHeapMemory=204.800gb (219902325555 bytes), taskOffHeapMemory=204.800gb (219902325555 bytes), managedMemory=16.000mb (16777216 bytes), networkMemory=6.400mb (6710886 bytes)}.
59716 [e2f0affed90bb4580c88f6e4db7d5c6b] TaskExecutor [flink-pekko.actor.default-dispatcher-8] INFO  Receive slot request 960d6db2c0ed9a8d8866c563b3cacbc8 for job e2f0affed90bb4580c88f6e4db7d5c6b from resource manager with leader id ba95af8716d208c964e3c7f3d2954228.
59716 [e2f0affed90bb4580c88f6e4db7d5c6b] TaskSlotTableImpl [flink-pekko.actor.default-dispatcher-8] INFO  Allocated slot for 960d6db2c0ed9a8d8866c563b3cacbc8 with resources ResourceProfile{taskHeapMemory=204.800gb (219902325555 bytes), taskOffHeapMemory=204.800gb (219902325555 bytes), managedMemory=16.000mb (16777216 bytes), networkMemory=6.400mb (6710886 bytes)}.
59716 [e2f0affed90bb4580c88f6e4db7d5c6b] DefaultJobLeaderService [flink-pekko.actor.default-dispatcher-10] INFO  Add job e2f0affed90bb4580c88f6e4db7d5c6b for job leader monitoring.
59716 [e2f0affed90bb4580c88f6e4db7d5c6b] DefaultSlotStatusSyncer [flink-pekko.actor.default-dispatcher-6] INFO  Starting allocation of slot 732a0120709cb942c4e62ad515f71d27 from 5df2bd91-da4a-4832-bb2f-2477c2111d51 for job e2f0affed90bb4580c88f6e4db7d5c6b with resource profile ResourceProfile{taskHeapMemory=204.800gb (219902325555 bytes), taskOffHeapMemory=204.800gb (219902325555 bytes), managedMemory=16.000mb (16777216 bytes), networkMemory=6.400mb (6710886 bytes)}.
59716 [e2f0affed90bb4580c88f6e4db7d5c6b] DefaultSlotStatusSyncer [flink-pekko.actor.default-dispatcher-6] INFO  Starting allocation of slot e3f365d47d77b61351ce6d2e5f1629ce from 5df2bd91-da4a-4832-bb2f-2477c2111d51 for job e2f0affed90bb4580c88f6e4db7d5c6b with resource profile ResourceProfile{taskHeapMemory=204.800gb (219902325555 bytes), taskOffHeapMemory=204.800gb (219902325555 bytes), managedMemory=16.000mb (16777216 bytes), networkMemory=6.400mb (6710886 bytes)}.
59716 [                                ] DefaultJobLeaderService [mini-cluster-io-thread-3] INFO  Try to register at job manager pekko://flink/user/rpc/jobmanager_333 with leader id cf5e3095-090d-410b-98f1-a41c4fcb4f24.
59716 [e2f0affed90bb4580c88f6e4db7d5c6b] TaskExecutor [flink-pekko.actor.default-dispatcher-10] INFO  Receive slot request 738d40efd47b62e7177e81efe55667b7 for job e2f0affed90bb4580c88f6e4db7d5c6b from resource manager with leader id ba95af8716d208c964e3c7f3d2954228.
59716 [e2f0affed90bb4580c88f6e4db7d5c6b] TaskSlotTableImpl [flink-pekko.actor.default-dispatcher-10] INFO  Allocated slot for 738d40efd47b62e7177e81efe55667b7 with resources ResourceProfile{taskHeapMemory=204.800gb (219902325555 bytes), taskOffHeapMemory=204.800gb (219902325555 bytes), managedMemory=16.000mb (16777216 bytes), networkMemory=6.400mb (6710886 bytes)}.
59716 [e2f0affed90bb4580c88f6e4db7d5c6b] TaskExecutor [flink-pekko.actor.default-dispatcher-10] INFO  Receive slot request f17d2f5ba332a9667507cf1e1c08ff16 for job e2f0affed90bb4580c88f6e4db7d5c6b from resource manager with leader id ba95af8716d208c964e3c7f3d2954228.
59716 [e2f0affed90bb4580c88f6e4db7d5c6b] TaskSlotTableImpl [flink-pekko.actor.default-dispatcher-10] INFO  Allocated slot for f17d2f5ba332a9667507cf1e1c08ff16 with resources ResourceProfile{taskHeapMemory=204.800gb (219902325555 bytes), taskOffHeapMemory=204.800gb (219902325555 bytes), managedMemory=16.000mb (16777216 bytes), networkMemory=6.400mb (6710886 bytes)}.
59716 [e2f0affed90bb4580c88f6e4db7d5c6b] TaskExecutor [flink-pekko.actor.default-dispatcher-10] INFO  Receive slot request af229d40ea91e721c8d8abf6fdb3bb89 for job e2f0affed90bb4580c88f6e4db7d5c6b from resource manager with leader id ba95af8716d208c964e3c7f3d2954228.
59716 [e2f0affed90bb4580c88f6e4db7d5c6b] DefaultSlotStatusSyncer [flink-pekko.actor.default-dispatcher-6] INFO  Starting allocation of slot c440a366c7b1cd3b8396e4ab5e75b228 from 0aab3875-4873-4632-a356-5359d33c98fa for job e2f0affed90bb4580c88f6e4db7d5c6b with resource profile ResourceProfile{taskHeapMemory=204.800gb (219902325555 bytes), taskOffHeapMemory=204.800gb (219902325555 bytes), managedMemory=16.000mb (16777216 bytes), networkMemory=6.400mb (6710886 bytes)}.
59716 [e2f0affed90bb4580c88f6e4db7d5c6b] TaskSlotTableImpl [flink-pekko.actor.default-dispatcher-10] INFO  Allocated slot for af229d40ea91e721c8d8abf6fdb3bb89 with resources ResourceProfile{taskHeapMemory=204.800gb (219902325555 bytes), taskOffHeapMemory=204.800gb (219902325555 bytes), managedMemory=16.000mb (16777216 bytes), networkMemory=6.400mb (6710886 bytes)}.
59716 [e2f0affed90bb4580c88f6e4db7d5c6b] TaskExecutor [flink-pekko.actor.default-dispatcher-10] INFO  Receive slot request c7c9dd428cb618ca3d16f1857c46888b for job e2f0affed90bb4580c88f6e4db7d5c6b from resource manager with leader id ba95af8716d208c964e3c7f3d2954228.
59716 [e2f0affed90bb4580c88f6e4db7d5c6b] TaskSlotTableImpl [flink-pekko.actor.default-dispatcher-10] INFO  Allocated slot for c7c9dd428cb618ca3d16f1857c46888b with resources ResourceProfile{taskHeapMemory=204.800gb (219902325555 bytes), taskOffHeapMemory=204.800gb (219902325555 bytes), managedMemory=16.000mb (16777216 bytes), networkMemory=6.400mb (6710886 bytes)}.
59716 [e2f0affed90bb4580c88f6e4db7d5c6b] DefaultSlotStatusSyncer [flink-pekko.actor.default-dispatcher-6] INFO  Starting allocation of slot abfd9db3ee3ca4ef22f482e5d2f80918 from 0aab3875-4873-4632-a356-5359d33c98fa for job e2f0affed90bb4580c88f6e4db7d5c6b with resource profile ResourceProfile{taskHeapMemory=204.800gb (219902325555 bytes), taskOffHeapMemory=204.800gb (219902325555 bytes), managedMemory=16.000mb (16777216 bytes), networkMemory=6.400mb (6710886 bytes)}.
59716 [e2f0affed90bb4580c88f6e4db7d5c6b] TaskExecutor [flink-pekko.actor.default-dispatcher-9] INFO  Receive slot request c440a366c7b1cd3b8396e4ab5e75b228 for job e2f0affed90bb4580c88f6e4db7d5c6b from resource manager with leader id ba95af8716d208c964e3c7f3d2954228.
59716 [e2f0affed90bb4580c88f6e4db7d5c6b] DefaultJobLeaderService [flink-pekko.actor.default-dispatcher-8] INFO  Add job e2f0affed90bb4580c88f6e4db7d5c6b for job leader monitoring.
59716 [e2f0affed90bb4580c88f6e4db7d5c6b] DefaultSlotStatusSyncer [flink-pekko.actor.default-dispatcher-6] INFO  Starting allocation of slot 1f42d7178af8375c2b0f945a5371fdd5 from 0aab3875-4873-4632-a356-5359d33c98fa for job e2f0affed90bb4580c88f6e4db7d5c6b with resource profile ResourceProfile{taskHeapMemory=204.800gb (219902325555 bytes), taskOffHeapMemory=204.800gb (219902325555 bytes), managedMemory=16.000mb (16777216 bytes), networkMemory=6.400mb (6710886 bytes)}.
59716 [e2f0affed90bb4580c88f6e4db7d5c6b] TaskSlotTableImpl [flink-pekko.actor.default-dispatcher-9] INFO  Allocated slot for c440a366c7b1cd3b8396e4ab5e75b228 with resources ResourceProfile{taskHeapMemory=204.800gb (219902325555 bytes), taskOffHeapMemory=204.800gb (219902325555 bytes), managedMemory=16.000mb (16777216 bytes), networkMemory=6.400mb (6710886 bytes)}.
59716 [e2f0affed90bb4580c88f6e4db7d5c6b] DefaultSlotStatusSyncer [flink-pekko.actor.default-dispatcher-6] INFO  Starting allocation of slot 10220dbcfc037a845cf06819a30df972 from 0aab3875-4873-4632-a356-5359d33c98fa for job e2f0affed90bb4580c88f6e4db7d5c6b with resource profile ResourceProfile{taskHeapMemory=204.800gb (219902325555 bytes), taskOffHeapMemory=204.800gb (219902325555 bytes), managedMemory=16.000mb (16777216 bytes), networkMemory=6.400mb (6710886 bytes)}.
59716 [e2f0affed90bb4580c88f6e4db7d5c6b] TaskExecutor [flink-pekko.actor.default-dispatcher-8] INFO  Receive slot request 754c63adaf4693e9ea08dd5b964f2745 for job e2f0affed90bb4580c88f6e4db7d5c6b from resource manager with leader id ba95af8716d208c964e3c7f3d2954228.
59716 [                                ] DefaultJobLeaderService [mini-cluster-io-thread-4] INFO  Try to register at job manager pekko://flink/user/rpc/jobmanager_333 with leader id cf5e3095-090d-410b-98f1-a41c4fcb4f24.
59716 [e2f0affed90bb4580c88f6e4db7d5c6b] TaskSlotTableImpl [flink-pekko.actor.default-dispatcher-8] INFO  Allocated slot for 754c63adaf4693e9ea08dd5b964f2745 with resources ResourceProfile{taskHeapMemory=204.800gb (219902325555 bytes), taskOffHeapMemory=204.800gb (219902325555 bytes), managedMemory=16.000mb (16777216 bytes), networkMemory=6.400mb (6710886 bytes)}.
59716 [                                ] DefaultJobLeaderService [flink-pekko.actor.default-dispatcher-10] INFO  Resolved JobManager address, beginning registration
59716 [e2f0affed90bb4580c88f6e4db7d5c6b] DefaultSlotStatusSyncer [flink-pekko.actor.default-dispatcher-6] INFO  Starting allocation of slot 090217d5aa192c280da8a8d32136ccb4 from 0aab3875-4873-4632-a356-5359d33c98fa for job e2f0affed90bb4580c88f6e4db7d5c6b with resource profile ResourceProfile{taskHeapMemory=204.800gb (219902325555 bytes), taskOffHeapMemory=204.800gb (219902325555 bytes), managedMemory=16.000mb (16777216 bytes), networkMemory=6.400mb (6710886 bytes)}.
59716 [e2f0affed90bb4580c88f6e4db7d5c6b] TaskExecutor [flink-pekko.actor.default-dispatcher-8] INFO  Receive slot request 732a0120709cb942c4e62ad515f71d27 for job e2f0affed90bb4580c88f6e4db7d5c6b from resource manager with leader id ba95af8716d208c964e3c7f3d2954228.
59716 [e2f0affed90bb4580c88f6e4db7d5c6b] TaskSlotTableImpl [flink-pekko.actor.default-dispatcher-8] INFO  Allocated slot for 732a0120709cb942c4e62ad515f71d27 with resources ResourceProfile{taskHeapMemory=204.800gb (219902325555 bytes), taskOffHeapMemory=204.800gb (219902325555 bytes), managedMemory=16.000mb (16777216 bytes), networkMemory=6.400mb (6710886 bytes)}.
59716 [e2f0affed90bb4580c88f6e4db7d5c6b] TaskExecutor [flink-pekko.actor.default-dispatcher-8] INFO  Receive slot request e3f365d47d77b61351ce6d2e5f1629ce for job e2f0affed90bb4580c88f6e4db7d5c6b from resource manager with leader id ba95af8716d208c964e3c7f3d2954228.
59716 [e2f0affed90bb4580c88f6e4db7d5c6b] TaskSlotTableImpl [flink-pekko.actor.default-dispatcher-8] INFO  Allocated slot for e3f365d47d77b61351ce6d2e5f1629ce with resources ResourceProfile{taskHeapMemory=204.800gb (219902325555 bytes), taskOffHeapMemory=204.800gb (219902325555 bytes), managedMemory=16.000mb (16777216 bytes), networkMemory=6.400mb (6710886 bytes)}.
59716 [e2f0affed90bb4580c88f6e4db7d5c6b] DefaultJobLeaderService [flink-pekko.actor.default-dispatcher-9] INFO  Add job e2f0affed90bb4580c88f6e4db7d5c6b for job leader monitoring.
59716 [                                ] DefaultJobLeaderService [mini-cluster-io-thread-1] INFO  Try to register at job manager pekko://flink/user/rpc/jobmanager_333 with leader id cf5e3095-090d-410b-98f1-a41c4fcb4f24.
59716 [e2f0affed90bb4580c88f6e4db7d5c6b] TaskExecutor [flink-pekko.actor.default-dispatcher-9] INFO  Receive slot request abfd9db3ee3ca4ef22f482e5d2f80918 for job e2f0affed90bb4580c88f6e4db7d5c6b from resource manager with leader id ba95af8716d208c964e3c7f3d2954228.
59716 [e2f0affed90bb4580c88f6e4db7d5c6b] TaskSlotTableImpl [flink-pekko.actor.default-dispatcher-9] INFO  Allocated slot for abfd9db3ee3ca4ef22f482e5d2f80918 with resources ResourceProfile{taskHeapMemory=204.800gb (219902325555 bytes), taskOffHeapMemory=204.800gb (219902325555 bytes), managedMemory=16.000mb (16777216 bytes), networkMemory=6.400mb (6710886 bytes)}.
59716 [                                ] DefaultJobLeaderService [flink-pekko.actor.default-dispatcher-6] INFO  Resolved JobManager address, beginning registration
59716 [e2f0affed90bb4580c88f6e4db7d5c6b] TaskExecutor [flink-pekko.actor.default-dispatcher-9] INFO  Receive slot request 1f42d7178af8375c2b0f945a5371fdd5 for job e2f0affed90bb4580c88f6e4db7d5c6b from resource manager with leader id ba95af8716d208c964e3c7f3d2954228.
59716 [e2f0affed90bb4580c88f6e4db7d5c6b] TaskSlotTableImpl [flink-pekko.actor.default-dispatcher-9] INFO  Allocated slot for 1f42d7178af8375c2b0f945a5371fdd5 with resources ResourceProfile{taskHeapMemory=204.800gb (219902325555 bytes), taskOffHeapMemory=204.800gb (219902325555 bytes), managedMemory=16.000mb (16777216 bytes), networkMemory=6.400mb (6710886 bytes)}.
59716 [                                ] DefaultJobLeaderService [flink-pekko.actor.default-dispatcher-8] INFO  Resolved JobManager address, beginning registration
59716 [e2f0affed90bb4580c88f6e4db7d5c6b] TaskExecutor [flink-pekko.actor.default-dispatcher-9] INFO  Receive slot request 10220dbcfc037a845cf06819a30df972 for job e2f0affed90bb4580c88f6e4db7d5c6b from resource manager with leader id ba95af8716d208c964e3c7f3d2954228.
59716 [e2f0affed90bb4580c88f6e4db7d5c6b] TaskSlotTableImpl [flink-pekko.actor.default-dispatcher-9] INFO  Allocated slot for 10220dbcfc037a845cf06819a30df972 with resources ResourceProfile{taskHeapMemory=204.800gb (219902325555 bytes), taskOffHeapMemory=204.800gb (219902325555 bytes), managedMemory=16.000mb (16777216 bytes), networkMemory=6.400mb (6710886 bytes)}.
59716 [e2f0affed90bb4580c88f6e4db7d5c6b] TaskExecutor [flink-pekko.actor.default-dispatcher-9] INFO  Receive slot request 090217d5aa192c280da8a8d32136ccb4 for job e2f0affed90bb4580c88f6e4db7d5c6b from resource manager with leader id ba95af8716d208c964e3c7f3d2954228.
59716 [e2f0affed90bb4580c88f6e4db7d5c6b] TaskSlotTableImpl [flink-pekko.actor.default-dispatcher-9] INFO  Allocated slot for 090217d5aa192c280da8a8d32136ccb4 with resources ResourceProfile{taskHeapMemory=204.800gb (219902325555 bytes), taskOffHeapMemory=204.800gb (219902325555 bytes), managedMemory=16.000mb (16777216 bytes), networkMemory=6.400mb (6710886 bytes)}.
59716 [                                ] DefaultJobLeaderService [flink-pekko.actor.default-dispatcher-8] INFO  Successful registration at job manager pekko://flink/user/rpc/jobmanager_333 for job e2f0affed90bb4580c88f6e4db7d5c6b.
59716 [                                ] DefaultJobLeaderService [flink-pekko.actor.default-dispatcher-10] INFO  Successful registration at job manager pekko://flink/user/rpc/jobmanager_333 for job e2f0affed90bb4580c88f6e4db7d5c6b.
59716 [                                ] TaskExecutor [flink-pekko.actor.default-dispatcher-10] INFO  Establish JobManager connection for job e2f0affed90bb4580c88f6e4db7d5c6b.
59716 [                                ] TaskExecutor [flink-pekko.actor.default-dispatcher-9] INFO  Establish JobManager connection for job e2f0affed90bb4580c88f6e4db7d5c6b.
59716 [                                ] TaskExecutor [flink-pekko.actor.default-dispatcher-9] INFO  Offer reserved slots to the leader of job e2f0affed90bb4580c88f6e4db7d5c6b.
59716 [                                ] TaskExecutor [flink-pekko.actor.default-dispatcher-10] INFO  Offer reserved slots to the leader of job e2f0affed90bb4580c88f6e4db7d5c6b.
59716 [                                ] DefaultJobLeaderService [flink-pekko.actor.default-dispatcher-8] INFO  Successful registration at job manager pekko://flink/user/rpc/jobmanager_333 for job e2f0affed90bb4580c88f6e4db7d5c6b.
59716 [                                ] TaskExecutor [flink-pekko.actor.default-dispatcher-8] INFO  Establish JobManager connection for job e2f0affed90bb4580c88f6e4db7d5c6b.
59716 [                                ] TaskExecutor [flink-pekko.actor.default-dispatcher-8] INFO  Offer reserved slots to the leader of job e2f0affed90bb4580c88f6e4db7d5c6b.
59717 [e2f0affed90bb4580c88f6e4db7d5c6b] TaskSlotTableImpl [flink-pekko.actor.default-dispatcher-8] INFO  Activate slot 960d6db2c0ed9a8d8866c563b3cacbc8.
59717 [e2f0affed90bb4580c88f6e4db7d5c6b] TaskSlotTableImpl [flink-pekko.actor.default-dispatcher-8] INFO  Activate slot e3f365d47d77b61351ce6d2e5f1629ce.
59717 [e2f0affed90bb4580c88f6e4db7d5c6b] TaskSlotTableImpl [flink-pekko.actor.default-dispatcher-8] INFO  Activate slot 754c63adaf4693e9ea08dd5b964f2745.
59717 [e2f0affed90bb4580c88f6e4db7d5c6b] TaskSlotTableImpl [flink-pekko.actor.default-dispatcher-8] INFO  Activate slot 732a0120709cb942c4e62ad515f71d27.
59717 [e2f0affed90bb4580c88f6e4db7d5c6b] TaskSlotTableImpl [flink-pekko.actor.default-dispatcher-8] INFO  Activate slot c7c9dd428cb618ca3d16f1857c46888b.
59717 [e2f0affed90bb4580c88f6e4db7d5c6b] TaskSlotTableImpl [flink-pekko.actor.default-dispatcher-8] INFO  Activate slot f17d2f5ba332a9667507cf1e1c08ff16.
59717 [e2f0affed90bb4580c88f6e4db7d5c6b] TaskSlotTableImpl [flink-pekko.actor.default-dispatcher-8] INFO  Activate slot ad281a12c9fed243353c6fd5ab19e289.
59717 [e2f0affed90bb4580c88f6e4db7d5c6b] TaskSlotTableImpl [flink-pekko.actor.default-dispatcher-8] INFO  Activate slot 738d40efd47b62e7177e81efe55667b7.
59717 [e2f0affed90bb4580c88f6e4db7d5c6b] TaskSlotTableImpl [flink-pekko.actor.default-dispatcher-8] INFO  Activate slot af229d40ea91e721c8d8abf6fdb3bb89.
59717 [e2f0affed90bb4580c88f6e4db7d5c6b] ExecutionGraph [flink-pekko.actor.default-dispatcher-6] INFO  Source: source0 -> input-filter0 -> input-counter0 (1/7) (7c364d770be7fb6122304dc159ffb54f_3e9b902627593008a6d790e9aeca7953_0_0) switched from SCHEDULED to DEPLOYING.
59717 [e2f0affed90bb4580c88f6e4db7d5c6b] ExecutionGraph [flink-pekko.actor.default-dispatcher-6] INFO  Deploying Source: source0 -> input-filter0 -> input-counter0 (1/7) (attempt #0) with attempt id 7c364d770be7fb6122304dc159ffb54f_3e9b902627593008a6d790e9aeca7953_0_0 and vertex id 3e9b902627593008a6d790e9aeca7953_0 to 5df2bd91-da4a-4832-bb2f-2477c2111d51 @ localhost (dataPort=64555) with allocation id 960d6db2c0ed9a8d8866c563b3cacbc8
59717 [e2f0affed90bb4580c88f6e4db7d5c6b] ExecutionGraph [flink-pekko.actor.default-dispatcher-6] INFO  Source: source0 -> input-filter0 -> input-counter0 (2/7) (7c364d770be7fb6122304dc159ffb54f_3e9b902627593008a6d790e9aeca7953_1_0) switched from SCHEDULED to DEPLOYING.
59717 [e2f0affed90bb4580c88f6e4db7d5c6b] ExecutionGraph [flink-pekko.actor.default-dispatcher-6] INFO  Deploying Source: source0 -> input-filter0 -> input-counter0 (2/7) (attempt #0) with attempt id 7c364d770be7fb6122304dc159ffb54f_3e9b902627593008a6d790e9aeca7953_1_0 and vertex id 3e9b902627593008a6d790e9aeca7953_1 to 5df2bd91-da4a-4832-bb2f-2477c2111d51 @ localhost (dataPort=64555) with allocation id e3f365d47d77b61351ce6d2e5f1629ce
59717 [e2f0affed90bb4580c88f6e4db7d5c6b] ExecutionGraph [flink-pekko.actor.default-dispatcher-6] INFO  Source: source0 -> input-filter0 -> input-counter0 (3/7) (7c364d770be7fb6122304dc159ffb54f_3e9b902627593008a6d790e9aeca7953_2_0) switched from SCHEDULED to DEPLOYING.
59717 [e2f0affed90bb4580c88f6e4db7d5c6b] ExecutionGraph [flink-pekko.actor.default-dispatcher-6] INFO  Deploying Source: source0 -> input-filter0 -> input-counter0 (3/7) (attempt #0) with attempt id 7c364d770be7fb6122304dc159ffb54f_3e9b902627593008a6d790e9aeca7953_2_0 and vertex id 3e9b902627593008a6d790e9aeca7953_2 to 851c89e8-2e40-4759-9ebc-c952f3b10787 @ localhost (dataPort=64554) with allocation id 738d40efd47b62e7177e81efe55667b7
59717 [e2f0affed90bb4580c88f6e4db7d5c6b] ExecutionGraph [flink-pekko.actor.default-dispatcher-6] INFO  Source: source0 -> input-filter0 -> input-counter0 (4/7) (7c364d770be7fb6122304dc159ffb54f_3e9b902627593008a6d790e9aeca7953_3_0) switched from SCHEDULED to DEPLOYING.
59717 [e2f0affed90bb4580c88f6e4db7d5c6b] ExecutionGraph [flink-pekko.actor.default-dispatcher-6] INFO  Deploying Source: source0 -> input-filter0 -> input-counter0 (4/7) (attempt #0) with attempt id 7c364d770be7fb6122304dc159ffb54f_3e9b902627593008a6d790e9aeca7953_3_0 and vertex id 3e9b902627593008a6d790e9aeca7953_3 to 851c89e8-2e40-4759-9ebc-c952f3b10787 @ localhost (dataPort=64554) with allocation id f17d2f5ba332a9667507cf1e1c08ff16
59717 [e2f0affed90bb4580c88f6e4db7d5c6b] ExecutionGraph [flink-pekko.actor.default-dispatcher-6] INFO  Source: source0 -> input-filter0 -> input-counter0 (5/7) (7c364d770be7fb6122304dc159ffb54f_3e9b902627593008a6d790e9aeca7953_4_0) switched from SCHEDULED to DEPLOYING.
59717 [e2f0affed90bb4580c88f6e4db7d5c6b] ExecutionGraph [flink-pekko.actor.default-dispatcher-6] INFO  Deploying Source: source0 -> input-filter0 -> input-counter0 (5/7) (attempt #0) with attempt id 7c364d770be7fb6122304dc159ffb54f_3e9b902627593008a6d790e9aeca7953_4_0 and vertex id 3e9b902627593008a6d790e9aeca7953_4 to 0aab3875-4873-4632-a356-5359d33c98fa @ localhost (dataPort=64553) with allocation id c440a366c7b1cd3b8396e4ab5e75b228
59717 [e2f0affed90bb4580c88f6e4db7d5c6b] ExecutionGraph [flink-pekko.actor.default-dispatcher-6] INFO  Source: source0 -> input-filter0 -> input-counter0 (6/7) (7c364d770be7fb6122304dc159ffb54f_3e9b902627593008a6d790e9aeca7953_5_0) switched from SCHEDULED to DEPLOYING.
59717 [e2f0affed90bb4580c88f6e4db7d5c6b] ExecutionGraph [flink-pekko.actor.default-dispatcher-6] INFO  Deploying Source: source0 -> input-filter0 -> input-counter0 (6/7) (attempt #0) with attempt id 7c364d770be7fb6122304dc159ffb54f_3e9b902627593008a6d790e9aeca7953_5_0 and vertex id 3e9b902627593008a6d790e9aeca7953_5 to 0aab3875-4873-4632-a356-5359d33c98fa @ localhost (dataPort=64553) with allocation id 090217d5aa192c280da8a8d32136ccb4
59717 [e2f0affed90bb4580c88f6e4db7d5c6b] ExecutionGraph [flink-pekko.actor.default-dispatcher-6] INFO  Source: source0 -> input-filter0 -> input-counter0 (7/7) (7c364d770be7fb6122304dc159ffb54f_3e9b902627593008a6d790e9aeca7953_6_0) switched from SCHEDULED to DEPLOYING.
59717 [e2f0affed90bb4580c88f6e4db7d5c6b] ExecutionGraph [flink-pekko.actor.default-dispatcher-6] INFO  Deploying Source: source0 -> input-filter0 -> input-counter0 (7/7) (attempt #0) with attempt id 7c364d770be7fb6122304dc159ffb54f_3e9b902627593008a6d790e9aeca7953_6_0 and vertex id 3e9b902627593008a6d790e9aeca7953_6 to 851c89e8-2e40-4759-9ebc-c952f3b10787 @ localhost (dataPort=64554) with allocation id af229d40ea91e721c8d8abf6fdb3bb89
59717 [e2f0affed90bb4580c88f6e4db7d5c6b] ExecutionGraph [flink-pekko.actor.default-dispatcher-6] INFO  global0 (1/7) (7c364d770be7fb6122304dc159ffb54f_4eca6edb63b17eb77deb9de060a699d1_0_0) switched from SCHEDULED to DEPLOYING.
59717 [e2f0affed90bb4580c88f6e4db7d5c6b] ExecutionGraph [flink-pekko.actor.default-dispatcher-6] INFO  Deploying global0 (1/7) (attempt #0) with attempt id 7c364d770be7fb6122304dc159ffb54f_4eca6edb63b17eb77deb9de060a699d1_0_0 and vertex id 4eca6edb63b17eb77deb9de060a699d1_0 to 5df2bd91-da4a-4832-bb2f-2477c2111d51 @ localhost (dataPort=64555) with allocation id 960d6db2c0ed9a8d8866c563b3cacbc8
59717 [e2f0affed90bb4580c88f6e4db7d5c6b] ExecutionGraph [flink-pekko.actor.default-dispatcher-6] INFO  global0 (2/7) (7c364d770be7fb6122304dc159ffb54f_4eca6edb63b17eb77deb9de060a699d1_1_0) switched from SCHEDULED to DEPLOYING.
59717 [e2f0affed90bb4580c88f6e4db7d5c6b] ExecutionGraph [flink-pekko.actor.default-dispatcher-6] INFO  Deploying global0 (2/7) (attempt #0) with attempt id 7c364d770be7fb6122304dc159ffb54f_4eca6edb63b17eb77deb9de060a699d1_1_0 and vertex id 4eca6edb63b17eb77deb9de060a699d1_1 to 5df2bd91-da4a-4832-bb2f-2477c2111d51 @ localhost (dataPort=64555) with allocation id e3f365d47d77b61351ce6d2e5f1629ce
59717 [e2f0affed90bb4580c88f6e4db7d5c6b] ExecutionGraph [flink-pekko.actor.default-dispatcher-6] INFO  global0 (3/7) (7c364d770be7fb6122304dc159ffb54f_4eca6edb63b17eb77deb9de060a699d1_2_0) switched from SCHEDULED to DEPLOYING.
59717 [e2f0affed90bb4580c88f6e4db7d5c6b] ExecutionGraph [flink-pekko.actor.default-dispatcher-6] INFO  Deploying global0 (3/7) (attempt #0) with attempt id 7c364d770be7fb6122304dc159ffb54f_4eca6edb63b17eb77deb9de060a699d1_2_0 and vertex id 4eca6edb63b17eb77deb9de060a699d1_2 to 851c89e8-2e40-4759-9ebc-c952f3b10787 @ localhost (dataPort=64554) with allocation id 738d40efd47b62e7177e81efe55667b7
59717 [e2f0affed90bb4580c88f6e4db7d5c6b] ExecutionGraph [flink-pekko.actor.default-dispatcher-6] INFO  global0 (4/7) (7c364d770be7fb6122304dc159ffb54f_4eca6edb63b17eb77deb9de060a699d1_3_0) switched from SCHEDULED to DEPLOYING.
59717 [e2f0affed90bb4580c88f6e4db7d5c6b] ExecutionGraph [flink-pekko.actor.default-dispatcher-6] INFO  Deploying global0 (4/7) (attempt #0) with attempt id 7c364d770be7fb6122304dc159ffb54f_4eca6edb63b17eb77deb9de060a699d1_3_0 and vertex id 4eca6edb63b17eb77deb9de060a699d1_3 to 851c89e8-2e40-4759-9ebc-c952f3b10787 @ localhost (dataPort=64554) with allocation id f17d2f5ba332a9667507cf1e1c08ff16
59717 [e2f0affed90bb4580c88f6e4db7d5c6b] ExecutionGraph [flink-pekko.actor.default-dispatcher-6] INFO  global0 (5/7) (7c364d770be7fb6122304dc159ffb54f_4eca6edb63b17eb77deb9de060a699d1_4_0) switched from SCHEDULED to DEPLOYING.
59717 [e2f0affed90bb4580c88f6e4db7d5c6b] ExecutionGraph [flink-pekko.actor.default-dispatcher-6] INFO  Deploying global0 (5/7) (attempt #0) with attempt id 7c364d770be7fb6122304dc159ffb54f_4eca6edb63b17eb77deb9de060a699d1_4_0 and vertex id 4eca6edb63b17eb77deb9de060a699d1_4 to 0aab3875-4873-4632-a356-5359d33c98fa @ localhost (dataPort=64553) with allocation id c440a366c7b1cd3b8396e4ab5e75b228
59717 [e2f0affed90bb4580c88f6e4db7d5c6b] ExecutionGraph [flink-pekko.actor.default-dispatcher-6] INFO  global0 (6/7) (7c364d770be7fb6122304dc159ffb54f_4eca6edb63b17eb77deb9de060a699d1_5_0) switched from SCHEDULED to DEPLOYING.
59717 [e2f0affed90bb4580c88f6e4db7d5c6b] ExecutionGraph [flink-pekko.actor.default-dispatcher-6] INFO  Deploying global0 (6/7) (attempt #0) with attempt id 7c364d770be7fb6122304dc159ffb54f_4eca6edb63b17eb77deb9de060a699d1_5_0 and vertex id 4eca6edb63b17eb77deb9de060a699d1_5 to 0aab3875-4873-4632-a356-5359d33c98fa @ localhost (dataPort=64553) with allocation id 090217d5aa192c280da8a8d32136ccb4
59717 [e2f0affed90bb4580c88f6e4db7d5c6b] ExecutionGraph [flink-pekko.actor.default-dispatcher-6] INFO  global0 (7/7) (7c364d770be7fb6122304dc159ffb54f_4eca6edb63b17eb77deb9de060a699d1_6_0) switched from SCHEDULED to DEPLOYING.
59717 [e2f0affed90bb4580c88f6e4db7d5c6b] ExecutionGraph [flink-pekko.actor.default-dispatcher-6] INFO  Deploying global0 (7/7) (attempt #0) with attempt id 7c364d770be7fb6122304dc159ffb54f_4eca6edb63b17eb77deb9de060a699d1_6_0 and vertex id 4eca6edb63b17eb77deb9de060a699d1_6 to 851c89e8-2e40-4759-9ebc-c952f3b10787 @ localhost (dataPort=64554) with allocation id af229d40ea91e721c8d8abf6fdb3bb89
59717 [e2f0affed90bb4580c88f6e4db7d5c6b] ExecutionGraph [flink-pekko.actor.default-dispatcher-6] INFO  rebalance0 (1/8) (7c364d770be7fb6122304dc159ffb54f_25a6d73fce56b9559bed0247061e93e0_0_0) switched from SCHEDULED to DEPLOYING.
59717 [e2f0affed90bb4580c88f6e4db7d5c6b] ExecutionGraph [flink-pekko.actor.default-dispatcher-6] INFO  Deploying rebalance0 (1/8) (attempt #0) with attempt id 7c364d770be7fb6122304dc159ffb54f_25a6d73fce56b9559bed0247061e93e0_0_0 and vertex id 25a6d73fce56b9559bed0247061e93e0_0 to 5df2bd91-da4a-4832-bb2f-2477c2111d51 @ localhost (dataPort=64555) with allocation id 960d6db2c0ed9a8d8866c563b3cacbc8
59717 [e2f0affed90bb4580c88f6e4db7d5c6b] ExecutionGraph [flink-pekko.actor.default-dispatcher-6] INFO  rebalance0 (2/8) (7c364d770be7fb6122304dc159ffb54f_25a6d73fce56b9559bed0247061e93e0_1_0) switched from SCHEDULED to DEPLOYING.
59717 [e2f0affed90bb4580c88f6e4db7d5c6b] ExecutionGraph [flink-pekko.actor.default-dispatcher-6] INFO  Deploying rebalance0 (2/8) (attempt #0) with attempt id 7c364d770be7fb6122304dc159ffb54f_25a6d73fce56b9559bed0247061e93e0_1_0 and vertex id 25a6d73fce56b9559bed0247061e93e0_1 to 5df2bd91-da4a-4832-bb2f-2477c2111d51 @ localhost (dataPort=64555) with allocation id e3f365d47d77b61351ce6d2e5f1629ce
59717 [e2f0affed90bb4580c88f6e4db7d5c6b] ExecutionGraph [flink-pekko.actor.default-dispatcher-6] INFO  rebalance0 (3/8) (7c364d770be7fb6122304dc159ffb54f_25a6d73fce56b9559bed0247061e93e0_2_0) switched from SCHEDULED to DEPLOYING.
59717 [e2f0affed90bb4580c88f6e4db7d5c6b] ExecutionGraph [flink-pekko.actor.default-dispatcher-6] INFO  Deploying rebalance0 (3/8) (attempt #0) with attempt id 7c364d770be7fb6122304dc159ffb54f_25a6d73fce56b9559bed0247061e93e0_2_0 and vertex id 25a6d73fce56b9559bed0247061e93e0_2 to 851c89e8-2e40-4759-9ebc-c952f3b10787 @ localhost (dataPort=64554) with allocation id 738d40efd47b62e7177e81efe55667b7
59717 [e2f0affed90bb4580c88f6e4db7d5c6b] ExecutionGraph [flink-pekko.actor.default-dispatcher-6] INFO  rebalance0 (4/8) (7c364d770be7fb6122304dc159ffb54f_25a6d73fce56b9559bed0247061e93e0_3_0) switched from SCHEDULED to DEPLOYING.
59717 [e2f0affed90bb4580c88f6e4db7d5c6b] ExecutionGraph [flink-pekko.actor.default-dispatcher-6] INFO  Deploying rebalance0 (4/8) (attempt #0) with attempt id 7c364d770be7fb6122304dc159ffb54f_25a6d73fce56b9559bed0247061e93e0_3_0 and vertex id 25a6d73fce56b9559bed0247061e93e0_3 to 851c89e8-2e40-4759-9ebc-c952f3b10787 @ localhost (dataPort=64554) with allocation id f17d2f5ba332a9667507cf1e1c08ff16
59717 [e2f0affed90bb4580c88f6e4db7d5c6b] ExecutionGraph [flink-pekko.actor.default-dispatcher-6] INFO  rebalance0 (5/8) (7c364d770be7fb6122304dc159ffb54f_25a6d73fce56b9559bed0247061e93e0_4_0) switched from SCHEDULED to DEPLOYING.
59717 [e2f0affed90bb4580c88f6e4db7d5c6b] ExecutionGraph [flink-pekko.actor.default-dispatcher-6] INFO  Deploying rebalance0 (5/8) (attempt #0) with attempt id 7c364d770be7fb6122304dc159ffb54f_25a6d73fce56b9559bed0247061e93e0_4_0 and vertex id 25a6d73fce56b9559bed0247061e93e0_4 to 0aab3875-4873-4632-a356-5359d33c98fa @ localhost (dataPort=64553) with allocation id c440a366c7b1cd3b8396e4ab5e75b228
59717 [e2f0affed90bb4580c88f6e4db7d5c6b] ExecutionGraph [flink-pekko.actor.default-dispatcher-6] INFO  rebalance0 (6/8) (7c364d770be7fb6122304dc159ffb54f_25a6d73fce56b9559bed0247061e93e0_5_0) switched from SCHEDULED to DEPLOYING.
59717 [e2f0affed90bb4580c88f6e4db7d5c6b] ExecutionGraph [flink-pekko.actor.default-dispatcher-6] INFO  Deploying rebalance0 (6/8) (attempt #0) with attempt id 7c364d770be7fb6122304dc159ffb54f_25a6d73fce56b9559bed0247061e93e0_5_0 and vertex id 25a6d73fce56b9559bed0247061e93e0_5 to 0aab3875-4873-4632-a356-5359d33c98fa @ localhost (dataPort=64553) with allocation id 090217d5aa192c280da8a8d32136ccb4
59717 [e2f0affed90bb4580c88f6e4db7d5c6b] ExecutionGraph [flink-pekko.actor.default-dispatcher-6] INFO  rebalance0 (7/8) (7c364d770be7fb6122304dc159ffb54f_25a6d73fce56b9559bed0247061e93e0_6_0) switched from SCHEDULED to DEPLOYING.
59717 [e2f0affed90bb4580c88f6e4db7d5c6b] ExecutionGraph [flink-pekko.actor.default-dispatcher-6] INFO  Deploying rebalance0 (7/8) (attempt #0) with attempt id 7c364d770be7fb6122304dc159ffb54f_25a6d73fce56b9559bed0247061e93e0_6_0 and vertex id 25a6d73fce56b9559bed0247061e93e0_6 to 851c89e8-2e40-4759-9ebc-c952f3b10787 @ localhost (dataPort=64554) with allocation id af229d40ea91e721c8d8abf6fdb3bb89
59717 [e2f0affed90bb4580c88f6e4db7d5c6b] ExecutionGraph [flink-pekko.actor.default-dispatcher-6] INFO  rebalance0 (8/8) (7c364d770be7fb6122304dc159ffb54f_25a6d73fce56b9559bed0247061e93e0_7_0) switched from SCHEDULED to DEPLOYING.
59717 [e2f0affed90bb4580c88f6e4db7d5c6b] ExecutionGraph [flink-pekko.actor.default-dispatcher-6] INFO  Deploying rebalance0 (8/8) (attempt #0) with attempt id 7c364d770be7fb6122304dc159ffb54f_25a6d73fce56b9559bed0247061e93e0_7_0 and vertex id 25a6d73fce56b9559bed0247061e93e0_7 to 851c89e8-2e40-4759-9ebc-c952f3b10787 @ localhost (dataPort=64554) with allocation id ad281a12c9fed243353c6fd5ab19e289
59717 [e2f0affed90bb4580c88f6e4db7d5c6b] ExecutionGraph [flink-pekko.actor.default-dispatcher-6] INFO  upscale0 (1/14) (7c364d770be7fb6122304dc159ffb54f_7559af08559a2c7079a359b85b7edab5_0_0) switched from SCHEDULED to DEPLOYING.
59717 [e2f0affed90bb4580c88f6e4db7d5c6b] ExecutionGraph [flink-pekko.actor.default-dispatcher-6] INFO  Deploying upscale0 (1/14) (attempt #0) with attempt id 7c364d770be7fb6122304dc159ffb54f_7559af08559a2c7079a359b85b7edab5_0_0 and vertex id 7559af08559a2c7079a359b85b7edab5_0 to 5df2bd91-da4a-4832-bb2f-2477c2111d51 @ localhost (dataPort=64555) with allocation id 960d6db2c0ed9a8d8866c563b3cacbc8
59717 [e2f0affed90bb4580c88f6e4db7d5c6b] ExecutionGraph [flink-pekko.actor.default-dispatcher-6] INFO  upscale0 (2/14) (7c364d770be7fb6122304dc159ffb54f_7559af08559a2c7079a359b85b7edab5_1_0) switched from SCHEDULED to DEPLOYING.
59717 [e2f0affed90bb4580c88f6e4db7d5c6b] ExecutionGraph [flink-pekko.actor.default-dispatcher-6] INFO  Deploying upscale0 (2/14) (attempt #0) with attempt id 7c364d770be7fb6122304dc159ffb54f_7559af08559a2c7079a359b85b7edab5_1_0 and vertex id 7559af08559a2c7079a359b85b7edab5_1 to 5df2bd91-da4a-4832-bb2f-2477c2111d51 @ localhost (dataPort=64555) with allocation id e3f365d47d77b61351ce6d2e5f1629ce
59717 [e2f0affed90bb4580c88f6e4db7d5c6b] ExecutionGraph [flink-pekko.actor.default-dispatcher-6] INFO  upscale0 (3/14) (7c364d770be7fb6122304dc159ffb54f_7559af08559a2c7079a359b85b7edab5_2_0) switched from SCHEDULED to DEPLOYING.
59717 [e2f0affed90bb4580c88f6e4db7d5c6b] ExecutionGraph [flink-pekko.actor.default-dispatcher-6] INFO  Deploying upscale0 (3/14) (attempt #0) with attempt id 7c364d770be7fb6122304dc159ffb54f_7559af08559a2c7079a359b85b7edab5_2_0 and vertex id 7559af08559a2c7079a359b85b7edab5_2 to 851c89e8-2e40-4759-9ebc-c952f3b10787 @ localhost (dataPort=64554) with allocation id 738d40efd47b62e7177e81efe55667b7
59717 [e2f0affed90bb4580c88f6e4db7d5c6b] ExecutionGraph [flink-pekko.actor.default-dispatcher-6] INFO  upscale0 (4/14) (7c364d770be7fb6122304dc159ffb54f_7559af08559a2c7079a359b85b7edab5_3_0) switched from SCHEDULED to DEPLOYING.
59717 [e2f0affed90bb4580c88f6e4db7d5c6b] ExecutionGraph [flink-pekko.actor.default-dispatcher-6] INFO  Deploying upscale0 (4/14) (attempt #0) with attempt id 7c364d770be7fb6122304dc159ffb54f_7559af08559a2c7079a359b85b7edab5_3_0 and vertex id 7559af08559a2c7079a359b85b7edab5_3 to 851c89e8-2e40-4759-9ebc-c952f3b10787 @ localhost (dataPort=64554) with allocation id f17d2f5ba332a9667507cf1e1c08ff16
59717 [e2f0affed90bb4580c88f6e4db7d5c6b] ExecutionGraph [flink-pekko.actor.default-dispatcher-6] INFO  upscale0 (5/14) (7c364d770be7fb6122304dc159ffb54f_7559af08559a2c7079a359b85b7edab5_4_0) switched from SCHEDULED to DEPLOYING.
59717 [e2f0affed90bb4580c88f6e4db7d5c6b] ExecutionGraph [flink-pekko.actor.default-dispatcher-6] INFO  Deploying upscale0 (5/14) (attempt #0) with attempt id 7c364d770be7fb6122304dc159ffb54f_7559af08559a2c7079a359b85b7edab5_4_0 and vertex id 7559af08559a2c7079a359b85b7edab5_4 to 0aab3875-4873-4632-a356-5359d33c98fa @ localhost (dataPort=64553) with allocation id c440a366c7b1cd3b8396e4ab5e75b228
59717 [e2f0affed90bb4580c88f6e4db7d5c6b] ExecutionGraph [flink-pekko.actor.default-dispatcher-6] INFO  upscale0 (6/14) (7c364d770be7fb6122304dc159ffb54f_7559af08559a2c7079a359b85b7edab5_5_0) switched from SCHEDULED to DEPLOYING.
59717 [e2f0affed90bb4580c88f6e4db7d5c6b] ExecutionGraph [flink-pekko.actor.default-dispatcher-6] INFO  Deploying upscale0 (6/14) (attempt #0) with attempt id 7c364d770be7fb6122304dc159ffb54f_7559af08559a2c7079a359b85b7edab5_5_0 and vertex id 7559af08559a2c7079a359b85b7edab5_5 to 0aab3875-4873-4632-a356-5359d33c98fa @ localhost (dataPort=64553) with allocation id 090217d5aa192c280da8a8d32136ccb4
59717 [e2f0affed90bb4580c88f6e4db7d5c6b] ExecutionGraph [flink-pekko.actor.default-dispatcher-6] INFO  upscale0 (7/14) (7c364d770be7fb6122304dc159ffb54f_7559af08559a2c7079a359b85b7edab5_6_0) switched from SCHEDULED to DEPLOYING.
59717 [e2f0affed90bb4580c88f6e4db7d5c6b] ExecutionGraph [flink-pekko.actor.default-dispatcher-6] INFO  Deploying upscale0 (7/14) (attempt #0) with attempt id 7c364d770be7fb6122304dc159ffb54f_7559af08559a2c7079a359b85b7edab5_6_0 and vertex id 7559af08559a2c7079a359b85b7edab5_6 to 851c89e8-2e40-4759-9ebc-c952f3b10787 @ localhost (dataPort=64554) with allocation id af229d40ea91e721c8d8abf6fdb3bb89
59717 [e2f0affed90bb4580c88f6e4db7d5c6b] ExecutionGraph [flink-pekko.actor.default-dispatcher-6] INFO  upscale0 (8/14) (7c364d770be7fb6122304dc159ffb54f_7559af08559a2c7079a359b85b7edab5_7_0) switched from SCHEDULED to DEPLOYING.
59717 [e2f0affed90bb4580c88f6e4db7d5c6b] ExecutionGraph [flink-pekko.actor.default-dispatcher-6] INFO  Deploying upscale0 (8/14) (attempt #0) with attempt id 7c364d770be7fb6122304dc159ffb54f_7559af08559a2c7079a359b85b7edab5_7_0 and vertex id 7559af08559a2c7079a359b85b7edab5_7 to 851c89e8-2e40-4759-9ebc-c952f3b10787 @ localhost (dataPort=64554) with allocation id ad281a12c9fed243353c6fd5ab19e289
59717 [e2f0affed90bb4580c88f6e4db7d5c6b] ExecutionGraph [flink-pekko.actor.default-dispatcher-6] INFO  upscale0 (9/14) (7c364d770be7fb6122304dc159ffb54f_7559af08559a2c7079a359b85b7edab5_8_0) switched from SCHEDULED to DEPLOYING.
59717 [e2f0affed90bb4580c88f6e4db7d5c6b] ExecutionGraph [flink-pekko.actor.default-dispatcher-6] INFO  Deploying upscale0 (9/14) (attempt #0) with attempt id 7c364d770be7fb6122304dc159ffb54f_7559af08559a2c7079a359b85b7edab5_8_0 and vertex id 7559af08559a2c7079a359b85b7edab5_8 to 0aab3875-4873-4632-a356-5359d33c98fa @ localhost (dataPort=64553) with allocation id abfd9db3ee3ca4ef22f482e5d2f80918
59717 [e2f0affed90bb4580c88f6e4db7d5c6b] ExecutionGraph [flink-pekko.actor.default-dispatcher-6] INFO  upscale0 (10/14) (7c364d770be7fb6122304dc159ffb54f_7559af08559a2c7079a359b85b7edab5_9_0) switched from SCHEDULED to DEPLOYING.
59717 [e2f0affed90bb4580c88f6e4db7d5c6b] ExecutionGraph [flink-pekko.actor.default-dispatcher-6] INFO  Deploying upscale0 (10/14) (attempt #0) with attempt id 7c364d770be7fb6122304dc159ffb54f_7559af08559a2c7079a359b85b7edab5_9_0 and vertex id 7559af08559a2c7079a359b85b7edab5_9 to 0aab3875-4873-4632-a356-5359d33c98fa @ localhost (dataPort=64553) with allocation id 10220dbcfc037a845cf06819a30df972
59717 [e2f0affed90bb4580c88f6e4db7d5c6b] ExecutionGraph [flink-pekko.actor.default-dispatcher-6] INFO  upscale0 (11/14) (7c364d770be7fb6122304dc159ffb54f_7559af08559a2c7079a359b85b7edab5_10_0) switched from SCHEDULED to DEPLOYING.
59717 [e2f0affed90bb4580c88f6e4db7d5c6b] ExecutionGraph [flink-pekko.actor.default-dispatcher-6] INFO  Deploying upscale0 (11/14) (attempt #0) with attempt id 7c364d770be7fb6122304dc159ffb54f_7559af08559a2c7079a359b85b7edab5_10_0 and vertex id 7559af08559a2c7079a359b85b7edab5_10 to 0aab3875-4873-4632-a356-5359d33c98fa @ localhost (dataPort=64553) with allocation id 1f42d7178af8375c2b0f945a5371fdd5
59717 [e2f0affed90bb4580c88f6e4db7d5c6b] ExecutionGraph [flink-pekko.actor.default-dispatcher-6] INFO  upscale0 (12/14) (7c364d770be7fb6122304dc159ffb54f_7559af08559a2c7079a359b85b7edab5_11_0) switched from SCHEDULED to DEPLOYING.
59717 [e2f0affed90bb4580c88f6e4db7d5c6b] ExecutionGraph [flink-pekko.actor.default-dispatcher-6] INFO  Deploying upscale0 (12/14) (attempt #0) with attempt id 7c364d770be7fb6122304dc159ffb54f_7559af08559a2c7079a359b85b7edab5_11_0 and vertex id 7559af08559a2c7079a359b85b7edab5_11 to 851c89e8-2e40-4759-9ebc-c952f3b10787 @ localhost (dataPort=64554) with allocation id c7c9dd428cb618ca3d16f1857c46888b
59717 [e2f0affed90bb4580c88f6e4db7d5c6b] ExecutionGraph [flink-pekko.actor.default-dispatcher-6] INFO  upscale0 (13/14) (7c364d770be7fb6122304dc159ffb54f_7559af08559a2c7079a359b85b7edab5_12_0) switched from SCHEDULED to DEPLOYING.
59717 [e2f0affed90bb4580c88f6e4db7d5c6b] ExecutionGraph [flink-pekko.actor.default-dispatcher-6] INFO  Deploying upscale0 (13/14) (attempt #0) with attempt id 7c364d770be7fb6122304dc159ffb54f_7559af08559a2c7079a359b85b7edab5_12_0 and vertex id 7559af08559a2c7079a359b85b7edab5_12 to 5df2bd91-da4a-4832-bb2f-2477c2111d51 @ localhost (dataPort=64555) with allocation id 754c63adaf4693e9ea08dd5b964f2745
59717 [e2f0affed90bb4580c88f6e4db7d5c6b] ExecutionGraph [flink-pekko.actor.default-dispatcher-6] INFO  upscale0 (14/14) (7c364d770be7fb6122304dc159ffb54f_7559af08559a2c7079a359b85b7edab5_13_0) switched from SCHEDULED to DEPLOYING.
59717 [e2f0affed90bb4580c88f6e4db7d5c6b] ExecutionGraph [flink-pekko.actor.default-dispatcher-6] INFO  Deploying upscale0 (14/14) (attempt #0) with attempt id 7c364d770be7fb6122304dc159ffb54f_7559af08559a2c7079a359b85b7edab5_13_0 and vertex id 7559af08559a2c7079a359b85b7edab5_13 to 5df2bd91-da4a-4832-bb2f-2477c2111d51 @ localhost (dataPort=64555) with allocation id 732a0120709cb942c4e62ad515f71d27
59717 [e2f0affed90bb4580c88f6e4db7d5c6b] ExecutionGraph [flink-pekko.actor.default-dispatcher-6] INFO  downscale0 (1/8) (7c364d770be7fb6122304dc159ffb54f_579c351891399448b6165717925f2b21_0_0) switched from SCHEDULED to DEPLOYING.
59717 [e2f0affed90bb4580c88f6e4db7d5c6b] ExecutionGraph [flink-pekko.actor.default-dispatcher-6] INFO  Deploying downscale0 (1/8) (attempt #0) with attempt id 7c364d770be7fb6122304dc159ffb54f_579c351891399448b6165717925f2b21_0_0 and vertex id 579c351891399448b6165717925f2b21_0 to 5df2bd91-da4a-4832-bb2f-2477c2111d51 @ localhost (dataPort=64555) with allocation id 960d6db2c0ed9a8d8866c563b3cacbc8
59717 [e2f0affed90bb4580c88f6e4db7d5c6b] ExecutionGraph [flink-pekko.actor.default-dispatcher-6] INFO  downscale0 (2/8) (7c364d770be7fb6122304dc159ffb54f_579c351891399448b6165717925f2b21_1_0) switched from SCHEDULED to DEPLOYING.
59717 [e2f0affed90bb4580c88f6e4db7d5c6b] ExecutionGraph [flink-pekko.actor.default-dispatcher-6] INFO  Deploying downscale0 (2/8) (attempt #0) with attempt id 7c364d770be7fb6122304dc159ffb54f_579c351891399448b6165717925f2b21_1_0 and vertex id 579c351891399448b6165717925f2b21_1 to 5df2bd91-da4a-4832-bb2f-2477c2111d51 @ localhost (dataPort=64555) with allocation id e3f365d47d77b61351ce6d2e5f1629ce
59717 [e2f0affed90bb4580c88f6e4db7d5c6b] ExecutionGraph [flink-pekko.actor.default-dispatcher-6] INFO  downscale0 (3/8) (7c364d770be7fb6122304dc159ffb54f_579c351891399448b6165717925f2b21_2_0) switched from SCHEDULED to DEPLOYING.
59717 [e2f0affed90bb4580c88f6e4db7d5c6b] ExecutionGraph [flink-pekko.actor.default-dispatcher-6] INFO  Deploying downscale0 (3/8) (attempt #0) with attempt id 7c364d770be7fb6122304dc159ffb54f_579c351891399448b6165717925f2b21_2_0 and vertex id 579c351891399448b6165717925f2b21_2 to 851c89e8-2e40-4759-9ebc-c952f3b10787 @ localhost (dataPort=64554) with allocation id 738d40efd47b62e7177e81efe55667b7
59717 [e2f0affed90bb4580c88f6e4db7d5c6b] ExecutionGraph [flink-pekko.actor.default-dispatcher-6] INFO  downscale0 (4/8) (7c364d770be7fb6122304dc159ffb54f_579c351891399448b6165717925f2b21_3_0) switched from SCHEDULED to DEPLOYING.
59717 [e2f0affed90bb4580c88f6e4db7d5c6b] ExecutionGraph [flink-pekko.actor.default-dispatcher-6] INFO  Deploying downscale0 (4/8) (attempt #0) with attempt id 7c364d770be7fb6122304dc159ffb54f_579c351891399448b6165717925f2b21_3_0 and vertex id 579c351891399448b6165717925f2b21_3 to 851c89e8-2e40-4759-9ebc-c952f3b10787 @ localhost (dataPort=64554) with allocation id f17d2f5ba332a9667507cf1e1c08ff16
59717 [e2f0affed90bb4580c88f6e4db7d5c6b] ExecutionGraph [flink-pekko.actor.default-dispatcher-6] INFO  downscale0 (5/8) (7c364d770be7fb6122304dc159ffb54f_579c351891399448b6165717925f2b21_4_0) switched from SCHEDULED to DEPLOYING.
59717 [e2f0affed90bb4580c88f6e4db7d5c6b] ExecutionGraph [flink-pekko.actor.default-dispatcher-6] INFO  Deploying downscale0 (5/8) (attempt #0) with attempt id 7c364d770be7fb6122304dc159ffb54f_579c351891399448b6165717925f2b21_4_0 and vertex id 579c351891399448b6165717925f2b21_4 to 0aab3875-4873-4632-a356-5359d33c98fa @ localhost (dataPort=64553) with allocation id c440a366c7b1cd3b8396e4ab5e75b228
59717 [e2f0affed90bb4580c88f6e4db7d5c6b] ExecutionGraph [flink-pekko.actor.default-dispatcher-6] INFO  downscale0 (6/8) (7c364d770be7fb6122304dc159ffb54f_579c351891399448b6165717925f2b21_5_0) switched from SCHEDULED to DEPLOYING.
59717 [e2f0affed90bb4580c88f6e4db7d5c6b] ExecutionGraph [flink-pekko.actor.default-dispatcher-6] INFO  Deploying downscale0 (6/8) (attempt #0) with attempt id 7c364d770be7fb6122304dc159ffb54f_579c351891399448b6165717925f2b21_5_0 and vertex id 579c351891399448b6165717925f2b21_5 to 0aab3875-4873-4632-a356-5359d33c98fa @ localhost (dataPort=64553) with allocation id 090217d5aa192c280da8a8d32136ccb4
59717 [e2f0affed90bb4580c88f6e4db7d5c6b] ExecutionGraph [flink-pekko.actor.default-dispatcher-6] INFO  downscale0 (7/8) (7c364d770be7fb6122304dc159ffb54f_579c351891399448b6165717925f2b21_6_0) switched from SCHEDULED to DEPLOYING.
59717 [e2f0affed90bb4580c88f6e4db7d5c6b] ExecutionGraph [flink-pekko.actor.default-dispatcher-6] INFO  Deploying downscale0 (7/8) (attempt #0) with attempt id 7c364d770be7fb6122304dc159ffb54f_579c351891399448b6165717925f2b21_6_0 and vertex id 579c351891399448b6165717925f2b21_6 to 851c89e8-2e40-4759-9ebc-c952f3b10787 @ localhost (dataPort=64554) with allocation id af229d40ea91e721c8d8abf6fdb3bb89
59717 [e2f0affed90bb4580c88f6e4db7d5c6b] ExecutionGraph [flink-pekko.actor.default-dispatcher-6] INFO  downscale0 (8/8) (7c364d770be7fb6122304dc159ffb54f_579c351891399448b6165717925f2b21_7_0) switched from SCHEDULED to DEPLOYING.
59717 [e2f0affed90bb4580c88f6e4db7d5c6b] ExecutionGraph [flink-pekko.actor.default-dispatcher-6] INFO  Deploying downscale0 (8/8) (attempt #0) with attempt id 7c364d770be7fb6122304dc159ffb54f_579c351891399448b6165717925f2b21_7_0 and vertex id 579c351891399448b6165717925f2b21_7 to 851c89e8-2e40-4759-9ebc-c952f3b10787 @ localhost (dataPort=64554) with allocation id ad281a12c9fed243353c6fd5ab19e289
59717 [e2f0affed90bb4580c88f6e4db7d5c6b] ExecutionGraph [flink-pekko.actor.default-dispatcher-6] INFO  keyby0 (1/7) (7c364d770be7fb6122304dc159ffb54f_e32648f4a493dd25fdd7d9c66c500390_0_0) switched from SCHEDULED to DEPLOYING.
59717 [e2f0affed90bb4580c88f6e4db7d5c6b] ExecutionGraph [flink-pekko.actor.default-dispatcher-6] INFO  Deploying keyby0 (1/7) (attempt #0) with attempt id 7c364d770be7fb6122304dc159ffb54f_e32648f4a493dd25fdd7d9c66c500390_0_0 and vertex id e32648f4a493dd25fdd7d9c66c500390_0 to 5df2bd91-da4a-4832-bb2f-2477c2111d51 @ localhost (dataPort=64555) with allocation id 960d6db2c0ed9a8d8866c563b3cacbc8
59717 [e2f0affed90bb4580c88f6e4db7d5c6b] ExecutionGraph [flink-pekko.actor.default-dispatcher-6] INFO  keyby0 (2/7) (7c364d770be7fb6122304dc159ffb54f_e32648f4a493dd25fdd7d9c66c500390_1_0) switched from SCHEDULED to DEPLOYING.
59717 [e2f0affed90bb4580c88f6e4db7d5c6b] ExecutionGraph [flink-pekko.actor.default-dispatcher-6] INFO  Deploying keyby0 (2/7) (attempt #0) with attempt id 7c364d770be7fb6122304dc159ffb54f_e32648f4a493dd25fdd7d9c66c500390_1_0 and vertex id e32648f4a493dd25fdd7d9c66c500390_1 to 5df2bd91-da4a-4832-bb2f-2477c2111d51 @ localhost (dataPort=64555) with allocation id e3f365d47d77b61351ce6d2e5f1629ce
59717 [e2f0affed90bb4580c88f6e4db7d5c6b] ExecutionGraph [flink-pekko.actor.default-dispatcher-6] INFO  keyby0 (3/7) (7c364d770be7fb6122304dc159ffb54f_e32648f4a493dd25fdd7d9c66c500390_2_0) switched from SCHEDULED to DEPLOYING.
59717 [e2f0affed90bb4580c88f6e4db7d5c6b] ExecutionGraph [flink-pekko.actor.default-dispatcher-6] INFO  Deploying keyby0 (3/7) (attempt #0) with attempt id 7c364d770be7fb6122304dc159ffb54f_e32648f4a493dd25fdd7d9c66c500390_2_0 and vertex id e32648f4a493dd25fdd7d9c66c500390_2 to 851c89e8-2e40-4759-9ebc-c952f3b10787 @ localhost (dataPort=64554) with allocation id 738d40efd47b62e7177e81efe55667b7
59717 [e2f0affed90bb4580c88f6e4db7d5c6b] ExecutionGraph [flink-pekko.actor.default-dispatcher-6] INFO  keyby0 (4/7) (7c364d770be7fb6122304dc159ffb54f_e32648f4a493dd25fdd7d9c66c500390_3_0) switched from SCHEDULED to DEPLOYING.
59717 [e2f0affed90bb4580c88f6e4db7d5c6b] ExecutionGraph [flink-pekko.actor.default-dispatcher-6] INFO  Deploying keyby0 (4/7) (attempt #0) with attempt id 7c364d770be7fb6122304dc159ffb54f_e32648f4a493dd25fdd7d9c66c500390_3_0 and vertex id e32648f4a493dd25fdd7d9c66c500390_3 to 851c89e8-2e40-4759-9ebc-c952f3b10787 @ localhost (dataPort=64554) with allocation id f17d2f5ba332a9667507cf1e1c08ff16
59717 [e2f0affed90bb4580c88f6e4db7d5c6b] ExecutionGraph [flink-pekko.actor.default-dispatcher-6] INFO  keyby0 (5/7) (7c364d770be7fb6122304dc159ffb54f_e32648f4a493dd25fdd7d9c66c500390_4_0) switched from SCHEDULED to DEPLOYING.
59717 [e2f0affed90bb4580c88f6e4db7d5c6b] ExecutionGraph [flink-pekko.actor.default-dispatcher-6] INFO  Deploying keyby0 (5/7) (attempt #0) with attempt id 7c364d770be7fb6122304dc159ffb54f_e32648f4a493dd25fdd7d9c66c500390_4_0 and vertex id e32648f4a493dd25fdd7d9c66c500390_4 to 0aab3875-4873-4632-a356-5359d33c98fa @ localhost (dataPort=64553) with allocation id c440a366c7b1cd3b8396e4ab5e75b228
59717 [e2f0affed90bb4580c88f6e4db7d5c6b] ExecutionGraph [flink-pekko.actor.default-dispatcher-6] INFO  keyby0 (6/7) (7c364d770be7fb6122304dc159ffb54f_e32648f4a493dd25fdd7d9c66c500390_5_0) switched from SCHEDULED to DEPLOYING.
59717 [e2f0affed90bb4580c88f6e4db7d5c6b] ExecutionGraph [flink-pekko.actor.default-dispatcher-6] INFO  Deploying keyby0 (6/7) (attempt #0) with attempt id 7c364d770be7fb6122304dc159ffb54f_e32648f4a493dd25fdd7d9c66c500390_5_0 and vertex id e32648f4a493dd25fdd7d9c66c500390_5 to 0aab3875-4873-4632-a356-5359d33c98fa @ localhost (dataPort=64553) with allocation id 090217d5aa192c280da8a8d32136ccb4
59717 [e2f0affed90bb4580c88f6e4db7d5c6b] ExecutionGraph [flink-pekko.actor.default-dispatcher-6] INFO  keyby0 (7/7) (7c364d770be7fb6122304dc159ffb54f_e32648f4a493dd25fdd7d9c66c500390_6_0) switched from SCHEDULED to DEPLOYING.
59717 [e2f0affed90bb4580c88f6e4db7d5c6b] ExecutionGraph [flink-pekko.actor.default-dispatcher-6] INFO  Deploying keyby0 (7/7) (attempt #0) with attempt id 7c364d770be7fb6122304dc159ffb54f_e32648f4a493dd25fdd7d9c66c500390_6_0 and vertex id e32648f4a493dd25fdd7d9c66c500390_6 to 851c89e8-2e40-4759-9ebc-c952f3b10787 @ localhost (dataPort=64554) with allocation id af229d40ea91e721c8d8abf6fdb3bb89
59717 [e2f0affed90bb4580c88f6e4db7d5c6b] ExecutionGraph [flink-pekko.actor.default-dispatcher-6] INFO  rescale0 (1/10) (7c364d770be7fb6122304dc159ffb54f_7b4c6fe4c6df355e1ed86e978ba4a96e_0_0) switched from SCHEDULED to DEPLOYING.
59717 [e2f0affed90bb4580c88f6e4db7d5c6b] ExecutionGraph [flink-pekko.actor.default-dispatcher-6] INFO  Deploying rescale0 (1/10) (attempt #0) with attempt id 7c364d770be7fb6122304dc159ffb54f_7b4c6fe4c6df355e1ed86e978ba4a96e_0_0 and vertex id 7b4c6fe4c6df355e1ed86e978ba4a96e_0 to 5df2bd91-da4a-4832-bb2f-2477c2111d51 @ localhost (dataPort=64555) with allocation id 960d6db2c0ed9a8d8866c563b3cacbc8
59717 [e2f0affed90bb4580c88f6e4db7d5c6b] ExecutionGraph [flink-pekko.actor.default-dispatcher-6] INFO  rescale0 (2/10) (7c364d770be7fb6122304dc159ffb54f_7b4c6fe4c6df355e1ed86e978ba4a96e_1_0) switched from SCHEDULED to DEPLOYING.
59717 [e2f0affed90bb4580c88f6e4db7d5c6b] ExecutionGraph [flink-pekko.actor.default-dispatcher-6] INFO  Deploying rescale0 (2/10) (attempt #0) with attempt id 7c364d770be7fb6122304dc159ffb54f_7b4c6fe4c6df355e1ed86e978ba4a96e_1_0 and vertex id 7b4c6fe4c6df355e1ed86e978ba4a96e_1 to 851c89e8-2e40-4759-9ebc-c952f3b10787 @ localhost (dataPort=64554) with allocation id ad281a12c9fed243353c6fd5ab19e289
59717 [e2f0affed90bb4580c88f6e4db7d5c6b] ExecutionGraph [flink-pekko.actor.default-dispatcher-6] INFO  rescale0 (3/10) (7c364d770be7fb6122304dc159ffb54f_7b4c6fe4c6df355e1ed86e978ba4a96e_2_0) switched from SCHEDULED to DEPLOYING.
59717 [e2f0affed90bb4580c88f6e4db7d5c6b] ExecutionGraph [flink-pekko.actor.default-dispatcher-6] INFO  Deploying rescale0 (3/10) (attempt #0) with attempt id 7c364d770be7fb6122304dc159ffb54f_7b4c6fe4c6df355e1ed86e978ba4a96e_2_0 and vertex id 7b4c6fe4c6df355e1ed86e978ba4a96e_2 to 5df2bd91-da4a-4832-bb2f-2477c2111d51 @ localhost (dataPort=64555) with allocation id e3f365d47d77b61351ce6d2e5f1629ce
59717 [e2f0affed90bb4580c88f6e4db7d5c6b] ExecutionGraph [flink-pekko.actor.default-dispatcher-6] INFO  rescale0 (4/10) (7c364d770be7fb6122304dc159ffb54f_7b4c6fe4c6df355e1ed86e978ba4a96e_3_0) switched from SCHEDULED to DEPLOYING.
59717 [e2f0affed90bb4580c88f6e4db7d5c6b] ExecutionGraph [flink-pekko.actor.default-dispatcher-6] INFO  Deploying rescale0 (4/10) (attempt #0) with attempt id 7c364d770be7fb6122304dc159ffb54f_7b4c6fe4c6df355e1ed86e978ba4a96e_3_0 and vertex id 7b4c6fe4c6df355e1ed86e978ba4a96e_3 to 851c89e8-2e40-4759-9ebc-c952f3b10787 @ localhost (dataPort=64554) with allocation id 738d40efd47b62e7177e81efe55667b7
59718 [e2f0affed90bb4580c88f6e4db7d5c6b] ExecutionGraph [flink-pekko.actor.default-dispatcher-6] INFO  rescale0 (5/10) (7c364d770be7fb6122304dc159ffb54f_7b4c6fe4c6df355e1ed86e978ba4a96e_4_0) switched from SCHEDULED to DEPLOYING.
59718 [e2f0affed90bb4580c88f6e4db7d5c6b] ExecutionGraph [flink-pekko.actor.default-dispatcher-6] INFO  Deploying rescale0 (5/10) (attempt #0) with attempt id 7c364d770be7fb6122304dc159ffb54f_7b4c6fe4c6df355e1ed86e978ba4a96e_4_0 and vertex id 7b4c6fe4c6df355e1ed86e978ba4a96e_4 to 0aab3875-4873-4632-a356-5359d33c98fa @ localhost (dataPort=64553) with allocation id abfd9db3ee3ca4ef22f482e5d2f80918
59718 [e2f0affed90bb4580c88f6e4db7d5c6b] ExecutionGraph [flink-pekko.actor.default-dispatcher-6] INFO  rescale0 (6/10) (7c364d770be7fb6122304dc159ffb54f_7b4c6fe4c6df355e1ed86e978ba4a96e_5_0) switched from SCHEDULED to DEPLOYING.
59718 [e2f0affed90bb4580c88f6e4db7d5c6b] ExecutionGraph [flink-pekko.actor.default-dispatcher-6] INFO  Deploying rescale0 (6/10) (attempt #0) with attempt id 7c364d770be7fb6122304dc159ffb54f_7b4c6fe4c6df355e1ed86e978ba4a96e_5_0 and vertex id 7b4c6fe4c6df355e1ed86e978ba4a96e_5 to 851c89e8-2e40-4759-9ebc-c952f3b10787 @ localhost (dataPort=64554) with allocation id f17d2f5ba332a9667507cf1e1c08ff16
59718 [e2f0affed90bb4580c88f6e4db7d5c6b] ExecutionGraph [flink-pekko.actor.default-dispatcher-6] INFO  rescale0 (7/10) (7c364d770be7fb6122304dc159ffb54f_7b4c6fe4c6df355e1ed86e978ba4a96e_6_0) switched from SCHEDULED to DEPLOYING.
59718 [e2f0affed90bb4580c88f6e4db7d5c6b] ExecutionGraph [flink-pekko.actor.default-dispatcher-6] INFO  Deploying rescale0 (7/10) (attempt #0) with attempt id 7c364d770be7fb6122304dc159ffb54f_7b4c6fe4c6df355e1ed86e978ba4a96e_6_0 and vertex id 7b4c6fe4c6df355e1ed86e978ba4a96e_6 to 0aab3875-4873-4632-a356-5359d33c98fa @ localhost (dataPort=64553) with allocation id c440a366c7b1cd3b8396e4ab5e75b228
59718 [e2f0affed90bb4580c88f6e4db7d5c6b] ExecutionGraph [flink-pekko.actor.default-dispatcher-6] INFO  rescale0 (8/10) (7c364d770be7fb6122304dc159ffb54f_7b4c6fe4c6df355e1ed86e978ba4a96e_7_0) switched from SCHEDULED to DEPLOYING.
59718 [e2f0affed90bb4580c88f6e4db7d5c6b] ExecutionGraph [flink-pekko.actor.default-dispatcher-6] INFO  Deploying rescale0 (8/10) (attempt #0) with attempt id 7c364d770be7fb6122304dc159ffb54f_7b4c6fe4c6df355e1ed86e978ba4a96e_7_0 and vertex id 7b4c6fe4c6df355e1ed86e978ba4a96e_7 to 0aab3875-4873-4632-a356-5359d33c98fa @ localhost (dataPort=64553) with allocation id 10220dbcfc037a845cf06819a30df972
59718 [e2f0affed90bb4580c88f6e4db7d5c6b] ExecutionGraph [flink-pekko.actor.default-dispatcher-6] INFO  rescale0 (9/10) (7c364d770be7fb6122304dc159ffb54f_7b4c6fe4c6df355e1ed86e978ba4a96e_8_0) switched from SCHEDULED to DEPLOYING.
59718 [e2f0affed90bb4580c88f6e4db7d5c6b] ExecutionGraph [flink-pekko.actor.default-dispatcher-6] INFO  Deploying rescale0 (9/10) (attempt #0) with attempt id 7c364d770be7fb6122304dc159ffb54f_7b4c6fe4c6df355e1ed86e978ba4a96e_8_0 and vertex id 7b4c6fe4c6df355e1ed86e978ba4a96e_8 to 0aab3875-4873-4632-a356-5359d33c98fa @ localhost (dataPort=64553) with allocation id 090217d5aa192c280da8a8d32136ccb4
59718 [e2f0affed90bb4580c88f6e4db7d5c6b] ExecutionGraph [flink-pekko.actor.default-dispatcher-6] INFO  rescale0 (10/10) (7c364d770be7fb6122304dc159ffb54f_7b4c6fe4c6df355e1ed86e978ba4a96e_9_0) switched from SCHEDULED to DEPLOYING.
59718 [e2f0affed90bb4580c88f6e4db7d5c6b] ExecutionGraph [flink-pekko.actor.default-dispatcher-6] INFO  Deploying rescale0 (10/10) (attempt #0) with attempt id 7c364d770be7fb6122304dc159ffb54f_7b4c6fe4c6df355e1ed86e978ba4a96e_9_0 and vertex id 7b4c6fe4c6df355e1ed86e978ba4a96e_9 to 851c89e8-2e40-4759-9ebc-c952f3b10787 @ localhost (dataPort=64554) with allocation id af229d40ea91e721c8d8abf6fdb3bb89
59718 [e2f0affed90bb4580c88f6e4db7d5c6b] ExecutionGraph [flink-pekko.actor.default-dispatcher-6] INFO  failing-map (1/7) (7c364d770be7fb6122304dc159ffb54f_b8c789ec3a44294cb45da029ffe0e6fd_0_0) switched from SCHEDULED to DEPLOYING.
59718 [e2f0affed90bb4580c88f6e4db7d5c6b] ExecutionGraph [flink-pekko.actor.default-dispatcher-6] INFO  Deploying failing-map (1/7) (attempt #0) with attempt id 7c364d770be7fb6122304dc159ffb54f_b8c789ec3a44294cb45da029ffe0e6fd_0_0 and vertex id b8c789ec3a44294cb45da029ffe0e6fd_0 to 5df2bd91-da4a-4832-bb2f-2477c2111d51 @ localhost (dataPort=64555) with allocation id 960d6db2c0ed9a8d8866c563b3cacbc8
59718 [e2f0affed90bb4580c88f6e4db7d5c6b] ExecutionGraph [flink-pekko.actor.default-dispatcher-6] INFO  failing-map (2/7) (7c364d770be7fb6122304dc159ffb54f_b8c789ec3a44294cb45da029ffe0e6fd_1_0) switched from SCHEDULED to DEPLOYING.
59718 [e2f0affed90bb4580c88f6e4db7d5c6b] ExecutionGraph [flink-pekko.actor.default-dispatcher-6] INFO  Deploying failing-map (2/7) (attempt #0) with attempt id 7c364d770be7fb6122304dc159ffb54f_b8c789ec3a44294cb45da029ffe0e6fd_1_0 and vertex id b8c789ec3a44294cb45da029ffe0e6fd_1 to 851c89e8-2e40-4759-9ebc-c952f3b10787 @ localhost (dataPort=64554) with allocation id ad281a12c9fed243353c6fd5ab19e289
59718 [e2f0affed90bb4580c88f6e4db7d5c6b] ExecutionGraph [flink-pekko.actor.default-dispatcher-6] INFO  failing-map (3/7) (7c364d770be7fb6122304dc159ffb54f_b8c789ec3a44294cb45da029ffe0e6fd_2_0) switched from SCHEDULED to DEPLOYING.
59718 [e2f0affed90bb4580c88f6e4db7d5c6b] ExecutionGraph [flink-pekko.actor.default-dispatcher-6] INFO  Deploying failing-map (3/7) (attempt #0) with attempt id 7c364d770be7fb6122304dc159ffb54f_b8c789ec3a44294cb45da029ffe0e6fd_2_0 and vertex id b8c789ec3a44294cb45da029ffe0e6fd_2 to 5df2bd91-da4a-4832-bb2f-2477c2111d51 @ localhost (dataPort=64555) with allocation id e3f365d47d77b61351ce6d2e5f1629ce
59718 [e2f0affed90bb4580c88f6e4db7d5c6b] ExecutionGraph [flink-pekko.actor.default-dispatcher-6] INFO  failing-map (4/7) (7c364d770be7fb6122304dc159ffb54f_b8c789ec3a44294cb45da029ffe0e6fd_3_0) switched from SCHEDULED to DEPLOYING.
59718 [e2f0affed90bb4580c88f6e4db7d5c6b] ExecutionGraph [flink-pekko.actor.default-dispatcher-6] INFO  Deploying failing-map (4/7) (attempt #0) with attempt id 7c364d770be7fb6122304dc159ffb54f_b8c789ec3a44294cb45da029ffe0e6fd_3_0 and vertex id b8c789ec3a44294cb45da029ffe0e6fd_3 to 851c89e8-2e40-4759-9ebc-c952f3b10787 @ localhost (dataPort=64554) with allocation id 738d40efd47b62e7177e81efe55667b7
59718 [e2f0affed90bb4580c88f6e4db7d5c6b] ExecutionGraph [flink-pekko.actor.default-dispatcher-6] INFO  failing-map (5/7) (7c364d770be7fb6122304dc159ffb54f_b8c789ec3a44294cb45da029ffe0e6fd_4_0) switched from SCHEDULED to DEPLOYING.
59718 [e2f0affed90bb4580c88f6e4db7d5c6b] ExecutionGraph [flink-pekko.actor.default-dispatcher-6] INFO  Deploying failing-map (5/7) (attempt #0) with attempt id 7c364d770be7fb6122304dc159ffb54f_b8c789ec3a44294cb45da029ffe0e6fd_4_0 and vertex id b8c789ec3a44294cb45da029ffe0e6fd_4 to 0aab3875-4873-4632-a356-5359d33c98fa @ localhost (dataPort=64553) with allocation id abfd9db3ee3ca4ef22f482e5d2f80918
59718 [e2f0affed90bb4580c88f6e4db7d5c6b] ExecutionGraph [flink-pekko.actor.default-dispatcher-6] INFO  failing-map (6/7) (7c364d770be7fb6122304dc159ffb54f_b8c789ec3a44294cb45da029ffe0e6fd_5_0) switched from SCHEDULED to DEPLOYING.
59718 [e2f0affed90bb4580c88f6e4db7d5c6b] ExecutionGraph [flink-pekko.actor.default-dispatcher-6] INFO  Deploying failing-map (6/7) (attempt #0) with attempt id 7c364d770be7fb6122304dc159ffb54f_b8c789ec3a44294cb45da029ffe0e6fd_5_0 and vertex id b8c789ec3a44294cb45da029ffe0e6fd_5 to 851c89e8-2e40-4759-9ebc-c952f3b10787 @ localhost (dataPort=64554) with allocation id f17d2f5ba332a9667507cf1e1c08ff16
59718 [e2f0affed90bb4580c88f6e4db7d5c6b] ExecutionGraph [flink-pekko.actor.default-dispatcher-6] INFO  failing-map (7/7) (7c364d770be7fb6122304dc159ffb54f_b8c789ec3a44294cb45da029ffe0e6fd_6_0) switched from SCHEDULED to DEPLOYING.
59718 [e2f0affed90bb4580c88f6e4db7d5c6b] ExecutionGraph [flink-pekko.actor.default-dispatcher-6] INFO  Deploying failing-map (7/7) (attempt #0) with attempt id 7c364d770be7fb6122304dc159ffb54f_b8c789ec3a44294cb45da029ffe0e6fd_6_0 and vertex id b8c789ec3a44294cb45da029ffe0e6fd_6 to 0aab3875-4873-4632-a356-5359d33c98fa @ localhost (dataPort=64553) with allocation id c440a366c7b1cd3b8396e4ab5e75b228
59718 [e2f0affed90bb4580c88f6e4db7d5c6b] ExecutionGraph [flink-pekko.actor.default-dispatcher-6] INFO  Sink: sink (1/1) (7c364d770be7fb6122304dc159ffb54f_2e588ce1c86a9d46e2e85186773ce4fd_0_0) switched from SCHEDULED to DEPLOYING.
59718 [e2f0affed90bb4580c88f6e4db7d5c6b] ExecutionGraph [flink-pekko.actor.default-dispatcher-6] INFO  Deploying Sink: sink (1/1) (attempt #0) with attempt id 7c364d770be7fb6122304dc159ffb54f_2e588ce1c86a9d46e2e85186773ce4fd_0_0 and vertex id 2e588ce1c86a9d46e2e85186773ce4fd_0 to 5df2bd91-da4a-4832-bb2f-2477c2111d51 @ localhost (dataPort=64555) with allocation id 960d6db2c0ed9a8d8866c563b3cacbc8
59718 [e2f0affed90bb4580c88f6e4db7d5c6b] TaskSlotTableImpl [flink-pekko.actor.default-dispatcher-8] INFO  Activate slot 1f42d7178af8375c2b0f945a5371fdd5.
59718 [e2f0affed90bb4580c88f6e4db7d5c6b] TaskSlotTableImpl [flink-pekko.actor.default-dispatcher-8] INFO  Activate slot c440a366c7b1cd3b8396e4ab5e75b228.
59718 [e2f0affed90bb4580c88f6e4db7d5c6b] TaskSlotTableImpl [flink-pekko.actor.default-dispatcher-8] INFO  Activate slot abfd9db3ee3ca4ef22f482e5d2f80918.
59718 [e2f0affed90bb4580c88f6e4db7d5c6b] TaskSlotTableImpl [flink-pekko.actor.default-dispatcher-8] INFO  Activate slot 10220dbcfc037a845cf06819a30df972.
59718 [e2f0affed90bb4580c88f6e4db7d5c6b] TaskSlotTableImpl [flink-pekko.actor.default-dispatcher-8] INFO  Activate slot 090217d5aa192c280da8a8d32136ccb4.
59718 [e2f0affed90bb4580c88f6e4db7d5c6b] TaskSlotTableImpl [flink-pekko.actor.default-dispatcher-8] INFO  Activate slot 960d6db2c0ed9a8d8866c563b3cacbc8.
59718 [e2f0affed90bb4580c88f6e4db7d5c6b] TaskSlotTableImpl [flink-pekko.actor.default-dispatcher-9] INFO  Activate slot 738d40efd47b62e7177e81efe55667b7.
59718 [e2f0affed90bb4580c88f6e4db7d5c6b] TaskSlotTableImpl [flink-pekko.actor.default-dispatcher-10] INFO  Activate slot c440a366c7b1cd3b8396e4ab5e75b228.
59718 [e2f0affed90bb4580c88f6e4db7d5c6b] TaskExecutorFileMergingManager [flink-pekko.actor.default-dispatcher-9] INFO  Registered new file merging snapshot manager for job e2f0affed90bb4580c88f6e4db7d5c6b.
59718 [e2f0affed90bb4580c88f6e4db7d5c6b] TaskExecutorFileMergingManager [flink-pekko.actor.default-dispatcher-8] INFO  Registered new file merging snapshot manager for job e2f0affed90bb4580c88f6e4db7d5c6b.
59718 [e2f0affed90bb4580c88f6e4db7d5c6b] StateChangelogStorageLoader [flink-pekko.actor.default-dispatcher-9] INFO  Creating a changelog storage with name 'filesystem'.
59718 [e2f0affed90bb4580c88f6e4db7d5c6b] StateChangelogStorageLoader [flink-pekko.actor.default-dispatcher-8] INFO  Creating a changelog storage with name 'filesystem'.
59718 [e2f0affed90bb4580c88f6e4db7d5c6b] TaskExecutorChannelStateExecutorFactoryManager [flink-pekko.actor.default-dispatcher-8] INFO  Creating the channel state executor factory for job id e2f0affed90bb4580c88f6e4db7d5c6b
59718 [e2f0affed90bb4580c88f6e4db7d5c6b] TaskExecutorChannelStateExecutorFactoryManager [flink-pekko.actor.default-dispatcher-9] INFO  Creating the channel state executor factory for job id e2f0affed90bb4580c88f6e4db7d5c6b
59718 [e2f0affed90bb4580c88f6e4db7d5c6b] TaskExecutorFileMergingManager [flink-pekko.actor.default-dispatcher-10] INFO  Registered new file merging snapshot manager for job e2f0affed90bb4580c88f6e4db7d5c6b.
59718 [e2f0affed90bb4580c88f6e4db7d5c6b] StateChangelogStorageLoader [flink-pekko.actor.default-dispatcher-10] INFO  Creating a changelog storage with name 'filesystem'.
59718 [e2f0affed90bb4580c88f6e4db7d5c6b] TaskExecutorChannelStateExecutorFactoryManager [flink-pekko.actor.default-dispatcher-10] INFO  Creating the channel state executor factory for job id e2f0affed90bb4580c88f6e4db7d5c6b
59718 [e2f0affed90bb4580c88f6e4db7d5c6b] TaskExecutor [flink-pekko.actor.default-dispatcher-8] INFO  Received task Source: source0 -> input-filter0 -> input-counter0 (1/7)#0 (7c364d770be7fb6122304dc159ffb54f_3e9b902627593008a6d790e9aeca7953_0_0), deploy into slot with allocation id 960d6db2c0ed9a8d8866c563b3cacbc8.
59718 [e2f0affed90bb4580c88f6e4db7d5c6b] TaskExecutor [flink-pekko.actor.default-dispatcher-9] INFO  Received task Source: source0 -> input-filter0 -> input-counter0 (3/7)#0 (7c364d770be7fb6122304dc159ffb54f_3e9b902627593008a6d790e9aeca7953_2_0), deploy into slot with allocation id 738d40efd47b62e7177e81efe55667b7.
59718 [e2f0affed90bb4580c88f6e4db7d5c6b] TaskExecutor [flink-pekko.actor.default-dispatcher-10] INFO  Received task Source: source0 -> input-filter0 -> input-counter0 (5/7)#0 (7c364d770be7fb6122304dc159ffb54f_3e9b902627593008a6d790e9aeca7953_4_0), deploy into slot with allocation id c440a366c7b1cd3b8396e4ab5e75b228.
59718 [e2f0affed90bb4580c88f6e4db7d5c6b] TaskSlotTableImpl [flink-pekko.actor.default-dispatcher-8] INFO  Activate slot e3f365d47d77b61351ce6d2e5f1629ce.
59718 [e2f0affed90bb4580c88f6e4db7d5c6b] Task [Source: source0 -> input-filter0 -> input-counter0 (1/7)#0] INFO  Source: source0 -> input-filter0 -> input-counter0 (1/7)#0 (7c364d770be7fb6122304dc159ffb54f_3e9b902627593008a6d790e9aeca7953_0_0) switched from CREATED to DEPLOYING.
59718 [e2f0affed90bb4580c88f6e4db7d5c6b] TaskSlotTableImpl [flink-pekko.actor.default-dispatcher-10] INFO  Activate slot 090217d5aa192c280da8a8d32136ccb4.
59718 [e2f0affed90bb4580c88f6e4db7d5c6b] TaskExecutor [flink-pekko.actor.default-dispatcher-8] INFO  Received task Source: source0 -> input-filter0 -> input-counter0 (2/7)#0 (7c364d770be7fb6122304dc159ffb54f_3e9b902627593008a6d790e9aeca7953_1_0), deploy into slot with allocation id e3f365d47d77b61351ce6d2e5f1629ce.
59718 [e2f0affed90bb4580c88f6e4db7d5c6b] Task [Source: source0 -> input-filter0 -> input-counter0 (5/7)#0] INFO  Source: source0 -> input-filter0 -> input-counter0 (5/7)#0 (7c364d770be7fb6122304dc159ffb54f_3e9b902627593008a6d790e9aeca7953_4_0) switched from CREATED to DEPLOYING.
59718 [e2f0affed90bb4580c88f6e4db7d5c6b] TaskExecutor [flink-pekko.actor.default-dispatcher-10] INFO  Received task Source: source0 -> input-filter0 -> input-counter0 (6/7)#0 (7c364d770be7fb6122304dc159ffb54f_3e9b902627593008a6d790e9aeca7953_5_0), deploy into slot with allocation id 090217d5aa192c280da8a8d32136ccb4.
59718 [e2f0affed90bb4580c88f6e4db7d5c6b] TaskSlotTableImpl [flink-pekko.actor.default-dispatcher-9] INFO  Activate slot f17d2f5ba332a9667507cf1e1c08ff16.
59718 [e2f0affed90bb4580c88f6e4db7d5c6b] Task [Source: source0 -> input-filter0 -> input-counter0 (3/7)#0] INFO  Source: source0 -> input-filter0 -> input-counter0 (3/7)#0 (7c364d770be7fb6122304dc159ffb54f_3e9b902627593008a6d790e9aeca7953_2_0) switched from CREATED to DEPLOYING.
59718 [e2f0affed90bb4580c88f6e4db7d5c6b] TaskSlotTableImpl [flink-pekko.actor.default-dispatcher-10] INFO  Activate slot c440a366c7b1cd3b8396e4ab5e75b228.
59718 [e2f0affed90bb4580c88f6e4db7d5c6b] TaskExecutor [flink-pekko.actor.default-dispatcher-9] INFO  Received task Source: source0 -> input-filter0 -> input-counter0 (4/7)#0 (7c364d770be7fb6122304dc159ffb54f_3e9b902627593008a6d790e9aeca7953_3_0), deploy into slot with allocation id f17d2f5ba332a9667507cf1e1c08ff16.
59718 [e2f0affed90bb4580c88f6e4db7d5c6b] Task [Source: source0 -> input-filter0 -> input-counter0 (6/7)#0] INFO  Source: source0 -> input-filter0 -> input-counter0 (6/7)#0 (7c364d770be7fb6122304dc159ffb54f_3e9b902627593008a6d790e9aeca7953_5_0) switched from CREATED to DEPLOYING.
59718 [e2f0affed90bb4580c88f6e4db7d5c6b] TaskSlotTableImpl [flink-pekko.actor.default-dispatcher-8] INFO  Activate slot 960d6db2c0ed9a8d8866c563b3cacbc8.
59718 [e2f0affed90bb4580c88f6e4db7d5c6b] Task [Source: source0 -> input-filter0 -> input-counter0 (2/7)#0] INFO  Source: source0 -> input-filter0 -> input-counter0 (2/7)#0 (7c364d770be7fb6122304dc159ffb54f_3e9b902627593008a6d790e9aeca7953_1_0) switched from CREATED to DEPLOYING.
59718 [e2f0affed90bb4580c88f6e4db7d5c6b] Task [Source: source0 -> input-filter0 -> input-counter0 (1/7)#0] INFO  Loading JAR files for task Source: source0 -> input-filter0 -> input-counter0 (1/7)#0 (7c364d770be7fb6122304dc159ffb54f_3e9b902627593008a6d790e9aeca7953_0_0) [DEPLOYING].
59718 [e2f0affed90bb4580c88f6e4db7d5c6b] Task [Source: source0 -> input-filter0 -> input-counter0 (2/7)#0] INFO  Loading JAR files for task Source: source0 -> input-filter0 -> input-counter0 (2/7)#0 (7c364d770be7fb6122304dc159ffb54f_3e9b902627593008a6d790e9aeca7953_1_0) [DEPLOYING].
59719 [e2f0affed90bb4580c88f6e4db7d5c6b] Task [Source: source0 -> input-filter0 -> input-counter0 (3/7)#0] INFO  Loading JAR files for task Source: source0 -> input-filter0 -> input-counter0 (3/7)#0 (7c364d770be7fb6122304dc159ffb54f_3e9b902627593008a6d790e9aeca7953_2_0) [DEPLOYING].
59718 [e2f0affed90bb4580c88f6e4db7d5c6b] Task [Source: source0 -> input-filter0 -> input-counter0 (6/7)#0] INFO  Loading JAR files for task Source: source0 -> input-filter0 -> input-counter0 (6/7)#0 (7c364d770be7fb6122304dc159ffb54f_3e9b902627593008a6d790e9aeca7953_5_0) [DEPLOYING].
59719 [e2f0affed90bb4580c88f6e4db7d5c6b] Task [Source: source0 -> input-filter0 -> input-counter0 (5/7)#0] INFO  Loading JAR files for task Source: source0 -> input-filter0 -> input-counter0 (5/7)#0 (7c364d770be7fb6122304dc159ffb54f_3e9b902627593008a6d790e9aeca7953_4_0) [DEPLOYING].
59719 [e2f0affed90bb4580c88f6e4db7d5c6b] TaskSlotTableImpl [flink-pekko.actor.default-dispatcher-9] INFO  Activate slot af229d40ea91e721c8d8abf6fdb3bb89.
59719 [e2f0affed90bb4580c88f6e4db7d5c6b] Task [Source: source0 -> input-filter0 -> input-counter0 (4/7)#0] INFO  Source: source0 -> input-filter0 -> input-counter0 (4/7)#0 (7c364d770be7fb6122304dc159ffb54f_3e9b902627593008a6d790e9aeca7953_3_0) switched from CREATED to DEPLOYING.
59719 [e2f0affed90bb4580c88f6e4db7d5c6b] Task [Source: source0 -> input-filter0 -> input-counter0 (4/7)#0] INFO  Loading JAR files for task Source: source0 -> input-filter0 -> input-counter0 (4/7)#0 (7c364d770be7fb6122304dc159ffb54f_3e9b902627593008a6d790e9aeca7953_3_0) [DEPLOYING].
59719 [e2f0affed90bb4580c88f6e4db7d5c6b] TaskExecutor [flink-pekko.actor.default-dispatcher-8] INFO  Received task global0 (1/7)#0 (7c364d770be7fb6122304dc159ffb54f_4eca6edb63b17eb77deb9de060a699d1_0_0), deploy into slot with allocation id 960d6db2c0ed9a8d8866c563b3cacbc8.
59719 [e2f0affed90bb4580c88f6e4db7d5c6b] TaskExecutor [flink-pekko.actor.default-dispatcher-10] INFO  Received task global0 (5/7)#0 (7c364d770be7fb6122304dc159ffb54f_4eca6edb63b17eb77deb9de060a699d1_4_0), deploy into slot with allocation id c440a366c7b1cd3b8396e4ab5e75b228.
59719 [e2f0affed90bb4580c88f6e4db7d5c6b] TaskExecutor [flink-pekko.actor.default-dispatcher-9] INFO  Received task Source: source0 -> input-filter0 -> input-counter0 (7/7)#0 (7c364d770be7fb6122304dc159ffb54f_3e9b902627593008a6d790e9aeca7953_6_0), deploy into slot with allocation id af229d40ea91e721c8d8abf6fdb3bb89.
59719 [e2f0affed90bb4580c88f6e4db7d5c6b] StreamTask [Source: source0 -> input-filter0 -> input-counter0 (1/7)#0] INFO  State backend is set to heap memory org.apache.flink.runtime.state.hashmap.HashMapStateBackend@8562215
59719 [e2f0affed90bb4580c88f6e4db7d5c6b] StateBackendLoader [Source: source0 -> input-filter0 -> input-counter0 (1/7)#0] INFO  State backend loader loads the state backend as HashMapStateBackend
59719 [e2f0affed90bb4580c88f6e4db7d5c6b] TaskSlotTableImpl [flink-pekko.actor.default-dispatcher-10] INFO  Activate slot 090217d5aa192c280da8a8d32136ccb4.
59719 [e2f0affed90bb4580c88f6e4db7d5c6b] Task [global0 (5/7)#0] INFO  global0 (5/7)#0 (7c364d770be7fb6122304dc159ffb54f_4eca6edb63b17eb77deb9de060a699d1_4_0) switched from CREATED to DEPLOYING.
59719 [e2f0affed90bb4580c88f6e4db7d5c6b] Task [global0 (5/7)#0] INFO  Loading JAR files for task global0 (5/7)#0 (7c364d770be7fb6122304dc159ffb54f_4eca6edb63b17eb77deb9de060a699d1_4_0) [DEPLOYING].
59719 [e2f0affed90bb4580c88f6e4db7d5c6b] StreamTask [Source: source0 -> input-filter0 -> input-counter0 (1/7)#0] INFO  Checkpoint storage is set to 'filesystem': (checkpoints "file:/var/folders/m8/q6f016tn6cl2cp86hfq331_w0000gp/T/junit-4734462783579597589/junit13986449793460021045")
59719 [e2f0affed90bb4580c88f6e4db7d5c6b] TaskSlotTableImpl [flink-pekko.actor.default-dispatcher-8] INFO  Activate slot e3f365d47d77b61351ce6d2e5f1629ce.
59719 [e2f0affed90bb4580c88f6e4db7d5c6b] Task [global0 (1/7)#0] INFO  global0 (1/7)#0 (7c364d770be7fb6122304dc159ffb54f_4eca6edb63b17eb77deb9de060a699d1_0_0) switched from CREATED to DEPLOYING.
59719 [e2f0affed90bb4580c88f6e4db7d5c6b] Task [global0 (1/7)#0] INFO  Loading JAR files for task global0 (1/7)#0 (7c364d770be7fb6122304dc159ffb54f_4eca6edb63b17eb77deb9de060a699d1_0_0) [DEPLOYING].
59719 [e2f0affed90bb4580c88f6e4db7d5c6b] StreamTask [Source: source0 -> input-filter0 -> input-counter0 (4/7)#0] INFO  State backend is set to heap memory org.apache.flink.runtime.state.hashmap.HashMapStateBackend@5782aa5b
59719 [e2f0affed90bb4580c88f6e4db7d5c6b] StateBackendLoader [Source: source0 -> input-filter0 -> input-counter0 (4/7)#0] INFO  State backend loader loads the state backend as HashMapStateBackend
59719 [e2f0affed90bb4580c88f6e4db7d5c6b] StreamTask [Source: source0 -> input-filter0 -> input-counter0 (4/7)#0] INFO  Checkpoint storage is set to 'filesystem': (checkpoints "file:/var/folders/m8/q6f016tn6cl2cp86hfq331_w0000gp/T/junit-4734462783579597589/junit13986449793460021045")
59719 [e2f0affed90bb4580c88f6e4db7d5c6b] FileMergingSnapshotManager [Source: source0 -> input-filter0 -> input-counter0 (1/7)#0] INFO  Created a directory file:/var/folders/m8/q6f016tn6cl2cp86hfq331_w0000gp/T/junit-4734462783579597589/junit13986449793460021045/e2f0affed90bb4580c88f6e4db7d5c6b/taskowned/job_e2f0affed90bb4580c88f6e4db7d5c6b_tm_5df2bd91-da4a-4832-bb2f-2477c2111d51 for checkpoint file-merging.
59719 [e2f0affed90bb4580c88f6e4db7d5c6b] StreamTask [global0 (1/7)#0] INFO  State backend is set to heap memory org.apache.flink.runtime.state.hashmap.HashMapStateBackend@b679a6b
59719 [e2f0affed90bb4580c88f6e4db7d5c6b] StateBackendLoader [global0 (1/7)#0] INFO  State backend loader loads the state backend as HashMapStateBackend
59719 [e2f0affed90bb4580c88f6e4db7d5c6b] StreamTask [global0 (1/7)#0] INFO  Checkpoint storage is set to 'filesystem': (checkpoints "file:/var/folders/m8/q6f016tn6cl2cp86hfq331_w0000gp/T/junit-4734462783579597589/junit13986449793460021045")
59719 [e2f0affed90bb4580c88f6e4db7d5c6b] FileMergingSnapshotManager [Source: source0 -> input-filter0 -> input-counter0 (1/7)#0] INFO  Created a directory file:/var/folders/m8/q6f016tn6cl2cp86hfq331_w0000gp/T/junit-4734462783579597589/junit13986449793460021045/e2f0affed90bb4580c88f6e4db7d5c6b/shared/job_e2f0affed90bb4580c88f6e4db7d5c6b_op_3e9b902627593008a6d790e9aeca7953_0_7 for checkpoint file-merging.
59719 [e2f0affed90bb4580c88f6e4db7d5c6b] TaskExecutor [flink-pekko.actor.default-dispatcher-10] INFO  Received task global0 (6/7)#0 (7c364d770be7fb6122304dc159ffb54f_4eca6edb63b17eb77deb9de060a699d1_5_0), deploy into slot with allocation id 090217d5aa192c280da8a8d32136ccb4.
59719 [e2f0affed90bb4580c88f6e4db7d5c6b] StreamTask [Source: source0 -> input-filter0 -> input-counter0 (6/7)#0] INFO  State backend is set to heap memory org.apache.flink.runtime.state.hashmap.HashMapStateBackend@2035d55c
59719 [e2f0affed90bb4580c88f6e4db7d5c6b] StateBackendLoader [Source: source0 -> input-filter0 -> input-counter0 (6/7)#0] INFO  State backend loader loads the state backend as HashMapStateBackend
59719 [e2f0affed90bb4580c88f6e4db7d5c6b] TaskExecutor [flink-pekko.actor.default-dispatcher-8] INFO  Received task global0 (2/7)#0 (7c364d770be7fb6122304dc159ffb54f_4eca6edb63b17eb77deb9de060a699d1_1_0), deploy into slot with allocation id e3f365d47d77b61351ce6d2e5f1629ce.
59719 [e2f0affed90bb4580c88f6e4db7d5c6b] StreamTask [Source: source0 -> input-filter0 -> input-counter0 (6/7)#0] INFO  Checkpoint storage is set to 'filesystem': (checkpoints "file:/var/folders/m8/q6f016tn6cl2cp86hfq331_w0000gp/T/junit-4734462783579597589/junit13986449793460021045")
59719 [e2f0affed90bb4580c88f6e4db7d5c6b] TaskSlotTableImpl [flink-pekko.actor.default-dispatcher-10] INFO  Activate slot c440a366c7b1cd3b8396e4ab5e75b228.
59719 [e2f0affed90bb4580c88f6e4db7d5c6b] Task [global0 (6/7)#0] INFO  global0 (6/7)#0 (7c364d770be7fb6122304dc159ffb54f_4eca6edb63b17eb77deb9de060a699d1_5_0) switched from CREATED to DEPLOYING.
59719 [e2f0affed90bb4580c88f6e4db7d5c6b] Task [global0 (6/7)#0] INFO  Loading JAR files for task global0 (6/7)#0 (7c364d770be7fb6122304dc159ffb54f_4eca6edb63b17eb77deb9de060a699d1_5_0) [DEPLOYING].
59719 [e2f0affed90bb4580c88f6e4db7d5c6b] Task [Source: source0 -> input-filter0 -> input-counter0 (1/7)#0] INFO  Source: source0 -> input-filter0 -> input-counter0 (1/7)#0 (7c364d770be7fb6122304dc159ffb54f_3e9b902627593008a6d790e9aeca7953_0_0) switched from DEPLOYING to INITIALIZING.
59719 [e2f0affed90bb4580c88f6e4db7d5c6b] FileMergingSnapshotManager [global0 (1/7)#0] INFO  Created a directory file:/var/folders/m8/q6f016tn6cl2cp86hfq331_w0000gp/T/junit-4734462783579597589/junit13986449793460021045/e2f0affed90bb4580c88f6e4db7d5c6b/shared/job_e2f0affed90bb4580c88f6e4db7d5c6b_op_4eca6edb63b17eb77deb9de060a699d1_0_7 for checkpoint file-merging.
59719 [e2f0affed90bb4580c88f6e4db7d5c6b] ExecutionGraph [flink-pekko.actor.default-dispatcher-6] INFO  Source: source0 -> input-filter0 -> input-counter0 (1/7) (7c364d770be7fb6122304dc159ffb54f_3e9b902627593008a6d790e9aeca7953_0_0) switched from DEPLOYING to INITIALIZING.
59719 [e2f0affed90bb4580c88f6e4db7d5c6b] Task [global0 (1/7)#0] INFO  global0 (1/7)#0 (7c364d770be7fb6122304dc159ffb54f_4eca6edb63b17eb77deb9de060a699d1_0_0) switched from DEPLOYING to INITIALIZING.
59719 [e2f0affed90bb4580c88f6e4db7d5c6b] StreamTask [Source: source0 -> input-filter0 -> input-counter0 (3/7)#0] INFO  State backend is set to heap memory org.apache.flink.runtime.state.hashmap.HashMapStateBackend@6d047266
59719 [e2f0affed90bb4580c88f6e4db7d5c6b] StateBackendLoader [Source: source0 -> input-filter0 -> input-counter0 (3/7)#0] INFO  State backend loader loads the state backend as HashMapStateBackend
59719 [e2f0affed90bb4580c88f6e4db7d5c6b] StreamTask [Source: source0 -> input-filter0 -> input-counter0 (3/7)#0] INFO  Checkpoint storage is set to 'filesystem': (checkpoints "file:/var/folders/m8/q6f016tn6cl2cp86hfq331_w0000gp/T/junit-4734462783579597589/junit13986449793460021045")
59719 [e2f0affed90bb4580c88f6e4db7d5c6b] ExecutionGraph [flink-pekko.actor.default-dispatcher-6] INFO  global0 (1/7) (7c364d770be7fb6122304dc159ffb54f_4eca6edb63b17eb77deb9de060a699d1_0_0) switched from DEPLOYING to INITIALIZING.
59719 [e2f0affed90bb4580c88f6e4db7d5c6b] FileMergingSnapshotManager [Source: source0 -> input-filter0 -> input-counter0 (4/7)#0] INFO  Created a directory file:/var/folders/m8/q6f016tn6cl2cp86hfq331_w0000gp/T/junit-4734462783579597589/junit13986449793460021045/e2f0affed90bb4580c88f6e4db7d5c6b/taskowned/job_e2f0affed90bb4580c88f6e4db7d5c6b_tm_851c89e8-2e40-4759-9ebc-c952f3b10787 for checkpoint file-merging.
59719 [e2f0affed90bb4580c88f6e4db7d5c6b] FileMergingSnapshotManager [Source: source0 -> input-filter0 -> input-counter0 (6/7)#0] INFO  Created a directory file:/var/folders/m8/q6f016tn6cl2cp86hfq331_w0000gp/T/junit-4734462783579597589/junit13986449793460021045/e2f0affed90bb4580c88f6e4db7d5c6b/taskowned/job_e2f0affed90bb4580c88f6e4db7d5c6b_tm_0aab3875-4873-4632-a356-5359d33c98fa for checkpoint file-merging.
59719 [e2f0affed90bb4580c88f6e4db7d5c6b] StreamTask [Source: source0 -> input-filter0 -> input-counter0 (2/7)#0] INFO  State backend is set to heap memory org.apache.flink.runtime.state.hashmap.HashMapStateBackend@1293e4c3
59719 [e2f0affed90bb4580c88f6e4db7d5c6b] StateBackendLoader [Source: source0 -> input-filter0 -> input-counter0 (2/7)#0] INFO  State backend loader loads the state backend as HashMapStateBackend
59719 [e2f0affed90bb4580c88f6e4db7d5c6b] StreamTask [Source: source0 -> input-filter0 -> input-counter0 (2/7)#0] INFO  Checkpoint storage is set to 'filesystem': (checkpoints "file:/var/folders/m8/q6f016tn6cl2cp86hfq331_w0000gp/T/junit-4734462783579597589/junit13986449793460021045")
59719 [e2f0affed90bb4580c88f6e4db7d5c6b] TaskExecutor [flink-pekko.actor.default-dispatcher-10] INFO  Received task rebalance0 (5/8)#0 (7c364d770be7fb6122304dc159ffb54f_25a6d73fce56b9559bed0247061e93e0_4_0), deploy into slot with allocation id c440a366c7b1cd3b8396e4ab5e75b228.
59720 [e2f0affed90bb4580c88f6e4db7d5c6b] FileMergingSnapshotManager [Source: source0 -> input-filter0 -> input-counter0 (6/7)#0] INFO  Created a directory file:/var/folders/m8/q6f016tn6cl2cp86hfq331_w0000gp/T/junit-4734462783579597589/junit13986449793460021045/e2f0affed90bb4580c88f6e4db7d5c6b/shared/job_e2f0affed90bb4580c88f6e4db7d5c6b_op_3e9b902627593008a6d790e9aeca7953_5_7 for checkpoint file-merging.
59720 [e2f0affed90bb4580c88f6e4db7d5c6b] FileMergingSnapshotManager [Source: source0 -> input-filter0 -> input-counter0 (4/7)#0] INFO  Created a directory file:/var/folders/m8/q6f016tn6cl2cp86hfq331_w0000gp/T/junit-4734462783579597589/junit13986449793460021045/e2f0affed90bb4580c88f6e4db7d5c6b/shared/job_e2f0affed90bb4580c88f6e4db7d5c6b_op_3e9b902627593008a6d790e9aeca7953_3_7 for checkpoint file-merging.
59720 [e2f0affed90bb4580c88f6e4db7d5c6b] Task [Source: source0 -> input-filter0 -> input-counter0 (7/7)#0] INFO  Source: source0 -> input-filter0 -> input-counter0 (7/7)#0 (7c364d770be7fb6122304dc159ffb54f_3e9b902627593008a6d790e9aeca7953_6_0) switched from CREATED to DEPLOYING.
59720 [e2f0affed90bb4580c88f6e4db7d5c6b] Task [Source: source0 -> input-filter0 -> input-counter0 (7/7)#0] INFO  Loading JAR files for task Source: source0 -> input-filter0 -> input-counter0 (7/7)#0 (7c364d770be7fb6122304dc159ffb54f_3e9b902627593008a6d790e9aeca7953_6_0) [DEPLOYING].
59720 [e2f0affed90bb4580c88f6e4db7d5c6b] TaskSlotTableImpl [flink-pekko.actor.default-dispatcher-9] INFO  Activate slot 738d40efd47b62e7177e81efe55667b7.
59720 [e2f0affed90bb4580c88f6e4db7d5c6b] TaskSlotTableImpl [flink-pekko.actor.default-dispatcher-10] INFO  Activate slot 090217d5aa192c280da8a8d32136ccb4.
59720 [e2f0affed90bb4580c88f6e4db7d5c6b] StateBackendLoader [global0 (1/7)#0] INFO  State backend is set to heap memory org.apache.flink.runtime.state.hashmap.HashMapStateBackend@4d0dabc2
59720 [e2f0affed90bb4580c88f6e4db7d5c6b] FileMergingSnapshotManager [Source: source0 -> input-filter0 -> input-counter0 (3/7)#0] INFO  Created a directory file:/var/folders/m8/q6f016tn6cl2cp86hfq331_w0000gp/T/junit-4734462783579597589/junit13986449793460021045/e2f0affed90bb4580c88f6e4db7d5c6b/shared/job_e2f0affed90bb4580c88f6e4db7d5c6b_op_3e9b902627593008a6d790e9aeca7953_2_7 for checkpoint file-merging.
59720 [e2f0affed90bb4580c88f6e4db7d5c6b] Task [rebalance0 (5/8)#0] INFO  rebalance0 (5/8)#0 (7c364d770be7fb6122304dc159ffb54f_25a6d73fce56b9559bed0247061e93e0_4_0) switched from CREATED to DEPLOYING.
59720 [e2f0affed90bb4580c88f6e4db7d5c6b] Task [rebalance0 (5/8)#0] INFO  Loading JAR files for task rebalance0 (5/8)#0 (7c364d770be7fb6122304dc159ffb54f_25a6d73fce56b9559bed0247061e93e0_4_0) [DEPLOYING].
59720 [e2f0affed90bb4580c88f6e4db7d5c6b] StreamTask [global0 (6/7)#0] INFO  State backend is set to heap memory org.apache.flink.runtime.state.hashmap.HashMapStateBackend@3339646f
59720 [e2f0affed90bb4580c88f6e4db7d5c6b] StateBackendLoader [global0 (6/7)#0] INFO  State backend loader loads the state backend as HashMapStateBackend
59720 [e2f0affed90bb4580c88f6e4db7d5c6b] AbstractStreamOperator [Source: source0 -> input-filter0 -> input-counter0 (1/7)#0] INFO  Switch mode from null to OUTPUT_NOT_INITIALIZED after 1779494866076 ms, currentMaxDesiredWatermark=9223372036854775807, latestWatermark=-9223372036854775808, oldestWatermark=-9223372036854775808
59720 [e2f0affed90bb4580c88f6e4db7d5c6b] AbstractStreamOperator [Source: source0 -> input-filter0 -> input-counter0 (1/7)#0] INFO  SourceOperator initialized, wait for 1st checkpoint: false
59720 [e2f0affed90bb4580c88f6e4db7d5c6b] StreamTask [Source: source0 -> input-filter0 -> input-counter0 (7/7)#0] INFO  State backend is set to heap memory org.apache.flink.runtime.state.hashmap.HashMapStateBackend@5127978b
59720 [e2f0affed90bb4580c88f6e4db7d5c6b] StreamTask [global0 (6/7)#0] INFO  Checkpoint storage is set to 'filesystem': (checkpoints "file:/var/folders/m8/q6f016tn6cl2cp86hfq331_w0000gp/T/junit-4734462783579597589/junit13986449793460021045")
59720 [e2f0affed90bb4580c88f6e4db7d5c6b] StateBackendLoader [Source: source0 -> input-filter0 -> input-counter0 (7/7)#0] INFO  State backend loader loads the state backend as HashMapStateBackend
59720 [e2f0affed90bb4580c88f6e4db7d5c6b] StreamTask [Source: source0 -> input-filter0 -> input-counter0 (7/7)#0] INFO  Checkpoint storage is set to 'filesystem': (checkpoints "file:/var/folders/m8/q6f016tn6cl2cp86hfq331_w0000gp/T/junit-4734462783579597589/junit13986449793460021045")
59720 [e2f0affed90bb4580c88f6e4db7d5c6b] StateBackendLoader [Source: source0 -> input-filter0 -> input-counter0 (1/7)#0] INFO  State backend is set to heap memory org.apache.flink.runtime.state.hashmap.HashMapStateBackend@7cb1651f
59720 [e2f0affed90bb4580c88f6e4db7d5c6b] StateBackendLoader [Source: source0 -> input-filter0 -> input-counter0 (1/7)#0] INFO  State backend is set to heap memory org.apache.flink.runtime.state.hashmap.HashMapStateBackend@1cd95830
59720 [e2f0affed90bb4580c88f6e4db7d5c6b] StateBackendLoader [Source: source0 -> input-filter0 -> input-counter0 (1/7)#0] INFO  State backend is set to heap memory org.apache.flink.runtime.state.hashmap.HashMapStateBackend@20bc49ab
59720 [e2f0affed90bb4580c88f6e4db7d5c6b] TaskSlotTableImpl [flink-pekko.actor.default-dispatcher-8] INFO  Activate slot 960d6db2c0ed9a8d8866c563b3cacbc8.
59720 [e2f0affed90bb4580c88f6e4db7d5c6b] Task [global0 (2/7)#0] INFO  global0 (2/7)#0 (7c364d770be7fb6122304dc159ffb54f_4eca6edb63b17eb77deb9de060a699d1_1_0) switched from CREATED to DEPLOYING.
59720 [e2f0affed90bb4580c88f6e4db7d5c6b] Task [global0 (2/7)#0] INFO  Loading JAR files for task global0 (2/7)#0 (7c364d770be7fb6122304dc159ffb54f_4eca6edb63b17eb77deb9de060a699d1_1_0) [DEPLOYING].
59720 [e2f0affed90bb4580c88f6e4db7d5c6b] StreamTask [global0 (5/7)#0] INFO  State backend is set to heap memory org.apache.flink.runtime.state.hashmap.HashMapStateBackend@1097d9c1
59720 [e2f0affed90bb4580c88f6e4db7d5c6b] StateBackendLoader [global0 (5/7)#0] INFO  State backend loader loads the state backend as HashMapStateBackend
59720 [e2f0affed90bb4580c88f6e4db7d5c6b] StreamTask [global0 (5/7)#0] INFO  Checkpoint storage is set to 'filesystem': (checkpoints "file:/var/folders/m8/q6f016tn6cl2cp86hfq331_w0000gp/T/junit-4734462783579597589/junit13986449793460021045")
59720 [e2f0affed90bb4580c88f6e4db7d5c6b] TaskExecutor [flink-pekko.actor.default-dispatcher-10] INFO  Received task rebalance0 (6/8)#0 (7c364d770be7fb6122304dc159ffb54f_25a6d73fce56b9559bed0247061e93e0_5_0), deploy into slot with allocation id 090217d5aa192c280da8a8d32136ccb4.
59720 [e2f0affed90bb4580c88f6e4db7d5c6b] SourceCoordinator [SourceCoordinator-Source: source0] INFO  Source Source: source0 registering reader for parallel task 0 (#0) @ 
59720 [e2f0affed90bb4580c88f6e4db7d5c6b] FileMergingSnapshotManager [Source: source0 -> input-filter0 -> input-counter0 (7/7)#0] INFO  Created a directory file:/var/folders/m8/q6f016tn6cl2cp86hfq331_w0000gp/T/junit-4734462783579597589/junit13986449793460021045/e2f0affed90bb4580c88f6e4db7d5c6b/shared/job_e2f0affed90bb4580c88f6e4db7d5c6b_op_3e9b902627593008a6d790e9aeca7953_6_7 for checkpoint file-merging.
59720 [e2f0affed90bb4580c88f6e4db7d5c6b] FileMergingSnapshotManager [Source: source0 -> input-filter0 -> input-counter0 (2/7)#0] INFO  Created a directory file:/var/folders/m8/q6f016tn6cl2cp86hfq331_w0000gp/T/junit-4734462783579597589/junit13986449793460021045/e2f0affed90bb4580c88f6e4db7d5c6b/shared/job_e2f0affed90bb4580c88f6e4db7d5c6b_op_3e9b902627593008a6d790e9aeca7953_1_7 for checkpoint file-merging.
59720 [e2f0affed90bb4580c88f6e4db7d5c6b] FileMergingSnapshotManager [global0 (6/7)#0] INFO  Created a directory file:/var/folders/m8/q6f016tn6cl2cp86hfq331_w0000gp/T/junit-4734462783579597589/junit13986449793460021045/e2f0affed90bb4580c88f6e4db7d5c6b/shared/job_e2f0affed90bb4580c88f6e4db7d5c6b_op_4eca6edb63b17eb77deb9de060a699d1_5_7 for checkpoint file-merging.
59720 [e2f0affed90bb4580c88f6e4db7d5c6b] StreamTask [Source: source0 -> input-filter0 -> input-counter0 (5/7)#0] INFO  State backend is set to heap memory org.apache.flink.runtime.state.hashmap.HashMapStateBackend@4ab89c9
59720 [e2f0affed90bb4580c88f6e4db7d5c6b] StateBackendLoader [Source: source0 -> input-filter0 -> input-counter0 (5/7)#0] INFO  State backend loader loads the state backend as HashMapStateBackend
59720 [e2f0affed90bb4580c88f6e4db7d5c6b] FileMergingSnapshotManager [global0 (5/7)#0] INFO  Created a directory file:/var/folders/m8/q6f016tn6cl2cp86hfq331_w0000gp/T/junit-4734462783579597589/junit13986449793460021045/e2f0affed90bb4580c88f6e4db7d5c6b/shared/job_e2f0affed90bb4580c88f6e4db7d5c6b_op_4eca6edb63b17eb77deb9de060a699d1_4_7 for checkpoint file-merging.
59720 [e2f0affed90bb4580c88f6e4db7d5c6b] TaskSlotTableImpl [flink-pekko.actor.default-dispatcher-10] INFO  Activate slot c440a366c7b1cd3b8396e4ab5e75b228.
59720 [e2f0affed90bb4580c88f6e4db7d5c6b] Task [Source: source0 -> input-filter0 -> input-counter0 (2/7)#0] INFO  Source: source0 -> input-filter0 -> input-counter0 (2/7)#0 (7c364d770be7fb6122304dc159ffb54f_3e9b902627593008a6d790e9aeca7953_1_0) switched from DEPLOYING to INITIALIZING.
59720 [e2f0affed90bb4580c88f6e4db7d5c6b] StreamTask [Source: source0 -> input-filter0 -> input-counter0 (5/7)#0] INFO  Checkpoint storage is set to 'filesystem': (checkpoints "file:/var/folders/m8/q6f016tn6cl2cp86hfq331_w0000gp/T/junit-4734462783579597589/junit13986449793460021045")
59720 [e2f0affed90bb4580c88f6e4db7d5c6b] Task [rebalance0 (6/8)#0] INFO  rebalance0 (6/8)#0 (7c364d770be7fb6122304dc159ffb54f_25a6d73fce56b9559bed0247061e93e0_5_0) switched from CREATED to DEPLOYING.
59720 [e2f0affed90bb4580c88f6e4db7d5c6b] ExecutionGraph [flink-pekko.actor.default-dispatcher-6] INFO  Source: source0 -> input-filter0 -> input-counter0 (2/7) (7c364d770be7fb6122304dc159ffb54f_3e9b902627593008a6d790e9aeca7953_1_0) switched from DEPLOYING to INITIALIZING.
59720 [e2f0affed90bb4580c88f6e4db7d5c6b] Task [rebalance0 (6/8)#0] INFO  Loading JAR files for task rebalance0 (6/8)#0 (7c364d770be7fb6122304dc159ffb54f_25a6d73fce56b9559bed0247061e93e0_5_0) [DEPLOYING].
59720 [e2f0affed90bb4580c88f6e4db7d5c6b] TaskExecutor [flink-pekko.actor.default-dispatcher-8] INFO  Received task rebalance0 (1/8)#0 (7c364d770be7fb6122304dc159ffb54f_25a6d73fce56b9559bed0247061e93e0_0_0), deploy into slot with allocation id 960d6db2c0ed9a8d8866c563b3cacbc8.
59720 [e2f0affed90bb4580c88f6e4db7d5c6b] FileMergingSnapshotManager [Source: source0 -> input-filter0 -> input-counter0 (5/7)#0] INFO  Created a directory file:/var/folders/m8/q6f016tn6cl2cp86hfq331_w0000gp/T/junit-4734462783579597589/junit13986449793460021045/e2f0affed90bb4580c88f6e4db7d5c6b/shared/job_e2f0affed90bb4580c88f6e4db7d5c6b_op_3e9b902627593008a6d790e9aeca7953_4_7 for checkpoint file-merging.
59720 [e2f0affed90bb4580c88f6e4db7d5c6b] TaskExecutor [flink-pekko.actor.default-dispatcher-9] INFO  Received task global0 (3/7)#0 (7c364d770be7fb6122304dc159ffb54f_4eca6edb63b17eb77deb9de060a699d1_2_0), deploy into slot with allocation id 738d40efd47b62e7177e81efe55667b7.
59720 [e2f0affed90bb4580c88f6e4db7d5c6b] StreamTask [rebalance0 (5/8)#0] INFO  State backend is set to heap memory org.apache.flink.runtime.state.hashmap.HashMapStateBackend@2a8029ee
59720 [e2f0affed90bb4580c88f6e4db7d5c6b] StateBackendLoader [rebalance0 (5/8)#0] INFO  State backend loader loads the state backend as HashMapStateBackend
59720 [e2f0affed90bb4580c88f6e4db7d5c6b] StreamTask [rebalance0 (5/8)#0] INFO  Checkpoint storage is set to 'filesystem': (checkpoints "file:/var/folders/m8/q6f016tn6cl2cp86hfq331_w0000gp/T/junit-4734462783579597589/junit13986449793460021045")
59720 [e2f0affed90bb4580c88f6e4db7d5c6b] Task [Source: source0 -> input-filter0 -> input-counter0 (4/7)#0] INFO  Source: source0 -> input-filter0 -> input-counter0 (4/7)#0 (7c364d770be7fb6122304dc159ffb54f_3e9b902627593008a6d790e9aeca7953_3_0) switched from DEPLOYING to INITIALIZING.
59720 [e2f0affed90bb4580c88f6e4db7d5c6b] FileMergingSnapshotManager [rebalance0 (5/8)#0] INFO  Created a directory file:/var/folders/m8/q6f016tn6cl2cp86hfq331_w0000gp/T/junit-4734462783579597589/junit13986449793460021045/e2f0affed90bb4580c88f6e4db7d5c6b/shared/job_e2f0affed90bb4580c88f6e4db7d5c6b_op_25a6d73fce56b9559bed0247061e93e0_4_8 for checkpoint file-merging.
59720 [e2f0affed90bb4580c88f6e4db7d5c6b] TaskExecutor [flink-pekko.actor.default-dispatcher-10] INFO  Received task upscale0 (5/14)#0 (7c364d770be7fb6122304dc159ffb54f_7559af08559a2c7079a359b85b7edab5_4_0), deploy into slot with allocation id c440a366c7b1cd3b8396e4ab5e75b228.
59720 [e2f0affed90bb4580c88f6e4db7d5c6b] AbstractStreamOperator [Source: source0 -> input-filter0 -> input-counter0 (2/7)#0] INFO  Switch mode from null to OUTPUT_NOT_INITIALIZED after 1779494866076 ms, currentMaxDesiredWatermark=9223372036854775807, latestWatermark=-9223372036854775808, oldestWatermark=-9223372036854775808
59720 [e2f0affed90bb4580c88f6e4db7d5c6b] AbstractStreamOperator [Source: source0 -> input-filter0 -> input-counter0 (2/7)#0] INFO  SourceOperator initialized, wait for 1st checkpoint: false
59720 [e2f0affed90bb4580c88f6e4db7d5c6b] Task [global0 (1/7)#0] INFO  global0 (1/7)#0 (7c364d770be7fb6122304dc159ffb54f_4eca6edb63b17eb77deb9de060a699d1_0_0) switched from INITIALIZING to RUNNING.
59720 [e2f0affed90bb4580c88f6e4db7d5c6b] Task [Source: source0 -> input-filter0 -> input-counter0 (6/7)#0] INFO  Source: source0 -> input-filter0 -> input-counter0 (6/7)#0 (7c364d770be7fb6122304dc159ffb54f_3e9b902627593008a6d790e9aeca7953_5_0) switched from DEPLOYING to INITIALIZING.
59720 [e2f0affed90bb4580c88f6e4db7d5c6b] StateBackendLoader [Source: source0 -> input-filter0 -> input-counter0 (2/7)#0] INFO  State backend is set to heap memory org.apache.flink.runtime.state.hashmap.HashMapStateBackend@2c8d59a1
59720 [e2f0affed90bb4580c88f6e4db7d5c6b] ExecutionGraph [flink-pekko.actor.default-dispatcher-6] INFO  Source: source0 -> input-filter0 -> input-counter0 (4/7) (7c364d770be7fb6122304dc159ffb54f_3e9b902627593008a6d790e9aeca7953_3_0) switched from DEPLOYING to INITIALIZING.
59720 [e2f0affed90bb4580c88f6e4db7d5c6b] StateBackendLoader [Source: source0 -> input-filter0 -> input-counter0 (2/7)#0] INFO  State backend is set to heap memory org.apache.flink.runtime.state.hashmap.HashMapStateBackend@6035c617
59720 [e2f0affed90bb4580c88f6e4db7d5c6b] Task [Source: source0 -> input-filter0 -> input-counter0 (7/7)#0] INFO  Source: source0 -> input-filter0 -> input-counter0 (7/7)#0 (7c364d770be7fb6122304dc159ffb54f_3e9b902627593008a6d790e9aeca7953_6_0) switched from DEPLOYING to INITIALIZING.
59720 [e2f0affed90bb4580c88f6e4db7d5c6b] StateBackendLoader [Source: source0 -> input-filter0 -> input-counter0 (2/7)#0] INFO  State backend is set to heap memory org.apache.flink.runtime.state.hashmap.HashMapStateBackend@591e120
59720 [e2f0affed90bb4580c88f6e4db7d5c6b] Task [rebalance0 (5/8)#0] INFO  rebalance0 (5/8)#0 (7c364d770be7fb6122304dc159ffb54f_25a6d73fce56b9559bed0247061e93e0_4_0) switched from DEPLOYING to INITIALIZING.
59720 [e2f0affed90bb4580c88f6e4db7d5c6b] Task [Source: source0 -> input-filter0 -> input-counter0 (3/7)#0] INFO  Source: source0 -> input-filter0 -> input-counter0 (3/7)#0 (7c364d770be7fb6122304dc159ffb54f_3e9b902627593008a6d790e9aeca7953_2_0) switched from DEPLOYING to INITIALIZING.
59720 [e2f0affed90bb4580c88f6e4db7d5c6b] Task [Source: source0 -> input-filter0 -> input-counter0 (5/7)#0] INFO  Source: source0 -> input-filter0 -> input-counter0 (5/7)#0 (7c364d770be7fb6122304dc159ffb54f_3e9b902627593008a6d790e9aeca7953_4_0) switched from DEPLOYING to INITIALIZING.
59720 [e2f0affed90bb4580c88f6e4db7d5c6b] Task [global0 (5/7)#0] INFO  global0 (5/7)#0 (7c364d770be7fb6122304dc159ffb54f_4eca6edb63b17eb77deb9de060a699d1_4_0) switched from DEPLOYING to INITIALIZING.
59720 [e2f0affed90bb4580c88f6e4db7d5c6b] TaskSlotTableImpl [flink-pekko.actor.default-dispatcher-10] INFO  Activate slot 090217d5aa192c280da8a8d32136ccb4.
59721 [e2f0affed90bb4580c88f6e4db7d5c6b] StateBackendLoader [rebalance0 (5/8)#0] INFO  State backend is set to heap memory org.apache.flink.runtime.state.hashmap.HashMapStateBackend@5596787
59721 [e2f0affed90bb4580c88f6e4db7d5c6b] Task [upscale0 (5/14)#0] INFO  upscale0 (5/14)#0 (7c364d770be7fb6122304dc159ffb54f_7559af08559a2c7079a359b85b7edab5_4_0) switched from CREATED to DEPLOYING.
59721 [e2f0affed90bb4580c88f6e4db7d5c6b] AbstractStreamOperator [Source: source0 -> input-filter0 -> input-counter0 (4/7)#0] INFO  Switch mode from null to OUTPUT_NOT_INITIALIZED after 1779494866077 ms, currentMaxDesiredWatermark=9223372036854775807, latestWatermark=-9223372036854775808, oldestWatermark=-9223372036854775808
59721 [e2f0affed90bb4580c88f6e4db7d5c6b] AbstractStreamOperator [Source: source0 -> input-filter0 -> input-counter0 (4/7)#0] INFO  SourceOperator initialized, wait for 1st checkpoint: false
59721 [e2f0affed90bb4580c88f6e4db7d5c6b] Task [upscale0 (5/14)#0] INFO  Loading JAR files for task upscale0 (5/14)#0 (7c364d770be7fb6122304dc159ffb54f_7559af08559a2c7079a359b85b7edab5_4_0) [DEPLOYING].
59721 [e2f0affed90bb4580c88f6e4db7d5c6b] TaskSlotTableImpl [flink-pekko.actor.default-dispatcher-9] INFO  Activate slot f17d2f5ba332a9667507cf1e1c08ff16.
59721 [e2f0affed90bb4580c88f6e4db7d5c6b] StateBackendLoader [Source: source0 -> input-filter0 -> input-counter0 (4/7)#0] INFO  State backend is set to heap memory org.apache.flink.runtime.state.hashmap.HashMapStateBackend@5afb5954
59721 [e2f0affed90bb4580c88f6e4db7d5c6b] StateBackendLoader [Source: source0 -> input-filter0 -> input-counter0 (4/7)#0] INFO  State backend is set to heap memory org.apache.flink.runtime.state.hashmap.HashMapStateBackend@2dacfa30
59721 [e2f0affed90bb4580c88f6e4db7d5c6b] AbstractStreamOperator [Source: source0 -> input-filter0 -> input-counter0 (6/7)#0] INFO  Switch mode from null to OUTPUT_NOT_INITIALIZED after 1779494866077 ms, currentMaxDesiredWatermark=9223372036854775807, latestWatermark=-9223372036854775808, oldestWatermark=-9223372036854775808
59721 [e2f0affed90bb4580c88f6e4db7d5c6b] StateBackendLoader [Source: source0 -> input-filter0 -> input-counter0 (4/7)#0] INFO  State backend is set to heap memory org.apache.flink.runtime.state.hashmap.HashMapStateBackend@6bebef11
59721 [e2f0affed90bb4580c88f6e4db7d5c6b] AbstractStreamOperator [Source: source0 -> input-filter0 -> input-counter0 (7/7)#0] INFO  Switch mode from null to OUTPUT_NOT_INITIALIZED after 1779494866077 ms, currentMaxDesiredWatermark=9223372036854775807, latestWatermark=-9223372036854775808, oldestWatermark=-9223372036854775808
59721 [e2f0affed90bb4580c88f6e4db7d5c6b] StateBackendLoader [global0 (5/7)#0] INFO  State backend is set to heap memory org.apache.flink.runtime.state.hashmap.HashMapStateBackend@469a57ad
59721 [e2f0affed90bb4580c88f6e4db7d5c6b] AbstractStreamOperator [Source: source0 -> input-filter0 -> input-counter0 (7/7)#0] INFO  SourceOperator initialized, wait for 1st checkpoint: false
59721 [e2f0affed90bb4580c88f6e4db7d5c6b] AbstractStreamOperator [Source: source0 -> input-filter0 -> input-counter0 (6/7)#0] INFO  SourceOperator initialized, wait for 1st checkpoint: false
59721 [e2f0affed90bb4580c88f6e4db7d5c6b] Task [global0 (3/7)#0] INFO  global0 (3/7)#0 (7c364d770be7fb6122304dc159ffb54f_4eca6edb63b17eb77deb9de060a699d1_2_0) switched from CREATED to DEPLOYING.
59721 [e2f0affed90bb4580c88f6e4db7d5c6b] Task [global0 (3/7)#0] INFO  Loading JAR files for task global0 (3/7)#0 (7c364d770be7fb6122304dc159ffb54f_4eca6edb63b17eb77deb9de060a699d1_2_0) [DEPLOYING].
59721 [e2f0affed90bb4580c88f6e4db7d5c6b] Task [Source: source0 -> input-filter0 -> input-counter0 (1/7)#0] INFO  Source: source0 -> input-filter0 -> input-counter0 (1/7)#0 (7c364d770be7fb6122304dc159ffb54f_3e9b902627593008a6d790e9aeca7953_0_0) switched from INITIALIZING to RUNNING.
59721 [e2f0affed90bb4580c88f6e4db7d5c6b] StreamTask [rebalance0 (6/8)#0] INFO  State backend is set to heap memory org.apache.flink.runtime.state.hashmap.HashMapStateBackend@439b034e
59721 [e2f0affed90bb4580c88f6e4db7d5c6b] StateBackendLoader [rebalance0 (6/8)#0] INFO  State backend loader loads the state backend as HashMapStateBackend
59721 [e2f0affed90bb4580c88f6e4db7d5c6b] AbstractStreamOperator [Source: source0 -> input-filter0 -> input-counter0 (3/7)#0] INFO  Switch mode from null to OUTPUT_NOT_INITIALIZED after 1779494866077 ms, currentMaxDesiredWatermark=9223372036854775807, latestWatermark=-9223372036854775808, oldestWatermark=-9223372036854775808
59721 [e2f0affed90bb4580c88f6e4db7d5c6b] StreamTask [rebalance0 (6/8)#0] INFO  Checkpoint storage is set to 'filesystem': (checkpoints "file:/var/folders/m8/q6f016tn6cl2cp86hfq331_w0000gp/T/junit-4734462783579597589/junit13986449793460021045")
59721 [e2f0affed90bb4580c88f6e4db7d5c6b] AbstractStreamOperator [Source: source0 -> input-filter0 -> input-counter0 (3/7)#0] INFO  SourceOperator initialized, wait for 1st checkpoint: false
59721 [e2f0affed90bb4580c88f6e4db7d5c6b] StateBackendLoader [Source: source0 -> input-filter0 -> input-counter0 (7/7)#0] INFO  State backend is set to heap memory org.apache.flink.runtime.state.hashmap.HashMapStateBackend@5093acd1
59721 [e2f0affed90bb4580c88f6e4db7d5c6b] TaskExecutor [flink-pekko.actor.default-dispatcher-10] INFO  Received task upscale0 (6/14)#0 (7c364d770be7fb6122304dc159ffb54f_7559af08559a2c7079a359b85b7edab5_5_0), deploy into slot with allocation id 090217d5aa192c280da8a8d32136ccb4.
59721 [e2f0affed90bb4580c88f6e4db7d5c6b] StateBackendLoader [Source: source0 -> input-filter0 -> input-counter0 (3/7)#0] INFO  State backend is set to heap memory org.apache.flink.runtime.state.hashmap.HashMapStateBackend@6a9c9fb1
59721 [e2f0affed90bb4580c88f6e4db7d5c6b] AbstractStreamOperator [Source: source0 -> input-filter0 -> input-counter0 (5/7)#0] INFO  Switch mode from null to OUTPUT_NOT_INITIALIZED after 1779494866077 ms, currentMaxDesiredWatermark=9223372036854775807, latestWatermark=-9223372036854775808, oldestWatermark=-9223372036854775808
59721 [e2f0affed90bb4580c88f6e4db7d5c6b] StateBackendLoader [Source: source0 -> input-filter0 -> input-counter0 (3/7)#0] INFO  State backend is set to heap memory org.apache.flink.runtime.state.hashmap.HashMapStateBackend@4ac46ac1
59721 [e2f0affed90bb4580c88f6e4db7d5c6b] AbstractStreamOperator [Source: source0 -> input-filter0 -> input-counter0 (5/7)#0] INFO  SourceOperator initialized, wait for 1st checkpoint: false
59721 [e2f0affed90bb4580c88f6e4db7d5c6b] StateBackendLoader [Source: source0 -> input-filter0 -> input-counter0 (6/7)#0] INFO  State backend is set to heap memory org.apache.flink.runtime.state.hashmap.HashMapStateBackend@6060c513
59721 [e2f0affed90bb4580c88f6e4db7d5c6b] StateBackendLoader [Source: source0 -> input-filter0 -> input-counter0 (3/7)#0] INFO  State backend is set to heap memory org.apache.flink.runtime.state.hashmap.HashMapStateBackend@356530af
59721 [e2f0affed90bb4580c88f6e4db7d5c6b] StateBackendLoader [Source: source0 -> input-filter0 -> input-counter0 (7/7)#0] INFO  State backend is set to heap memory org.apache.flink.runtime.state.hashmap.HashMapStateBackend@5d42ccd2
59721 [e2f0affed90bb4580c88f6e4db7d5c6b] StateBackendLoader [Source: source0 -> input-filter0 -> input-counter0 (5/7)#0] INFO  State backend is set to heap memory org.apache.flink.runtime.state.hashmap.HashMapStateBackend@7fe1f08b
59721 [e2f0affed90bb4580c88f6e4db7d5c6b] StateBackendLoader [Source: source0 -> input-filter0 -> input-counter0 (5/7)#0] INFO  State backend is set to heap memory org.apache.flink.runtime.state.hashmap.HashMapStateBackend@641c31ee
59721 [e2f0affed90bb4580c88f6e4db7d5c6b] StateBackendLoader [Source: source0 -> input-filter0 -> input-counter0 (7/7)#0] INFO  State backend is set to heap memory org.apache.flink.runtime.state.hashmap.HashMapStateBackend@59b036cf
59721 [e2f0affed90bb4580c88f6e4db7d5c6b] StateBackendLoader [Source: source0 -> input-filter0 -> input-counter0 (6/7)#0] INFO  State backend is set to heap memory org.apache.flink.runtime.state.hashmap.HashMapStateBackend@57b6d03
59721 [e2f0affed90bb4580c88f6e4db7d5c6b] StateBackendLoader [Source: source0 -> input-filter0 -> input-counter0 (5/7)#0] INFO  State backend is set to heap memory org.apache.flink.runtime.state.hashmap.HashMapStateBackend@1995a24a
59721 [e2f0affed90bb4580c88f6e4db7d5c6b] Task [global0 (6/7)#0] INFO  global0 (6/7)#0 (7c364d770be7fb6122304dc159ffb54f_4eca6edb63b17eb77deb9de060a699d1_5_0) switched from DEPLOYING to INITIALIZING.
59721 [e2f0affed90bb4580c88f6e4db7d5c6b] StateBackendLoader [Source: source0 -> input-filter0 -> input-counter0 (6/7)#0] INFO  State backend is set to heap memory org.apache.flink.runtime.state.hashmap.HashMapStateBackend@6d35c1b7
59721 [e2f0affed90bb4580c88f6e4db7d5c6b] AbstractStreamOperator [Source: source0 -> input-filter0 -> input-counter0 (1/7)#0] INFO  Switch mode from OUTPUT_NOT_INITIALIZED to READING after 1 ms, currentMaxDesiredWatermark=9223372036854775807, latestWatermark=-9223372036854775808, oldestWatermark=-9223372036854775808
59721 [e2f0affed90bb4580c88f6e4db7d5c6b] TaskExecutor [flink-pekko.actor.default-dispatcher-9] INFO  Received task global0 (4/7)#0 (7c364d770be7fb6122304dc159ffb54f_4eca6edb63b17eb77deb9de060a699d1_3_0), deploy into slot with allocation id f17d2f5ba332a9667507cf1e1c08ff16.
59721 [e2f0affed90bb4580c88f6e4db7d5c6b] TaskSlotTableImpl [flink-pekko.actor.default-dispatcher-8] INFO  Activate slot e3f365d47d77b61351ce6d2e5f1629ce.
59721 [e2f0affed90bb4580c88f6e4db7d5c6b] Task [rebalance0 (1/8)#0] INFO  rebalance0 (1/8)#0 (7c364d770be7fb6122304dc159ffb54f_25a6d73fce56b9559bed0247061e93e0_0_0) switched from CREATED to DEPLOYING.
59721 [e2f0affed90bb4580c88f6e4db7d5c6b] Task [rebalance0 (1/8)#0] INFO  Loading JAR files for task rebalance0 (1/8)#0 (7c364d770be7fb6122304dc159ffb54f_25a6d73fce56b9559bed0247061e93e0_0_0) [DEPLOYING].
59721 [e2f0affed90bb4580c88f6e4db7d5c6b] StateBackendLoader [global0 (6/7)#0] INFO  State backend is set to heap memory org.apache.flink.runtime.state.hashmap.HashMapStateBackend@7669b667
59721 [e2f0affed90bb4580c88f6e4db7d5c6b] TaskSlotTableImpl [flink-pekko.actor.default-dispatcher-9] INFO  Activate slot af229d40ea91e721c8d8abf6fdb3bb89.
59721 [e2f0affed90bb4580c88f6e4db7d5c6b] Task [global0 (4/7)#0] INFO  global0 (4/7)#0 (7c364d770be7fb6122304dc159ffb54f_4eca6edb63b17eb77deb9de060a699d1_3_0) switched from CREATED to DEPLOYING.
59721 [e2f0affed90bb4580c88f6e4db7d5c6b] Task [global0 (4/7)#0] INFO  Loading JAR files for task global0 (4/7)#0 (7c364d770be7fb6122304dc159ffb54f_4eca6edb63b17eb77deb9de060a699d1_3_0) [DEPLOYING].
59721 [e2f0affed90bb4580c88f6e4db7d5c6b] FileMergingSnapshotManager [rebalance0 (6/8)#0] INFO  Created a directory file:/var/folders/m8/q6f016tn6cl2cp86hfq331_w0000gp/T/junit-4734462783579597589/junit13986449793460021045/e2f0affed90bb4580c88f6e4db7d5c6b/shared/job_e2f0affed90bb4580c88f6e4db7d5c6b_op_25a6d73fce56b9559bed0247061e93e0_5_8 for checkpoint file-merging.
59721 [e2f0affed90bb4580c88f6e4db7d5c6b] StreamTask [global0 (4/7)#0] INFO  State backend is set to heap memory org.apache.flink.runtime.state.hashmap.HashMapStateBackend@55d8bb2e
59721 [e2f0affed90bb4580c88f6e4db7d5c6b] StateBackendLoader [global0 (4/7)#0] INFO  State backend loader loads the state backend as HashMapStateBackend
59721 [e2f0affed90bb4580c88f6e4db7d5c6b] StreamTask [global0 (4/7)#0] INFO  Checkpoint storage is set to 'filesystem': (checkpoints "file:/var/folders/m8/q6f016tn6cl2cp86hfq331_w0000gp/T/junit-4734462783579597589/junit13986449793460021045")
59721 [e2f0affed90bb4580c88f6e4db7d5c6b] Task [global0 (6/7)#0] INFO  global0 (6/7)#0 (7c364d770be7fb6122304dc159ffb54f_4eca6edb63b17eb77deb9de060a699d1_5_0) switched from INITIALIZING to RUNNING.
59721 [e2f0affed90bb4580c88f6e4db7d5c6b] TaskExecutor [flink-pekko.actor.default-dispatcher-8] INFO  Received task rebalance0 (2/8)#0 (7c364d770be7fb6122304dc159ffb54f_25a6d73fce56b9559bed0247061e93e0_1_0), deploy into slot with allocation id e3f365d47d77b61351ce6d2e5f1629ce.
59721 [e2f0affed90bb4580c88f6e4db7d5c6b] StreamTask [global0 (2/7)#0] INFO  State backend is set to heap memory org.apache.flink.runtime.state.hashmap.HashMapStateBackend@541c86c0
59721 [e2f0affed90bb4580c88f6e4db7d5c6b] StateBackendLoader [global0 (2/7)#0] INFO  State backend loader loads the state backend as HashMapStateBackend
59721 [e2f0affed90bb4580c88f6e4db7d5c6b] TaskSlotTableImpl [flink-pekko.actor.default-dispatcher-8] INFO  Activate slot 960d6db2c0ed9a8d8866c563b3cacbc8.
59721 [e2f0affed90bb4580c88f6e4db7d5c6b] TaskExecutor [flink-pekko.actor.default-dispatcher-9] INFO  Received task global0 (7/7)#0 (7c364d770be7fb6122304dc159ffb54f_4eca6edb63b17eb77deb9de060a699d1_6_0), deploy into slot with allocation id af229d40ea91e721c8d8abf6fdb3bb89.
59721 [e2f0affed90bb4580c88f6e4db7d5c6b] FileMergingSnapshotManager [global0 (4/7)#0] INFO  Created a directory file:/var/folders/m8/q6f016tn6cl2cp86hfq331_w0000gp/T/junit-4734462783579597589/junit13986449793460021045/e2f0affed90bb4580c88f6e4db7d5c6b/shared/job_e2f0affed90bb4580c88f6e4db7d5c6b_op_4eca6edb63b17eb77deb9de060a699d1_3_7 for checkpoint file-merging.
59721 [e2f0affed90bb4580c88f6e4db7d5c6b] Task [rebalance0 (2/8)#0] INFO  rebalance0 (2/8)#0 (7c364d770be7fb6122304dc159ffb54f_25a6d73fce56b9559bed0247061e93e0_1_0) switched from CREATED to DEPLOYING.
59721 [e2f0affed90bb4580c88f6e4db7d5c6b] StreamTask [global0 (2/7)#0] INFO  Checkpoint storage is set to 'filesystem': (checkpoints "file:/var/folders/m8/q6f016tn6cl2cp86hfq331_w0000gp/T/junit-4734462783579597589/junit13986449793460021045")
59721 [e2f0affed90bb4580c88f6e4db7d5c6b] Task [rebalance0 (2/8)#0] INFO  Loading JAR files for task rebalance0 (2/8)#0 (7c364d770be7fb6122304dc159ffb54f_25a6d73fce56b9559bed0247061e93e0_1_0) [DEPLOYING].
59721 [e2f0affed90bb4580c88f6e4db7d5c6b] Task [global0 (4/7)#0] INFO  global0 (4/7)#0 (7c364d770be7fb6122304dc159ffb54f_4eca6edb63b17eb77deb9de060a699d1_3_0) switched from DEPLOYING to INITIALIZING.
59722 [e2f0affed90bb4580c88f6e4db7d5c6b] FileMergingSnapshotManager [global0 (2/7)#0] INFO  Created a directory file:/var/folders/m8/q6f016tn6cl2cp86hfq331_w0000gp/T/junit-4734462783579597589/junit13986449793460021045/e2f0affed90bb4580c88f6e4db7d5c6b/shared/job_e2f0affed90bb4580c88f6e4db7d5c6b_op_4eca6edb63b17eb77deb9de060a699d1_1_7 for checkpoint file-merging.
59722 [e2f0affed90bb4580c88f6e4db7d5c6b] Task [rebalance0 (6/8)#0] INFO  rebalance0 (6/8)#0 (7c364d770be7fb6122304dc159ffb54f_25a6d73fce56b9559bed0247061e93e0_5_0) switched from DEPLOYING to INITIALIZING.
59722 [e2f0affed90bb4580c88f6e4db7d5c6b] Task [global0 (2/7)#0] INFO  global0 (2/7)#0 (7c364d770be7fb6122304dc159ffb54f_4eca6edb63b17eb77deb9de060a699d1_1_0) switched from DEPLOYING to INITIALIZING.
59722 [e2f0affed90bb4580c88f6e4db7d5c6b] StateBackendLoader [global0 (4/7)#0] INFO  State backend is set to heap memory org.apache.flink.runtime.state.hashmap.HashMapStateBackend@6866d15d
59722 [e2f0affed90bb4580c88f6e4db7d5c6b] StreamTask [rebalance0 (1/8)#0] INFO  State backend is set to heap memory org.apache.flink.runtime.state.hashmap.HashMapStateBackend@5bd94ca7
59722 [e2f0affed90bb4580c88f6e4db7d5c6b] StateBackendLoader [rebalance0 (1/8)#0] INFO  State backend loader loads the state backend as HashMapStateBackend
59722 [e2f0affed90bb4580c88f6e4db7d5c6b] StreamTask [rebalance0 (1/8)#0] INFO  Checkpoint storage is set to 'filesystem': (checkpoints "file:/var/folders/m8/q6f016tn6cl2cp86hfq331_w0000gp/T/junit-4734462783579597589/junit13986449793460021045")
59722 [e2f0affed90bb4580c88f6e4db7d5c6b] StateBackendLoader [global0 (2/7)#0] INFO  State backend is set to heap memory org.apache.flink.runtime.state.hashmap.HashMapStateBackend@37059195
59722 [e2f0affed90bb4580c88f6e4db7d5c6b] StateBackendLoader [rebalance0 (6/8)#0] INFO  State backend is set to heap memory org.apache.flink.runtime.state.hashmap.HashMapStateBackend@5eb506bd
59722 [e2f0affed90bb4580c88f6e4db7d5c6b] FileMergingSnapshotManager [rebalance0 (1/8)#0] INFO  Created a directory file:/var/folders/m8/q6f016tn6cl2cp86hfq331_w0000gp/T/junit-4734462783579597589/junit13986449793460021045/e2f0affed90bb4580c88f6e4db7d5c6b/shared/job_e2f0affed90bb4580c88f6e4db7d5c6b_op_25a6d73fce56b9559bed0247061e93e0_0_8 for checkpoint file-merging.
59722 [e2f0affed90bb4580c88f6e4db7d5c6b] Task [rebalance0 (1/8)#0] INFO  rebalance0 (1/8)#0 (7c364d770be7fb6122304dc159ffb54f_25a6d73fce56b9559bed0247061e93e0_0_0) switched from DEPLOYING to INITIALIZING.
59722 [e2f0affed90bb4580c88f6e4db7d5c6b] TaskExecutor [flink-pekko.actor.default-dispatcher-8] INFO  Received task upscale0 (1/14)#0 (7c364d770be7fb6122304dc159ffb54f_7559af08559a2c7079a359b85b7edab5_0_0), deploy into slot with allocation id 960d6db2c0ed9a8d8866c563b3cacbc8.
59722 [e2f0affed90bb4580c88f6e4db7d5c6b] StreamTask [upscale0 (5/14)#0] INFO  State backend is set to heap memory org.apache.flink.runtime.state.hashmap.HashMapStateBackend@340445e2
59722 [e2f0affed90bb4580c88f6e4db7d5c6b] StateBackendLoader [upscale0 (5/14)#0] INFO  State backend loader loads the state backend as HashMapStateBackend
59722 [e2f0affed90bb4580c88f6e4db7d5c6b] StreamTask [upscale0 (5/14)#0] INFO  Checkpoint storage is set to 'filesystem': (checkpoints "file:/var/folders/m8/q6f016tn6cl2cp86hfq331_w0000gp/T/junit-4734462783579597589/junit13986449793460021045")
59722 [e2f0affed90bb4580c88f6e4db7d5c6b] StreamTask [global0 (3/7)#0] INFO  State backend is set to heap memory org.apache.flink.runtime.state.hashmap.HashMapStateBackend@6a873bd3
59722 [e2f0affed90bb4580c88f6e4db7d5c6b] StateBackendLoader [global0 (3/7)#0] INFO  State backend loader loads the state backend as HashMapStateBackend
59722 [e2f0affed90bb4580c88f6e4db7d5c6b] StreamTask [global0 (3/7)#0] INFO  Checkpoint storage is set to 'filesystem': (checkpoints "file:/var/folders/m8/q6f016tn6cl2cp86hfq331_w0000gp/T/junit-4734462783579597589/junit13986449793460021045")
59722 [e2f0affed90bb4580c88f6e4db7d5c6b] StateBackendLoader [rebalance0 (1/8)#0] INFO  State backend is set to heap memory org.apache.flink.runtime.state.hashmap.HashMapStateBackend@710d6c03
59722 [e2f0affed90bb4580c88f6e4db7d5c6b] FileMergingSnapshotManager [upscale0 (5/14)#0] INFO  Created a directory file:/var/folders/m8/q6f016tn6cl2cp86hfq331_w0000gp/T/junit-4734462783579597589/junit13986449793460021045/e2f0affed90bb4580c88f6e4db7d5c6b/shared/job_e2f0affed90bb4580c88f6e4db7d5c6b_op_7559af08559a2c7079a359b85b7edab5_4_14 for checkpoint file-merging.
59722 [e2f0affed90bb4580c88f6e4db7d5c6b] Task [upscale0 (5/14)#0] INFO  upscale0 (5/14)#0 (7c364d770be7fb6122304dc159ffb54f_7559af08559a2c7079a359b85b7edab5_4_0) switched from DEPLOYING to INITIALIZING.
59722 [e2f0affed90bb4580c88f6e4db7d5c6b] FileMergingSnapshotManager [global0 (3/7)#0] INFO  Created a directory file:/var/folders/m8/q6f016tn6cl2cp86hfq331_w0000gp/T/junit-4734462783579597589/junit13986449793460021045/e2f0affed90bb4580c88f6e4db7d5c6b/shared/job_e2f0affed90bb4580c88f6e4db7d5c6b_op_4eca6edb63b17eb77deb9de060a699d1_2_7 for checkpoint file-merging.
59722 [e2f0affed90bb4580c88f6e4db7d5c6b] Task [Source: source0 -> input-filter0 -> input-counter0 (3/7)#0] INFO  Source: source0 -> input-filter0 -> input-counter0 (3/7)#0 (7c364d770be7fb6122304dc159ffb54f_3e9b902627593008a6d790e9aeca7953_2_0) switched from INITIALIZING to RUNNING.
59722 [e2f0affed90bb4580c88f6e4db7d5c6b] Task [global0 (3/7)#0] INFO  global0 (3/7)#0 (7c364d770be7fb6122304dc159ffb54f_4eca6edb63b17eb77deb9de060a699d1_2_0) switched from DEPLOYING to INITIALIZING.
59722 [e2f0affed90bb4580c88f6e4db7d5c6b] TaskSlotTableImpl [flink-pekko.actor.default-dispatcher-10] INFO  Activate slot abfd9db3ee3ca4ef22f482e5d2f80918.
59722 [e2f0affed90bb4580c88f6e4db7d5c6b] Task [upscale0 (6/14)#0] INFO  upscale0 (6/14)#0 (7c364d770be7fb6122304dc159ffb54f_7559af08559a2c7079a359b85b7edab5_5_0) switched from CREATED to DEPLOYING.
59722 [e2f0affed90bb4580c88f6e4db7d5c6b] Task [upscale0 (6/14)#0] INFO  Loading JAR files for task upscale0 (6/14)#0 (7c364d770be7fb6122304dc159ffb54f_7559af08559a2c7079a359b85b7edab5_5_0) [DEPLOYING].
59722 [e2f0affed90bb4580c88f6e4db7d5c6b] StateBackendLoader [upscale0 (5/14)#0] INFO  State backend is set to heap memory org.apache.flink.runtime.state.hashmap.HashMapStateBackend@3c076e73
59722 [e2f0affed90bb4580c88f6e4db7d5c6b] StateBackendLoader [global0 (3/7)#0] INFO  State backend is set to heap memory org.apache.flink.runtime.state.hashmap.HashMapStateBackend@46acae79
59722 [e2f0affed90bb4580c88f6e4db7d5c6b] ExecutionGraph [flink-pekko.actor.default-dispatcher-6] INFO  global0 (1/7) (7c364d770be7fb6122304dc159ffb54f_4eca6edb63b17eb77deb9de060a699d1_0_0) switched from INITIALIZING to RUNNING.
59722 [e2f0affed90bb4580c88f6e4db7d5c6b] ExecutionGraph [flink-pekko.actor.default-dispatcher-6] INFO  Source: source0 -> input-filter0 -> input-counter0 (6/7) (7c364d770be7fb6122304dc159ffb54f_3e9b902627593008a6d790e9aeca7953_5_0) switched from DEPLOYING to INITIALIZING.
59722 [e2f0affed90bb4580c88f6e4db7d5c6b] ExecutionGraph [flink-pekko.actor.default-dispatcher-6] INFO  Source: source0 -> input-filter0 -> input-counter0 (7/7) (7c364d770be7fb6122304dc159ffb54f_3e9b902627593008a6d790e9aeca7953_6_0) switched from DEPLOYING to INITIALIZING.
59722 [e2f0affed90bb4580c88f6e4db7d5c6b] ExecutionGraph [flink-pekko.actor.default-dispatcher-6] INFO  rebalance0 (5/8) (7c364d770be7fb6122304dc159ffb54f_25a6d73fce56b9559bed0247061e93e0_4_0) switched from DEPLOYING to INITIALIZING.
59722 [e2f0affed90bb4580c88f6e4db7d5c6b] ExecutionGraph [flink-pekko.actor.default-dispatcher-6] INFO  Source: source0 -> input-filter0 -> input-counter0 (3/7) (7c364d770be7fb6122304dc159ffb54f_3e9b902627593008a6d790e9aeca7953_2_0) switched from DEPLOYING to INITIALIZING.
59722 [e2f0affed90bb4580c88f6e4db7d5c6b] SourceCoordinator [SourceCoordinator-Source: source0] INFO  Source Source: source0 registering reader for parallel task 1 (#0) @ 
59722 [e2f0affed90bb4580c88f6e4db7d5c6b] ExecutionGraph [flink-pekko.actor.default-dispatcher-6] INFO  Source: source0 -> input-filter0 -> input-counter0 (5/7) (7c364d770be7fb6122304dc159ffb54f_3e9b902627593008a6d790e9aeca7953_4_0) switched from DEPLOYING to INITIALIZING.
59722 [e2f0affed90bb4580c88f6e4db7d5c6b] ExecutionGraph [flink-pekko.actor.default-dispatcher-6] INFO  global0 (5/7) (7c364d770be7fb6122304dc159ffb54f_4eca6edb63b17eb77deb9de060a699d1_4_0) switched from DEPLOYING to INITIALIZING.
59722 [e2f0affed90bb4580c88f6e4db7d5c6b] Task [Source: source0 -> input-filter0 -> input-counter0 (2/7)#0] INFO  Source: source0 -> input-filter0 -> input-counter0 (2/7)#0 (7c364d770be7fb6122304dc159ffb54f_3e9b902627593008a6d790e9aeca7953_1_0) switched from INITIALIZING to RUNNING.
59722 [e2f0affed90bb4580c88f6e4db7d5c6b] TaskExecutor [flink-pekko.actor.default-dispatcher-10] INFO  Received task upscale0 (9/14)#0 (7c364d770be7fb6122304dc159ffb54f_7559af08559a2c7079a359b85b7edab5_8_0), deploy into slot with allocation id abfd9db3ee3ca4ef22f482e5d2f80918.
59722 [e2f0affed90bb4580c88f6e4db7d5c6b] SourceCoordinator [SourceCoordinator-Source: source0] INFO  Source Source: source0 registering reader for parallel task 3 (#0) @ 
59722 [e2f0affed90bb4580c88f6e4db7d5c6b] Task [rebalance0 (5/8)#0] INFO  rebalance0 (5/8)#0 (7c364d770be7fb6122304dc159ffb54f_25a6d73fce56b9559bed0247061e93e0_4_0) switched from INITIALIZING to RUNNING.
59722 [e2f0affed90bb4580c88f6e4db7d5c6b] Task [global0 (5/7)#0] INFO  global0 (5/7)#0 (7c364d770be7fb6122304dc159ffb54f_4eca6edb63b17eb77deb9de060a699d1_4_0) switched from INITIALIZING to RUNNING.
59722 [e2f0affed90bb4580c88f6e4db7d5c6b] Task [Source: source0 -> input-filter0 -> input-counter0 (4/7)#0] INFO  Source: source0 -> input-filter0 -> input-counter0 (4/7)#0 (7c364d770be7fb6122304dc159ffb54f_3e9b902627593008a6d790e9aeca7953_3_0) switched from INITIALIZING to RUNNING.
59722 [e2f0affed90bb4580c88f6e4db7d5c6b] Task [global0 (3/7)#0] INFO  global0 (3/7)#0 (7c364d770be7fb6122304dc159ffb54f_4eca6edb63b17eb77deb9de060a699d1_2_0) switched from INITIALIZING to RUNNING.
59723 [e2f0affed90bb4580c88f6e4db7d5c6b] StreamTask [upscale0 (6/14)#0] INFO  State backend is set to heap memory org.apache.flink.runtime.state.hashmap.HashMapStateBackend@16981ef2
59723 [e2f0affed90bb4580c88f6e4db7d5c6b] StateBackendLoader [upscale0 (6/14)#0] INFO  State backend loader loads the state backend as HashMapStateBackend
59723 [e2f0affed90bb4580c88f6e4db7d5c6b] StreamTask [upscale0 (6/14)#0] INFO  Checkpoint storage is set to 'filesystem': (checkpoints "file:/var/folders/m8/q6f016tn6cl2cp86hfq331_w0000gp/T/junit-4734462783579597589/junit13986449793460021045")
59723 [e2f0affed90bb4580c88f6e4db7d5c6b] AbstractStreamOperator [Source: source0 -> input-filter0 -> input-counter0 (3/7)#0] INFO  Switch mode from OUTPUT_NOT_INITIALIZED to READING after 2 ms, currentMaxDesiredWatermark=9223372036854775807, latestWatermark=-9223372036854775808, oldestWatermark=-9223372036854775808
59723 [e2f0affed90bb4580c88f6e4db7d5c6b] Task [upscale0 (5/14)#0] INFO  upscale0 (5/14)#0 (7c364d770be7fb6122304dc159ffb54f_7559af08559a2c7079a359b85b7edab5_4_0) switched from INITIALIZING to RUNNING.
59723 [e2f0affed90bb4580c88f6e4db7d5c6b] FileMergingSnapshotManager [upscale0 (6/14)#0] INFO  Created a directory file:/var/folders/m8/q6f016tn6cl2cp86hfq331_w0000gp/T/junit-4734462783579597589/junit13986449793460021045/e2f0affed90bb4580c88f6e4db7d5c6b/shared/job_e2f0affed90bb4580c88f6e4db7d5c6b_op_7559af08559a2c7079a359b85b7edab5_5_14 for checkpoint file-merging.
59723 [e2f0affed90bb4580c88f6e4db7d5c6b] Task [Source: source0 -> input-filter0 -> input-counter0 (5/7)#0] INFO  Source: source0 -> input-filter0 -> input-counter0 (5/7)#0 (7c364d770be7fb6122304dc159ffb54f_3e9b902627593008a6d790e9aeca7953_4_0) switched from INITIALIZING to RUNNING.
59723 [e2f0affed90bb4580c88f6e4db7d5c6b] Task [upscale0 (6/14)#0] INFO  upscale0 (6/14)#0 (7c364d770be7fb6122304dc159ffb54f_7559af08559a2c7079a359b85b7edab5_5_0) switched from DEPLOYING to INITIALIZING.
59723 [e2f0affed90bb4580c88f6e4db7d5c6b] Task [rebalance0 (1/8)#0] INFO  rebalance0 (1/8)#0 (7c364d770be7fb6122304dc159ffb54f_25a6d73fce56b9559bed0247061e93e0_0_0) switched from INITIALIZING to RUNNING.
59723 [e2f0affed90bb4580c88f6e4db7d5c6b] TaskSlotTableImpl [flink-pekko.actor.default-dispatcher-8] INFO  Activate slot e3f365d47d77b61351ce6d2e5f1629ce.
59723 [e2f0affed90bb4580c88f6e4db7d5c6b] Task [upscale0 (1/14)#0] INFO  upscale0 (1/14)#0 (7c364d770be7fb6122304dc159ffb54f_7559af08559a2c7079a359b85b7edab5_0_0) switched from CREATED to DEPLOYING.
59723 [e2f0affed90bb4580c88f6e4db7d5c6b] Task [upscale0 (1/14)#0] INFO  Loading JAR files for task upscale0 (1/14)#0 (7c364d770be7fb6122304dc159ffb54f_7559af08559a2c7079a359b85b7edab5_0_0) [DEPLOYING].
59723 [e2f0affed90bb4580c88f6e4db7d5c6b] Task [Source: source0 -> input-filter0 -> input-counter0 (6/7)#0] INFO  Source: source0 -> input-filter0 -> input-counter0 (6/7)#0 (7c364d770be7fb6122304dc159ffb54f_3e9b902627593008a6d790e9aeca7953_5_0) switched from INITIALIZING to RUNNING.
59723 [e2f0affed90bb4580c88f6e4db7d5c6b] StateBackendLoader [upscale0 (6/14)#0] INFO  State backend is set to heap memory org.apache.flink.runtime.state.hashmap.HashMapStateBackend@488e3a0f
59723 [e2f0affed90bb4580c88f6e4db7d5c6b] Task [rebalance0 (6/8)#0] INFO  rebalance0 (6/8)#0 (7c364d770be7fb6122304dc159ffb54f_25a6d73fce56b9559bed0247061e93e0_5_0) switched from INITIALIZING to RUNNING.
59723 [e2f0affed90bb4580c88f6e4db7d5c6b] Task [Source: source0 -> input-filter0 -> input-counter0 (7/7)#0] INFO  Source: source0 -> input-filter0 -> input-counter0 (7/7)#0 (7c364d770be7fb6122304dc159ffb54f_3e9b902627593008a6d790e9aeca7953_6_0) switched from INITIALIZING to RUNNING.
59723 [e2f0affed90bb4580c88f6e4db7d5c6b] Task [global0 (2/7)#0] INFO  global0 (2/7)#0 (7c364d770be7fb6122304dc159ffb54f_4eca6edb63b17eb77deb9de060a699d1_1_0) switched from INITIALIZING to RUNNING.
59723 [e2f0affed90bb4580c88f6e4db7d5c6b] StreamTask [rebalance0 (2/8)#0] INFO  State backend is set to heap memory org.apache.flink.runtime.state.hashmap.HashMapStateBackend@d27275
59723 [e2f0affed90bb4580c88f6e4db7d5c6b] StateBackendLoader [rebalance0 (2/8)#0] INFO  State backend loader loads the state backend as HashMapStateBackend
59723 [e2f0affed90bb4580c88f6e4db7d5c6b] StreamTask [rebalance0 (2/8)#0] INFO  Checkpoint storage is set to 'filesystem': (checkpoints "file:/var/folders/m8/q6f016tn6cl2cp86hfq331_w0000gp/T/junit-4734462783579597589/junit13986449793460021045")
59723 [e2f0affed90bb4580c88f6e4db7d5c6b] TaskExecutor [flink-pekko.actor.default-dispatcher-8] INFO  Received task upscale0 (2/14)#0 (7c364d770be7fb6122304dc159ffb54f_7559af08559a2c7079a359b85b7edab5_1_0), deploy into slot with allocation id e3f365d47d77b61351ce6d2e5f1629ce.
59723 [e2f0affed90bb4580c88f6e4db7d5c6b] Task [global0 (4/7)#0] INFO  global0 (4/7)#0 (7c364d770be7fb6122304dc159ffb54f_4eca6edb63b17eb77deb9de060a699d1_3_0) switched from INITIALIZING to RUNNING.
59723 [e2f0affed90bb4580c88f6e4db7d5c6b] TaskSlotTableImpl [flink-pekko.actor.default-dispatcher-9] INFO  Activate slot af229d40ea91e721c8d8abf6fdb3bb89.
59723 [e2f0affed90bb4580c88f6e4db7d5c6b] Task [global0 (7/7)#0] INFO  global0 (7/7)#0 (7c364d770be7fb6122304dc159ffb54f_4eca6edb63b17eb77deb9de060a699d1_6_0) switched from CREATED to DEPLOYING.
59723 [e2f0affed90bb4580c88f6e4db7d5c6b] Task [global0 (7/7)#0] INFO  Loading JAR files for task global0 (7/7)#0 (7c364d770be7fb6122304dc159ffb54f_4eca6edb63b17eb77deb9de060a699d1_6_0) [DEPLOYING].
59723 [e2f0affed90bb4580c88f6e4db7d5c6b] FileMergingSnapshotManager [rebalance0 (2/8)#0] INFO  Created a directory file:/var/folders/m8/q6f016tn6cl2cp86hfq331_w0000gp/T/junit-4734462783579597589/junit13986449793460021045/e2f0affed90bb4580c88f6e4db7d5c6b/shared/job_e2f0affed90bb4580c88f6e4db7d5c6b_op_25a6d73fce56b9559bed0247061e93e0_1_8 for checkpoint file-merging.
59723 [e2f0affed90bb4580c88f6e4db7d5c6b] TaskSlotTableImpl [flink-pekko.actor.default-dispatcher-8] INFO  Activate slot 754c63adaf4693e9ea08dd5b964f2745.
59723 [e2f0affed90bb4580c88f6e4db7d5c6b] Task [upscale0 (2/14)#0] INFO  upscale0 (2/14)#0 (7c364d770be7fb6122304dc159ffb54f_7559af08559a2c7079a359b85b7edab5_1_0) switched from CREATED to DEPLOYING.
59723 [e2f0affed90bb4580c88f6e4db7d5c6b] Task [upscale0 (2/14)#0] INFO  Loading JAR files for task upscale0 (2/14)#0 (7c364d770be7fb6122304dc159ffb54f_7559af08559a2c7079a359b85b7edab5_1_0) [DEPLOYING].
59723 [e2f0affed90bb4580c88f6e4db7d5c6b] StreamTask [global0 (7/7)#0] INFO  State backend is set to heap memory org.apache.flink.runtime.state.hashmap.HashMapStateBackend@5147d8c4
59723 [e2f0affed90bb4580c88f6e4db7d5c6b] StateBackendLoader [global0 (7/7)#0] INFO  State backend loader loads the state backend as HashMapStateBackend
59723 [e2f0affed90bb4580c88f6e4db7d5c6b] StreamTask [global0 (7/7)#0] INFO  Checkpoint storage is set to 'filesystem': (checkpoints "file:/var/folders/m8/q6f016tn6cl2cp86hfq331_w0000gp/T/junit-4734462783579597589/junit13986449793460021045")
59723 [e2f0affed90bb4580c88f6e4db7d5c6b] TaskExecutor [flink-pekko.actor.default-dispatcher-9] INFO  Received task rebalance0 (7/8)#0 (7c364d770be7fb6122304dc159ffb54f_25a6d73fce56b9559bed0247061e93e0_6_0), deploy into slot with allocation id af229d40ea91e721c8d8abf6fdb3bb89.
59723 [e2f0affed90bb4580c88f6e4db7d5c6b] FileMergingSnapshotManager [global0 (7/7)#0] INFO  Created a directory file:/var/folders/m8/q6f016tn6cl2cp86hfq331_w0000gp/T/junit-4734462783579597589/junit13986449793460021045/e2f0affed90bb4580c88f6e4db7d5c6b/shared/job_e2f0affed90bb4580c88f6e4db7d5c6b_op_4eca6edb63b17eb77deb9de060a699d1_6_7 for checkpoint file-merging.
59723 [e2f0affed90bb4580c88f6e4db7d5c6b] AbstractStreamOperator [Source: source0 -> input-filter0 -> input-counter0 (7/7)#0] INFO  Switch mode from OUTPUT_NOT_INITIALIZED to READING after 2 ms, currentMaxDesiredWatermark=9223372036854775807, latestWatermark=-9223372036854775808, oldestWatermark=-9223372036854775808
59723 [e2f0affed90bb4580c88f6e4db7d5c6b] StreamTask [upscale0 (1/14)#0] INFO  State backend is set to heap memory org.apache.flink.runtime.state.hashmap.HashMapStateBackend@4e143cad
59723 [e2f0affed90bb4580c88f6e4db7d5c6b] StateBackendLoader [upscale0 (1/14)#0] INFO  State backend loader loads the state backend as HashMapStateBackend
59723 [e2f0affed90bb4580c88f6e4db7d5c6b] StreamTask [upscale0 (1/14)#0] INFO  Checkpoint storage is set to 'filesystem': (checkpoints "file:/var/folders/m8/q6f016tn6cl2cp86hfq331_w0000gp/T/junit-4734462783579597589/junit13986449793460021045")
59723 [e2f0affed90bb4580c88f6e4db7d5c6b] TaskExecutor [flink-pekko.actor.default-dispatcher-8] INFO  Received task upscale0 (13/14)#0 (7c364d770be7fb6122304dc159ffb54f_7559af08559a2c7079a359b85b7edab5_12_0), deploy into slot with allocation id 754c63adaf4693e9ea08dd5b964f2745.
59723 [e2f0affed90bb4580c88f6e4db7d5c6b] Task [upscale0 (6/14)#0] INFO  upscale0 (6/14)#0 (7c364d770be7fb6122304dc159ffb54f_7559af08559a2c7079a359b85b7edab5_5_0) switched from INITIALIZING to RUNNING.
59724 [e2f0affed90bb4580c88f6e4db7d5c6b] AbstractStreamOperator [Source: source0 -> input-filter0 -> input-counter0 (6/7)#0] INFO  Switch mode from OUTPUT_NOT_INITIALIZED to READING after 3 ms, currentMaxDesiredWatermark=9223372036854775807, latestWatermark=-9223372036854775808, oldestWatermark=-9223372036854775808
59724 [e2f0affed90bb4580c88f6e4db7d5c6b] FileMergingSnapshotManager [upscale0 (1/14)#0] INFO  Created a directory file:/var/folders/m8/q6f016tn6cl2cp86hfq331_w0000gp/T/junit-4734462783579597589/junit13986449793460021045/e2f0affed90bb4580c88f6e4db7d5c6b/shared/job_e2f0affed90bb4580c88f6e4db7d5c6b_op_7559af08559a2c7079a359b85b7edab5_0_14 for checkpoint file-merging.
59724 [e2f0affed90bb4580c88f6e4db7d5c6b] AbstractStreamOperator [Source: source0 -> input-filter0 -> input-counter0 (5/7)#0] INFO  Switch mode from OUTPUT_NOT_INITIALIZED to READING after 3 ms, currentMaxDesiredWatermark=9223372036854775807, latestWatermark=-9223372036854775808, oldestWatermark=-9223372036854775808
59724 [e2f0affed90bb4580c88f6e4db7d5c6b] AbstractStreamOperator [Source: source0 -> input-filter0 -> input-counter0 (4/7)#0] INFO  Switch mode from OUTPUT_NOT_INITIALIZED to READING after 3 ms, currentMaxDesiredWatermark=9223372036854775807, latestWatermark=-9223372036854775808, oldestWatermark=-9223372036854775808
59724 [e2f0affed90bb4580c88f6e4db7d5c6b] TaskSlotTableImpl [flink-pekko.actor.default-dispatcher-10] INFO  Activate slot 10220dbcfc037a845cf06819a30df972.
59724 [e2f0affed90bb4580c88f6e4db7d5c6b] Task [upscale0 (9/14)#0] INFO  upscale0 (9/14)#0 (7c364d770be7fb6122304dc159ffb54f_7559af08559a2c7079a359b85b7edab5_8_0) switched from CREATED to DEPLOYING.
59724 [e2f0affed90bb4580c88f6e4db7d5c6b] Task [upscale0 (9/14)#0] INFO  Loading JAR files for task upscale0 (9/14)#0 (7c364d770be7fb6122304dc159ffb54f_7559af08559a2c7079a359b85b7edab5_8_0) [DEPLOYING].
59724 [e2f0affed90bb4580c88f6e4db7d5c6b] ExecutionGraph [flink-pekko.actor.default-dispatcher-6] INFO  Source: source0 -> input-filter0 -> input-counter0 (1/7) (7c364d770be7fb6122304dc159ffb54f_3e9b902627593008a6d790e9aeca7953_0_0) switched from INITIALIZING to RUNNING.
59724 [e2f0affed90bb4580c88f6e4db7d5c6b] ExecutionGraph [flink-pekko.actor.default-dispatcher-6] INFO  global0 (6/7) (7c364d770be7fb6122304dc159ffb54f_4eca6edb63b17eb77deb9de060a699d1_5_0) switched from DEPLOYING to INITIALIZING.
59724 [e2f0affed90bb4580c88f6e4db7d5c6b] SourceCoordinator [SourceCoordinator-Source: source0] INFO  Source Source: source0 registering reader for parallel task 2 (#0) @ 
59724 [e2f0affed90bb4580c88f6e4db7d5c6b] SourceCoordinator [SourceCoordinator-Source: source0] INFO  Source Source: source0 registering reader for parallel task 4 (#0) @ 
59724 [e2f0affed90bb4580c88f6e4db7d5c6b] SourceCoordinator [SourceCoordinator-Source: source0] INFO  Source Source: source0 registering reader for parallel task 5 (#0) @ 
59724 [e2f0affed90bb4580c88f6e4db7d5c6b] AbstractStreamOperator [Source: source0 -> input-filter0 -> input-counter0 (2/7)#0] INFO  Switch mode from OUTPUT_NOT_INITIALIZED to READING after 4 ms, currentMaxDesiredWatermark=9223372036854775807, latestWatermark=-9223372036854775808, oldestWatermark=-9223372036854775808
59724 [e2f0affed90bb4580c88f6e4db7d5c6b] SourceCoordinator [SourceCoordinator-Source: source0] INFO  Source Source: source0 registering reader for parallel task 6 (#0) @ 
59724 [e2f0affed90bb4580c88f6e4db7d5c6b] ExecutionGraph [flink-pekko.actor.default-dispatcher-6] INFO  global0 (6/7) (7c364d770be7fb6122304dc159ffb54f_4eca6edb63b17eb77deb9de060a699d1_5_0) switched from INITIALIZING to RUNNING.
59724 [e2f0affed90bb4580c88f6e4db7d5c6b] UnalignedCheckpointTestBase [SourceCoordinator-Source: source0] INFO  Assigning splits {0=[LongSplit{increment=7, nextNumber=0}], 1=[LongSplit{increment=7, nextNumber=1}], 2=[LongSplit{increment=7, nextNumber=2}], 3=[LongSplit{increment=7, nextNumber=3}], 4=[LongSplit{increment=7, nextNumber=4}], 5=[LongSplit{increment=7, nextNumber=5}], 6=[LongSplit{increment=7, nextNumber=6}]}
59724 [e2f0affed90bb4580c88f6e4db7d5c6b] ExecutionGraph [flink-pekko.actor.default-dispatcher-6] INFO  global0 (4/7) (7c364d770be7fb6122304dc159ffb54f_4eca6edb63b17eb77deb9de060a699d1_3_0) switched from DEPLOYING to INITIALIZING.
59724 [e2f0affed90bb4580c88f6e4db7d5c6b] ExecutionGraph [flink-pekko.actor.default-dispatcher-6] INFO  rebalance0 (6/8) (7c364d770be7fb6122304dc159ffb54f_25a6d73fce56b9559bed0247061e93e0_5_0) switched from DEPLOYING to INITIALIZING.
59724 [e2f0affed90bb4580c88f6e4db7d5c6b] ExecutionGraph [flink-pekko.actor.default-dispatcher-6] INFO  global0 (2/7) (7c364d770be7fb6122304dc159ffb54f_4eca6edb63b17eb77deb9de060a699d1_1_0) switched from DEPLOYING to INITIALIZING.
59724 [e2f0affed90bb4580c88f6e4db7d5c6b] ExecutionGraph [flink-pekko.actor.default-dispatcher-6] INFO  rebalance0 (1/8) (7c364d770be7fb6122304dc159ffb54f_25a6d73fce56b9559bed0247061e93e0_0_0) switched from DEPLOYING to INITIALIZING.
59724 [e2f0affed90bb4580c88f6e4db7d5c6b] ExecutionGraph [flink-pekko.actor.default-dispatcher-6] INFO  upscale0 (5/14) (7c364d770be7fb6122304dc159ffb54f_7559af08559a2c7079a359b85b7edab5_4_0) switched from DEPLOYING to INITIALIZING.
59724 [e2f0affed90bb4580c88f6e4db7d5c6b] ExecutionGraph [flink-pekko.actor.default-dispatcher-6] INFO  Source: source0 -> input-filter0 -> input-counter0 (3/7) (7c364d770be7fb6122304dc159ffb54f_3e9b902627593008a6d790e9aeca7953_2_0) switched from INITIALIZING to RUNNING.
59724 [e2f0affed90bb4580c88f6e4db7d5c6b] ExecutionGraph [flink-pekko.actor.default-dispatcher-6] INFO  global0 (3/7) (7c364d770be7fb6122304dc159ffb54f_4eca6edb63b17eb77deb9de060a699d1_2_0) switched from DEPLOYING to INITIALIZING.
59724 [e2f0affed90bb4580c88f6e4db7d5c6b] TaskExecutor [flink-pekko.actor.default-dispatcher-10] INFO  Received task upscale0 (10/14)#0 (7c364d770be7fb6122304dc159ffb54f_7559af08559a2c7079a359b85b7edab5_9_0), deploy into slot with allocation id 10220dbcfc037a845cf06819a30df972.
59724 [e2f0affed90bb4580c88f6e4db7d5c6b] TaskSlotTableImpl [flink-pekko.actor.default-dispatcher-10] INFO  Activate slot 1f42d7178af8375c2b0f945a5371fdd5.
59724 [e2f0affed90bb4580c88f6e4db7d5c6b] Task [upscale0 (10/14)#0] INFO  upscale0 (10/14)#0 (7c364d770be7fb6122304dc159ffb54f_7559af08559a2c7079a359b85b7edab5_9_0) switched from CREATED to DEPLOYING.
59724 [e2f0affed90bb4580c88f6e4db7d5c6b] Task [upscale0 (10/14)#0] INFO  Loading JAR files for task upscale0 (10/14)#0 (7c364d770be7fb6122304dc159ffb54f_7559af08559a2c7079a359b85b7edab5_9_0) [DEPLOYING].
59724 [e2f0affed90bb4580c88f6e4db7d5c6b] CheckpointFailureManager [Checkpoint Timer] INFO  Failed to trigger checkpoint for job e2f0affed90bb4580c88f6e4db7d5c6b since Checkpoint triggering task Source: source0 -> input-filter0 -> input-counter0 (2/7) of job e2f0affed90bb4580c88f6e4db7d5c6b is not being executed at the moment. Aborting checkpoint. Failure reason: Not all required tasks are currently running..
59724 [e2f0affed90bb4580c88f6e4db7d5c6b] TaskSlotTableImpl [flink-pekko.actor.default-dispatcher-8] INFO  Activate slot 732a0120709cb942c4e62ad515f71d27.
59724 [e2f0affed90bb4580c88f6e4db7d5c6b] Task [upscale0 (13/14)#0] INFO  upscale0 (13/14)#0 (7c364d770be7fb6122304dc159ffb54f_7559af08559a2c7079a359b85b7edab5_12_0) switched from CREATED to DEPLOYING.
59724 [e2f0affed90bb4580c88f6e4db7d5c6b] Task [upscale0 (13/14)#0] INFO  Loading JAR files for task upscale0 (13/14)#0 (7c364d770be7fb6122304dc159ffb54f_7559af08559a2c7079a359b85b7edab5_12_0) [DEPLOYING].
59724 [e2f0affed90bb4580c88f6e4db7d5c6b] Task [global0 (7/7)#0] INFO  global0 (7/7)#0 (7c364d770be7fb6122304dc159ffb54f_4eca6edb63b17eb77deb9de060a699d1_6_0) switched from DEPLOYING to INITIALIZING.
59724 [e2f0affed90bb4580c88f6e4db7d5c6b] TaskSlotTableImpl [flink-pekko.actor.default-dispatcher-9] INFO  Activate slot ad281a12c9fed243353c6fd5ab19e289.
59724 [e2f0affed90bb4580c88f6e4db7d5c6b] Task [rebalance0 (7/8)#0] INFO  rebalance0 (7/8)#0 (7c364d770be7fb6122304dc159ffb54f_25a6d73fce56b9559bed0247061e93e0_6_0) switched from CREATED to DEPLOYING.
59724 [e2f0affed90bb4580c88f6e4db7d5c6b] Task [rebalance0 (7/8)#0] INFO  Loading JAR files for task rebalance0 (7/8)#0 (7c364d770be7fb6122304dc159ffb54f_25a6d73fce56b9559bed0247061e93e0_6_0) [DEPLOYING].
59725 [e2f0affed90bb4580c88f6e4db7d5c6b] TaskExecutor [flink-pekko.actor.default-dispatcher-10] INFO  Received task upscale0 (11/14)#0 (7c364d770be7fb6122304dc159ffb54f_7559af08559a2c7079a359b85b7edab5_10_0), deploy into slot with allocation id 1f42d7178af8375c2b0f945a5371fdd5.
59725 [e2f0affed90bb4580c88f6e4db7d5c6b] StreamTask [upscale0 (2/14)#0] INFO  State backend is set to heap memory org.apache.flink.runtime.state.hashmap.HashMapStateBackend@7a3816ab
59725 [e2f0affed90bb4580c88f6e4db7d5c6b] StateBackendLoader [upscale0 (2/14)#0] INFO  State backend loader loads the state backend as HashMapStateBackend
59725 [e2f0affed90bb4580c88f6e4db7d5c6b] StreamTask [upscale0 (2/14)#0] INFO  Checkpoint storage is set to 'filesystem': (checkpoints "file:/var/folders/m8/q6f016tn6cl2cp86hfq331_w0000gp/T/junit-4734462783579597589/junit13986449793460021045")
59725 [e2f0affed90bb4580c88f6e4db7d5c6b] StateBackendLoader [global0 (7/7)#0] INFO  State backend is set to heap memory org.apache.flink.runtime.state.hashmap.HashMapStateBackend@c21c4c9
59725 [e2f0affed90bb4580c88f6e4db7d5c6b] TaskExecutor [flink-pekko.actor.default-dispatcher-8] INFO  Received task upscale0 (14/14)#0 (7c364d770be7fb6122304dc159ffb54f_7559af08559a2c7079a359b85b7edab5_13_0), deploy into slot with allocation id 732a0120709cb942c4e62ad515f71d27.
59725 [e2f0affed90bb4580c88f6e4db7d5c6b] Task [rebalance0 (2/8)#0] INFO  rebalance0 (2/8)#0 (7c364d770be7fb6122304dc159ffb54f_25a6d73fce56b9559bed0247061e93e0_1_0) switched from DEPLOYING to INITIALIZING.
59725 [e2f0affed90bb4580c88f6e4db7d5c6b] Task [upscale0 (1/14)#0] INFO  upscale0 (1/14)#0 (7c364d770be7fb6122304dc159ffb54f_7559af08559a2c7079a359b85b7edab5_0_0) switched from DEPLOYING to INITIALIZING.
59725 [e2f0affed90bb4580c88f6e4db7d5c6b] FileMergingSnapshotManager [upscale0 (2/14)#0] INFO  Created a directory file:/var/folders/m8/q6f016tn6cl2cp86hfq331_w0000gp/T/junit-4734462783579597589/junit13986449793460021045/e2f0affed90bb4580c88f6e4db7d5c6b/shared/job_e2f0affed90bb4580c88f6e4db7d5c6b_op_7559af08559a2c7079a359b85b7edab5_1_14 for checkpoint file-merging.
59725 [e2f0affed90bb4580c88f6e4db7d5c6b] TaskExecutor [flink-pekko.actor.default-dispatcher-9] INFO  Received task rebalance0 (8/8)#0 (7c364d770be7fb6122304dc159ffb54f_25a6d73fce56b9559bed0247061e93e0_7_0), deploy into slot with allocation id ad281a12c9fed243353c6fd5ab19e289.
59725 [e2f0affed90bb4580c88f6e4db7d5c6b] Task [upscale0 (2/14)#0] INFO  upscale0 (2/14)#0 (7c364d770be7fb6122304dc159ffb54f_7559af08559a2c7079a359b85b7edab5_1_0) switched from DEPLOYING to INITIALIZING.
59725 [e2f0affed90bb4580c88f6e4db7d5c6b] StateBackendLoader [rebalance0 (2/8)#0] INFO  State backend is set to heap memory org.apache.flink.runtime.state.hashmap.HashMapStateBackend@251ed9ce
59725 [e2f0affed90bb4580c88f6e4db7d5c6b] TaskSlotTableImpl [flink-pekko.actor.default-dispatcher-8] INFO  Activate slot 960d6db2c0ed9a8d8866c563b3cacbc8.
59725 [e2f0affed90bb4580c88f6e4db7d5c6b] Task [upscale0 (14/14)#0] INFO  upscale0 (14/14)#0 (7c364d770be7fb6122304dc159ffb54f_7559af08559a2c7079a359b85b7edab5_13_0) switched from CREATED to DEPLOYING.
59725 [e2f0affed90bb4580c88f6e4db7d5c6b] Task [upscale0 (14/14)#0] INFO  Loading JAR files for task upscale0 (14/14)#0 (7c364d770be7fb6122304dc159ffb54f_7559af08559a2c7079a359b85b7edab5_13_0) [DEPLOYING].
59725 [e2f0affed90bb4580c88f6e4db7d5c6b] Task [global0 (7/7)#0] INFO  global0 (7/7)#0 (7c364d770be7fb6122304dc159ffb54f_4eca6edb63b17eb77deb9de060a699d1_6_0) switched from INITIALIZING to RUNNING.
59725 [e2f0affed90bb4580c88f6e4db7d5c6b] StateBackendLoader [upscale0 (1/14)#0] INFO  State backend is set to heap memory org.apache.flink.runtime.state.hashmap.HashMapStateBackend@514485ad
59725 [e2f0affed90bb4580c88f6e4db7d5c6b] StateBackendLoader [upscale0 (2/14)#0] INFO  State backend is set to heap memory org.apache.flink.runtime.state.hashmap.HashMapStateBackend@474ade6
59725 [e2f0affed90bb4580c88f6e4db7d5c6b] StreamTask [rebalance0 (7/8)#0] INFO  State backend is set to heap memory org.apache.flink.runtime.state.hashmap.HashMapStateBackend@301f8904
59725 [e2f0affed90bb4580c88f6e4db7d5c6b] StateBackendLoader [rebalance0 (7/8)#0] INFO  State backend loader loads the state backend as HashMapStateBackend
59725 [e2f0affed90bb4580c88f6e4db7d5c6b] StreamTask [rebalance0 (7/8)#0] INFO  Checkpoint storage is set to 'filesystem': (checkpoints "file:/var/folders/m8/q6f016tn6cl2cp86hfq331_w0000gp/T/junit-4734462783579597589/junit13986449793460021045")
59725 [e2f0affed90bb4580c88f6e4db7d5c6b] TaskSlotTableImpl [flink-pekko.actor.default-dispatcher-10] INFO  Activate slot c440a366c7b1cd3b8396e4ab5e75b228.
59725 [e2f0affed90bb4580c88f6e4db7d5c6b] Task [upscale0 (11/14)#0] INFO  upscale0 (11/14)#0 (7c364d770be7fb6122304dc159ffb54f_7559af08559a2c7079a359b85b7edab5_10_0) switched from CREATED to DEPLOYING.
59725 [e2f0affed90bb4580c88f6e4db7d5c6b] Task [upscale0 (11/14)#0] INFO  Loading JAR files for task upscale0 (11/14)#0 (7c364d770be7fb6122304dc159ffb54f_7559af08559a2c7079a359b85b7edab5_10_0) [DEPLOYING].
59725 [e2f0affed90bb4580c88f6e4db7d5c6b] FileMergingSnapshotManager [rebalance0 (7/8)#0] INFO  Created a directory file:/var/folders/m8/q6f016tn6cl2cp86hfq331_w0000gp/T/junit-4734462783579597589/junit13986449793460021045/e2f0affed90bb4580c88f6e4db7d5c6b/shared/job_e2f0affed90bb4580c88f6e4db7d5c6b_op_25a6d73fce56b9559bed0247061e93e0_6_8 for checkpoint file-merging.
59725 [e2f0affed90bb4580c88f6e4db7d5c6b] StreamTask [upscale0 (13/14)#0] INFO  State backend is set to heap memory org.apache.flink.runtime.state.hashmap.HashMapStateBackend@db0cada
59725 [e2f0affed90bb4580c88f6e4db7d5c6b] Task [rebalance0 (7/8)#0] INFO  rebalance0 (7/8)#0 (7c364d770be7fb6122304dc159ffb54f_25a6d73fce56b9559bed0247061e93e0_6_0) switched from DEPLOYING to INITIALIZING.
59725 [e2f0affed90bb4580c88f6e4db7d5c6b] StateBackendLoader [upscale0 (13/14)#0] INFO  State backend loader loads the state backend as HashMapStateBackend
59725 [e2f0affed90bb4580c88f6e4db7d5c6b] TaskExecutor [flink-pekko.actor.default-dispatcher-8] INFO  Received task downscale0 (1/8)#0 (7c364d770be7fb6122304dc159ffb54f_579c351891399448b6165717925f2b21_0_0), deploy into slot with allocation id 960d6db2c0ed9a8d8866c563b3cacbc8.
59725 [e2f0affed90bb4580c88f6e4db7d5c6b] StreamTask [upscale0 (13/14)#0] INFO  Checkpoint storage is set to 'filesystem': (checkpoints "file:/var/folders/m8/q6f016tn6cl2cp86hfq331_w0000gp/T/junit-4734462783579597589/junit13986449793460021045")
59725 [e2f0affed90bb4580c88f6e4db7d5c6b] StreamTask [upscale0 (10/14)#0] INFO  State backend is set to heap memory org.apache.flink.runtime.state.hashmap.HashMapStateBackend@18fe0b47
59725 [e2f0affed90bb4580c88f6e4db7d5c6b] StateBackendLoader [upscale0 (10/14)#0] INFO  State backend loader loads the state backend as HashMapStateBackend
59725 [e2f0affed90bb4580c88f6e4db7d5c6b] StreamTask [upscale0 (10/14)#0] INFO  Checkpoint storage is set to 'filesystem': (checkpoints "file:/var/folders/m8/q6f016tn6cl2cp86hfq331_w0000gp/T/junit-4734462783579597589/junit13986449793460021045")
59725 [e2f0affed90bb4580c88f6e4db7d5c6b] StateBackendLoader [rebalance0 (7/8)#0] INFO  State backend is set to heap memory org.apache.flink.runtime.state.hashmap.HashMapStateBackend@6aac7cb1
59725 [e2f0affed90bb4580c88f6e4db7d5c6b] ExecutionGraph [flink-pekko.actor.default-dispatcher-6] INFO  Source: source0 -> input-filter0 -> input-counter0 (2/7) (7c364d770be7fb6122304dc159ffb54f_3e9b902627593008a6d790e9aeca7953_1_0) switched from INITIALIZING to RUNNING.
59725 [e2f0affed90bb4580c88f6e4db7d5c6b] FileMergingSnapshotManager [upscale0 (13/14)#0] INFO  Created a directory file:/var/folders/m8/q6f016tn6cl2cp86hfq331_w0000gp/T/junit-4734462783579597589/junit13986449793460021045/e2f0affed90bb4580c88f6e4db7d5c6b/shared/job_e2f0affed90bb4580c88f6e4db7d5c6b_op_7559af08559a2c7079a359b85b7edab5_12_14 for checkpoint file-merging.
59725 [e2f0affed90bb4580c88f6e4db7d5c6b] Task [upscale0 (13/14)#0] INFO  upscale0 (13/14)#0 (7c364d770be7fb6122304dc159ffb54f_7559af08559a2c7079a359b85b7edab5_12_0) switched from DEPLOYING to INITIALIZING.
59725 [e2f0affed90bb4580c88f6e4db7d5c6b] FileMergingSnapshotManager [upscale0 (10/14)#0] INFO  Created a directory file:/var/folders/m8/q6f016tn6cl2cp86hfq331_w0000gp/T/junit-4734462783579597589/junit13986449793460021045/e2f0affed90bb4580c88f6e4db7d5c6b/shared/job_e2f0affed90bb4580c88f6e4db7d5c6b_op_7559af08559a2c7079a359b85b7edab5_9_14 for checkpoint file-merging.
59725 [e2f0affed90bb4580c88f6e4db7d5c6b] StreamTask [upscale0 (9/14)#0] INFO  State backend is set to heap memory org.apache.flink.runtime.state.hashmap.HashMapStateBackend@7d98867e
59725 [e2f0affed90bb4580c88f6e4db7d5c6b] StateBackendLoader [upscale0 (9/14)#0] INFO  State backend loader loads the state backend as HashMapStateBackend
59725 [e2f0affed90bb4580c88f6e4db7d5c6b] StreamTask [upscale0 (9/14)#0] INFO  Checkpoint storage is set to 'filesystem': (checkpoints "file:/var/folders/m8/q6f016tn6cl2cp86hfq331_w0000gp/T/junit-4734462783579597589/junit13986449793460021045")
59725 [e2f0affed90bb4580c88f6e4db7d5c6b] Task [upscale0 (10/14)#0] INFO  upscale0 (10/14)#0 (7c364d770be7fb6122304dc159ffb54f_7559af08559a2c7079a359b85b7edab5_9_0) switched from DEPLOYING to INITIALIZING.
59725 [e2f0affed90bb4580c88f6e4db7d5c6b] TaskExecutor [flink-pekko.actor.default-dispatcher-10] INFO  Received task downscale0 (5/8)#0 (7c364d770be7fb6122304dc159ffb54f_579c351891399448b6165717925f2b21_4_0), deploy into slot with allocation id c440a366c7b1cd3b8396e4ab5e75b228.
59725 [e2f0affed90bb4580c88f6e4db7d5c6b] ExecutionGraph [flink-pekko.actor.default-dispatcher-6] INFO  rebalance0 (5/8) (7c364d770be7fb6122304dc159ffb54f_25a6d73fce56b9559bed0247061e93e0_4_0) switched from INITIALIZING to RUNNING.
59726 [e2f0affed90bb4580c88f6e4db7d5c6b] StateBackendLoader [upscale0 (13/14)#0] INFO  State backend is set to heap memory org.apache.flink.runtime.state.hashmap.HashMapStateBackend@3478783a
59726 [e2f0affed90bb4580c88f6e4db7d5c6b] FileMergingSnapshotManager [upscale0 (9/14)#0] INFO  Created a directory file:/var/folders/m8/q6f016tn6cl2cp86hfq331_w0000gp/T/junit-4734462783579597589/junit13986449793460021045/e2f0affed90bb4580c88f6e4db7d5c6b/shared/job_e2f0affed90bb4580c88f6e4db7d5c6b_op_7559af08559a2c7079a359b85b7edab5_8_14 for checkpoint file-merging.
59726 [e2f0affed90bb4580c88f6e4db7d5c6b] Task [upscale0 (9/14)#0] INFO  upscale0 (9/14)#0 (7c364d770be7fb6122304dc159ffb54f_7559af08559a2c7079a359b85b7edab5_8_0) switched from DEPLOYING to INITIALIZING.
59726 [e2f0affed90bb4580c88f6e4db7d5c6b] ExecutionGraph [flink-pekko.actor.default-dispatcher-6] INFO  global0 (5/7) (7c364d770be7fb6122304dc159ffb54f_4eca6edb63b17eb77deb9de060a699d1_4_0) switched from INITIALIZING to RUNNING.
59726 [e2f0affed90bb4580c88f6e4db7d5c6b] StateBackendLoader [upscale0 (10/14)#0] INFO  State backend is set to heap memory org.apache.flink.runtime.state.hashmap.HashMapStateBackend@32fb79a
59726 [e2f0affed90bb4580c88f6e4db7d5c6b] Task [rebalance0 (7/8)#0] INFO  rebalance0 (7/8)#0 (7c364d770be7fb6122304dc159ffb54f_25a6d73fce56b9559bed0247061e93e0_6_0) switched from INITIALIZING to RUNNING.
59726 [e2f0affed90bb4580c88f6e4db7d5c6b] StreamTask [upscale0 (11/14)#0] INFO  State backend is set to heap memory org.apache.flink.runtime.state.hashmap.HashMapStateBackend@611568fd
59726 [e2f0affed90bb4580c88f6e4db7d5c6b] StateBackendLoader [upscale0 (11/14)#0] INFO  State backend loader loads the state backend as HashMapStateBackend
59726 [e2f0affed90bb4580c88f6e4db7d5c6b] StreamTask [upscale0 (11/14)#0] INFO  Checkpoint storage is set to 'filesystem': (checkpoints "file:/var/folders/m8/q6f016tn6cl2cp86hfq331_w0000gp/T/junit-4734462783579597589/junit13986449793460021045")
59726 [e2f0affed90bb4580c88f6e4db7d5c6b] TaskSlotTableImpl [flink-pekko.actor.default-dispatcher-8] INFO  Activate slot e3f365d47d77b61351ce6d2e5f1629ce.
59726 [e2f0affed90bb4580c88f6e4db7d5c6b] StateBackendLoader [upscale0 (9/14)#0] INFO  State backend is set to heap memory org.apache.flink.runtime.state.hashmap.HashMapStateBackend@43736f0c
59726 [e2f0affed90bb4580c88f6e4db7d5c6b] Task [downscale0 (1/8)#0] INFO  downscale0 (1/8)#0 (7c364d770be7fb6122304dc159ffb54f_579c351891399448b6165717925f2b21_0_0) switched from CREATED to DEPLOYING.
59726 [e2f0affed90bb4580c88f6e4db7d5c6b] Task [downscale0 (1/8)#0] INFO  Loading JAR files for task downscale0 (1/8)#0 (7c364d770be7fb6122304dc159ffb54f_579c351891399448b6165717925f2b21_0_0) [DEPLOYING].
59726 [e2f0affed90bb4580c88f6e4db7d5c6b] FileMergingSnapshotManager [upscale0 (11/14)#0] INFO  Created a directory file:/var/folders/m8/q6f016tn6cl2cp86hfq331_w0000gp/T/junit-4734462783579597589/junit13986449793460021045/e2f0affed90bb4580c88f6e4db7d5c6b/shared/job_e2f0affed90bb4580c88f6e4db7d5c6b_op_7559af08559a2c7079a359b85b7edab5_10_14 for checkpoint file-merging.
59726 [e2f0affed90bb4580c88f6e4db7d5c6b] Task [upscale0 (11/14)#0] INFO  upscale0 (11/14)#0 (7c364d770be7fb6122304dc159ffb54f_7559af08559a2c7079a359b85b7edab5_10_0) switched from DEPLOYING to INITIALIZING.
59726 [e2f0affed90bb4580c88f6e4db7d5c6b] StreamTask [downscale0 (1/8)#0] INFO  State backend is set to heap memory org.apache.flink.runtime.state.hashmap.HashMapStateBackend@7fd6fa1c
59726 [e2f0affed90bb4580c88f6e4db7d5c6b] StateBackendLoader [downscale0 (1/8)#0] INFO  State backend loader loads the state backend as HashMapStateBackend
59726 [e2f0affed90bb4580c88f6e4db7d5c6b] StreamTask [downscale0 (1/8)#0] INFO  Checkpoint storage is set to 'filesystem': (checkpoints "file:/var/folders/m8/q6f016tn6cl2cp86hfq331_w0000gp/T/junit-4734462783579597589/junit13986449793460021045")
59726 [e2f0affed90bb4580c88f6e4db7d5c6b] StateBackendLoader [upscale0 (11/14)#0] INFO  State backend is set to heap memory org.apache.flink.runtime.state.hashmap.HashMapStateBackend@5f39c263
59726 [e2f0affed90bb4580c88f6e4db7d5c6b] FileMergingSnapshotManager [downscale0 (1/8)#0] INFO  Created a directory file:/var/folders/m8/q6f016tn6cl2cp86hfq331_w0000gp/T/junit-4734462783579597589/junit13986449793460021045/e2f0affed90bb4580c88f6e4db7d5c6b/shared/job_e2f0affed90bb4580c88f6e4db7d5c6b_op_579c351891399448b6165717925f2b21_0_8 for checkpoint file-merging.
59726 [e2f0affed90bb4580c88f6e4db7d5c6b] Task [downscale0 (1/8)#0] INFO  downscale0 (1/8)#0 (7c364d770be7fb6122304dc159ffb54f_579c351891399448b6165717925f2b21_0_0) switched from DEPLOYING to INITIALIZING.
59726 [e2f0affed90bb4580c88f6e4db7d5c6b] TaskExecutor [flink-pekko.actor.default-dispatcher-8] INFO  Received task downscale0 (2/8)#0 (7c364d770be7fb6122304dc159ffb54f_579c351891399448b6165717925f2b21_1_0), deploy into slot with allocation id e3f365d47d77b61351ce6d2e5f1629ce.
59726 [e2f0affed90bb4580c88f6e4db7d5c6b] StateBackendLoader [downscale0 (1/8)#0] INFO  State backend is set to heap memory org.apache.flink.runtime.state.hashmap.HashMapStateBackend@6462f269
59726 [e2f0affed90bb4580c88f6e4db7d5c6b] StreamTask [upscale0 (14/14)#0] INFO  State backend is set to heap memory org.apache.flink.runtime.state.hashmap.HashMapStateBackend@7a70b2a3
59726 [e2f0affed90bb4580c88f6e4db7d5c6b] StateBackendLoader [upscale0 (14/14)#0] INFO  State backend loader loads the state backend as HashMapStateBackend
59726 [e2f0affed90bb4580c88f6e4db7d5c6b] StreamTask [upscale0 (14/14)#0] INFO  Checkpoint storage is set to 'filesystem': (checkpoints "file:/var/folders/m8/q6f016tn6cl2cp86hfq331_w0000gp/T/junit-4734462783579597589/junit13986449793460021045")
59726 [e2f0affed90bb4580c88f6e4db7d5c6b] Task [upscale0 (2/14)#0] INFO  upscale0 (2/14)#0 (7c364d770be7fb6122304dc159ffb54f_7559af08559a2c7079a359b85b7edab5_1_0) switched from INITIALIZING to RUNNING.
59726 [e2f0affed90bb4580c88f6e4db7d5c6b] FileMergingSnapshotManager [upscale0 (14/14)#0] INFO  Created a directory file:/var/folders/m8/q6f016tn6cl2cp86hfq331_w0000gp/T/junit-4734462783579597589/junit13986449793460021045/e2f0affed90bb4580c88f6e4db7d5c6b/shared/job_e2f0affed90bb4580c88f6e4db7d5c6b_op_7559af08559a2c7079a359b85b7edab5_13_14 for checkpoint file-merging.
59726 [e2f0affed90bb4580c88f6e4db7d5c6b] Task [upscale0 (1/14)#0] INFO  upscale0 (1/14)#0 (7c364d770be7fb6122304dc159ffb54f_7559af08559a2c7079a359b85b7edab5_0_0) switched from INITIALIZING to RUNNING.
59726 [e2f0affed90bb4580c88f6e4db7d5c6b] Task [rebalance0 (2/8)#0] INFO  rebalance0 (2/8)#0 (7c364d770be7fb6122304dc159ffb54f_25a6d73fce56b9559bed0247061e93e0_1_0) switched from INITIALIZING to RUNNING.
59727 [e2f0affed90bb4580c88f6e4db7d5c6b] TaskSlotTableImpl [flink-pekko.actor.default-dispatcher-9] INFO  Activate slot f17d2f5ba332a9667507cf1e1c08ff16.
59727 [e2f0affed90bb4580c88f6e4db7d5c6b] Task [rebalance0 (8/8)#0] INFO  rebalance0 (8/8)#0 (7c364d770be7fb6122304dc159ffb54f_25a6d73fce56b9559bed0247061e93e0_7_0) switched from CREATED to DEPLOYING.
59727 [e2f0affed90bb4580c88f6e4db7d5c6b] Task [rebalance0 (8/8)#0] INFO  Loading JAR files for task rebalance0 (8/8)#0 (7c364d770be7fb6122304dc159ffb54f_25a6d73fce56b9559bed0247061e93e0_7_0) [DEPLOYING].
59727 [e2f0affed90bb4580c88f6e4db7d5c6b] Task [upscale0 (14/14)#0] INFO  upscale0 (14/14)#0 (7c364d770be7fb6122304dc159ffb54f_7559af08559a2c7079a359b85b7edab5_13_0) switched from DEPLOYING to INITIALIZING.
59727 [e2f0affed90bb4580c88f6e4db7d5c6b] TaskExecutor [flink-pekko.actor.default-dispatcher-9] INFO  Received task rebalance0 (4/8)#0 (7c364d770be7fb6122304dc159ffb54f_25a6d73fce56b9559bed0247061e93e0_3_0), deploy into slot with allocation id f17d2f5ba332a9667507cf1e1c08ff16.
59727 [e2f0affed90bb4580c88f6e4db7d5c6b] StateBackendLoader [upscale0 (14/14)#0] INFO  State backend is set to heap memory org.apache.flink.runtime.state.hashmap.HashMapStateBackend@79a9d02c
59727 [e2f0affed90bb4580c88f6e4db7d5c6b] Task [upscale0 (11/14)#0] INFO  upscale0 (11/14)#0 (7c364d770be7fb6122304dc159ffb54f_7559af08559a2c7079a359b85b7edab5_10_0) switched from INITIALIZING to RUNNING.
59727 [e2f0affed90bb4580c88f6e4db7d5c6b] Task [downscale0 (1/8)#0] INFO  downscale0 (1/8)#0 (7c364d770be7fb6122304dc159ffb54f_579c351891399448b6165717925f2b21_0_0) switched from INITIALIZING to RUNNING.
59727 [e2f0affed90bb4580c88f6e4db7d5c6b] TaskSlotTableImpl [flink-pekko.actor.default-dispatcher-8] INFO  Activate slot 960d6db2c0ed9a8d8866c563b3cacbc8.
59727 [e2f0affed90bb4580c88f6e4db7d5c6b] Task [downscale0 (2/8)#0] INFO  downscale0 (2/8)#0 (7c364d770be7fb6122304dc159ffb54f_579c351891399448b6165717925f2b21_1_0) switched from CREATED to DEPLOYING.
59727 [e2f0affed90bb4580c88f6e4db7d5c6b] Task [downscale0 (2/8)#0] INFO  Loading JAR files for task downscale0 (2/8)#0 (7c364d770be7fb6122304dc159ffb54f_579c351891399448b6165717925f2b21_1_0) [DEPLOYING].
59727 [e2f0affed90bb4580c88f6e4db7d5c6b] Task [upscale0 (9/14)#0] INFO  upscale0 (9/14)#0 (7c364d770be7fb6122304dc159ffb54f_7559af08559a2c7079a359b85b7edab5_8_0) switched from INITIALIZING to RUNNING.
59727 [e2f0affed90bb4580c88f6e4db7d5c6b] ExecutionGraph [flink-pekko.actor.default-dispatcher-6] INFO  Source: source0 -> input-filter0 -> input-counter0 (4/7) (7c364d770be7fb6122304dc159ffb54f_3e9b902627593008a6d790e9aeca7953_3_0) switched from INITIALIZING to RUNNING.
59727 [e2f0affed90bb4580c88f6e4db7d5c6b] Task [upscale0 (10/14)#0] INFO  upscale0 (10/14)#0 (7c364d770be7fb6122304dc159ffb54f_7559af08559a2c7079a359b85b7edab5_9_0) switched from INITIALIZING to RUNNING.
59727 [e2f0affed90bb4580c88f6e4db7d5c6b] TaskExecutor [flink-pekko.actor.default-dispatcher-8] INFO  Received task keyby0 (1/7)#0 (7c364d770be7fb6122304dc159ffb54f_e32648f4a493dd25fdd7d9c66c500390_0_0), deploy into slot with allocation id 960d6db2c0ed9a8d8866c563b3cacbc8.
59727 [e2f0affed90bb4580c88f6e4db7d5c6b] Task [upscale0 (13/14)#0] INFO  upscale0 (13/14)#0 (7c364d770be7fb6122304dc159ffb54f_7559af08559a2c7079a359b85b7edab5_12_0) switched from INITIALIZING to RUNNING.
59727 [e2f0affed90bb4580c88f6e4db7d5c6b] TaskSlotTableImpl [flink-pekko.actor.default-dispatcher-10] INFO  Activate slot 090217d5aa192c280da8a8d32136ccb4.
59727 [e2f0affed90bb4580c88f6e4db7d5c6b] Task [downscale0 (5/8)#0] INFO  downscale0 (5/8)#0 (7c364d770be7fb6122304dc159ffb54f_579c351891399448b6165717925f2b21_4_0) switched from CREATED to DEPLOYING.
59727 [e2f0affed90bb4580c88f6e4db7d5c6b] Task [downscale0 (5/8)#0] INFO  Loading JAR files for task downscale0 (5/8)#0 (7c364d770be7fb6122304dc159ffb54f_579c351891399448b6165717925f2b21_4_0) [DEPLOYING].
59727 [e2f0affed90bb4580c88f6e4db7d5c6b] TaskSlotTableImpl [flink-pekko.actor.default-dispatcher-8] INFO  Activate slot e3f365d47d77b61351ce6d2e5f1629ce.
59727 [e2f0affed90bb4580c88f6e4db7d5c6b] Task [keyby0 (1/7)#0] INFO  keyby0 (1/7)#0 (7c364d770be7fb6122304dc159ffb54f_e32648f4a493dd25fdd7d9c66c500390_0_0) switched from CREATED to DEPLOYING.
59727 [e2f0affed90bb4580c88f6e4db7d5c6b] Task [keyby0 (1/7)#0] INFO  Loading JAR files for task keyby0 (1/7)#0 (7c364d770be7fb6122304dc159ffb54f_e32648f4a493dd25fdd7d9c66c500390_0_0) [DEPLOYING].
59728 [e2f0affed90bb4580c88f6e4db7d5c6b] ExecutionGraph [flink-pekko.actor.default-dispatcher-6] INFO  global0 (3/7) (7c364d770be7fb6122304dc159ffb54f_4eca6edb63b17eb77deb9de060a699d1_2_0) switched from INITIALIZING to RUNNING.
59728 [e2f0affed90bb4580c88f6e4db7d5c6b] StreamTask [keyby0 (1/7)#0] INFO  State backend is set to heap memory org.apache.flink.runtime.state.hashmap.HashMapStateBackend@3b9e8322
59728 [e2f0affed90bb4580c88f6e4db7d5c6b] StateBackendLoader [keyby0 (1/7)#0] INFO  State backend loader loads the state backend as HashMapStateBackend
59728 [e2f0affed90bb4580c88f6e4db7d5c6b] StreamTask [keyby0 (1/7)#0] INFO  Checkpoint storage is set to 'filesystem': (checkpoints "file:/var/folders/m8/q6f016tn6cl2cp86hfq331_w0000gp/T/junit-4734462783579597589/junit13986449793460021045")
59728 [e2f0affed90bb4580c88f6e4db7d5c6b] StreamTask [downscale0 (2/8)#0] INFO  State backend is set to heap memory org.apache.flink.runtime.state.hashmap.HashMapStateBackend@552d3f0b
59728 [e2f0affed90bb4580c88f6e4db7d5c6b] StateBackendLoader [downscale0 (2/8)#0] INFO  State backend loader loads the state backend as HashMapStateBackend
59728 [e2f0affed90bb4580c88f6e4db7d5c6b] StreamTask [downscale0 (2/8)#0] INFO  Checkpoint storage is set to 'filesystem': (checkpoints "file:/var/folders/m8/q6f016tn6cl2cp86hfq331_w0000gp/T/junit-4734462783579597589/junit13986449793460021045")
59728 [e2f0affed90bb4580c88f6e4db7d5c6b] TaskExecutor [flink-pekko.actor.default-dispatcher-10] INFO  Received task downscale0 (6/8)#0 (7c364d770be7fb6122304dc159ffb54f_579c351891399448b6165717925f2b21_5_0), deploy into slot with allocation id 090217d5aa192c280da8a8d32136ccb4.
59728 [e2f0affed90bb4580c88f6e4db7d5c6b] TaskExecutor [flink-pekko.actor.default-dispatcher-8] INFO  Received task keyby0 (2/7)#0 (7c364d770be7fb6122304dc159ffb54f_e32648f4a493dd25fdd7d9c66c500390_1_0), deploy into slot with allocation id e3f365d47d77b61351ce6d2e5f1629ce.
59728 [e2f0affed90bb4580c88f6e4db7d5c6b] FileMergingSnapshotManager [keyby0 (1/7)#0] INFO  Created a directory file:/var/folders/m8/q6f016tn6cl2cp86hfq331_w0000gp/T/junit-4734462783579597589/junit13986449793460021045/e2f0affed90bb4580c88f6e4db7d5c6b/shared/job_e2f0affed90bb4580c88f6e4db7d5c6b_op_e32648f4a493dd25fdd7d9c66c500390_0_7 for checkpoint file-merging.
59728 [e2f0affed90bb4580c88f6e4db7d5c6b] FileMergingSnapshotManager [downscale0 (2/8)#0] INFO  Created a directory file:/var/folders/m8/q6f016tn6cl2cp86hfq331_w0000gp/T/junit-4734462783579597589/junit13986449793460021045/e2f0affed90bb4580c88f6e4db7d5c6b/shared/job_e2f0affed90bb4580c88f6e4db7d5c6b_op_579c351891399448b6165717925f2b21_1_8 for checkpoint file-merging.
59728 [e2f0affed90bb4580c88f6e4db7d5c6b] Task [keyby0 (1/7)#0] INFO  keyby0 (1/7)#0 (7c364d770be7fb6122304dc159ffb54f_e32648f4a493dd25fdd7d9c66c500390_0_0) switched from DEPLOYING to INITIALIZING.
59728 [e2f0affed90bb4580c88f6e4db7d5c6b] Task [downscale0 (2/8)#0] INFO  downscale0 (2/8)#0 (7c364d770be7fb6122304dc159ffb54f_579c351891399448b6165717925f2b21_1_0) switched from DEPLOYING to INITIALIZING.
59728 [e2f0affed90bb4580c88f6e4db7d5c6b] Task [upscale0 (14/14)#0] INFO  upscale0 (14/14)#0 (7c364d770be7fb6122304dc159ffb54f_7559af08559a2c7079a359b85b7edab5_13_0) switched from INITIALIZING to RUNNING.
59728 [e2f0affed90bb4580c88f6e4db7d5c6b] TaskSlotTableImpl [flink-pekko.actor.default-dispatcher-9] INFO  Activate slot 738d40efd47b62e7177e81efe55667b7.
59728 [e2f0affed90bb4580c88f6e4db7d5c6b] Task [rebalance0 (4/8)#0] INFO  rebalance0 (4/8)#0 (7c364d770be7fb6122304dc159ffb54f_25a6d73fce56b9559bed0247061e93e0_3_0) switched from CREATED to DEPLOYING.
59728 [e2f0affed90bb4580c88f6e4db7d5c6b] Task [rebalance0 (4/8)#0] INFO  Loading JAR files for task rebalance0 (4/8)#0 (7c364d770be7fb6122304dc159ffb54f_25a6d73fce56b9559bed0247061e93e0_3_0) [DEPLOYING].
59728 [e2f0affed90bb4580c88f6e4db7d5c6b] StateBackendLoader [downscale0 (2/8)#0] INFO  State backend is set to heap memory org.apache.flink.runtime.state.hashmap.HashMapStateBackend@168322ac
59728 [e2f0affed90bb4580c88f6e4db7d5c6b] StreamTask [rebalance0 (8/8)#0] INFO  State backend is set to heap memory org.apache.flink.runtime.state.hashmap.HashMapStateBackend@23daf8c0
59728 [e2f0affed90bb4580c88f6e4db7d5c6b] StateBackendLoader [keyby0 (1/7)#0] INFO  State backend is set to heap memory org.apache.flink.runtime.state.hashmap.HashMapStateBackend@688c6006
59728 [e2f0affed90bb4580c88f6e4db7d5c6b] StateBackendLoader [rebalance0 (8/8)#0] INFO  State backend loader loads the state backend as HashMapStateBackend
59728 [e2f0affed90bb4580c88f6e4db7d5c6b] StreamTask [rebalance0 (8/8)#0] INFO  Checkpoint storage is set to 'filesystem': (checkpoints "file:/var/folders/m8/q6f016tn6cl2cp86hfq331_w0000gp/T/junit-4734462783579597589/junit13986449793460021045")
59728 [e2f0affed90bb4580c88f6e4db7d5c6b] HeapKeyedStateBackendBuilder [keyby0 (1/7)#0] INFO  Finished to build heap keyed state-backend.
59728 [e2f0affed90bb4580c88f6e4db7d5c6b] StreamTask [rebalance0 (4/8)#0] INFO  State backend is set to heap memory org.apache.flink.runtime.state.hashmap.HashMapStateBackend@185d590c
59728 [e2f0affed90bb4580c88f6e4db7d5c6b] StateBackendLoader [rebalance0 (4/8)#0] INFO  State backend loader loads the state backend as HashMapStateBackend
59728 [e2f0affed90bb4580c88f6e4db7d5c6b] HeapKeyedStateBackend [keyby0 (1/7)#0] INFO  Initializing heap keyed state backend with stream factory.
59728 [e2f0affed90bb4580c88f6e4db7d5c6b] StreamTask [rebalance0 (4/8)#0] INFO  Checkpoint storage is set to 'filesystem': (checkpoints "file:/var/folders/m8/q6f016tn6cl2cp86hfq331_w0000gp/T/junit-4734462783579597589/junit13986449793460021045")
59728 [e2f0affed90bb4580c88f6e4db7d5c6b] FileMergingSnapshotManager [rebalance0 (8/8)#0] INFO  Created a directory file:/var/folders/m8/q6f016tn6cl2cp86hfq331_w0000gp/T/junit-4734462783579597589/junit13986449793460021045/e2f0affed90bb4580c88f6e4db7d5c6b/shared/job_e2f0affed90bb4580c88f6e4db7d5c6b_op_25a6d73fce56b9559bed0247061e93e0_7_8 for checkpoint file-merging.
59728 [e2f0affed90bb4580c88f6e4db7d5c6b] Task [rebalance0 (8/8)#0] INFO  rebalance0 (8/8)#0 (7c364d770be7fb6122304dc159ffb54f_25a6d73fce56b9559bed0247061e93e0_7_0) switched from DEPLOYING to INITIALIZING.
59728 [e2f0affed90bb4580c88f6e4db7d5c6b] Task [downscale0 (2/8)#0] INFO  downscale0 (2/8)#0 (7c364d770be7fb6122304dc159ffb54f_579c351891399448b6165717925f2b21_1_0) switched from INITIALIZING to RUNNING.
59728 [e2f0affed90bb4580c88f6e4db7d5c6b] FileMergingSnapshotManager [rebalance0 (4/8)#0] INFO  Created a directory file:/var/folders/m8/q6f016tn6cl2cp86hfq331_w0000gp/T/junit-4734462783579597589/junit13986449793460021045/e2f0affed90bb4580c88f6e4db7d5c6b/shared/job_e2f0affed90bb4580c88f6e4db7d5c6b_op_25a6d73fce56b9559bed0247061e93e0_3_8 for checkpoint file-merging.
59728 [e2f0affed90bb4580c88f6e4db7d5c6b] TaskExecutor [flink-pekko.actor.default-dispatcher-9] INFO  Received task rebalance0 (3/8)#0 (7c364d770be7fb6122304dc159ffb54f_25a6d73fce56b9559bed0247061e93e0_2_0), deploy into slot with allocation id 738d40efd47b62e7177e81efe55667b7.
59728 [e2f0affed90bb4580c88f6e4db7d5c6b] Task [rebalance0 (4/8)#0] INFO  rebalance0 (4/8)#0 (7c364d770be7fb6122304dc159ffb54f_25a6d73fce56b9559bed0247061e93e0_3_0) switched from DEPLOYING to INITIALIZING.
59728 [e2f0affed90bb4580c88f6e4db7d5c6b] TaskSlotTableImpl [flink-pekko.actor.default-dispatcher-8] INFO  Activate slot 960d6db2c0ed9a8d8866c563b3cacbc8.
59728 [e2f0affed90bb4580c88f6e4db7d5c6b] StateBackendLoader [rebalance0 (8/8)#0] INFO  State backend is set to heap memory org.apache.flink.runtime.state.hashmap.HashMapStateBackend@5dbb7b88
59728 [e2f0affed90bb4580c88f6e4db7d5c6b] StateBackendLoader [rebalance0 (4/8)#0] INFO  State backend is set to heap memory org.apache.flink.runtime.state.hashmap.HashMapStateBackend@44667695
59728 [e2f0affed90bb4580c88f6e4db7d5c6b] Task [keyby0 (2/7)#0] INFO  keyby0 (2/7)#0 (7c364d770be7fb6122304dc159ffb54f_e32648f4a493dd25fdd7d9c66c500390_1_0) switched from CREATED to DEPLOYING.
59728 [e2f0affed90bb4580c88f6e4db7d5c6b] Task [keyby0 (2/7)#0] INFO  Loading JAR files for task keyby0 (2/7)#0 (7c364d770be7fb6122304dc159ffb54f_e32648f4a493dd25fdd7d9c66c500390_1_0) [DEPLOYING].
59728 [e2f0affed90bb4580c88f6e4db7d5c6b] TaskSlotTableImpl [flink-pekko.actor.default-dispatcher-10] INFO  Activate slot c440a366c7b1cd3b8396e4ab5e75b228.
59728 [e2f0affed90bb4580c88f6e4db7d5c6b] Task [downscale0 (6/8)#0] INFO  downscale0 (6/8)#0 (7c364d770be7fb6122304dc159ffb54f_579c351891399448b6165717925f2b21_5_0) switched from CREATED to DEPLOYING.
59728 [e2f0affed90bb4580c88f6e4db7d5c6b] Task [downscale0 (6/8)#0] INFO  Loading JAR files for task downscale0 (6/8)#0 (7c364d770be7fb6122304dc159ffb54f_579c351891399448b6165717925f2b21_5_0) [DEPLOYING].
59729 [e2f0affed90bb4580c88f6e4db7d5c6b] StreamTask [keyby0 (2/7)#0] INFO  State backend is set to heap memory org.apache.flink.runtime.state.hashmap.HashMapStateBackend@1218f4e0
59729 [e2f0affed90bb4580c88f6e4db7d5c6b] StateBackendLoader [keyby0 (2/7)#0] INFO  State backend loader loads the state backend as HashMapStateBackend
59729 [e2f0affed90bb4580c88f6e4db7d5c6b] StreamTask [keyby0 (2/7)#0] INFO  Checkpoint storage is set to 'filesystem': (checkpoints "file:/var/folders/m8/q6f016tn6cl2cp86hfq331_w0000gp/T/junit-4734462783579597589/junit13986449793460021045")
59729 [e2f0affed90bb4580c88f6e4db7d5c6b] TaskExecutor [flink-pekko.actor.default-dispatcher-8] INFO  Received task rescale0 (1/10)#0 (7c364d770be7fb6122304dc159ffb54f_7b4c6fe4c6df355e1ed86e978ba4a96e_0_0), deploy into slot with allocation id 960d6db2c0ed9a8d8866c563b3cacbc8.
59729 [e2f0affed90bb4580c88f6e4db7d5c6b] ExecutionGraph [flink-pekko.actor.default-dispatcher-6] INFO  upscale0 (5/14) (7c364d770be7fb6122304dc159ffb54f_7559af08559a2c7079a359b85b7edab5_4_0) switched from INITIALIZING to RUNNING.
59729 [e2f0affed90bb4580c88f6e4db7d5c6b] StreamTask [downscale0 (5/8)#0] INFO  State backend is set to heap memory org.apache.flink.runtime.state.hashmap.HashMapStateBackend@7fbbb817
59729 [e2f0affed90bb4580c88f6e4db7d5c6b] StateBackendLoader [downscale0 (5/8)#0] INFO  State backend loader loads the state backend as HashMapStateBackend
59729 [e2f0affed90bb4580c88f6e4db7d5c6b] StreamTask [downscale0 (5/8)#0] INFO  Checkpoint storage is set to 'filesystem': (checkpoints "file:/var/folders/m8/q6f016tn6cl2cp86hfq331_w0000gp/T/junit-4734462783579597589/junit13986449793460021045")
59729 [e2f0affed90bb4580c88f6e4db7d5c6b] FileMergingSnapshotManager [keyby0 (2/7)#0] INFO  Created a directory file:/var/folders/m8/q6f016tn6cl2cp86hfq331_w0000gp/T/junit-4734462783579597589/junit13986449793460021045/e2f0affed90bb4580c88f6e4db7d5c6b/shared/job_e2f0affed90bb4580c88f6e4db7d5c6b_op_e32648f4a493dd25fdd7d9c66c500390_1_7 for checkpoint file-merging.
59729 [e2f0affed90bb4580c88f6e4db7d5c6b] Task [keyby0 (2/7)#0] INFO  keyby0 (2/7)#0 (7c364d770be7fb6122304dc159ffb54f_e32648f4a493dd25fdd7d9c66c500390_1_0) switched from DEPLOYING to INITIALIZING.
59729 [e2f0affed90bb4580c88f6e4db7d5c6b] ExecutionGraph [flink-pekko.actor.default-dispatcher-6] INFO  Source: source0 -> input-filter0 -> input-counter0 (5/7) (7c364d770be7fb6122304dc159ffb54f_3e9b902627593008a6d790e9aeca7953_4_0) switched from INITIALIZING to RUNNING.
59729 [e2f0affed90bb4580c88f6e4db7d5c6b] ExecutionGraph [flink-pekko.actor.default-dispatcher-6] INFO  upscale0 (6/14) (7c364d770be7fb6122304dc159ffb54f_7559af08559a2c7079a359b85b7edab5_5_0) switched from DEPLOYING to INITIALIZING.
59729 [e2f0affed90bb4580c88f6e4db7d5c6b] ExecutionGraph [flink-pekko.actor.default-dispatcher-6] INFO  rebalance0 (1/8) (7c364d770be7fb6122304dc159ffb54f_25a6d73fce56b9559bed0247061e93e0_0_0) switched from INITIALIZING to RUNNING.
59729 [e2f0affed90bb4580c88f6e4db7d5c6b] TaskExecutor [flink-pekko.actor.default-dispatcher-10] INFO  Received task keyby0 (5/7)#0 (7c364d770be7fb6122304dc159ffb54f_e32648f4a493dd25fdd7d9c66c500390_4_0), deploy into slot with allocation id c440a366c7b1cd3b8396e4ab5e75b228.
59729 [e2f0affed90bb4580c88f6e4db7d5c6b] FileMergingSnapshotManager [downscale0 (5/8)#0] INFO  Created a directory file:/var/folders/m8/q6f016tn6cl2cp86hfq331_w0000gp/T/junit-4734462783579597589/junit13986449793460021045/e2f0affed90bb4580c88f6e4db7d5c6b/shared/job_e2f0affed90bb4580c88f6e4db7d5c6b_op_579c351891399448b6165717925f2b21_4_8 for checkpoint file-merging.
59729 [e2f0affed90bb4580c88f6e4db7d5c6b] ExecutionGraph [flink-pekko.actor.default-dispatcher-6] INFO  Source: source0 -> input-filter0 -> input-counter0 (6/7) (7c364d770be7fb6122304dc159ffb54f_3e9b902627593008a6d790e9aeca7953_5_0) switched from INITIALIZING to RUNNING.
59729 [e2f0affed90bb4580c88f6e4db7d5c6b] StreamTask [downscale0 (6/8)#0] INFO  State backend is set to heap memory org.apache.flink.runtime.state.hashmap.HashMapStateBackend@29beec30
59729 [e2f0affed90bb4580c88f6e4db7d5c6b] StateBackendLoader [downscale0 (6/8)#0] INFO  State backend loader loads the state backend as HashMapStateBackend
59729 [e2f0affed90bb4580c88f6e4db7d5c6b] ExecutionGraph [flink-pekko.actor.default-dispatcher-6] INFO  rebalance0 (6/8) (7c364d770be7fb6122304dc159ffb54f_25a6d73fce56b9559bed0247061e93e0_5_0) switched from INITIALIZING to RUNNING.
59729 [e2f0affed90bb4580c88f6e4db7d5c6b] StreamTask [downscale0 (6/8)#0] INFO  Checkpoint storage is set to 'filesystem': (checkpoints "file:/var/folders/m8/q6f016tn6cl2cp86hfq331_w0000gp/T/junit-4734462783579597589/junit13986449793460021045")
59729 [e2f0affed90bb4580c88f6e4db7d5c6b] ExecutionGraph [flink-pekko.actor.default-dispatcher-6] INFO  Source: source0 -> input-filter0 -> input-counter0 (7/7) (7c364d770be7fb6122304dc159ffb54f_3e9b902627593008a6d790e9aeca7953_6_0) switched from INITIALIZING to RUNNING.
59729 [e2f0affed90bb4580c88f6e4db7d5c6b] Task [downscale0 (5/8)#0] INFO  downscale0 (5/8)#0 (7c364d770be7fb6122304dc159ffb54f_579c351891399448b6165717925f2b21_4_0) switched from DEPLOYING to INITIALIZING.
59729 [e2f0affed90bb4580c88f6e4db7d5c6b] ExecutionGraph [flink-pekko.actor.default-dispatcher-6] INFO  global0 (2/7) (7c364d770be7fb6122304dc159ffb54f_4eca6edb63b17eb77deb9de060a699d1_1_0) switched from INITIALIZING to RUNNING.
59729 [e2f0affed90bb4580c88f6e4db7d5c6b] ExecutionGraph [flink-pekko.actor.default-dispatcher-6] INFO  global0 (4/7) (7c364d770be7fb6122304dc159ffb54f_4eca6edb63b17eb77deb9de060a699d1_3_0) switched from INITIALIZING to RUNNING.
59729 [e2f0affed90bb4580c88f6e4db7d5c6b] ExecutionGraph [flink-pekko.actor.default-dispatcher-6] INFO  upscale0 (6/14) (7c364d770be7fb6122304dc159ffb54f_7559af08559a2c7079a359b85b7edab5_5_0) switched from INITIALIZING to RUNNING.
59729 [e2f0affed90bb4580c88f6e4db7d5c6b] StateBackendLoader [keyby0 (2/7)#0] INFO  State backend is set to heap memory org.apache.flink.runtime.state.hashmap.HashMapStateBackend@5196a4e6
59729 [e2f0affed90bb4580c88f6e4db7d5c6b] HeapKeyedStateBackendBuilder [keyby0 (2/7)#0] INFO  Finished to build heap keyed state-backend.
59729 [e2f0affed90bb4580c88f6e4db7d5c6b] FileMergingSnapshotManager [downscale0 (6/8)#0] INFO  Created a directory file:/var/folders/m8/q6f016tn6cl2cp86hfq331_w0000gp/T/junit-4734462783579597589/junit13986449793460021045/e2f0affed90bb4580c88f6e4db7d5c6b/shared/job_e2f0affed90bb4580c88f6e4db7d5c6b_op_579c351891399448b6165717925f2b21_5_8 for checkpoint file-merging.
59729 [e2f0affed90bb4580c88f6e4db7d5c6b] HeapKeyedStateBackend [keyby0 (2/7)#0] INFO  Initializing heap keyed state backend with stream factory.
59729 [e2f0affed90bb4580c88f6e4db7d5c6b] Task [rescale0 (1/10)#0] INFO  rescale0 (1/10)#0 (7c364d770be7fb6122304dc159ffb54f_7b4c6fe4c6df355e1ed86e978ba4a96e_0_0) switched from CREATED to DEPLOYING.
59729 [e2f0affed90bb4580c88f6e4db7d5c6b] Task [downscale0 (6/8)#0] INFO  downscale0 (6/8)#0 (7c364d770be7fb6122304dc159ffb54f_579c351891399448b6165717925f2b21_5_0) switched from DEPLOYING to INITIALIZING.
59729 [e2f0affed90bb4580c88f6e4db7d5c6b] ExecutionGraph [flink-pekko.actor.default-dispatcher-6] INFO  global0 (7/7) (7c364d770be7fb6122304dc159ffb54f_4eca6edb63b17eb77deb9de060a699d1_6_0) switched from DEPLOYING to INITIALIZING.
59729 [e2f0affed90bb4580c88f6e4db7d5c6b] ExecutionGraph [flink-pekko.actor.default-dispatcher-6] INFO  rebalance0 (2/8) (7c364d770be7fb6122304dc159ffb54f_25a6d73fce56b9559bed0247061e93e0_1_0) switched from DEPLOYING to INITIALIZING.
59729 [e2f0affed90bb4580c88f6e4db7d5c6b] Task [rescale0 (1/10)#0] INFO  Loading JAR files for task rescale0 (1/10)#0 (7c364d770be7fb6122304dc159ffb54f_7b4c6fe4c6df355e1ed86e978ba4a96e_0_0) [DEPLOYING].
59729 [e2f0affed90bb4580c88f6e4db7d5c6b] ExecutionGraph [flink-pekko.actor.default-dispatcher-6] INFO  upscale0 (1/14) (7c364d770be7fb6122304dc159ffb54f_7559af08559a2c7079a359b85b7edab5_0_0) switched from DEPLOYING to INITIALIZING.
59729 [e2f0affed90bb4580c88f6e4db7d5c6b] ExecutionGraph [flink-pekko.actor.default-dispatcher-6] INFO  upscale0 (2/14) (7c364d770be7fb6122304dc159ffb54f_7559af08559a2c7079a359b85b7edab5_1_0) switched from DEPLOYING to INITIALIZING.
59729 [e2f0affed90bb4580c88f6e4db7d5c6b] ExecutionGraph [flink-pekko.actor.default-dispatcher-6] INFO  global0 (7/7) (7c364d770be7fb6122304dc159ffb54f_4eca6edb63b17eb77deb9de060a699d1_6_0) switched from INITIALIZING to RUNNING.
59729 [e2f0affed90bb4580c88f6e4db7d5c6b] ExecutionGraph [flink-pekko.actor.default-dispatcher-6] INFO  rebalance0 (7/8) (7c364d770be7fb6122304dc159ffb54f_25a6d73fce56b9559bed0247061e93e0_6_0) switched from DEPLOYING to INITIALIZING.
59729 [e2f0affed90bb4580c88f6e4db7d5c6b] ExecutionGraph [flink-pekko.actor.default-dispatcher-6] INFO  upscale0 (13/14) (7c364d770be7fb6122304dc159ffb54f_7559af08559a2c7079a359b85b7edab5_12_0) switched from DEPLOYING to INITIALIZING.
59729 [e2f0affed90bb4580c88f6e4db7d5c6b] ExecutionGraph [flink-pekko.actor.default-dispatcher-6] INFO  upscale0 (10/14) (7c364d770be7fb6122304dc159ffb54f_7559af08559a2c7079a359b85b7edab5_9_0) switched from DEPLOYING to INITIALIZING.
59729 [e2f0affed90bb4580c88f6e4db7d5c6b] ExecutionGraph [flink-pekko.actor.default-dispatcher-6] INFO  upscale0 (9/14) (7c364d770be7fb6122304dc159ffb54f_7559af08559a2c7079a359b85b7edab5_8_0) switched from DEPLOYING to INITIALIZING.
59729 [e2f0affed90bb4580c88f6e4db7d5c6b] StateBackendLoader [downscale0 (5/8)#0] INFO  State backend is set to heap memory org.apache.flink.runtime.state.hashmap.HashMapStateBackend@5345c43d
59729 [e2f0affed90bb4580c88f6e4db7d5c6b] ExecutionGraph [flink-pekko.actor.default-dispatcher-6] INFO  rebalance0 (7/8) (7c364d770be7fb6122304dc159ffb54f_25a6d73fce56b9559bed0247061e93e0_6_0) switched from INITIALIZING to RUNNING.
59729 [e2f0affed90bb4580c88f6e4db7d5c6b] ExecutionGraph [flink-pekko.actor.default-dispatcher-6] INFO  upscale0 (11/14) (7c364d770be7fb6122304dc159ffb54f_7559af08559a2c7079a359b85b7edab5_10_0) switched from DEPLOYING to INITIALIZING.
59729 [e2f0affed90bb4580c88f6e4db7d5c6b] ExecutionGraph [flink-pekko.actor.default-dispatcher-6] INFO  downscale0 (1/8) (7c364d770be7fb6122304dc159ffb54f_579c351891399448b6165717925f2b21_0_0) switched from DEPLOYING to INITIALIZING.
59729 [e2f0affed90bb4580c88f6e4db7d5c6b] ExecutionGraph [flink-pekko.actor.default-dispatcher-6] INFO  upscale0 (2/14) (7c364d770be7fb6122304dc159ffb54f_7559af08559a2c7079a359b85b7edab5_1_0) switched from INITIALIZING to RUNNING.
59729 [e2f0affed90bb4580c88f6e4db7d5c6b] ExecutionGraph [flink-pekko.actor.default-dispatcher-6] INFO  upscale0 (1/14) (7c364d770be7fb6122304dc159ffb54f_7559af08559a2c7079a359b85b7edab5_0_0) switched from INITIALIZING to RUNNING.
59729 [e2f0affed90bb4580c88f6e4db7d5c6b] ExecutionGraph [flink-pekko.actor.default-dispatcher-6] INFO  rebalance0 (2/8) (7c364d770be7fb6122304dc159ffb54f_25a6d73fce56b9559bed0247061e93e0_1_0) switched from INITIALIZING to RUNNING.
59729 [e2f0affed90bb4580c88f6e4db7d5c6b] ExecutionGraph [flink-pekko.actor.default-dispatcher-6] INFO  upscale0 (14/14) (7c364d770be7fb6122304dc159ffb54f_7559af08559a2c7079a359b85b7edab5_13_0) switched from DEPLOYING to INITIALIZING.
59729 [e2f0affed90bb4580c88f6e4db7d5c6b] TaskSlotTableImpl [flink-pekko.actor.default-dispatcher-8] INFO  Activate slot e3f365d47d77b61351ce6d2e5f1629ce.
59729 [e2f0affed90bb4580c88f6e4db7d5c6b] ExecutionGraph [flink-pekko.actor.default-dispatcher-6] INFO  upscale0 (11/14) (7c364d770be7fb6122304dc159ffb54f_7559af08559a2c7079a359b85b7edab5_10_0) switched from INITIALIZING to RUNNING.
59729 [e2f0affed90bb4580c88f6e4db7d5c6b] ExecutionGraph [flink-pekko.actor.default-dispatcher-6] INFO  downscale0 (1/8) (7c364d770be7fb6122304dc159ffb54f_579c351891399448b6165717925f2b21_0_0) switched from INITIALIZING to RUNNING.
59729 [e2f0affed90bb4580c88f6e4db7d5c6b] ExecutionGraph [flink-pekko.actor.default-dispatcher-6] INFO  upscale0 (9/14) (7c364d770be7fb6122304dc159ffb54f_7559af08559a2c7079a359b85b7edab5_8_0) switched from INITIALIZING to RUNNING.
59729 [e2f0affed90bb4580c88f6e4db7d5c6b] ExecutionGraph [flink-pekko.actor.default-dispatcher-6] INFO  upscale0 (10/14) (7c364d770be7fb6122304dc159ffb54f_7559af08559a2c7079a359b85b7edab5_9_0) switched from INITIALIZING to RUNNING.
59729 [e2f0affed90bb4580c88f6e4db7d5c6b] ExecutionGraph [flink-pekko.actor.default-dispatcher-6] INFO  upscale0 (13/14) (7c364d770be7fb6122304dc159ffb54f_7559af08559a2c7079a359b85b7edab5_12_0) switched from INITIALIZING to RUNNING.
59729 [e2f0affed90bb4580c88f6e4db7d5c6b] ExecutionGraph [flink-pekko.actor.default-dispatcher-6] INFO  keyby0 (1/7) (7c364d770be7fb6122304dc159ffb54f_e32648f4a493dd25fdd7d9c66c500390_0_0) switched from DEPLOYING to INITIALIZING.
59729 [e2f0affed90bb4580c88f6e4db7d5c6b] ExecutionGraph [flink-pekko.actor.default-dispatcher-6] INFO  downscale0 (2/8) (7c364d770be7fb6122304dc159ffb54f_579c351891399448b6165717925f2b21_1_0) switched from DEPLOYING to INITIALIZING.
59729 [e2f0affed90bb4580c88f6e4db7d5c6b] Task [rebalance0 (8/8)#0] INFO  rebalance0 (8/8)#0 (7c364d770be7fb6122304dc159ffb54f_25a6d73fce56b9559bed0247061e93e0_7_0) switched from INITIALIZING to RUNNING.
59729 [e2f0affed90bb4580c88f6e4db7d5c6b] ExecutionGraph [flink-pekko.actor.default-dispatcher-6] INFO  upscale0 (14/14) (7c364d770be7fb6122304dc159ffb54f_7559af08559a2c7079a359b85b7edab5_13_0) switched from INITIALIZING to RUNNING.
59729 [e2f0affed90bb4580c88f6e4db7d5c6b] ExecutionGraph [flink-pekko.actor.default-dispatcher-6] INFO  rebalance0 (8/8) (7c364d770be7fb6122304dc159ffb54f_25a6d73fce56b9559bed0247061e93e0_7_0) switched from DEPLOYING to INITIALIZING.
59729 [e2f0affed90bb4580c88f6e4db7d5c6b] ExecutionGraph [flink-pekko.actor.default-dispatcher-6] INFO  downscale0 (2/8) (7c364d770be7fb6122304dc159ffb54f_579c351891399448b6165717925f2b21_1_0) switched from INITIALIZING to RUNNING.
59729 [e2f0affed90bb4580c88f6e4db7d5c6b] ExecutionGraph [flink-pekko.actor.default-dispatcher-6] INFO  rebalance0 (4/8) (7c364d770be7fb6122304dc159ffb54f_25a6d73fce56b9559bed0247061e93e0_3_0) switched from DEPLOYING to INITIALIZING.
59729 [e2f0affed90bb4580c88f6e4db7d5c6b] ExecutionGraph [flink-pekko.actor.default-dispatcher-6] INFO  keyby0 (2/7) (7c364d770be7fb6122304dc159ffb54f_e32648f4a493dd25fdd7d9c66c500390_1_0) switched from DEPLOYING to INITIALIZING.
59729 [e2f0affed90bb4580c88f6e4db7d5c6b] ExecutionGraph [flink-pekko.actor.default-dispatcher-6] INFO  downscale0 (5/8) (7c364d770be7fb6122304dc159ffb54f_579c351891399448b6165717925f2b21_4_0) switched from DEPLOYING to INITIALIZING.
59729 [e2f0affed90bb4580c88f6e4db7d5c6b] Task [rebalance0 (4/8)#0] INFO  rebalance0 (4/8)#0 (7c364d770be7fb6122304dc159ffb54f_25a6d73fce56b9559bed0247061e93e0_3_0) switched from INITIALIZING to RUNNING.
59729 [e2f0affed90bb4580c88f6e4db7d5c6b] ExecutionGraph [flink-pekko.actor.default-dispatcher-6] INFO  downscale0 (6/8) (7c364d770be7fb6122304dc159ffb54f_579c351891399448b6165717925f2b21_5_0) switched from DEPLOYING to INITIALIZING.
59729 [e2f0affed90bb4580c88f6e4db7d5c6b] StateBackendLoader [downscale0 (6/8)#0] INFO  State backend is set to heap memory org.apache.flink.runtime.state.hashmap.HashMapStateBackend@1a50548
59729 [e2f0affed90bb4580c88f6e4db7d5c6b] ExecutionGraph [flink-pekko.actor.default-dispatcher-6] INFO  rebalance0 (8/8) (7c364d770be7fb6122304dc159ffb54f_25a6d73fce56b9559bed0247061e93e0_7_0) switched from INITIALIZING to RUNNING.
59729 [e2f0affed90bb4580c88f6e4db7d5c6b] Task [downscale0 (5/8)#0] INFO  downscale0 (5/8)#0 (7c364d770be7fb6122304dc159ffb54f_579c351891399448b6165717925f2b21_4_0) switched from INITIALIZING to RUNNING.
59729 [e2f0affed90bb4580c88f6e4db7d5c6b] ExecutionGraph [flink-pekko.actor.default-dispatcher-6] INFO  rebalance0 (4/8) (7c364d770be7fb6122304dc159ffb54f_25a6d73fce56b9559bed0247061e93e0_3_0) switched from INITIALIZING to RUNNING.
59729 [e2f0affed90bb4580c88f6e4db7d5c6b] ExecutionGraph [flink-pekko.actor.default-dispatcher-6] INFO  downscale0 (5/8) (7c364d770be7fb6122304dc159ffb54f_579c351891399448b6165717925f2b21_4_0) switched from INITIALIZING to RUNNING.
59729 [e2f0affed90bb4580c88f6e4db7d5c6b] StreamTask [rescale0 (1/10)#0] INFO  State backend is set to heap memory org.apache.flink.runtime.state.hashmap.HashMapStateBackend@1bfa94e8
59729 [e2f0affed90bb4580c88f6e4db7d5c6b] StateBackendLoader [rescale0 (1/10)#0] INFO  State backend loader loads the state backend as HashMapStateBackend
59729 [e2f0affed90bb4580c88f6e4db7d5c6b] StreamTask [rescale0 (1/10)#0] INFO  Checkpoint storage is set to 'filesystem': (checkpoints "file:/var/folders/m8/q6f016tn6cl2cp86hfq331_w0000gp/T/junit-4734462783579597589/junit13986449793460021045")
59729 [e2f0affed90bb4580c88f6e4db7d5c6b] TaskSlotTableImpl [flink-pekko.actor.default-dispatcher-9] INFO  Activate slot 738d40efd47b62e7177e81efe55667b7.
59729 [e2f0affed90bb4580c88f6e4db7d5c6b] Task [rebalance0 (3/8)#0] INFO  rebalance0 (3/8)#0 (7c364d770be7fb6122304dc159ffb54f_25a6d73fce56b9559bed0247061e93e0_2_0) switched from CREATED to DEPLOYING.
59729 [e2f0affed90bb4580c88f6e4db7d5c6b] Task [rebalance0 (3/8)#0] INFO  Loading JAR files for task rebalance0 (3/8)#0 (7c364d770be7fb6122304dc159ffb54f_25a6d73fce56b9559bed0247061e93e0_2_0) [DEPLOYING].
59729 [e2f0affed90bb4580c88f6e4db7d5c6b] FileMergingSnapshotManager [rescale0 (1/10)#0] INFO  Created a directory file:/var/folders/m8/q6f016tn6cl2cp86hfq331_w0000gp/T/junit-4734462783579597589/junit13986449793460021045/e2f0affed90bb4580c88f6e4db7d5c6b/shared/job_e2f0affed90bb4580c88f6e4db7d5c6b_op_7b4c6fe4c6df355e1ed86e978ba4a96e_0_10 for checkpoint file-merging.
59729 [e2f0affed90bb4580c88f6e4db7d5c6b] TaskExecutor [flink-pekko.actor.default-dispatcher-8] INFO  Received task rescale0 (3/10)#0 (7c364d770be7fb6122304dc159ffb54f_7b4c6fe4c6df355e1ed86e978ba4a96e_2_0), deploy into slot with allocation id e3f365d47d77b61351ce6d2e5f1629ce.
59729 [e2f0affed90bb4580c88f6e4db7d5c6b] Task [rescale0 (1/10)#0] INFO  rescale0 (1/10)#0 (7c364d770be7fb6122304dc159ffb54f_7b4c6fe4c6df355e1ed86e978ba4a96e_0_0) switched from DEPLOYING to INITIALIZING.
59729 [e2f0affed90bb4580c88f6e4db7d5c6b] ExecutionGraph [flink-pekko.actor.default-dispatcher-6] INFO  rescale0 (1/10) (7c364d770be7fb6122304dc159ffb54f_7b4c6fe4c6df355e1ed86e978ba4a96e_0_0) switched from DEPLOYING to INITIALIZING.
59729 [e2f0affed90bb4580c88f6e4db7d5c6b] Task [keyby0 (1/7)#0] INFO  keyby0 (1/7)#0 (7c364d770be7fb6122304dc159ffb54f_e32648f4a493dd25fdd7d9c66c500390_0_0) switched from INITIALIZING to RUNNING.
59729 [e2f0affed90bb4580c88f6e4db7d5c6b] StreamTask [rebalance0 (3/8)#0] INFO  State backend is set to heap memory org.apache.flink.runtime.state.hashmap.HashMapStateBackend@33139624
59729 [e2f0affed90bb4580c88f6e4db7d5c6b] StateBackendLoader [rebalance0 (3/8)#0] INFO  State backend loader loads the state backend as HashMapStateBackend
59729 [e2f0affed90bb4580c88f6e4db7d5c6b] StreamTask [rebalance0 (3/8)#0] INFO  Checkpoint storage is set to 'filesystem': (checkpoints "file:/var/folders/m8/q6f016tn6cl2cp86hfq331_w0000gp/T/junit-4734462783579597589/junit13986449793460021045")
59729 [e2f0affed90bb4580c88f6e4db7d5c6b] ExecutionGraph [flink-pekko.actor.default-dispatcher-6] INFO  keyby0 (1/7) (7c364d770be7fb6122304dc159ffb54f_e32648f4a493dd25fdd7d9c66c500390_0_0) switched from INITIALIZING to RUNNING.
59729 [e2f0affed90bb4580c88f6e4db7d5c6b] StateBackendLoader [rescale0 (1/10)#0] INFO  State backend is set to heap memory org.apache.flink.runtime.state.hashmap.HashMapStateBackend@61c04fe1
59729 [e2f0affed90bb4580c88f6e4db7d5c6b] TaskExecutor [flink-pekko.actor.default-dispatcher-9] INFO  Received task upscale0 (3/14)#0 (7c364d770be7fb6122304dc159ffb54f_7559af08559a2c7079a359b85b7edab5_2_0), deploy into slot with allocation id 738d40efd47b62e7177e81efe55667b7.
59729 [e2f0affed90bb4580c88f6e4db7d5c6b] FileMergingSnapshotManager [rebalance0 (3/8)#0] INFO  Created a directory file:/var/folders/m8/q6f016tn6cl2cp86hfq331_w0000gp/T/junit-4734462783579597589/junit13986449793460021045/e2f0affed90bb4580c88f6e4db7d5c6b/shared/job_e2f0affed90bb4580c88f6e4db7d5c6b_op_25a6d73fce56b9559bed0247061e93e0_2_8 for checkpoint file-merging.
59729 [e2f0affed90bb4580c88f6e4db7d5c6b] Task [rebalance0 (3/8)#0] INFO  rebalance0 (3/8)#0 (7c364d770be7fb6122304dc159ffb54f_25a6d73fce56b9559bed0247061e93e0_2_0) switched from DEPLOYING to INITIALIZING.
59729 [e2f0affed90bb4580c88f6e4db7d5c6b] ExecutionGraph [flink-pekko.actor.default-dispatcher-6] INFO  rebalance0 (3/8) (7c364d770be7fb6122304dc159ffb54f_25a6d73fce56b9559bed0247061e93e0_2_0) switched from DEPLOYING to INITIALIZING.
59730 [e2f0affed90bb4580c88f6e4db7d5c6b] StateBackendLoader [rebalance0 (3/8)#0] INFO  State backend is set to heap memory org.apache.flink.runtime.state.hashmap.HashMapStateBackend@5f74e173
59730 [e2f0affed90bb4580c88f6e4db7d5c6b] Task [downscale0 (6/8)#0] INFO  downscale0 (6/8)#0 (7c364d770be7fb6122304dc159ffb54f_579c351891399448b6165717925f2b21_5_0) switched from INITIALIZING to RUNNING.
59730 [e2f0affed90bb4580c88f6e4db7d5c6b] ExecutionGraph [flink-pekko.actor.default-dispatcher-6] INFO  downscale0 (6/8) (7c364d770be7fb6122304dc159ffb54f_579c351891399448b6165717925f2b21_5_0) switched from INITIALIZING to RUNNING.
59730 [e2f0affed90bb4580c88f6e4db7d5c6b] TaskSlotTableImpl [flink-pekko.actor.default-dispatcher-10] INFO  Activate slot 090217d5aa192c280da8a8d32136ccb4.
59730 [e2f0affed90bb4580c88f6e4db7d5c6b] Task [keyby0 (5/7)#0] INFO  keyby0 (5/7)#0 (7c364d770be7fb6122304dc159ffb54f_e32648f4a493dd25fdd7d9c66c500390_4_0) switched from CREATED to DEPLOYING.
59730 [e2f0affed90bb4580c88f6e4db7d5c6b] Task [keyby0 (5/7)#0] INFO  Loading JAR files for task keyby0 (5/7)#0 (7c364d770be7fb6122304dc159ffb54f_e32648f4a493dd25fdd7d9c66c500390_4_0) [DEPLOYING].
59730 [e2f0affed90bb4580c88f6e4db7d5c6b] Task [keyby0 (2/7)#0] INFO  keyby0 (2/7)#0 (7c364d770be7fb6122304dc159ffb54f_e32648f4a493dd25fdd7d9c66c500390_1_0) switched from INITIALIZING to RUNNING.
59730 [e2f0affed90bb4580c88f6e4db7d5c6b] ExecutionGraph [flink-pekko.actor.default-dispatcher-6] INFO  keyby0 (2/7) (7c364d770be7fb6122304dc159ffb54f_e32648f4a493dd25fdd7d9c66c500390_1_0) switched from INITIALIZING to RUNNING.
59730 [e2f0affed90bb4580c88f6e4db7d5c6b] Task [rebalance0 (3/8)#0] INFO  rebalance0 (3/8)#0 (7c364d770be7fb6122304dc159ffb54f_25a6d73fce56b9559bed0247061e93e0_2_0) switched from INITIALIZING to RUNNING.
59730 [e2f0affed90bb4580c88f6e4db7d5c6b] TaskSlotTableImpl [flink-pekko.actor.default-dispatcher-9] INFO  Activate slot f17d2f5ba332a9667507cf1e1c08ff16.
59730 [e2f0affed90bb4580c88f6e4db7d5c6b] ExecutionGraph [flink-pekko.actor.default-dispatcher-6] INFO  rebalance0 (3/8) (7c364d770be7fb6122304dc159ffb54f_25a6d73fce56b9559bed0247061e93e0_2_0) switched from INITIALIZING to RUNNING.
59730 [e2f0affed90bb4580c88f6e4db7d5c6b] Task [upscale0 (3/14)#0] INFO  upscale0 (3/14)#0 (7c364d770be7fb6122304dc159ffb54f_7559af08559a2c7079a359b85b7edab5_2_0) switched from CREATED to DEPLOYING.
59730 [e2f0affed90bb4580c88f6e4db7d5c6b] Task [upscale0 (3/14)#0] INFO  Loading JAR files for task upscale0 (3/14)#0 (7c364d770be7fb6122304dc159ffb54f_7559af08559a2c7079a359b85b7edab5_2_0) [DEPLOYING].
59730 [e2f0affed90bb4580c88f6e4db7d5c6b] TaskExecutor [flink-pekko.actor.default-dispatcher-10] INFO  Received task keyby0 (6/7)#0 (7c364d770be7fb6122304dc159ffb54f_e32648f4a493dd25fdd7d9c66c500390_5_0), deploy into slot with allocation id 090217d5aa192c280da8a8d32136ccb4.
59730 [e2f0affed90bb4580c88f6e4db7d5c6b] Task [rescale0 (1/10)#0] INFO  rescale0 (1/10)#0 (7c364d770be7fb6122304dc159ffb54f_7b4c6fe4c6df355e1ed86e978ba4a96e_0_0) switched from INITIALIZING to RUNNING.
59730 [e2f0affed90bb4580c88f6e4db7d5c6b] ExecutionGraph [flink-pekko.actor.default-dispatcher-6] INFO  rescale0 (1/10) (7c364d770be7fb6122304dc159ffb54f_7b4c6fe4c6df355e1ed86e978ba4a96e_0_0) switched from INITIALIZING to RUNNING.
59730 [e2f0affed90bb4580c88f6e4db7d5c6b] TaskExecutor [flink-pekko.actor.default-dispatcher-9] INFO  Received task upscale0 (4/14)#0 (7c364d770be7fb6122304dc159ffb54f_7559af08559a2c7079a359b85b7edab5_3_0), deploy into slot with allocation id f17d2f5ba332a9667507cf1e1c08ff16.
59730 [e2f0affed90bb4580c88f6e4db7d5c6b] TaskSlotTableImpl [flink-pekko.actor.default-dispatcher-8] INFO  Activate slot e3f365d47d77b61351ce6d2e5f1629ce.
59730 [e2f0affed90bb4580c88f6e4db7d5c6b] Task [rescale0 (3/10)#0] INFO  rescale0 (3/10)#0 (7c364d770be7fb6122304dc159ffb54f_7b4c6fe4c6df355e1ed86e978ba4a96e_2_0) switched from CREATED to DEPLOYING.
59730 [e2f0affed90bb4580c88f6e4db7d5c6b] Task [rescale0 (3/10)#0] INFO  Loading JAR files for task rescale0 (3/10)#0 (7c364d770be7fb6122304dc159ffb54f_7b4c6fe4c6df355e1ed86e978ba4a96e_2_0) [DEPLOYING].
59730 [e2f0affed90bb4580c88f6e4db7d5c6b] TaskSlotTableImpl [flink-pekko.actor.default-dispatcher-9] INFO  Activate slot af229d40ea91e721c8d8abf6fdb3bb89.
59730 [e2f0affed90bb4580c88f6e4db7d5c6b] Task [upscale0 (4/14)#0] INFO  upscale0 (4/14)#0 (7c364d770be7fb6122304dc159ffb54f_7559af08559a2c7079a359b85b7edab5_3_0) switched from CREATED to DEPLOYING.
59730 [e2f0affed90bb4580c88f6e4db7d5c6b] Task [upscale0 (4/14)#0] INFO  Loading JAR files for task upscale0 (4/14)#0 (7c364d770be7fb6122304dc159ffb54f_7559af08559a2c7079a359b85b7edab5_3_0) [DEPLOYING].
59730 [e2f0affed90bb4580c88f6e4db7d5c6b] StreamTask [rescale0 (3/10)#0] INFO  State backend is set to heap memory org.apache.flink.runtime.state.hashmap.HashMapStateBackend@40537ea0
59730 [e2f0affed90bb4580c88f6e4db7d5c6b] StateBackendLoader [rescale0 (3/10)#0] INFO  State backend loader loads the state backend as HashMapStateBackend
59730 [e2f0affed90bb4580c88f6e4db7d5c6b] StreamTask [rescale0 (3/10)#0] INFO  Checkpoint storage is set to 'filesystem': (checkpoints "file:/var/folders/m8/q6f016tn6cl2cp86hfq331_w0000gp/T/junit-4734462783579597589/junit13986449793460021045")
59730 [e2f0affed90bb4580c88f6e4db7d5c6b] StreamTask [upscale0 (3/14)#0] INFO  State backend is set to heap memory org.apache.flink.runtime.state.hashmap.HashMapStateBackend@1a01755e
59730 [e2f0affed90bb4580c88f6e4db7d5c6b] StateBackendLoader [upscale0 (3/14)#0] INFO  State backend loader loads the state backend as HashMapStateBackend
59730 [e2f0affed90bb4580c88f6e4db7d5c6b] StreamTask [upscale0 (3/14)#0] INFO  Checkpoint storage is set to 'filesystem': (checkpoints "file:/var/folders/m8/q6f016tn6cl2cp86hfq331_w0000gp/T/junit-4734462783579597589/junit13986449793460021045")
59731 [e2f0affed90bb4580c88f6e4db7d5c6b] FileMergingSnapshotManager [rescale0 (3/10)#0] INFO  Created a directory file:/var/folders/m8/q6f016tn6cl2cp86hfq331_w0000gp/T/junit-4734462783579597589/junit13986449793460021045/e2f0affed90bb4580c88f6e4db7d5c6b/shared/job_e2f0affed90bb4580c88f6e4db7d5c6b_op_7b4c6fe4c6df355e1ed86e978ba4a96e_2_10 for checkpoint file-merging.
59731 [e2f0affed90bb4580c88f6e4db7d5c6b] TaskSlotTableImpl [flink-pekko.actor.default-dispatcher-10] INFO  Activate slot abfd9db3ee3ca4ef22f482e5d2f80918.
59731 [e2f0affed90bb4580c88f6e4db7d5c6b] FileMergingSnapshotManager [upscale0 (3/14)#0] INFO  Created a directory file:/var/folders/m8/q6f016tn6cl2cp86hfq331_w0000gp/T/junit-4734462783579597589/junit13986449793460021045/e2f0affed90bb4580c88f6e4db7d5c6b/shared/job_e2f0affed90bb4580c88f6e4db7d5c6b_op_7559af08559a2c7079a359b85b7edab5_2_14 for checkpoint file-merging.
59731 [e2f0affed90bb4580c88f6e4db7d5c6b] TaskExecutor [flink-pekko.actor.default-dispatcher-8] INFO  Received task failing-map (3/7)#0 (7c364d770be7fb6122304dc159ffb54f_b8c789ec3a44294cb45da029ffe0e6fd_2_0), deploy into slot with allocation id e3f365d47d77b61351ce6d2e5f1629ce.
59731 [e2f0affed90bb4580c88f6e4db7d5c6b] Task [keyby0 (6/7)#0] INFO  keyby0 (6/7)#0 (7c364d770be7fb6122304dc159ffb54f_e32648f4a493dd25fdd7d9c66c500390_5_0) switched from CREATED to DEPLOYING.
59731 [e2f0affed90bb4580c88f6e4db7d5c6b] Task [keyby0 (6/7)#0] INFO  Loading JAR files for task keyby0 (6/7)#0 (7c364d770be7fb6122304dc159ffb54f_e32648f4a493dd25fdd7d9c66c500390_5_0) [DEPLOYING].
59731 [e2f0affed90bb4580c88f6e4db7d5c6b] TaskExecutor [flink-pekko.actor.default-dispatcher-9] INFO  Received task upscale0 (7/14)#0 (7c364d770be7fb6122304dc159ffb54f_7559af08559a2c7079a359b85b7edab5_6_0), deploy into slot with allocation id af229d40ea91e721c8d8abf6fdb3bb89.
59731 [e2f0affed90bb4580c88f6e4db7d5c6b] TaskSlotTableImpl [flink-pekko.actor.default-dispatcher-8] INFO  Activate slot 960d6db2c0ed9a8d8866c563b3cacbc8.
59731 [e2f0affed90bb4580c88f6e4db7d5c6b] Task [failing-map (3/7)#0] INFO  failing-map (3/7)#0 (7c364d770be7fb6122304dc159ffb54f_b8c789ec3a44294cb45da029ffe0e6fd_2_0) switched from CREATED to DEPLOYING.
59731 [e2f0affed90bb4580c88f6e4db7d5c6b] Task [failing-map (3/7)#0] INFO  Loading JAR files for task failing-map (3/7)#0 (7c364d770be7fb6122304dc159ffb54f_b8c789ec3a44294cb45da029ffe0e6fd_2_0) [DEPLOYING].
59731 [e2f0affed90bb4580c88f6e4db7d5c6b] StreamTask [keyby0 (5/7)#0] INFO  State backend is set to heap memory org.apache.flink.runtime.state.hashmap.HashMapStateBackend@1670e809
59731 [e2f0affed90bb4580c88f6e4db7d5c6b] StateBackendLoader [keyby0 (5/7)#0] INFO  State backend loader loads the state backend as HashMapStateBackend
59731 [e2f0affed90bb4580c88f6e4db7d5c6b] StreamTask [keyby0 (5/7)#0] INFO  Checkpoint storage is set to 'filesystem': (checkpoints "file:/var/folders/m8/q6f016tn6cl2cp86hfq331_w0000gp/T/junit-4734462783579597589/junit13986449793460021045")
59731 [e2f0affed90bb4580c88f6e4db7d5c6b] TaskExecutor [flink-pekko.actor.default-dispatcher-10] INFO  Received task rescale0 (5/10)#0 (7c364d770be7fb6122304dc159ffb54f_7b4c6fe4c6df355e1ed86e978ba4a96e_4_0), deploy into slot with allocation id abfd9db3ee3ca4ef22f482e5d2f80918.
59731 [e2f0affed90bb4580c88f6e4db7d5c6b] StreamTask [failing-map (3/7)#0] INFO  State backend is set to heap memory org.apache.flink.runtime.state.hashmap.HashMapStateBackend@6ed33860
59731 [e2f0affed90bb4580c88f6e4db7d5c6b] StateBackendLoader [failing-map (3/7)#0] INFO  State backend loader loads the state backend as HashMapStateBackend
59731 [e2f0affed90bb4580c88f6e4db7d5c6b] FileMergingSnapshotManager [keyby0 (5/7)#0] INFO  Created a directory file:/var/folders/m8/q6f016tn6cl2cp86hfq331_w0000gp/T/junit-4734462783579597589/junit13986449793460021045/e2f0affed90bb4580c88f6e4db7d5c6b/shared/job_e2f0affed90bb4580c88f6e4db7d5c6b_op_e32648f4a493dd25fdd7d9c66c500390_4_7 for checkpoint file-merging.
59731 [e2f0affed90bb4580c88f6e4db7d5c6b] StreamTask [failing-map (3/7)#0] INFO  Checkpoint storage is set to 'filesystem': (checkpoints "file:/var/folders/m8/q6f016tn6cl2cp86hfq331_w0000gp/T/junit-4734462783579597589/junit13986449793460021045")
59731 [e2f0affed90bb4580c88f6e4db7d5c6b] Task [keyby0 (5/7)#0] INFO  keyby0 (5/7)#0 (7c364d770be7fb6122304dc159ffb54f_e32648f4a493dd25fdd7d9c66c500390_4_0) switched from DEPLOYING to INITIALIZING.
59731 [e2f0affed90bb4580c88f6e4db7d5c6b] StreamTask [keyby0 (6/7)#0] INFO  State backend is set to heap memory org.apache.flink.runtime.state.hashmap.HashMapStateBackend@7ce44ecf
59731 [e2f0affed90bb4580c88f6e4db7d5c6b] StateBackendLoader [keyby0 (6/7)#0] INFO  State backend loader loads the state backend as HashMapStateBackend
59731 [e2f0affed90bb4580c88f6e4db7d5c6b] StreamTask [keyby0 (6/7)#0] INFO  Checkpoint storage is set to 'filesystem': (checkpoints "file:/var/folders/m8/q6f016tn6cl2cp86hfq331_w0000gp/T/junit-4734462783579597589/junit13986449793460021045")
59731 [e2f0affed90bb4580c88f6e4db7d5c6b] ExecutionGraph [flink-pekko.actor.default-dispatcher-6] INFO  keyby0 (5/7) (7c364d770be7fb6122304dc159ffb54f_e32648f4a493dd25fdd7d9c66c500390_4_0) switched from DEPLOYING to INITIALIZING.
59731 [e2f0affed90bb4580c88f6e4db7d5c6b] TaskSlotTableImpl [flink-pekko.actor.default-dispatcher-9] INFO  Activate slot c7c9dd428cb618ca3d16f1857c46888b.
59731 [e2f0affed90bb4580c88f6e4db7d5c6b] TaskExecutor [flink-pekko.actor.default-dispatcher-8] INFO  Received task failing-map (1/7)#0 (7c364d770be7fb6122304dc159ffb54f_b8c789ec3a44294cb45da029ffe0e6fd_0_0), deploy into slot with allocation id 960d6db2c0ed9a8d8866c563b3cacbc8.
59731 [e2f0affed90bb4580c88f6e4db7d5c6b] FileMergingSnapshotManager [failing-map (3/7)#0] INFO  Created a directory file:/var/folders/m8/q6f016tn6cl2cp86hfq331_w0000gp/T/junit-4734462783579597589/junit13986449793460021045/e2f0affed90bb4580c88f6e4db7d5c6b/shared/job_e2f0affed90bb4580c88f6e4db7d5c6b_op_b8c789ec3a44294cb45da029ffe0e6fd_2_7 for checkpoint file-merging.
59731 [e2f0affed90bb4580c88f6e4db7d5c6b] Task [upscale0 (7/14)#0] INFO  upscale0 (7/14)#0 (7c364d770be7fb6122304dc159ffb54f_7559af08559a2c7079a359b85b7edab5_6_0) switched from CREATED to DEPLOYING.
59731 [e2f0affed90bb4580c88f6e4db7d5c6b] FileMergingSnapshotManager [keyby0 (6/7)#0] INFO  Created a directory file:/var/folders/m8/q6f016tn6cl2cp86hfq331_w0000gp/T/junit-4734462783579597589/junit13986449793460021045/e2f0affed90bb4580c88f6e4db7d5c6b/shared/job_e2f0affed90bb4580c88f6e4db7d5c6b_op_e32648f4a493dd25fdd7d9c66c500390_5_7 for checkpoint file-merging.
59731 [e2f0affed90bb4580c88f6e4db7d5c6b] Task [upscale0 (7/14)#0] INFO  Loading JAR files for task upscale0 (7/14)#0 (7c364d770be7fb6122304dc159ffb54f_7559af08559a2c7079a359b85b7edab5_6_0) [DEPLOYING].
59731 [e2f0affed90bb4580c88f6e4db7d5c6b] Task [keyby0 (6/7)#0] INFO  keyby0 (6/7)#0 (7c364d770be7fb6122304dc159ffb54f_e32648f4a493dd25fdd7d9c66c500390_5_0) switched from DEPLOYING to INITIALIZING.
59731 [e2f0affed90bb4580c88f6e4db7d5c6b] ExecutionGraph [flink-pekko.actor.default-dispatcher-6] INFO  keyby0 (6/7) (7c364d770be7fb6122304dc159ffb54f_e32648f4a493dd25fdd7d9c66c500390_5_0) switched from DEPLOYING to INITIALIZING.
59731 [e2f0affed90bb4580c88f6e4db7d5c6b] TaskSlotTableImpl [flink-pekko.actor.default-dispatcher-8] INFO  Activate slot 960d6db2c0ed9a8d8866c563b3cacbc8.
59731 [e2f0affed90bb4580c88f6e4db7d5c6b] StateBackendLoader [keyby0 (5/7)#0] INFO  State backend is set to heap memory org.apache.flink.runtime.state.hashmap.HashMapStateBackend@50a05f0
59731 [e2f0affed90bb4580c88f6e4db7d5c6b] Task [failing-map (1/7)#0] INFO  failing-map (1/7)#0 (7c364d770be7fb6122304dc159ffb54f_b8c789ec3a44294cb45da029ffe0e6fd_0_0) switched from CREATED to DEPLOYING.
59731 [e2f0affed90bb4580c88f6e4db7d5c6b] Task [failing-map (1/7)#0] INFO  Loading JAR files for task failing-map (1/7)#0 (7c364d770be7fb6122304dc159ffb54f_b8c789ec3a44294cb45da029ffe0e6fd_0_0) [DEPLOYING].
59731 [e2f0affed90bb4580c88f6e4db7d5c6b] HeapKeyedStateBackendBuilder [keyby0 (5/7)#0] INFO  Finished to build heap keyed state-backend.
59731 [e2f0affed90bb4580c88f6e4db7d5c6b] HeapKeyedStateBackend [keyby0 (5/7)#0] INFO  Initializing heap keyed state backend with stream factory.
59731 [e2f0affed90bb4580c88f6e4db7d5c6b] Task [upscale0 (3/14)#0] INFO  upscale0 (3/14)#0 (7c364d770be7fb6122304dc159ffb54f_7559af08559a2c7079a359b85b7edab5_2_0) switched from DEPLOYING to INITIALIZING.
59731 [e2f0affed90bb4580c88f6e4db7d5c6b] StateBackendLoader [keyby0 (6/7)#0] INFO  State backend is set to heap memory org.apache.flink.runtime.state.hashmap.HashMapStateBackend@1f7d834
59731 [e2f0affed90bb4580c88f6e4db7d5c6b] HeapKeyedStateBackendBuilder [keyby0 (6/7)#0] INFO  Finished to build heap keyed state-backend.
59731 [e2f0affed90bb4580c88f6e4db7d5c6b] HeapKeyedStateBackend [keyby0 (6/7)#0] INFO  Initializing heap keyed state backend with stream factory.
59731 [e2f0affed90bb4580c88f6e4db7d5c6b] TaskExecutor [flink-pekko.actor.default-dispatcher-9] INFO  Received task upscale0 (12/14)#0 (7c364d770be7fb6122304dc159ffb54f_7559af08559a2c7079a359b85b7edab5_11_0), deploy into slot with allocation id c7c9dd428cb618ca3d16f1857c46888b.
59731 [e2f0affed90bb4580c88f6e4db7d5c6b] ExecutionGraph [flink-pekko.actor.default-dispatcher-6] INFO  upscale0 (3/14) (7c364d770be7fb6122304dc159ffb54f_7559af08559a2c7079a359b85b7edab5_2_0) switched from DEPLOYING to INITIALIZING.
59731 [e2f0affed90bb4580c88f6e4db7d5c6b] Task [rescale0 (3/10)#0] INFO  rescale0 (3/10)#0 (7c364d770be7fb6122304dc159ffb54f_7b4c6fe4c6df355e1ed86e978ba4a96e_2_0) switched from DEPLOYING to INITIALIZING.
59731 [e2f0affed90bb4580c88f6e4db7d5c6b] Task [failing-map (3/7)#0] INFO  failing-map (3/7)#0 (7c364d770be7fb6122304dc159ffb54f_b8c789ec3a44294cb45da029ffe0e6fd_2_0) switched from DEPLOYING to INITIALIZING.
59731 [e2f0affed90bb4580c88f6e4db7d5c6b] StateBackendLoader [upscale0 (3/14)#0] INFO  State backend is set to heap memory org.apache.flink.runtime.state.hashmap.HashMapStateBackend@6e054220
59731 [e2f0affed90bb4580c88f6e4db7d5c6b] TaskExecutor [flink-pekko.actor.default-dispatcher-8] INFO  Received task Sink: sink (1/1)#0 (7c364d770be7fb6122304dc159ffb54f_2e588ce1c86a9d46e2e85186773ce4fd_0_0), deploy into slot with allocation id 960d6db2c0ed9a8d8866c563b3cacbc8.
59731 [e2f0affed90bb4580c88f6e4db7d5c6b] ExecutionGraph [flink-pekko.actor.default-dispatcher-6] INFO  rescale0 (3/10) (7c364d770be7fb6122304dc159ffb54f_7b4c6fe4c6df355e1ed86e978ba4a96e_2_0) switched from DEPLOYING to INITIALIZING.
59731 [e2f0affed90bb4580c88f6e4db7d5c6b] ExecutionGraph [flink-pekko.actor.default-dispatcher-6] INFO  failing-map (3/7) (7c364d770be7fb6122304dc159ffb54f_b8c789ec3a44294cb45da029ffe0e6fd_2_0) switched from DEPLOYING to INITIALIZING.
59731 [e2f0affed90bb4580c88f6e4db7d5c6b] StateBackendLoader [rescale0 (3/10)#0] INFO  State backend is set to heap memory org.apache.flink.runtime.state.hashmap.HashMapStateBackend@7bce1740
59731 [e2f0affed90bb4580c88f6e4db7d5c6b] StateBackendLoader [failing-map (3/7)#0] INFO  State backend is set to heap memory org.apache.flink.runtime.state.hashmap.HashMapStateBackend@74838ff6
59731 [e2f0affed90bb4580c88f6e4db7d5c6b] StreamTask [upscale0 (4/14)#0] INFO  State backend is set to heap memory org.apache.flink.runtime.state.hashmap.HashMapStateBackend@25f4c7a1
59731 [e2f0affed90bb4580c88f6e4db7d5c6b] StateBackendLoader [upscale0 (4/14)#0] INFO  State backend loader loads the state backend as HashMapStateBackend
59731 [e2f0affed90bb4580c88f6e4db7d5c6b] Task [upscale0 (3/14)#0] INFO  upscale0 (3/14)#0 (7c364d770be7fb6122304dc159ffb54f_7559af08559a2c7079a359b85b7edab5_2_0) switched from INITIALIZING to RUNNING.
59731 [e2f0affed90bb4580c88f6e4db7d5c6b] StreamTask [upscale0 (4/14)#0] INFO  Checkpoint storage is set to 'filesystem': (checkpoints "file:/var/folders/m8/q6f016tn6cl2cp86hfq331_w0000gp/T/junit-4734462783579597589/junit13986449793460021045")
59731 [e2f0affed90bb4580c88f6e4db7d5c6b] ExecutionGraph [flink-pekko.actor.default-dispatcher-6] INFO  upscale0 (3/14) (7c364d770be7fb6122304dc159ffb54f_7559af08559a2c7079a359b85b7edab5_2_0) switched from INITIALIZING to RUNNING.
59732 [e2f0affed90bb4580c88f6e4db7d5c6b] Task [failing-map (3/7)#0] INFO  failing-map (3/7)#0 (7c364d770be7fb6122304dc159ffb54f_b8c789ec3a44294cb45da029ffe0e6fd_2_0) switched from INITIALIZING to RUNNING.
59732 [e2f0affed90bb4580c88f6e4db7d5c6b] ExecutionGraph [flink-pekko.actor.default-dispatcher-6] INFO  failing-map (3/7) (7c364d770be7fb6122304dc159ffb54f_b8c789ec3a44294cb45da029ffe0e6fd_2_0) switched from INITIALIZING to RUNNING.
59732 [e2f0affed90bb4580c88f6e4db7d5c6b] StreamTask [upscale0 (7/14)#0] INFO  State backend is set to heap memory org.apache.flink.runtime.state.hashmap.HashMapStateBackend@1d590d25
59732 [e2f0affed90bb4580c88f6e4db7d5c6b] StateBackendLoader [upscale0 (7/14)#0] INFO  State backend loader loads the state backend as HashMapStateBackend
59732 [e2f0affed90bb4580c88f6e4db7d5c6b] StreamTask [upscale0 (7/14)#0] INFO  Checkpoint storage is set to 'filesystem': (checkpoints "file:/var/folders/m8/q6f016tn6cl2cp86hfq331_w0000gp/T/junit-4734462783579597589/junit13986449793460021045")
59732 [e2f0affed90bb4580c88f6e4db7d5c6b] Task [rescale0 (3/10)#0] INFO  rescale0 (3/10)#0 (7c364d770be7fb6122304dc159ffb54f_7b4c6fe4c6df355e1ed86e978ba4a96e_2_0) switched from INITIALIZING to RUNNING.
59732 [e2f0affed90bb4580c88f6e4db7d5c6b] ExecutionGraph [flink-pekko.actor.default-dispatcher-6] INFO  rescale0 (3/10) (7c364d770be7fb6122304dc159ffb54f_7b4c6fe4c6df355e1ed86e978ba4a96e_2_0) switched from INITIALIZING to RUNNING.
59732 [e2f0affed90bb4580c88f6e4db7d5c6b] FileMergingSnapshotManager [upscale0 (4/14)#0] INFO  Created a directory file:/var/folders/m8/q6f016tn6cl2cp86hfq331_w0000gp/T/junit-4734462783579597589/junit13986449793460021045/e2f0affed90bb4580c88f6e4db7d5c6b/shared/job_e2f0affed90bb4580c88f6e4db7d5c6b_op_7559af08559a2c7079a359b85b7edab5_3_14 for checkpoint file-merging.
59732 [e2f0affed90bb4580c88f6e4db7d5c6b] Task [upscale0 (4/14)#0] INFO  upscale0 (4/14)#0 (7c364d770be7fb6122304dc159ffb54f_7559af08559a2c7079a359b85b7edab5_3_0) switched from DEPLOYING to INITIALIZING.
59732 [e2f0affed90bb4580c88f6e4db7d5c6b] ExecutionGraph [flink-pekko.actor.default-dispatcher-6] INFO  upscale0 (4/14) (7c364d770be7fb6122304dc159ffb54f_7559af08559a2c7079a359b85b7edab5_3_0) switched from DEPLOYING to INITIALIZING.
59732 [e2f0affed90bb4580c88f6e4db7d5c6b] StreamTask [failing-map (1/7)#0] INFO  State backend is set to heap memory org.apache.flink.runtime.state.hashmap.HashMapStateBackend@149f67b7
59732 [e2f0affed90bb4580c88f6e4db7d5c6b] StateBackendLoader [failing-map (1/7)#0] INFO  State backend loader loads the state backend as HashMapStateBackend
59732 [e2f0affed90bb4580c88f6e4db7d5c6b] StreamTask [failing-map (1/7)#0] INFO  Checkpoint storage is set to 'filesystem': (checkpoints "file:/var/folders/m8/q6f016tn6cl2cp86hfq331_w0000gp/T/junit-4734462783579597589/junit13986449793460021045")
59732 [e2f0affed90bb4580c88f6e4db7d5c6b] FileMergingSnapshotManager [upscale0 (7/14)#0] INFO  Created a directory file:/var/folders/m8/q6f016tn6cl2cp86hfq331_w0000gp/T/junit-4734462783579597589/junit13986449793460021045/e2f0affed90bb4580c88f6e4db7d5c6b/shared/job_e2f0affed90bb4580c88f6e4db7d5c6b_op_7559af08559a2c7079a359b85b7edab5_6_14 for checkpoint file-merging.
59732 [e2f0affed90bb4580c88f6e4db7d5c6b] Task [upscale0 (7/14)#0] INFO  upscale0 (7/14)#0 (7c364d770be7fb6122304dc159ffb54f_7559af08559a2c7079a359b85b7edab5_6_0) switched from DEPLOYING to INITIALIZING.
59732 [e2f0affed90bb4580c88f6e4db7d5c6b] ExecutionGraph [flink-pekko.actor.default-dispatcher-6] INFO  upscale0 (7/14) (7c364d770be7fb6122304dc159ffb54f_7559af08559a2c7079a359b85b7edab5_6_0) switched from DEPLOYING to INITIALIZING.
59732 [e2f0affed90bb4580c88f6e4db7d5c6b] StateBackendLoader [upscale0 (4/14)#0] INFO  State backend is set to heap memory org.apache.flink.runtime.state.hashmap.HashMapStateBackend@6a48f4b4
59732 [e2f0affed90bb4580c88f6e4db7d5c6b] Task [Sink: sink (1/1)#0] INFO  Sink: sink (1/1)#0 (7c364d770be7fb6122304dc159ffb54f_2e588ce1c86a9d46e2e85186773ce4fd_0_0) switched from CREATED to DEPLOYING.
59732 [e2f0affed90bb4580c88f6e4db7d5c6b] Task [Sink: sink (1/1)#0] INFO  Loading JAR files for task Sink: sink (1/1)#0 (7c364d770be7fb6122304dc159ffb54f_2e588ce1c86a9d46e2e85186773ce4fd_0_0) [DEPLOYING].
59732 [e2f0affed90bb4580c88f6e4db7d5c6b] FileMergingSnapshotManager [failing-map (1/7)#0] INFO  Created a directory file:/var/folders/m8/q6f016tn6cl2cp86hfq331_w0000gp/T/junit-4734462783579597589/junit13986449793460021045/e2f0affed90bb4580c88f6e4db7d5c6b/shared/job_e2f0affed90bb4580c88f6e4db7d5c6b_op_b8c789ec3a44294cb45da029ffe0e6fd_0_7 for checkpoint file-merging.
59732 [e2f0affed90bb4580c88f6e4db7d5c6b] Task [failing-map (1/7)#0] INFO  failing-map (1/7)#0 (7c364d770be7fb6122304dc159ffb54f_b8c789ec3a44294cb45da029ffe0e6fd_0_0) switched from DEPLOYING to INITIALIZING.
59732 [e2f0affed90bb4580c88f6e4db7d5c6b] ExecutionGraph [flink-pekko.actor.default-dispatcher-6] INFO  failing-map (1/7) (7c364d770be7fb6122304dc159ffb54f_b8c789ec3a44294cb45da029ffe0e6fd_0_0) switched from DEPLOYING to INITIALIZING.
59732 [e2f0affed90bb4580c88f6e4db7d5c6b] TaskSlotTableImpl [flink-pekko.actor.default-dispatcher-9] INFO  Activate slot ad281a12c9fed243353c6fd5ab19e289.
59732 [e2f0affed90bb4580c88f6e4db7d5c6b] Task [upscale0 (12/14)#0] INFO  upscale0 (12/14)#0 (7c364d770be7fb6122304dc159ffb54f_7559af08559a2c7079a359b85b7edab5_11_0) switched from CREATED to DEPLOYING.
59732 [e2f0affed90bb4580c88f6e4db7d5c6b] Task [keyby0 (6/7)#0] INFO  keyby0 (6/7)#0 (7c364d770be7fb6122304dc159ffb54f_e32648f4a493dd25fdd7d9c66c500390_5_0) switched from INITIALIZING to RUNNING.
59732 [e2f0affed90bb4580c88f6e4db7d5c6b] Task [upscale0 (12/14)#0] INFO  Loading JAR files for task upscale0 (12/14)#0 (7c364d770be7fb6122304dc159ffb54f_7559af08559a2c7079a359b85b7edab5_11_0) [DEPLOYING].
59732 [e2f0affed90bb4580c88f6e4db7d5c6b] StateBackendLoader [upscale0 (7/14)#0] INFO  State backend is set to heap memory org.apache.flink.runtime.state.hashmap.HashMapStateBackend@347807d
59732 [e2f0affed90bb4580c88f6e4db7d5c6b] ExecutionGraph [flink-pekko.actor.default-dispatcher-8] INFO  keyby0 (6/7) (7c364d770be7fb6122304dc159ffb54f_e32648f4a493dd25fdd7d9c66c500390_5_0) switched from INITIALIZING to RUNNING.
59732 [e2f0affed90bb4580c88f6e4db7d5c6b] StreamTask [Sink: sink (1/1)#0] INFO  State backend is set to heap memory org.apache.flink.runtime.state.hashmap.HashMapStateBackend@5aaa0550
59732 [e2f0affed90bb4580c88f6e4db7d5c6b] StateBackendLoader [Sink: sink (1/1)#0] INFO  State backend loader loads the state backend as HashMapStateBackend
59732 [e2f0affed90bb4580c88f6e4db7d5c6b] StateBackendLoader [failing-map (1/7)#0] INFO  State backend is set to heap memory org.apache.flink.runtime.state.hashmap.HashMapStateBackend@283950fe
59732 [e2f0affed90bb4580c88f6e4db7d5c6b] StreamTask [Sink: sink (1/1)#0] INFO  Checkpoint storage is set to 'filesystem': (checkpoints "file:/var/folders/m8/q6f016tn6cl2cp86hfq331_w0000gp/T/junit-4734462783579597589/junit13986449793460021045")
59732 [e2f0affed90bb4580c88f6e4db7d5c6b] StreamTask [upscale0 (12/14)#0] INFO  State backend is set to heap memory org.apache.flink.runtime.state.hashmap.HashMapStateBackend@15ebf5a6
59732 [e2f0affed90bb4580c88f6e4db7d5c6b] StateBackendLoader [upscale0 (12/14)#0] INFO  State backend loader loads the state backend as HashMapStateBackend
59732 [e2f0affed90bb4580c88f6e4db7d5c6b] StreamTask [upscale0 (12/14)#0] INFO  Checkpoint storage is set to 'filesystem': (checkpoints "file:/var/folders/m8/q6f016tn6cl2cp86hfq331_w0000gp/T/junit-4734462783579597589/junit13986449793460021045")
59732 [e2f0affed90bb4580c88f6e4db7d5c6b] Task [keyby0 (5/7)#0] INFO  keyby0 (5/7)#0 (7c364d770be7fb6122304dc159ffb54f_e32648f4a493dd25fdd7d9c66c500390_4_0) switched from INITIALIZING to RUNNING.
59732 [e2f0affed90bb4580c88f6e4db7d5c6b] FileMergingSnapshotManager [Sink: sink (1/1)#0] INFO  Created a directory file:/var/folders/m8/q6f016tn6cl2cp86hfq331_w0000gp/T/junit-4734462783579597589/junit13986449793460021045/e2f0affed90bb4580c88f6e4db7d5c6b/shared/job_e2f0affed90bb4580c88f6e4db7d5c6b_op_2e588ce1c86a9d46e2e85186773ce4fd_0_1 for checkpoint file-merging.
59732 [e2f0affed90bb4580c88f6e4db7d5c6b] ExecutionGraph [flink-pekko.actor.default-dispatcher-8] INFO  keyby0 (5/7) (7c364d770be7fb6122304dc159ffb54f_e32648f4a493dd25fdd7d9c66c500390_4_0) switched from INITIALIZING to RUNNING.
59732 [e2f0affed90bb4580c88f6e4db7d5c6b] Task [Sink: sink (1/1)#0] INFO  Sink: sink (1/1)#0 (7c364d770be7fb6122304dc159ffb54f_2e588ce1c86a9d46e2e85186773ce4fd_0_0) switched from DEPLOYING to INITIALIZING.
59732 [e2f0affed90bb4580c88f6e4db7d5c6b] ExecutionGraph [flink-pekko.actor.default-dispatcher-6] INFO  Sink: sink (1/1) (7c364d770be7fb6122304dc159ffb54f_2e588ce1c86a9d46e2e85186773ce4fd_0_0) switched from DEPLOYING to INITIALIZING.
59732 [e2f0affed90bb4580c88f6e4db7d5c6b] Task [rescale0 (5/10)#0] INFO  rescale0 (5/10)#0 (7c364d770be7fb6122304dc159ffb54f_7b4c6fe4c6df355e1ed86e978ba4a96e_4_0) switched from CREATED to DEPLOYING.
59732 [e2f0affed90bb4580c88f6e4db7d5c6b] Task [rescale0 (5/10)#0] INFO  Loading JAR files for task rescale0 (5/10)#0 (7c364d770be7fb6122304dc159ffb54f_7b4c6fe4c6df355e1ed86e978ba4a96e_4_0) [DEPLOYING].
59732 [e2f0affed90bb4580c88f6e4db7d5c6b] TaskSlotTableImpl [flink-pekko.actor.default-dispatcher-10] INFO  Activate slot c440a366c7b1cd3b8396e4ab5e75b228.
59732 [e2f0affed90bb4580c88f6e4db7d5c6b] TaskExecutor [flink-pekko.actor.default-dispatcher-9] INFO  Received task upscale0 (8/14)#0 (7c364d770be7fb6122304dc159ffb54f_7559af08559a2c7079a359b85b7edab5_7_0), deploy into slot with allocation id ad281a12c9fed243353c6fd5ab19e289.
59732 [e2f0affed90bb4580c88f6e4db7d5c6b] FileMergingSnapshotManager [upscale0 (12/14)#0] INFO  Created a directory file:/var/folders/m8/q6f016tn6cl2cp86hfq331_w0000gp/T/junit-4734462783579597589/junit13986449793460021045/e2f0affed90bb4580c88f6e4db7d5c6b/shared/job_e2f0affed90bb4580c88f6e4db7d5c6b_op_7559af08559a2c7079a359b85b7edab5_11_14 for checkpoint file-merging.
59732 [e2f0affed90bb4580c88f6e4db7d5c6b] Task [upscale0 (12/14)#0] INFO  upscale0 (12/14)#0 (7c364d770be7fb6122304dc159ffb54f_7559af08559a2c7079a359b85b7edab5_11_0) switched from DEPLOYING to INITIALIZING.
59732 [e2f0affed90bb4580c88f6e4db7d5c6b] ExecutionGraph [flink-pekko.actor.default-dispatcher-6] INFO  upscale0 (12/14) (7c364d770be7fb6122304dc159ffb54f_7559af08559a2c7079a359b85b7edab5_11_0) switched from DEPLOYING to INITIALIZING.
59732 [e2f0affed90bb4580c88f6e4db7d5c6b] StateBackendLoader [Sink: sink (1/1)#0] INFO  State backend is set to heap memory org.apache.flink.runtime.state.hashmap.HashMapStateBackend@5512b601
59732 [e2f0affed90bb4580c88f6e4db7d5c6b] UnalignedCheckpointTestBase [Source: source0 -> input-filter0 -> input-counter0 (1/7)#0] INFO  Added splits [LongSplit{increment=7, nextNumber=0}], finishing=false, pumping until null @ 0 subtask (0 attempt)
59732 [e2f0affed90bb4580c88f6e4db7d5c6b] TypeExtractor [Sink: sink (1/1)#0] INFO  class org.apache.flink.test.checkpointing.UnalignedCheckpointRescaleITCase$VerifyingSink$State does not contain a getter for field encounteredNumbers
59732 [e2f0affed90bb4580c88f6e4db7d5c6b] TypeExtractor [Sink: sink (1/1)#0] INFO  class org.apache.flink.test.checkpointing.UnalignedCheckpointRescaleITCase$VerifyingSink$State does not contain a setter for field encounteredNumbers
59732 [e2f0affed90bb4580c88f6e4db7d5c6b] TypeExtractor [Sink: sink (1/1)#0] INFO  Class class org.apache.flink.test.checkpointing.UnalignedCheckpointRescaleITCase$VerifyingSink$State cannot be used as a POJO type because not all fields are valid POJO fields, and must be processed as GenericType. Please read the Flink documentation on "Data Types & Serialization" for details of the effect on performance and schema evolution.
59732 [e2f0affed90bb4580c88f6e4db7d5c6b] StateBackendLoader [upscale0 (12/14)#0] INFO  State backend is set to heap memory org.apache.flink.runtime.state.hashmap.HashMapStateBackend@37c2a697
59732 [e2f0affed90bb4580c88f6e4db7d5c6b] UnalignedCheckpointTestBase [Sink: sink (1/1)#0] INFO  Inducing no backpressure @ 0 subtask (0 attempt)
59732 [e2f0affed90bb4580c88f6e4db7d5c6b] TaskExecutor [flink-pekko.actor.default-dispatcher-10] INFO  Received task rescale0 (7/10)#0 (7c364d770be7fb6122304dc159ffb54f_7b4c6fe4c6df355e1ed86e978ba4a96e_6_0), deploy into slot with allocation id c440a366c7b1cd3b8396e4ab5e75b228.
59732 [e2f0affed90bb4580c88f6e4db7d5c6b] Task [upscale0 (7/14)#0] INFO  upscale0 (7/14)#0 (7c364d770be7fb6122304dc159ffb54f_7559af08559a2c7079a359b85b7edab5_6_0) switched from INITIALIZING to RUNNING.
59732 [e2f0affed90bb4580c88f6e4db7d5c6b] ExecutionGraph [flink-pekko.actor.default-dispatcher-8] INFO  upscale0 (7/14) (7c364d770be7fb6122304dc159ffb54f_7559af08559a2c7079a359b85b7edab5_6_0) switched from INITIALIZING to RUNNING.
59733 [e2f0affed90bb4580c88f6e4db7d5c6b] Task [upscale0 (4/14)#0] INFO  upscale0 (4/14)#0 (7c364d770be7fb6122304dc159ffb54f_7559af08559a2c7079a359b85b7edab5_3_0) switched from INITIALIZING to RUNNING.
59733 [e2f0affed90bb4580c88f6e4db7d5c6b] ExecutionGraph [flink-pekko.actor.default-dispatcher-6] INFO  upscale0 (4/14) (7c364d770be7fb6122304dc159ffb54f_7559af08559a2c7079a359b85b7edab5_3_0) switched from INITIALIZING to RUNNING.
59733 [e2f0affed90bb4580c88f6e4db7d5c6b] UnalignedCheckpointTestBase [Source: source0 -> input-filter0 -> input-counter0 (2/7)#0] INFO  Added splits [LongSplit{increment=7, nextNumber=1}], finishing=false, pumping until null @ 1 subtask (0 attempt)
59733 [e2f0affed90bb4580c88f6e4db7d5c6b] TaskSlotTableImpl [flink-pekko.actor.default-dispatcher-10] INFO  Activate slot 10220dbcfc037a845cf06819a30df972.
59733 [e2f0affed90bb4580c88f6e4db7d5c6b] Task [rescale0 (7/10)#0] INFO  rescale0 (7/10)#0 (7c364d770be7fb6122304dc159ffb54f_7b4c6fe4c6df355e1ed86e978ba4a96e_6_0) switched from CREATED to DEPLOYING.
59733 [e2f0affed90bb4580c88f6e4db7d5c6b] Task [rescale0 (7/10)#0] INFO  Loading JAR files for task rescale0 (7/10)#0 (7c364d770be7fb6122304dc159ffb54f_7b4c6fe4c6df355e1ed86e978ba4a96e_6_0) [DEPLOYING].
59733 [e2f0affed90bb4580c88f6e4db7d5c6b] Task [failing-map (1/7)#0] INFO  failing-map (1/7)#0 (7c364d770be7fb6122304dc159ffb54f_b8c789ec3a44294cb45da029ffe0e6fd_0_0) switched from INITIALIZING to RUNNING.
59733 [e2f0affed90bb4580c88f6e4db7d5c6b] ExecutionGraph [flink-pekko.actor.default-dispatcher-6] INFO  failing-map (1/7) (7c364d770be7fb6122304dc159ffb54f_b8c789ec3a44294cb45da029ffe0e6fd_0_0) switched from INITIALIZING to RUNNING.
59733 [e2f0affed90bb4580c88f6e4db7d5c6b] TaskExecutor [flink-pekko.actor.default-dispatcher-10] INFO  Received task rescale0 (8/10)#0 (7c364d770be7fb6122304dc159ffb54f_7b4c6fe4c6df355e1ed86e978ba4a96e_7_0), deploy into slot with allocation id 10220dbcfc037a845cf06819a30df972.
59733 [e2f0affed90bb4580c88f6e4db7d5c6b] Task [Sink: sink (1/1)#0] INFO  Sink: sink (1/1)#0 (7c364d770be7fb6122304dc159ffb54f_2e588ce1c86a9d46e2e85186773ce4fd_0_0) switched from INITIALIZING to RUNNING.
59733 [e2f0affed90bb4580c88f6e4db7d5c6b] StreamTask [rescale0 (5/10)#0] INFO  State backend is set to heap memory org.apache.flink.runtime.state.hashmap.HashMapStateBackend@53f05612
59733 [e2f0affed90bb4580c88f6e4db7d5c6b] ExecutionGraph [flink-pekko.actor.default-dispatcher-8] INFO  Sink: sink (1/1) (7c364d770be7fb6122304dc159ffb54f_2e588ce1c86a9d46e2e85186773ce4fd_0_0) switched from INITIALIZING to RUNNING.
59733 [e2f0affed90bb4580c88f6e4db7d5c6b] StateBackendLoader [rescale0 (5/10)#0] INFO  State backend loader loads the state backend as HashMapStateBackend
59733 [e2f0affed90bb4580c88f6e4db7d5c6b] StreamTask [rescale0 (5/10)#0] INFO  Checkpoint storage is set to 'filesystem': (checkpoints "file:/var/folders/m8/q6f016tn6cl2cp86hfq331_w0000gp/T/junit-4734462783579597589/junit13986449793460021045")
59733 [e2f0affed90bb4580c88f6e4db7d5c6b] Task [upscale0 (12/14)#0] INFO  upscale0 (12/14)#0 (7c364d770be7fb6122304dc159ffb54f_7559af08559a2c7079a359b85b7edab5_11_0) switched from INITIALIZING to RUNNING.
59733 [e2f0affed90bb4580c88f6e4db7d5c6b] ExecutionGraph [flink-pekko.actor.default-dispatcher-6] INFO  upscale0 (12/14) (7c364d770be7fb6122304dc159ffb54f_7559af08559a2c7079a359b85b7edab5_11_0) switched from INITIALIZING to RUNNING.
59733 [e2f0affed90bb4580c88f6e4db7d5c6b] TaskSlotTableImpl [flink-pekko.actor.default-dispatcher-9] INFO  Activate slot f17d2f5ba332a9667507cf1e1c08ff16.
59733 [e2f0affed90bb4580c88f6e4db7d5c6b] Task [upscale0 (8/14)#0] INFO  upscale0 (8/14)#0 (7c364d770be7fb6122304dc159ffb54f_7559af08559a2c7079a359b85b7edab5_7_0) switched from CREATED to DEPLOYING.
59733 [e2f0affed90bb4580c88f6e4db7d5c6b] Task [upscale0 (8/14)#0] INFO  Loading JAR files for task upscale0 (8/14)#0 (7c364d770be7fb6122304dc159ffb54f_7559af08559a2c7079a359b85b7edab5_7_0) [DEPLOYING].
59733 [e2f0affed90bb4580c88f6e4db7d5c6b] FileMergingSnapshotManager [rescale0 (5/10)#0] INFO  Created a directory file:/var/folders/m8/q6f016tn6cl2cp86hfq331_w0000gp/T/junit-4734462783579597589/junit13986449793460021045/e2f0affed90bb4580c88f6e4db7d5c6b/shared/job_e2f0affed90bb4580c88f6e4db7d5c6b_op_7b4c6fe4c6df355e1ed86e978ba4a96e_4_10 for checkpoint file-merging.
59733 [e2f0affed90bb4580c88f6e4db7d5c6b] Task [rescale0 (5/10)#0] INFO  rescale0 (5/10)#0 (7c364d770be7fb6122304dc159ffb54f_7b4c6fe4c6df355e1ed86e978ba4a96e_4_0) switched from DEPLOYING to INITIALIZING.
59733 [e2f0affed90bb4580c88f6e4db7d5c6b] ExecutionGraph [flink-pekko.actor.default-dispatcher-8] INFO  rescale0 (5/10) (7c364d770be7fb6122304dc159ffb54f_7b4c6fe4c6df355e1ed86e978ba4a96e_4_0) switched from DEPLOYING to INITIALIZING.
59733 [e2f0affed90bb4580c88f6e4db7d5c6b] TaskSlotTableImpl [flink-pekko.actor.default-dispatcher-10] INFO  Activate slot 090217d5aa192c280da8a8d32136ccb4.
59733 [e2f0affed90bb4580c88f6e4db7d5c6b] Task [rescale0 (8/10)#0] INFO  rescale0 (8/10)#0 (7c364d770be7fb6122304dc159ffb54f_7b4c6fe4c6df355e1ed86e978ba4a96e_7_0) switched from CREATED to DEPLOYING.
59733 [e2f0affed90bb4580c88f6e4db7d5c6b] Task [rescale0 (8/10)#0] INFO  Loading JAR files for task rescale0 (8/10)#0 (7c364d770be7fb6122304dc159ffb54f_7b4c6fe4c6df355e1ed86e978ba4a96e_7_0) [DEPLOYING].
59733 [e2f0affed90bb4580c88f6e4db7d5c6b] StreamTask [upscale0 (8/14)#0] INFO  State backend is set to heap memory org.apache.flink.runtime.state.hashmap.HashMapStateBackend@38a49972
59733 [e2f0affed90bb4580c88f6e4db7d5c6b] StateBackendLoader [upscale0 (8/14)#0] INFO  State backend loader loads the state backend as HashMapStateBackend
59733 [e2f0affed90bb4580c88f6e4db7d5c6b] StreamTask [upscale0 (8/14)#0] INFO  Checkpoint storage is set to 'filesystem': (checkpoints "file:/var/folders/m8/q6f016tn6cl2cp86hfq331_w0000gp/T/junit-4734462783579597589/junit13986449793460021045")
59733 [e2f0affed90bb4580c88f6e4db7d5c6b] StateBackendLoader [rescale0 (5/10)#0] INFO  State backend is set to heap memory org.apache.flink.runtime.state.hashmap.HashMapStateBackend@19a76b41
59734 [e2f0affed90bb4580c88f6e4db7d5c6b] StreamTask [rescale0 (7/10)#0] INFO  State backend is set to heap memory org.apache.flink.runtime.state.hashmap.HashMapStateBackend@309d09c
59734 [e2f0affed90bb4580c88f6e4db7d5c6b] StateBackendLoader [rescale0 (7/10)#0] INFO  State backend loader loads the state backend as HashMapStateBackend
59734 [e2f0affed90bb4580c88f6e4db7d5c6b] StreamTask [rescale0 (7/10)#0] INFO  Checkpoint storage is set to 'filesystem': (checkpoints "file:/var/folders/m8/q6f016tn6cl2cp86hfq331_w0000gp/T/junit-4734462783579597589/junit13986449793460021045")
59734 [e2f0affed90bb4580c88f6e4db7d5c6b] TaskExecutor [flink-pekko.actor.default-dispatcher-9] INFO  Received task downscale0 (4/8)#0 (7c364d770be7fb6122304dc159ffb54f_579c351891399448b6165717925f2b21_3_0), deploy into slot with allocation id f17d2f5ba332a9667507cf1e1c08ff16.
59734 [e2f0affed90bb4580c88f6e4db7d5c6b] FileMergingSnapshotManager [upscale0 (8/14)#0] INFO  Created a directory file:/var/folders/m8/q6f016tn6cl2cp86hfq331_w0000gp/T/junit-4734462783579597589/junit13986449793460021045/e2f0affed90bb4580c88f6e4db7d5c6b/shared/job_e2f0affed90bb4580c88f6e4db7d5c6b_op_7559af08559a2c7079a359b85b7edab5_7_14 for checkpoint file-merging.
59734 [e2f0affed90bb4580c88f6e4db7d5c6b] Task [upscale0 (8/14)#0] INFO  upscale0 (8/14)#0 (7c364d770be7fb6122304dc159ffb54f_7559af08559a2c7079a359b85b7edab5_7_0) switched from DEPLOYING to INITIALIZING.
59734 [e2f0affed90bb4580c88f6e4db7d5c6b] TaskExecutor [flink-pekko.actor.default-dispatcher-10] INFO  Received task rescale0 (9/10)#0 (7c364d770be7fb6122304dc159ffb54f_7b4c6fe4c6df355e1ed86e978ba4a96e_8_0), deploy into slot with allocation id 090217d5aa192c280da8a8d32136ccb4.
59734 [e2f0affed90bb4580c88f6e4db7d5c6b] ExecutionGraph [flink-pekko.actor.default-dispatcher-6] INFO  upscale0 (8/14) (7c364d770be7fb6122304dc159ffb54f_7559af08559a2c7079a359b85b7edab5_7_0) switched from DEPLOYING to INITIALIZING.
59734 [e2f0affed90bb4580c88f6e4db7d5c6b] TaskSlotTableImpl [flink-pekko.actor.default-dispatcher-9] INFO  Activate slot af229d40ea91e721c8d8abf6fdb3bb89.
59734 [e2f0affed90bb4580c88f6e4db7d5c6b] FileMergingSnapshotManager [rescale0 (7/10)#0] INFO  Created a directory file:/var/folders/m8/q6f016tn6cl2cp86hfq331_w0000gp/T/junit-4734462783579597589/junit13986449793460021045/e2f0affed90bb4580c88f6e4db7d5c6b/shared/job_e2f0affed90bb4580c88f6e4db7d5c6b_op_7b4c6fe4c6df355e1ed86e978ba4a96e_6_10 for checkpoint file-merging.
59734 [e2f0affed90bb4580c88f6e4db7d5c6b] Task [rescale0 (7/10)#0] INFO  rescale0 (7/10)#0 (7c364d770be7fb6122304dc159ffb54f_7b4c6fe4c6df355e1ed86e978ba4a96e_6_0) switched from DEPLOYING to INITIALIZING.
59734 [e2f0affed90bb4580c88f6e4db7d5c6b] Task [downscale0 (4/8)#0] INFO  downscale0 (4/8)#0 (7c364d770be7fb6122304dc159ffb54f_579c351891399448b6165717925f2b21_3_0) switched from CREATED to DEPLOYING.
59734 [e2f0affed90bb4580c88f6e4db7d5c6b] Task [downscale0 (4/8)#0] INFO  Loading JAR files for task downscale0 (4/8)#0 (7c364d770be7fb6122304dc159ffb54f_579c351891399448b6165717925f2b21_3_0) [DEPLOYING].
59734 [e2f0affed90bb4580c88f6e4db7d5c6b] ExecutionGraph [flink-pekko.actor.default-dispatcher-8] INFO  rescale0 (7/10) (7c364d770be7fb6122304dc159ffb54f_7b4c6fe4c6df355e1ed86e978ba4a96e_6_0) switched from DEPLOYING to INITIALIZING.
59734 [e2f0affed90bb4580c88f6e4db7d5c6b] StateBackendLoader [upscale0 (8/14)#0] INFO  State backend is set to heap memory org.apache.flink.runtime.state.hashmap.HashMapStateBackend@12a1b8f7
59734 [e2f0affed90bb4580c88f6e4db7d5c6b] StreamTask [rescale0 (8/10)#0] INFO  State backend is set to heap memory org.apache.flink.runtime.state.hashmap.HashMapStateBackend@3983c7a0
59734 [e2f0affed90bb4580c88f6e4db7d5c6b] StateBackendLoader [rescale0 (8/10)#0] INFO  State backend loader loads the state backend as HashMapStateBackend
59734 [e2f0affed90bb4580c88f6e4db7d5c6b] StateBackendLoader [rescale0 (7/10)#0] INFO  State backend is set to heap memory org.apache.flink.runtime.state.hashmap.HashMapStateBackend@4986d271
59734 [e2f0affed90bb4580c88f6e4db7d5c6b] StreamTask [rescale0 (8/10)#0] INFO  Checkpoint storage is set to 'filesystem': (checkpoints "file:/var/folders/m8/q6f016tn6cl2cp86hfq331_w0000gp/T/junit-4734462783579597589/junit13986449793460021045")
59734 [e2f0affed90bb4580c88f6e4db7d5c6b] StreamTask [downscale0 (4/8)#0] INFO  State backend is set to heap memory org.apache.flink.runtime.state.hashmap.HashMapStateBackend@4633b5e9
59734 [e2f0affed90bb4580c88f6e4db7d5c6b] StateBackendLoader [downscale0 (4/8)#0] INFO  State backend loader loads the state backend as HashMapStateBackend
59734 [e2f0affed90bb4580c88f6e4db7d5c6b] StreamTask [downscale0 (4/8)#0] INFO  Checkpoint storage is set to 'filesystem': (checkpoints "file:/var/folders/m8/q6f016tn6cl2cp86hfq331_w0000gp/T/junit-4734462783579597589/junit13986449793460021045")
59734 [e2f0affed90bb4580c88f6e4db7d5c6b] FileMergingSnapshotManager [rescale0 (8/10)#0] INFO  Created a directory file:/var/folders/m8/q6f016tn6cl2cp86hfq331_w0000gp/T/junit-4734462783579597589/junit13986449793460021045/e2f0affed90bb4580c88f6e4db7d5c6b/shared/job_e2f0affed90bb4580c88f6e4db7d5c6b_op_7b4c6fe4c6df355e1ed86e978ba4a96e_7_10 for checkpoint file-merging.
59734 [e2f0affed90bb4580c88f6e4db7d5c6b] Task [rescale0 (8/10)#0] INFO  rescale0 (8/10)#0 (7c364d770be7fb6122304dc159ffb54f_7b4c6fe4c6df355e1ed86e978ba4a96e_7_0) switched from DEPLOYING to INITIALIZING.
59734 [e2f0affed90bb4580c88f6e4db7d5c6b] TaskSlotTableImpl [flink-pekko.actor.default-dispatcher-10] INFO  Activate slot c440a366c7b1cd3b8396e4ab5e75b228.
59734 [e2f0affed90bb4580c88f6e4db7d5c6b] Task [rescale0 (9/10)#0] INFO  rescale0 (9/10)#0 (7c364d770be7fb6122304dc159ffb54f_7b4c6fe4c6df355e1ed86e978ba4a96e_8_0) switched from CREATED to DEPLOYING.
59734 [e2f0affed90bb4580c88f6e4db7d5c6b] ExecutionGraph [flink-pekko.actor.default-dispatcher-6] INFO  rescale0 (8/10) (7c364d770be7fb6122304dc159ffb54f_7b4c6fe4c6df355e1ed86e978ba4a96e_7_0) switched from DEPLOYING to INITIALIZING.
59734 [e2f0affed90bb4580c88f6e4db7d5c6b] TaskExecutor [flink-pekko.actor.default-dispatcher-9] INFO  Received task downscale0 (7/8)#0 (7c364d770be7fb6122304dc159ffb54f_579c351891399448b6165717925f2b21_6_0), deploy into slot with allocation id af229d40ea91e721c8d8abf6fdb3bb89.
59734 [e2f0affed90bb4580c88f6e4db7d5c6b] FileMergingSnapshotManager [downscale0 (4/8)#0] INFO  Created a directory file:/var/folders/m8/q6f016tn6cl2cp86hfq331_w0000gp/T/junit-4734462783579597589/junit13986449793460021045/e2f0affed90bb4580c88f6e4db7d5c6b/shared/job_e2f0affed90bb4580c88f6e4db7d5c6b_op_579c351891399448b6165717925f2b21_3_8 for checkpoint file-merging.
59734 [e2f0affed90bb4580c88f6e4db7d5c6b] Task [rescale0 (9/10)#0] INFO  Loading JAR files for task rescale0 (9/10)#0 (7c364d770be7fb6122304dc159ffb54f_7b4c6fe4c6df355e1ed86e978ba4a96e_8_0) [DEPLOYING].
59734 [e2f0affed90bb4580c88f6e4db7d5c6b] StateBackendLoader [rescale0 (8/10)#0] INFO  State backend is set to heap memory org.apache.flink.runtime.state.hashmap.HashMapStateBackend@73ef78d
59734 [e2f0affed90bb4580c88f6e4db7d5c6b] Task [rescale0 (5/10)#0] INFO  rescale0 (5/10)#0 (7c364d770be7fb6122304dc159ffb54f_7b4c6fe4c6df355e1ed86e978ba4a96e_4_0) switched from INITIALIZING to RUNNING.
59734 [e2f0affed90bb4580c88f6e4db7d5c6b] ExecutionGraph [flink-pekko.actor.default-dispatcher-8] INFO  rescale0 (5/10) (7c364d770be7fb6122304dc159ffb54f_7b4c6fe4c6df355e1ed86e978ba4a96e_4_0) switched from INITIALIZING to RUNNING.
59734 [e2f0affed90bb4580c88f6e4db7d5c6b] Task [downscale0 (4/8)#0] INFO  downscale0 (4/8)#0 (7c364d770be7fb6122304dc159ffb54f_579c351891399448b6165717925f2b21_3_0) switched from DEPLOYING to INITIALIZING.
59734 [e2f0affed90bb4580c88f6e4db7d5c6b] ExecutionGraph [flink-pekko.actor.default-dispatcher-6] INFO  downscale0 (4/8) (7c364d770be7fb6122304dc159ffb54f_579c351891399448b6165717925f2b21_3_0) switched from DEPLOYING to INITIALIZING.
59734 [e2f0affed90bb4580c88f6e4db7d5c6b] TaskSlotTableImpl [flink-pekko.actor.default-dispatcher-9] INFO  Activate slot ad281a12c9fed243353c6fd5ab19e289.
59734 [e2f0affed90bb4580c88f6e4db7d5c6b] Task [downscale0 (7/8)#0] INFO  downscale0 (7/8)#0 (7c364d770be7fb6122304dc159ffb54f_579c351891399448b6165717925f2b21_6_0) switched from CREATED to DEPLOYING.
59734 [e2f0affed90bb4580c88f6e4db7d5c6b] Task [downscale0 (7/8)#0] INFO  Loading JAR files for task downscale0 (7/8)#0 (7c364d770be7fb6122304dc159ffb54f_579c351891399448b6165717925f2b21_6_0) [DEPLOYING].
59734 [e2f0affed90bb4580c88f6e4db7d5c6b] TaskExecutor [flink-pekko.actor.default-dispatcher-10] INFO  Received task failing-map (7/7)#0 (7c364d770be7fb6122304dc159ffb54f_b8c789ec3a44294cb45da029ffe0e6fd_6_0), deploy into slot with allocation id c440a366c7b1cd3b8396e4ab5e75b228.
59734 [e2f0affed90bb4580c88f6e4db7d5c6b] StateBackendLoader [downscale0 (4/8)#0] INFO  State backend is set to heap memory org.apache.flink.runtime.state.hashmap.HashMapStateBackend@2da58358
59734 [e2f0affed90bb4580c88f6e4db7d5c6b] Task [rescale0 (7/10)#0] INFO  rescale0 (7/10)#0 (7c364d770be7fb6122304dc159ffb54f_7b4c6fe4c6df355e1ed86e978ba4a96e_6_0) switched from INITIALIZING to RUNNING.
59734 [e2f0affed90bb4580c88f6e4db7d5c6b] Task [upscale0 (8/14)#0] INFO  upscale0 (8/14)#0 (7c364d770be7fb6122304dc159ffb54f_7559af08559a2c7079a359b85b7edab5_7_0) switched from INITIALIZING to RUNNING.
59734 [e2f0affed90bb4580c88f6e4db7d5c6b] TaskSlotTableImpl [flink-pekko.actor.default-dispatcher-10] INFO  Activate slot abfd9db3ee3ca4ef22f482e5d2f80918.
59734 [e2f0affed90bb4580c88f6e4db7d5c6b] Task [failing-map (7/7)#0] INFO  failing-map (7/7)#0 (7c364d770be7fb6122304dc159ffb54f_b8c789ec3a44294cb45da029ffe0e6fd_6_0) switched from CREATED to DEPLOYING.
59734 [e2f0affed90bb4580c88f6e4db7d5c6b] Task [failing-map (7/7)#0] INFO  Loading JAR files for task failing-map (7/7)#0 (7c364d770be7fb6122304dc159ffb54f_b8c789ec3a44294cb45da029ffe0e6fd_6_0) [DEPLOYING].
59734 [e2f0affed90bb4580c88f6e4db7d5c6b] ExecutionGraph [flink-pekko.actor.default-dispatcher-8] INFO  rescale0 (7/10) (7c364d770be7fb6122304dc159ffb54f_7b4c6fe4c6df355e1ed86e978ba4a96e_6_0) switched from INITIALIZING to RUNNING.
59734 [e2f0affed90bb4580c88f6e4db7d5c6b] ExecutionGraph [flink-pekko.actor.default-dispatcher-8] INFO  upscale0 (8/14) (7c364d770be7fb6122304dc159ffb54f_7559af08559a2c7079a359b85b7edab5_7_0) switched from INITIALIZING to RUNNING.
59734 [e2f0affed90bb4580c88f6e4db7d5c6b] StreamTask [rescale0 (9/10)#0] INFO  State backend is set to heap memory org.apache.flink.runtime.state.hashmap.HashMapStateBackend@731e7e79
59734 [e2f0affed90bb4580c88f6e4db7d5c6b] StateBackendLoader [rescale0 (9/10)#0] INFO  State backend loader loads the state backend as HashMapStateBackend
59734 [e2f0affed90bb4580c88f6e4db7d5c6b] StreamTask [rescale0 (9/10)#0] INFO  Checkpoint storage is set to 'filesystem': (checkpoints "file:/var/folders/m8/q6f016tn6cl2cp86hfq331_w0000gp/T/junit-4734462783579597589/junit13986449793460021045")
59735 [e2f0affed90bb4580c88f6e4db7d5c6b] TaskExecutor [flink-pekko.actor.default-dispatcher-9] INFO  Received task downscale0 (8/8)#0 (7c364d770be7fb6122304dc159ffb54f_579c351891399448b6165717925f2b21_7_0), deploy into slot with allocation id ad281a12c9fed243353c6fd5ab19e289.
59735 [e2f0affed90bb4580c88f6e4db7d5c6b] TaskSlotTableImpl [flink-pekko.actor.default-dispatcher-9] INFO  Activate slot 738d40efd47b62e7177e81efe55667b7.
59735 [e2f0affed90bb4580c88f6e4db7d5c6b] Task [downscale0 (8/8)#0] INFO  downscale0 (8/8)#0 (7c364d770be7fb6122304dc159ffb54f_579c351891399448b6165717925f2b21_7_0) switched from CREATED to DEPLOYING.
59735 [e2f0affed90bb4580c88f6e4db7d5c6b] Task [downscale0 (8/8)#0] INFO  Loading JAR files for task downscale0 (8/8)#0 (7c364d770be7fb6122304dc159ffb54f_579c351891399448b6165717925f2b21_7_0) [DEPLOYING].
59735 [e2f0affed90bb4580c88f6e4db7d5c6b] FileMergingSnapshotManager [rescale0 (9/10)#0] INFO  Created a directory file:/var/folders/m8/q6f016tn6cl2cp86hfq331_w0000gp/T/junit-4734462783579597589/junit13986449793460021045/e2f0affed90bb4580c88f6e4db7d5c6b/shared/job_e2f0affed90bb4580c88f6e4db7d5c6b_op_7b4c6fe4c6df355e1ed86e978ba4a96e_8_10 for checkpoint file-merging.
59735 [e2f0affed90bb4580c88f6e4db7d5c6b] StreamTask [failing-map (7/7)#0] INFO  State backend is set to heap memory org.apache.flink.runtime.state.hashmap.HashMapStateBackend@1cd17938
59735 [e2f0affed90bb4580c88f6e4db7d5c6b] StateBackendLoader [failing-map (7/7)#0] INFO  State backend loader loads the state backend as HashMapStateBackend
59735 [e2f0affed90bb4580c88f6e4db7d5c6b] StreamTask [failing-map (7/7)#0] INFO  Checkpoint storage is set to 'filesystem': (checkpoints "file:/var/folders/m8/q6f016tn6cl2cp86hfq331_w0000gp/T/junit-4734462783579597589/junit13986449793460021045")
59735 [e2f0affed90bb4580c88f6e4db7d5c6b] Task [rescale0 (9/10)#0] INFO  rescale0 (9/10)#0 (7c364d770be7fb6122304dc159ffb54f_7b4c6fe4c6df355e1ed86e978ba4a96e_8_0) switched from DEPLOYING to INITIALIZING.
59735 [e2f0affed90bb4580c88f6e4db7d5c6b] Task [rescale0 (8/10)#0] INFO  rescale0 (8/10)#0 (7c364d770be7fb6122304dc159ffb54f_7b4c6fe4c6df355e1ed86e978ba4a96e_7_0) switched from INITIALIZING to RUNNING.
59735 [e2f0affed90bb4580c88f6e4db7d5c6b] ExecutionGraph [flink-pekko.actor.default-dispatcher-6] INFO  rescale0 (9/10) (7c364d770be7fb6122304dc159ffb54f_7b4c6fe4c6df355e1ed86e978ba4a96e_8_0) switched from DEPLOYING to INITIALIZING.
59735 [e2f0affed90bb4580c88f6e4db7d5c6b] ExecutionGraph [flink-pekko.actor.default-dispatcher-6] INFO  rescale0 (8/10) (7c364d770be7fb6122304dc159ffb54f_7b4c6fe4c6df355e1ed86e978ba4a96e_7_0) switched from INITIALIZING to RUNNING.
59735 [e2f0affed90bb4580c88f6e4db7d5c6b] TaskExecutor [flink-pekko.actor.default-dispatcher-10] INFO  Received task failing-map (5/7)#0 (7c364d770be7fb6122304dc159ffb54f_b8c789ec3a44294cb45da029ffe0e6fd_4_0), deploy into slot with allocation id abfd9db3ee3ca4ef22f482e5d2f80918.
59735 [e2f0affed90bb4580c88f6e4db7d5c6b] FileMergingSnapshotManager [failing-map (7/7)#0] INFO  Created a directory file:/var/folders/m8/q6f016tn6cl2cp86hfq331_w0000gp/T/junit-4734462783579597589/junit13986449793460021045/e2f0affed90bb4580c88f6e4db7d5c6b/shared/job_e2f0affed90bb4580c88f6e4db7d5c6b_op_b8c789ec3a44294cb45da029ffe0e6fd_6_7 for checkpoint file-merging.
59735 [e2f0affed90bb4580c88f6e4db7d5c6b] Task [failing-map (7/7)#0] INFO  failing-map (7/7)#0 (7c364d770be7fb6122304dc159ffb54f_b8c789ec3a44294cb45da029ffe0e6fd_6_0) switched from DEPLOYING to INITIALIZING.
59735 [e2f0affed90bb4580c88f6e4db7d5c6b] ExecutionGraph [flink-pekko.actor.default-dispatcher-8] INFO  failing-map (7/7) (7c364d770be7fb6122304dc159ffb54f_b8c789ec3a44294cb45da029ffe0e6fd_6_0) switched from DEPLOYING to INITIALIZING.
59735 [e2f0affed90bb4580c88f6e4db7d5c6b] StateBackendLoader [rescale0 (9/10)#0] INFO  State backend is set to heap memory org.apache.flink.runtime.state.hashmap.HashMapStateBackend@18d4b9ba
59735 [e2f0affed90bb4580c88f6e4db7d5c6b] TaskExecutor [flink-pekko.actor.default-dispatcher-9] INFO  Received task downscale0 (3/8)#0 (7c364d770be7fb6122304dc159ffb54f_579c351891399448b6165717925f2b21_2_0), deploy into slot with allocation id 738d40efd47b62e7177e81efe55667b7.
59735 [e2f0affed90bb4580c88f6e4db7d5c6b] StateBackendLoader [failing-map (7/7)#0] INFO  State backend is set to heap memory org.apache.flink.runtime.state.hashmap.HashMapStateBackend@5e0a6096
59735 [e2f0affed90bb4580c88f6e4db7d5c6b] StreamTask [downscale0 (7/8)#0] INFO  State backend is set to heap memory org.apache.flink.runtime.state.hashmap.HashMapStateBackend@1a246cfa
59735 [e2f0affed90bb4580c88f6e4db7d5c6b] StateBackendLoader [downscale0 (7/8)#0] INFO  State backend loader loads the state backend as HashMapStateBackend
59735 [e2f0affed90bb4580c88f6e4db7d5c6b] StreamTask [downscale0 (7/8)#0] INFO  Checkpoint storage is set to 'filesystem': (checkpoints "file:/var/folders/m8/q6f016tn6cl2cp86hfq331_w0000gp/T/junit-4734462783579597589/junit13986449793460021045")
59735 [e2f0affed90bb4580c88f6e4db7d5c6b] Task [downscale0 (4/8)#0] INFO  downscale0 (4/8)#0 (7c364d770be7fb6122304dc159ffb54f_579c351891399448b6165717925f2b21_3_0) switched from INITIALIZING to RUNNING.
59735 [e2f0affed90bb4580c88f6e4db7d5c6b] ExecutionGraph [flink-pekko.actor.default-dispatcher-6] INFO  downscale0 (4/8) (7c364d770be7fb6122304dc159ffb54f_579c351891399448b6165717925f2b21_3_0) switched from INITIALIZING to RUNNING.
59735 [e2f0affed90bb4580c88f6e4db7d5c6b] Task [failing-map (7/7)#0] INFO  failing-map (7/7)#0 (7c364d770be7fb6122304dc159ffb54f_b8c789ec3a44294cb45da029ffe0e6fd_6_0) switched from INITIALIZING to RUNNING.
59735 [e2f0affed90bb4580c88f6e4db7d5c6b] FileMergingSnapshotManager [downscale0 (7/8)#0] INFO  Created a directory file:/var/folders/m8/q6f016tn6cl2cp86hfq331_w0000gp/T/junit-4734462783579597589/junit13986449793460021045/e2f0affed90bb4580c88f6e4db7d5c6b/shared/job_e2f0affed90bb4580c88f6e4db7d5c6b_op_579c351891399448b6165717925f2b21_6_8 for checkpoint file-merging.
59735 [e2f0affed90bb4580c88f6e4db7d5c6b] ExecutionGraph [flink-pekko.actor.default-dispatcher-8] INFO  failing-map (7/7) (7c364d770be7fb6122304dc159ffb54f_b8c789ec3a44294cb45da029ffe0e6fd_6_0) switched from INITIALIZING to RUNNING.
59735 [e2f0affed90bb4580c88f6e4db7d5c6b] TaskSlotTableImpl [flink-pekko.actor.default-dispatcher-9] INFO  Activate slot 738d40efd47b62e7177e81efe55667b7.
59735 [e2f0affed90bb4580c88f6e4db7d5c6b] Task [downscale0 (3/8)#0] INFO  downscale0 (3/8)#0 (7c364d770be7fb6122304dc159ffb54f_579c351891399448b6165717925f2b21_2_0) switched from CREATED to DEPLOYING.
59735 [e2f0affed90bb4580c88f6e4db7d5c6b] Task [downscale0 (3/8)#0] INFO  Loading JAR files for task downscale0 (3/8)#0 (7c364d770be7fb6122304dc159ffb54f_579c351891399448b6165717925f2b21_2_0) [DEPLOYING].
59735 [e2f0affed90bb4580c88f6e4db7d5c6b] Task [downscale0 (7/8)#0] INFO  downscale0 (7/8)#0 (7c364d770be7fb6122304dc159ffb54f_579c351891399448b6165717925f2b21_6_0) switched from DEPLOYING to INITIALIZING.
59735 [e2f0affed90bb4580c88f6e4db7d5c6b] ExecutionGraph [flink-pekko.actor.default-dispatcher-8] INFO  downscale0 (7/8) (7c364d770be7fb6122304dc159ffb54f_579c351891399448b6165717925f2b21_6_0) switched from DEPLOYING to INITIALIZING.
59735 [e2f0affed90bb4580c88f6e4db7d5c6b] StateBackendLoader [downscale0 (7/8)#0] INFO  State backend is set to heap memory org.apache.flink.runtime.state.hashmap.HashMapStateBackend@5f87329b
59735 [e2f0affed90bb4580c88f6e4db7d5c6b] Task [rescale0 (9/10)#0] INFO  rescale0 (9/10)#0 (7c364d770be7fb6122304dc159ffb54f_7b4c6fe4c6df355e1ed86e978ba4a96e_8_0) switched from INITIALIZING to RUNNING.
59735 [e2f0affed90bb4580c88f6e4db7d5c6b] ExecutionGraph [flink-pekko.actor.default-dispatcher-6] INFO  rescale0 (9/10) (7c364d770be7fb6122304dc159ffb54f_7b4c6fe4c6df355e1ed86e978ba4a96e_8_0) switched from INITIALIZING to RUNNING.
59735 [e2f0affed90bb4580c88f6e4db7d5c6b] StreamTask [downscale0 (8/8)#0] INFO  State backend is set to heap memory org.apache.flink.runtime.state.hashmap.HashMapStateBackend@f8403c7
59735 [e2f0affed90bb4580c88f6e4db7d5c6b] StateBackendLoader [downscale0 (8/8)#0] INFO  State backend loader loads the state backend as HashMapStateBackend
59735 [e2f0affed90bb4580c88f6e4db7d5c6b] StreamTask [downscale0 (8/8)#0] INFO  Checkpoint storage is set to 'filesystem': (checkpoints "file:/var/folders/m8/q6f016tn6cl2cp86hfq331_w0000gp/T/junit-4734462783579597589/junit13986449793460021045")
59735 [e2f0affed90bb4580c88f6e4db7d5c6b] TaskExecutor [flink-pekko.actor.default-dispatcher-9] INFO  Received task keyby0 (3/7)#0 (7c364d770be7fb6122304dc159ffb54f_e32648f4a493dd25fdd7d9c66c500390_2_0), deploy into slot with allocation id 738d40efd47b62e7177e81efe55667b7.
59735 [e2f0affed90bb4580c88f6e4db7d5c6b] StreamTask [downscale0 (3/8)#0] INFO  State backend is set to heap memory org.apache.flink.runtime.state.hashmap.HashMapStateBackend@3ae67042
59735 [e2f0affed90bb4580c88f6e4db7d5c6b] StateBackendLoader [downscale0 (3/8)#0] INFO  State backend loader loads the state backend as HashMapStateBackend
59735 [e2f0affed90bb4580c88f6e4db7d5c6b] StreamTask [downscale0 (3/8)#0] INFO  Checkpoint storage is set to 'filesystem': (checkpoints "file:/var/folders/m8/q6f016tn6cl2cp86hfq331_w0000gp/T/junit-4734462783579597589/junit13986449793460021045")
59735 [e2f0affed90bb4580c88f6e4db7d5c6b] FileMergingSnapshotManager [downscale0 (8/8)#0] INFO  Created a directory file:/var/folders/m8/q6f016tn6cl2cp86hfq331_w0000gp/T/junit-4734462783579597589/junit13986449793460021045/e2f0affed90bb4580c88f6e4db7d5c6b/shared/job_e2f0affed90bb4580c88f6e4db7d5c6b_op_579c351891399448b6165717925f2b21_7_8 for checkpoint file-merging.
59735 [e2f0affed90bb4580c88f6e4db7d5c6b] Task [downscale0 (8/8)#0] INFO  downscale0 (8/8)#0 (7c364d770be7fb6122304dc159ffb54f_579c351891399448b6165717925f2b21_7_0) switched from DEPLOYING to INITIALIZING.
59735 [e2f0affed90bb4580c88f6e4db7d5c6b] Task [failing-map (5/7)#0] INFO  failing-map (5/7)#0 (7c364d770be7fb6122304dc159ffb54f_b8c789ec3a44294cb45da029ffe0e6fd_4_0) switched from CREATED to DEPLOYING.
59735 [e2f0affed90bb4580c88f6e4db7d5c6b] ExecutionGraph [flink-pekko.actor.default-dispatcher-6] INFO  downscale0 (8/8) (7c364d770be7fb6122304dc159ffb54f_579c351891399448b6165717925f2b21_7_0) switched from DEPLOYING to INITIALIZING.
59735 [e2f0affed90bb4580c88f6e4db7d5c6b] Task [failing-map (5/7)#0] INFO  Loading JAR files for task failing-map (5/7)#0 (7c364d770be7fb6122304dc159ffb54f_b8c789ec3a44294cb45da029ffe0e6fd_4_0) [DEPLOYING].
59735 [e2f0affed90bb4580c88f6e4db7d5c6b] FileMergingSnapshotManager [downscale0 (3/8)#0] INFO  Created a directory file:/var/folders/m8/q6f016tn6cl2cp86hfq331_w0000gp/T/junit-4734462783579597589/junit13986449793460021045/e2f0affed90bb4580c88f6e4db7d5c6b/shared/job_e2f0affed90bb4580c88f6e4db7d5c6b_op_579c351891399448b6165717925f2b21_2_8 for checkpoint file-merging.
59736 [e2f0affed90bb4580c88f6e4db7d5c6b] Task [downscale0 (3/8)#0] INFO  downscale0 (3/8)#0 (7c364d770be7fb6122304dc159ffb54f_579c351891399448b6165717925f2b21_2_0) switched from DEPLOYING to INITIALIZING.
59736 [e2f0affed90bb4580c88f6e4db7d5c6b] ExecutionGraph [flink-pekko.actor.default-dispatcher-10] INFO  downscale0 (3/8) (7c364d770be7fb6122304dc159ffb54f_579c351891399448b6165717925f2b21_2_0) switched from DEPLOYING to INITIALIZING.
59736 [e2f0affed90bb4580c88f6e4db7d5c6b] TaskSlotTableImpl [flink-pekko.actor.default-dispatcher-9] INFO  Activate slot f17d2f5ba332a9667507cf1e1c08ff16.
59736 [e2f0affed90bb4580c88f6e4db7d5c6b] Task [keyby0 (3/7)#0] INFO  keyby0 (3/7)#0 (7c364d770be7fb6122304dc159ffb54f_e32648f4a493dd25fdd7d9c66c500390_2_0) switched from CREATED to DEPLOYING.
59736 [e2f0affed90bb4580c88f6e4db7d5c6b] Task [keyby0 (3/7)#0] INFO  Loading JAR files for task keyby0 (3/7)#0 (7c364d770be7fb6122304dc159ffb54f_e32648f4a493dd25fdd7d9c66c500390_2_0) [DEPLOYING].
59736 [e2f0affed90bb4580c88f6e4db7d5c6b] StateBackendLoader [downscale0 (8/8)#0] INFO  State backend is set to heap memory org.apache.flink.runtime.state.hashmap.HashMapStateBackend@78961f74
59736 [e2f0affed90bb4580c88f6e4db7d5c6b] StateBackendLoader [downscale0 (3/8)#0] INFO  State backend is set to heap memory org.apache.flink.runtime.state.hashmap.HashMapStateBackend@4552d7e2
59736 [e2f0affed90bb4580c88f6e4db7d5c6b] TaskExecutor [flink-pekko.actor.default-dispatcher-9] INFO  Received task keyby0 (4/7)#0 (7c364d770be7fb6122304dc159ffb54f_e32648f4a493dd25fdd7d9c66c500390_3_0), deploy into slot with allocation id f17d2f5ba332a9667507cf1e1c08ff16.
59736 [e2f0affed90bb4580c88f6e4db7d5c6b] StreamTask [keyby0 (3/7)#0] INFO  State backend is set to heap memory org.apache.flink.runtime.state.hashmap.HashMapStateBackend@9dd6aa1
59736 [e2f0affed90bb4580c88f6e4db7d5c6b] StateBackendLoader [keyby0 (3/7)#0] INFO  State backend loader loads the state backend as HashMapStateBackend
59736 [e2f0affed90bb4580c88f6e4db7d5c6b] StreamTask [keyby0 (3/7)#0] INFO  Checkpoint storage is set to 'filesystem': (checkpoints "file:/var/folders/m8/q6f016tn6cl2cp86hfq331_w0000gp/T/junit-4734462783579597589/junit13986449793460021045")
59736 [e2f0affed90bb4580c88f6e4db7d5c6b] Task [downscale0 (7/8)#0] INFO  downscale0 (7/8)#0 (7c364d770be7fb6122304dc159ffb54f_579c351891399448b6165717925f2b21_6_0) switched from INITIALIZING to RUNNING.
59736 [e2f0affed90bb4580c88f6e4db7d5c6b] ExecutionGraph [flink-pekko.actor.default-dispatcher-8] INFO  downscale0 (7/8) (7c364d770be7fb6122304dc159ffb54f_579c351891399448b6165717925f2b21_6_0) switched from INITIALIZING to RUNNING.
59736 [e2f0affed90bb4580c88f6e4db7d5c6b] FileMergingSnapshotManager [keyby0 (3/7)#0] INFO  Created a directory file:/var/folders/m8/q6f016tn6cl2cp86hfq331_w0000gp/T/junit-4734462783579597589/junit13986449793460021045/e2f0affed90bb4580c88f6e4db7d5c6b/shared/job_e2f0affed90bb4580c88f6e4db7d5c6b_op_e32648f4a493dd25fdd7d9c66c500390_2_7 for checkpoint file-merging.
59736 [e2f0affed90bb4580c88f6e4db7d5c6b] Task [keyby0 (3/7)#0] INFO  keyby0 (3/7)#0 (7c364d770be7fb6122304dc159ffb54f_e32648f4a493dd25fdd7d9c66c500390_2_0) switched from DEPLOYING to INITIALIZING.
59736 [e2f0affed90bb4580c88f6e4db7d5c6b] ExecutionGraph [flink-pekko.actor.default-dispatcher-10] INFO  keyby0 (3/7) (7c364d770be7fb6122304dc159ffb54f_e32648f4a493dd25fdd7d9c66c500390_2_0) switched from DEPLOYING to INITIALIZING.
59736 [e2f0affed90bb4580c88f6e4db7d5c6b] UnalignedCheckpointTestBase [Source: source0 -> input-filter0 -> input-counter0 (5/7)#0] INFO  Added splits [LongSplit{increment=7, nextNumber=4}], finishing=false, pumping until null @ 4 subtask (0 attempt)
59736 [e2f0affed90bb4580c88f6e4db7d5c6b] UnalignedCheckpointTestBase [Source: source0 -> input-filter0 -> input-counter0 (6/7)#0] INFO  Added splits [LongSplit{increment=7, nextNumber=5}], finishing=false, pumping until null @ 5 subtask (0 attempt)
59736 [e2f0affed90bb4580c88f6e4db7d5c6b] Task [downscale0 (3/8)#0] INFO  downscale0 (3/8)#0 (7c364d770be7fb6122304dc159ffb54f_579c351891399448b6165717925f2b21_2_0) switched from INITIALIZING to RUNNING.
59736 [e2f0affed90bb4580c88f6e4db7d5c6b] ExecutionGraph [flink-pekko.actor.default-dispatcher-6] INFO  downscale0 (3/8) (7c364d770be7fb6122304dc159ffb54f_579c351891399448b6165717925f2b21_2_0) switched from INITIALIZING to RUNNING.
59736 [e2f0affed90bb4580c88f6e4db7d5c6b] StreamTask [failing-map (5/7)#0] INFO  State backend is set to heap memory org.apache.flink.runtime.state.hashmap.HashMapStateBackend@df465b0
59736 [e2f0affed90bb4580c88f6e4db7d5c6b] StateBackendLoader [failing-map (5/7)#0] INFO  State backend loader loads the state backend as HashMapStateBackend
59736 [e2f0affed90bb4580c88f6e4db7d5c6b] StreamTask [failing-map (5/7)#0] INFO  Checkpoint storage is set to 'filesystem': (checkpoints "file:/var/folders/m8/q6f016tn6cl2cp86hfq331_w0000gp/T/junit-4734462783579597589/junit13986449793460021045")
59736 [e2f0affed90bb4580c88f6e4db7d5c6b] Task [downscale0 (8/8)#0] INFO  downscale0 (8/8)#0 (7c364d770be7fb6122304dc159ffb54f_579c351891399448b6165717925f2b21_7_0) switched from INITIALIZING to RUNNING.
59736 [e2f0affed90bb4580c88f6e4db7d5c6b] ExecutionGraph [flink-pekko.actor.default-dispatcher-8] INFO  downscale0 (8/8) (7c364d770be7fb6122304dc159ffb54f_579c351891399448b6165717925f2b21_7_0) switched from INITIALIZING to RUNNING.
59736 [e2f0affed90bb4580c88f6e4db7d5c6b] StateBackendLoader [keyby0 (3/7)#0] INFO  State backend is set to heap memory org.apache.flink.runtime.state.hashmap.HashMapStateBackend@6be5ffcc
59736 [e2f0affed90bb4580c88f6e4db7d5c6b] HeapKeyedStateBackendBuilder [keyby0 (3/7)#0] INFO  Finished to build heap keyed state-backend.
59736 [e2f0affed90bb4580c88f6e4db7d5c6b] HeapKeyedStateBackend [keyby0 (3/7)#0] INFO  Initializing heap keyed state backend with stream factory.
59736 [e2f0affed90bb4580c88f6e4db7d5c6b] FileMergingSnapshotManager [failing-map (5/7)#0] INFO  Created a directory file:/var/folders/m8/q6f016tn6cl2cp86hfq331_w0000gp/T/junit-4734462783579597589/junit13986449793460021045/e2f0affed90bb4580c88f6e4db7d5c6b/shared/job_e2f0affed90bb4580c88f6e4db7d5c6b_op_b8c789ec3a44294cb45da029ffe0e6fd_4_7 for checkpoint file-merging.
59736 [e2f0affed90bb4580c88f6e4db7d5c6b] TaskSlotTableImpl [flink-pekko.actor.default-dispatcher-9] INFO  Activate slot af229d40ea91e721c8d8abf6fdb3bb89.
59736 [e2f0affed90bb4580c88f6e4db7d5c6b] Task [keyby0 (4/7)#0] INFO  keyby0 (4/7)#0 (7c364d770be7fb6122304dc159ffb54f_e32648f4a493dd25fdd7d9c66c500390_3_0) switched from CREATED to DEPLOYING.
59736 [e2f0affed90bb4580c88f6e4db7d5c6b] Task [keyby0 (4/7)#0] INFO  Loading JAR files for task keyby0 (4/7)#0 (7c364d770be7fb6122304dc159ffb54f_e32648f4a493dd25fdd7d9c66c500390_3_0) [DEPLOYING].
59736 [e2f0affed90bb4580c88f6e4db7d5c6b] Task [failing-map (5/7)#0] INFO  failing-map (5/7)#0 (7c364d770be7fb6122304dc159ffb54f_b8c789ec3a44294cb45da029ffe0e6fd_4_0) switched from DEPLOYING to INITIALIZING.
59736 [e2f0affed90bb4580c88f6e4db7d5c6b] Task [keyby0 (3/7)#0] INFO  keyby0 (3/7)#0 (7c364d770be7fb6122304dc159ffb54f_e32648f4a493dd25fdd7d9c66c500390_2_0) switched from INITIALIZING to RUNNING.
59737 [e2f0affed90bb4580c88f6e4db7d5c6b] ExecutionGraph [flink-pekko.actor.default-dispatcher-8] INFO  failing-map (5/7) (7c364d770be7fb6122304dc159ffb54f_b8c789ec3a44294cb45da029ffe0e6fd_4_0) switched from DEPLOYING to INITIALIZING.
59737 [e2f0affed90bb4580c88f6e4db7d5c6b] ExecutionGraph [flink-pekko.actor.default-dispatcher-8] INFO  keyby0 (3/7) (7c364d770be7fb6122304dc159ffb54f_e32648f4a493dd25fdd7d9c66c500390_2_0) switched from INITIALIZING to RUNNING.
59737 [e2f0affed90bb4580c88f6e4db7d5c6b] StateBackendLoader [failing-map (5/7)#0] INFO  State backend is set to heap memory org.apache.flink.runtime.state.hashmap.HashMapStateBackend@6f33ab7a
59737 [e2f0affed90bb4580c88f6e4db7d5c6b] TaskExecutor [flink-pekko.actor.default-dispatcher-9] INFO  Received task keyby0 (7/7)#0 (7c364d770be7fb6122304dc159ffb54f_e32648f4a493dd25fdd7d9c66c500390_6_0), deploy into slot with allocation id af229d40ea91e721c8d8abf6fdb3bb89.
59737 [e2f0affed90bb4580c88f6e4db7d5c6b] StreamTask [keyby0 (4/7)#0] INFO  State backend is set to heap memory org.apache.flink.runtime.state.hashmap.HashMapStateBackend@6079b725
59737 [e2f0affed90bb4580c88f6e4db7d5c6b] StateBackendLoader [keyby0 (4/7)#0] INFO  State backend loader loads the state backend as HashMapStateBackend
59737 [e2f0affed90bb4580c88f6e4db7d5c6b] StreamTask [keyby0 (4/7)#0] INFO  Checkpoint storage is set to 'filesystem': (checkpoints "file:/var/folders/m8/q6f016tn6cl2cp86hfq331_w0000gp/T/junit-4734462783579597589/junit13986449793460021045")
59737 [e2f0affed90bb4580c88f6e4db7d5c6b] TaskSlotTableImpl [flink-pekko.actor.default-dispatcher-9] INFO  Activate slot ad281a12c9fed243353c6fd5ab19e289.
59737 [e2f0affed90bb4580c88f6e4db7d5c6b] FileMergingSnapshotManager [keyby0 (4/7)#0] INFO  Created a directory file:/var/folders/m8/q6f016tn6cl2cp86hfq331_w0000gp/T/junit-4734462783579597589/junit13986449793460021045/e2f0affed90bb4580c88f6e4db7d5c6b/shared/job_e2f0affed90bb4580c88f6e4db7d5c6b_op_e32648f4a493dd25fdd7d9c66c500390_3_7 for checkpoint file-merging.
59737 [e2f0affed90bb4580c88f6e4db7d5c6b] Task [failing-map (5/7)#0] INFO  failing-map (5/7)#0 (7c364d770be7fb6122304dc159ffb54f_b8c789ec3a44294cb45da029ffe0e6fd_4_0) switched from INITIALIZING to RUNNING.
59737 [e2f0affed90bb4580c88f6e4db7d5c6b] Task [keyby0 (7/7)#0] INFO  keyby0 (7/7)#0 (7c364d770be7fb6122304dc159ffb54f_e32648f4a493dd25fdd7d9c66c500390_6_0) switched from CREATED to DEPLOYING.
59737 [e2f0affed90bb4580c88f6e4db7d5c6b] Task [keyby0 (7/7)#0] INFO  Loading JAR files for task keyby0 (7/7)#0 (7c364d770be7fb6122304dc159ffb54f_e32648f4a493dd25fdd7d9c66c500390_6_0) [DEPLOYING].
59737 [e2f0affed90bb4580c88f6e4db7d5c6b] ExecutionGraph [flink-pekko.actor.default-dispatcher-6] INFO  failing-map (5/7) (7c364d770be7fb6122304dc159ffb54f_b8c789ec3a44294cb45da029ffe0e6fd_4_0) switched from INITIALIZING to RUNNING.
59737 [e2f0affed90bb4580c88f6e4db7d5c6b] Task [keyby0 (4/7)#0] INFO  keyby0 (4/7)#0 (7c364d770be7fb6122304dc159ffb54f_e32648f4a493dd25fdd7d9c66c500390_3_0) switched from DEPLOYING to INITIALIZING.
59737 [e2f0affed90bb4580c88f6e4db7d5c6b] ExecutionGraph [flink-pekko.actor.default-dispatcher-10] INFO  keyby0 (4/7) (7c364d770be7fb6122304dc159ffb54f_e32648f4a493dd25fdd7d9c66c500390_3_0) switched from DEPLOYING to INITIALIZING.
59737 [e2f0affed90bb4580c88f6e4db7d5c6b] TaskExecutor [flink-pekko.actor.default-dispatcher-9] INFO  Received task rescale0 (2/10)#0 (7c364d770be7fb6122304dc159ffb54f_7b4c6fe4c6df355e1ed86e978ba4a96e_1_0), deploy into slot with allocation id ad281a12c9fed243353c6fd5ab19e289.
59737 [e2f0affed90bb4580c88f6e4db7d5c6b] StateBackendLoader [keyby0 (4/7)#0] INFO  State backend is set to heap memory org.apache.flink.runtime.state.hashmap.HashMapStateBackend@3a67dd53
59737 [e2f0affed90bb4580c88f6e4db7d5c6b] HeapKeyedStateBackendBuilder [keyby0 (4/7)#0] INFO  Finished to build heap keyed state-backend.
59737 [e2f0affed90bb4580c88f6e4db7d5c6b] HeapKeyedStateBackend [keyby0 (4/7)#0] INFO  Initializing heap keyed state backend with stream factory.
59737 [e2f0affed90bb4580c88f6e4db7d5c6b] TaskSlotTableImpl [flink-pekko.actor.default-dispatcher-9] INFO  Activate slot f17d2f5ba332a9667507cf1e1c08ff16.
59737 [e2f0affed90bb4580c88f6e4db7d5c6b] Task [rescale0 (2/10)#0] INFO  rescale0 (2/10)#0 (7c364d770be7fb6122304dc159ffb54f_7b4c6fe4c6df355e1ed86e978ba4a96e_1_0) switched from CREATED to DEPLOYING.
59737 [e2f0affed90bb4580c88f6e4db7d5c6b] Task [rescale0 (2/10)#0] INFO  Loading JAR files for task rescale0 (2/10)#0 (7c364d770be7fb6122304dc159ffb54f_7b4c6fe4c6df355e1ed86e978ba4a96e_1_0) [DEPLOYING].
59737 [e2f0affed90bb4580c88f6e4db7d5c6b] StreamTask [keyby0 (7/7)#0] INFO  State backend is set to heap memory org.apache.flink.runtime.state.hashmap.HashMapStateBackend@4aec00b3
59737 [e2f0affed90bb4580c88f6e4db7d5c6b] StateBackendLoader [keyby0 (7/7)#0] INFO  State backend loader loads the state backend as HashMapStateBackend
59737 [e2f0affed90bb4580c88f6e4db7d5c6b] StreamTask [keyby0 (7/7)#0] INFO  Checkpoint storage is set to 'filesystem': (checkpoints "file:/var/folders/m8/q6f016tn6cl2cp86hfq331_w0000gp/T/junit-4734462783579597589/junit13986449793460021045")
59737 [e2f0affed90bb4580c88f6e4db7d5c6b] FileMergingSnapshotManager [keyby0 (7/7)#0] INFO  Created a directory file:/var/folders/m8/q6f016tn6cl2cp86hfq331_w0000gp/T/junit-4734462783579597589/junit13986449793460021045/e2f0affed90bb4580c88f6e4db7d5c6b/shared/job_e2f0affed90bb4580c88f6e4db7d5c6b_op_e32648f4a493dd25fdd7d9c66c500390_6_7 for checkpoint file-merging.
59737 [e2f0affed90bb4580c88f6e4db7d5c6b] Task [keyby0 (4/7)#0] INFO  keyby0 (4/7)#0 (7c364d770be7fb6122304dc159ffb54f_e32648f4a493dd25fdd7d9c66c500390_3_0) switched from INITIALIZING to RUNNING.
59737 [e2f0affed90bb4580c88f6e4db7d5c6b] Task [keyby0 (7/7)#0] INFO  keyby0 (7/7)#0 (7c364d770be7fb6122304dc159ffb54f_e32648f4a493dd25fdd7d9c66c500390_6_0) switched from DEPLOYING to INITIALIZING.
59737 [e2f0affed90bb4580c88f6e4db7d5c6b] ExecutionGraph [flink-pekko.actor.default-dispatcher-6] INFO  keyby0 (4/7) (7c364d770be7fb6122304dc159ffb54f_e32648f4a493dd25fdd7d9c66c500390_3_0) switched from INITIALIZING to RUNNING.
59737 [e2f0affed90bb4580c88f6e4db7d5c6b] ExecutionGraph [flink-pekko.actor.default-dispatcher-6] INFO  keyby0 (7/7) (7c364d770be7fb6122304dc159ffb54f_e32648f4a493dd25fdd7d9c66c500390_6_0) switched from DEPLOYING to INITIALIZING.
59737 [e2f0affed90bb4580c88f6e4db7d5c6b] TaskExecutor [flink-pekko.actor.default-dispatcher-9] INFO  Received task rescale0 (6/10)#0 (7c364d770be7fb6122304dc159ffb54f_7b4c6fe4c6df355e1ed86e978ba4a96e_5_0), deploy into slot with allocation id f17d2f5ba332a9667507cf1e1c08ff16.
59737 [e2f0affed90bb4580c88f6e4db7d5c6b] StreamTask [rescale0 (2/10)#0] INFO  State backend is set to heap memory org.apache.flink.runtime.state.hashmap.HashMapStateBackend@3c7b5b17
59737 [e2f0affed90bb4580c88f6e4db7d5c6b] StateBackendLoader [rescale0 (2/10)#0] INFO  State backend loader loads the state backend as HashMapStateBackend
59737 [e2f0affed90bb4580c88f6e4db7d5c6b] StreamTask [rescale0 (2/10)#0] INFO  Checkpoint storage is set to 'filesystem': (checkpoints "file:/var/folders/m8/q6f016tn6cl2cp86hfq331_w0000gp/T/junit-4734462783579597589/junit13986449793460021045")
59737 [e2f0affed90bb4580c88f6e4db7d5c6b] TaskSlotTableImpl [flink-pekko.actor.default-dispatcher-9] INFO  Activate slot 738d40efd47b62e7177e81efe55667b7.
59737 [e2f0affed90bb4580c88f6e4db7d5c6b] Task [rescale0 (6/10)#0] INFO  rescale0 (6/10)#0 (7c364d770be7fb6122304dc159ffb54f_7b4c6fe4c6df355e1ed86e978ba4a96e_5_0) switched from CREATED to DEPLOYING.
59737 [e2f0affed90bb4580c88f6e4db7d5c6b] Task [rescale0 (6/10)#0] INFO  Loading JAR files for task rescale0 (6/10)#0 (7c364d770be7fb6122304dc159ffb54f_7b4c6fe4c6df355e1ed86e978ba4a96e_5_0) [DEPLOYING].
59737 [e2f0affed90bb4580c88f6e4db7d5c6b] StateBackendLoader [keyby0 (7/7)#0] INFO  State backend is set to heap memory org.apache.flink.runtime.state.hashmap.HashMapStateBackend@76cf8385
59737 [e2f0affed90bb4580c88f6e4db7d5c6b] HeapKeyedStateBackendBuilder [keyby0 (7/7)#0] INFO  Finished to build heap keyed state-backend.
59737 [e2f0affed90bb4580c88f6e4db7d5c6b] FileMergingSnapshotManager [rescale0 (2/10)#0] INFO  Created a directory file:/var/folders/m8/q6f016tn6cl2cp86hfq331_w0000gp/T/junit-4734462783579597589/junit13986449793460021045/e2f0affed90bb4580c88f6e4db7d5c6b/shared/job_e2f0affed90bb4580c88f6e4db7d5c6b_op_7b4c6fe4c6df355e1ed86e978ba4a96e_1_10 for checkpoint file-merging.
59737 [e2f0affed90bb4580c88f6e4db7d5c6b] HeapKeyedStateBackend [keyby0 (7/7)#0] INFO  Initializing heap keyed state backend with stream factory.
59737 [e2f0affed90bb4580c88f6e4db7d5c6b] Task [rescale0 (2/10)#0] INFO  rescale0 (2/10)#0 (7c364d770be7fb6122304dc159ffb54f_7b4c6fe4c6df355e1ed86e978ba4a96e_1_0) switched from DEPLOYING to INITIALIZING.
59738 [e2f0affed90bb4580c88f6e4db7d5c6b] ExecutionGraph [flink-pekko.actor.default-dispatcher-8] INFO  rescale0 (2/10) (7c364d770be7fb6122304dc159ffb54f_7b4c6fe4c6df355e1ed86e978ba4a96e_1_0) switched from DEPLOYING to INITIALIZING.
59738 [e2f0affed90bb4580c88f6e4db7d5c6b] TaskExecutor [flink-pekko.actor.default-dispatcher-9] INFO  Received task rescale0 (4/10)#0 (7c364d770be7fb6122304dc159ffb54f_7b4c6fe4c6df355e1ed86e978ba4a96e_3_0), deploy into slot with allocation id 738d40efd47b62e7177e81efe55667b7.
59738 [e2f0affed90bb4580c88f6e4db7d5c6b] StateBackendLoader [rescale0 (2/10)#0] INFO  State backend is set to heap memory org.apache.flink.runtime.state.hashmap.HashMapStateBackend@417c2dba
59738 [e2f0affed90bb4580c88f6e4db7d5c6b] StreamTask [rescale0 (6/10)#0] INFO  State backend is set to heap memory org.apache.flink.runtime.state.hashmap.HashMapStateBackend@58e72d31
59738 [e2f0affed90bb4580c88f6e4db7d5c6b] StateBackendLoader [rescale0 (6/10)#0] INFO  State backend loader loads the state backend as HashMapStateBackend
59738 [e2f0affed90bb4580c88f6e4db7d5c6b] StreamTask [rescale0 (6/10)#0] INFO  Checkpoint storage is set to 'filesystem': (checkpoints "file:/var/folders/m8/q6f016tn6cl2cp86hfq331_w0000gp/T/junit-4734462783579597589/junit13986449793460021045")
59738 [e2f0affed90bb4580c88f6e4db7d5c6b] Task [keyby0 (7/7)#0] INFO  keyby0 (7/7)#0 (7c364d770be7fb6122304dc159ffb54f_e32648f4a493dd25fdd7d9c66c500390_6_0) switched from INITIALIZING to RUNNING.
59738 [e2f0affed90bb4580c88f6e4db7d5c6b] ExecutionGraph [flink-pekko.actor.default-dispatcher-8] INFO  keyby0 (7/7) (7c364d770be7fb6122304dc159ffb54f_e32648f4a493dd25fdd7d9c66c500390_6_0) switched from INITIALIZING to RUNNING.
59738 [e2f0affed90bb4580c88f6e4db7d5c6b] TaskSlotTableImpl [flink-pekko.actor.default-dispatcher-9] INFO  Activate slot af229d40ea91e721c8d8abf6fdb3bb89.
59738 [e2f0affed90bb4580c88f6e4db7d5c6b] FileMergingSnapshotManager [rescale0 (6/10)#0] INFO  Created a directory file:/var/folders/m8/q6f016tn6cl2cp86hfq331_w0000gp/T/junit-4734462783579597589/junit13986449793460021045/e2f0affed90bb4580c88f6e4db7d5c6b/shared/job_e2f0affed90bb4580c88f6e4db7d5c6b_op_7b4c6fe4c6df355e1ed86e978ba4a96e_5_10 for checkpoint file-merging.
59738 [e2f0affed90bb4580c88f6e4db7d5c6b] Task [rescale0 (6/10)#0] INFO  rescale0 (6/10)#0 (7c364d770be7fb6122304dc159ffb54f_7b4c6fe4c6df355e1ed86e978ba4a96e_5_0) switched from DEPLOYING to INITIALIZING.
59738 [e2f0affed90bb4580c88f6e4db7d5c6b] ExecutionGraph [flink-pekko.actor.default-dispatcher-10] INFO  rescale0 (6/10) (7c364d770be7fb6122304dc159ffb54f_7b4c6fe4c6df355e1ed86e978ba4a96e_5_0) switched from DEPLOYING to INITIALIZING.
59738 [e2f0affed90bb4580c88f6e4db7d5c6b] Task [rescale0 (4/10)#0] INFO  rescale0 (4/10)#0 (7c364d770be7fb6122304dc159ffb54f_7b4c6fe4c6df355e1ed86e978ba4a96e_3_0) switched from CREATED to DEPLOYING.
59738 [e2f0affed90bb4580c88f6e4db7d5c6b] Task [rescale0 (4/10)#0] INFO  Loading JAR files for task rescale0 (4/10)#0 (7c364d770be7fb6122304dc159ffb54f_7b4c6fe4c6df355e1ed86e978ba4a96e_3_0) [DEPLOYING].
59738 [e2f0affed90bb4580c88f6e4db7d5c6b] Task [rescale0 (2/10)#0] INFO  rescale0 (2/10)#0 (7c364d770be7fb6122304dc159ffb54f_7b4c6fe4c6df355e1ed86e978ba4a96e_1_0) switched from INITIALIZING to RUNNING.
59738 [e2f0affed90bb4580c88f6e4db7d5c6b] ExecutionGraph [flink-pekko.actor.default-dispatcher-8] INFO  rescale0 (2/10) (7c364d770be7fb6122304dc159ffb54f_7b4c6fe4c6df355e1ed86e978ba4a96e_1_0) switched from INITIALIZING to RUNNING.
59738 [e2f0affed90bb4580c88f6e4db7d5c6b] StateBackendLoader [rescale0 (6/10)#0] INFO  State backend is set to heap memory org.apache.flink.runtime.state.hashmap.HashMapStateBackend@176188a5
59738 [e2f0affed90bb4580c88f6e4db7d5c6b] TaskExecutor [flink-pekko.actor.default-dispatcher-9] INFO  Received task rescale0 (10/10)#0 (7c364d770be7fb6122304dc159ffb54f_7b4c6fe4c6df355e1ed86e978ba4a96e_9_0), deploy into slot with allocation id af229d40ea91e721c8d8abf6fdb3bb89.
59738 [e2f0affed90bb4580c88f6e4db7d5c6b] TaskSlotTableImpl [flink-pekko.actor.default-dispatcher-9] INFO  Activate slot ad281a12c9fed243353c6fd5ab19e289.
59738 [e2f0affed90bb4580c88f6e4db7d5c6b] Task [rescale0 (10/10)#0] INFO  rescale0 (10/10)#0 (7c364d770be7fb6122304dc159ffb54f_7b4c6fe4c6df355e1ed86e978ba4a96e_9_0) switched from CREATED to DEPLOYING.
59738 [e2f0affed90bb4580c88f6e4db7d5c6b] Task [rescale0 (10/10)#0] INFO  Loading JAR files for task rescale0 (10/10)#0 (7c364d770be7fb6122304dc159ffb54f_7b4c6fe4c6df355e1ed86e978ba4a96e_9_0) [DEPLOYING].
59738 [e2f0affed90bb4580c88f6e4db7d5c6b] StreamTask [rescale0 (4/10)#0] INFO  State backend is set to heap memory org.apache.flink.runtime.state.hashmap.HashMapStateBackend@e6d197f
59738 [e2f0affed90bb4580c88f6e4db7d5c6b] StateBackendLoader [rescale0 (4/10)#0] INFO  State backend loader loads the state backend as HashMapStateBackend
59738 [e2f0affed90bb4580c88f6e4db7d5c6b] Task [rescale0 (6/10)#0] INFO  rescale0 (6/10)#0 (7c364d770be7fb6122304dc159ffb54f_7b4c6fe4c6df355e1ed86e978ba4a96e_5_0) switched from INITIALIZING to RUNNING.
59738 [e2f0affed90bb4580c88f6e4db7d5c6b] StreamTask [rescale0 (4/10)#0] INFO  Checkpoint storage is set to 'filesystem': (checkpoints "file:/var/folders/m8/q6f016tn6cl2cp86hfq331_w0000gp/T/junit-4734462783579597589/junit13986449793460021045")
59738 [e2f0affed90bb4580c88f6e4db7d5c6b] ExecutionGraph [flink-pekko.actor.default-dispatcher-8] INFO  rescale0 (6/10) (7c364d770be7fb6122304dc159ffb54f_7b4c6fe4c6df355e1ed86e978ba4a96e_5_0) switched from INITIALIZING to RUNNING.
59738 [e2f0affed90bb4580c88f6e4db7d5c6b] StreamTask [rescale0 (10/10)#0] INFO  State backend is set to heap memory org.apache.flink.runtime.state.hashmap.HashMapStateBackend@3c074931
59738 [e2f0affed90bb4580c88f6e4db7d5c6b] StateBackendLoader [rescale0 (10/10)#0] INFO  State backend loader loads the state backend as HashMapStateBackend
59738 [e2f0affed90bb4580c88f6e4db7d5c6b] StreamTask [rescale0 (10/10)#0] INFO  Checkpoint storage is set to 'filesystem': (checkpoints "file:/var/folders/m8/q6f016tn6cl2cp86hfq331_w0000gp/T/junit-4734462783579597589/junit13986449793460021045")
59738 [e2f0affed90bb4580c88f6e4db7d5c6b] FileMergingSnapshotManager [rescale0 (4/10)#0] INFO  Created a directory file:/var/folders/m8/q6f016tn6cl2cp86hfq331_w0000gp/T/junit-4734462783579597589/junit13986449793460021045/e2f0affed90bb4580c88f6e4db7d5c6b/shared/job_e2f0affed90bb4580c88f6e4db7d5c6b_op_7b4c6fe4c6df355e1ed86e978ba4a96e_3_10 for checkpoint file-merging.
59738 [e2f0affed90bb4580c88f6e4db7d5c6b] Task [rescale0 (4/10)#0] INFO  rescale0 (4/10)#0 (7c364d770be7fb6122304dc159ffb54f_7b4c6fe4c6df355e1ed86e978ba4a96e_3_0) switched from DEPLOYING to INITIALIZING.
59738 [e2f0affed90bb4580c88f6e4db7d5c6b] ExecutionGraph [flink-pekko.actor.default-dispatcher-10] INFO  rescale0 (4/10) (7c364d770be7fb6122304dc159ffb54f_7b4c6fe4c6df355e1ed86e978ba4a96e_3_0) switched from DEPLOYING to INITIALIZING.
59738 [e2f0affed90bb4580c88f6e4db7d5c6b] FileMergingSnapshotManager [rescale0 (10/10)#0] INFO  Created a directory file:/var/folders/m8/q6f016tn6cl2cp86hfq331_w0000gp/T/junit-4734462783579597589/junit13986449793460021045/e2f0affed90bb4580c88f6e4db7d5c6b/shared/job_e2f0affed90bb4580c88f6e4db7d5c6b_op_7b4c6fe4c6df355e1ed86e978ba4a96e_9_10 for checkpoint file-merging.
59738 [e2f0affed90bb4580c88f6e4db7d5c6b] TaskExecutor [flink-pekko.actor.default-dispatcher-9] INFO  Received task failing-map (2/7)#0 (7c364d770be7fb6122304dc159ffb54f_b8c789ec3a44294cb45da029ffe0e6fd_1_0), deploy into slot with allocation id ad281a12c9fed243353c6fd5ab19e289.
59738 [e2f0affed90bb4580c88f6e4db7d5c6b] Task [rescale0 (10/10)#0] INFO  rescale0 (10/10)#0 (7c364d770be7fb6122304dc159ffb54f_7b4c6fe4c6df355e1ed86e978ba4a96e_9_0) switched from DEPLOYING to INITIALIZING.
59738 [e2f0affed90bb4580c88f6e4db7d5c6b] ExecutionGraph [flink-pekko.actor.default-dispatcher-8] INFO  rescale0 (10/10) (7c364d770be7fb6122304dc159ffb54f_7b4c6fe4c6df355e1ed86e978ba4a96e_9_0) switched from DEPLOYING to INITIALIZING.
59738 [e2f0affed90bb4580c88f6e4db7d5c6b] TaskSlotTableImpl [flink-pekko.actor.default-dispatcher-9] INFO  Activate slot 738d40efd47b62e7177e81efe55667b7.
59738 [e2f0affed90bb4580c88f6e4db7d5c6b] Task [failing-map (2/7)#0] INFO  failing-map (2/7)#0 (7c364d770be7fb6122304dc159ffb54f_b8c789ec3a44294cb45da029ffe0e6fd_1_0) switched from CREATED to DEPLOYING.
59738 [e2f0affed90bb4580c88f6e4db7d5c6b] Task [failing-map (2/7)#0] INFO  Loading JAR files for task failing-map (2/7)#0 (7c364d770be7fb6122304dc159ffb54f_b8c789ec3a44294cb45da029ffe0e6fd_1_0) [DEPLOYING].
59738 [e2f0affed90bb4580c88f6e4db7d5c6b] StateBackendLoader [rescale0 (4/10)#0] INFO  State backend is set to heap memory org.apache.flink.runtime.state.hashmap.HashMapStateBackend@4ef19df0
59738 [e2f0affed90bb4580c88f6e4db7d5c6b] StateBackendLoader [rescale0 (10/10)#0] INFO  State backend is set to heap memory org.apache.flink.runtime.state.hashmap.HashMapStateBackend@21b6737c
59739 [e2f0affed90bb4580c88f6e4db7d5c6b] Task [rescale0 (4/10)#0] INFO  rescale0 (4/10)#0 (7c364d770be7fb6122304dc159ffb54f_7b4c6fe4c6df355e1ed86e978ba4a96e_3_0) switched from INITIALIZING to RUNNING.
59739 [e2f0affed90bb4580c88f6e4db7d5c6b] ExecutionGraph [flink-pekko.actor.default-dispatcher-8] INFO  rescale0 (4/10) (7c364d770be7fb6122304dc159ffb54f_7b4c6fe4c6df355e1ed86e978ba4a96e_3_0) switched from INITIALIZING to RUNNING.
59739 [e2f0affed90bb4580c88f6e4db7d5c6b] Task [rescale0 (10/10)#0] INFO  rescale0 (10/10)#0 (7c364d770be7fb6122304dc159ffb54f_7b4c6fe4c6df355e1ed86e978ba4a96e_9_0) switched from INITIALIZING to RUNNING.
59739 [e2f0affed90bb4580c88f6e4db7d5c6b] TaskExecutor [flink-pekko.actor.default-dispatcher-9] INFO  Received task failing-map (4/7)#0 (7c364d770be7fb6122304dc159ffb54f_b8c789ec3a44294cb45da029ffe0e6fd_3_0), deploy into slot with allocation id 738d40efd47b62e7177e81efe55667b7.
59739 [e2f0affed90bb4580c88f6e4db7d5c6b] StreamTask [failing-map (2/7)#0] INFO  State backend is set to heap memory org.apache.flink.runtime.state.hashmap.HashMapStateBackend@745e4341
59739 [e2f0affed90bb4580c88f6e4db7d5c6b] StateBackendLoader [failing-map (2/7)#0] INFO  State backend loader loads the state backend as HashMapStateBackend
59739 [e2f0affed90bb4580c88f6e4db7d5c6b] ExecutionGraph [flink-pekko.actor.default-dispatcher-10] INFO  rescale0 (10/10) (7c364d770be7fb6122304dc159ffb54f_7b4c6fe4c6df355e1ed86e978ba4a96e_9_0) switched from INITIALIZING to RUNNING.
59739 [e2f0affed90bb4580c88f6e4db7d5c6b] StreamTask [failing-map (2/7)#0] INFO  Checkpoint storage is set to 'filesystem': (checkpoints "file:/var/folders/m8/q6f016tn6cl2cp86hfq331_w0000gp/T/junit-4734462783579597589/junit13986449793460021045")
59739 [e2f0affed90bb4580c88f6e4db7d5c6b] TaskSlotTableImpl [flink-pekko.actor.default-dispatcher-9] INFO  Activate slot f17d2f5ba332a9667507cf1e1c08ff16.
59739 [e2f0affed90bb4580c88f6e4db7d5c6b] Task [failing-map (4/7)#0] INFO  failing-map (4/7)#0 (7c364d770be7fb6122304dc159ffb54f_b8c789ec3a44294cb45da029ffe0e6fd_3_0) switched from CREATED to DEPLOYING.
59739 [e2f0affed90bb4580c88f6e4db7d5c6b] Task [failing-map (4/7)#0] INFO  Loading JAR files for task failing-map (4/7)#0 (7c364d770be7fb6122304dc159ffb54f_b8c789ec3a44294cb45da029ffe0e6fd_3_0) [DEPLOYING].
59739 [e2f0affed90bb4580c88f6e4db7d5c6b] FileMergingSnapshotManager [failing-map (2/7)#0] INFO  Created a directory file:/var/folders/m8/q6f016tn6cl2cp86hfq331_w0000gp/T/junit-4734462783579597589/junit13986449793460021045/e2f0affed90bb4580c88f6e4db7d5c6b/shared/job_e2f0affed90bb4580c88f6e4db7d5c6b_op_b8c789ec3a44294cb45da029ffe0e6fd_1_7 for checkpoint file-merging.
59739 [e2f0affed90bb4580c88f6e4db7d5c6b] Task [failing-map (2/7)#0] INFO  failing-map (2/7)#0 (7c364d770be7fb6122304dc159ffb54f_b8c789ec3a44294cb45da029ffe0e6fd_1_0) switched from DEPLOYING to INITIALIZING.
59739 [e2f0affed90bb4580c88f6e4db7d5c6b] ExecutionGraph [flink-pekko.actor.default-dispatcher-10] INFO  failing-map (2/7) (7c364d770be7fb6122304dc159ffb54f_b8c789ec3a44294cb45da029ffe0e6fd_1_0) switched from DEPLOYING to INITIALIZING.
59739 [e2f0affed90bb4580c88f6e4db7d5c6b] StreamTask [failing-map (4/7)#0] INFO  State backend is set to heap memory org.apache.flink.runtime.state.hashmap.HashMapStateBackend@1ec1c620
59739 [e2f0affed90bb4580c88f6e4db7d5c6b] StateBackendLoader [failing-map (4/7)#0] INFO  State backend loader loads the state backend as HashMapStateBackend
59739 [e2f0affed90bb4580c88f6e4db7d5c6b] StreamTask [failing-map (4/7)#0] INFO  Checkpoint storage is set to 'filesystem': (checkpoints "file:/var/folders/m8/q6f016tn6cl2cp86hfq331_w0000gp/T/junit-4734462783579597589/junit13986449793460021045")
59739 [e2f0affed90bb4580c88f6e4db7d5c6b] StateBackendLoader [failing-map (2/7)#0] INFO  State backend is set to heap memory org.apache.flink.runtime.state.hashmap.HashMapStateBackend@14f9b52f
59739 [e2f0affed90bb4580c88f6e4db7d5c6b] FileMergingSnapshotManager [failing-map (4/7)#0] INFO  Created a directory file:/var/folders/m8/q6f016tn6cl2cp86hfq331_w0000gp/T/junit-4734462783579597589/junit13986449793460021045/e2f0affed90bb4580c88f6e4db7d5c6b/shared/job_e2f0affed90bb4580c88f6e4db7d5c6b_op_b8c789ec3a44294cb45da029ffe0e6fd_3_7 for checkpoint file-merging.
59739 [e2f0affed90bb4580c88f6e4db7d5c6b] Task [failing-map (4/7)#0] INFO  failing-map (4/7)#0 (7c364d770be7fb6122304dc159ffb54f_b8c789ec3a44294cb45da029ffe0e6fd_3_0) switched from DEPLOYING to INITIALIZING.
59739 [e2f0affed90bb4580c88f6e4db7d5c6b] ExecutionGraph [flink-pekko.actor.default-dispatcher-8] INFO  failing-map (4/7) (7c364d770be7fb6122304dc159ffb54f_b8c789ec3a44294cb45da029ffe0e6fd_3_0) switched from DEPLOYING to INITIALIZING.
59739 [e2f0affed90bb4580c88f6e4db7d5c6b] TaskExecutor [flink-pekko.actor.default-dispatcher-9] INFO  Received task failing-map (6/7)#0 (7c364d770be7fb6122304dc159ffb54f_b8c789ec3a44294cb45da029ffe0e6fd_5_0), deploy into slot with allocation id f17d2f5ba332a9667507cf1e1c08ff16.
59739 [e2f0affed90bb4580c88f6e4db7d5c6b] Task [failing-map (6/7)#0] INFO  failing-map (6/7)#0 (7c364d770be7fb6122304dc159ffb54f_b8c789ec3a44294cb45da029ffe0e6fd_5_0) switched from CREATED to DEPLOYING.
59739 [e2f0affed90bb4580c88f6e4db7d5c6b] Task [failing-map (6/7)#0] INFO  Loading JAR files for task failing-map (6/7)#0 (7c364d770be7fb6122304dc159ffb54f_b8c789ec3a44294cb45da029ffe0e6fd_5_0) [DEPLOYING].
59739 [e2f0affed90bb4580c88f6e4db7d5c6b] Task [failing-map (2/7)#0] INFO  failing-map (2/7)#0 (7c364d770be7fb6122304dc159ffb54f_b8c789ec3a44294cb45da029ffe0e6fd_1_0) switched from INITIALIZING to RUNNING.
59739 [e2f0affed90bb4580c88f6e4db7d5c6b] ExecutionGraph [flink-pekko.actor.default-dispatcher-6] INFO  failing-map (2/7) (7c364d770be7fb6122304dc159ffb54f_b8c789ec3a44294cb45da029ffe0e6fd_1_0) switched from INITIALIZING to RUNNING.
59739 [e2f0affed90bb4580c88f6e4db7d5c6b] StateBackendLoader [failing-map (4/7)#0] INFO  State backend is set to heap memory org.apache.flink.runtime.state.hashmap.HashMapStateBackend@32d28ba0
59739 [e2f0affed90bb4580c88f6e4db7d5c6b] StreamTask [failing-map (6/7)#0] INFO  State backend is set to heap memory org.apache.flink.runtime.state.hashmap.HashMapStateBackend@692e619c
59739 [e2f0affed90bb4580c88f6e4db7d5c6b] StateBackendLoader [failing-map (6/7)#0] INFO  State backend loader loads the state backend as HashMapStateBackend
59739 [e2f0affed90bb4580c88f6e4db7d5c6b] StreamTask [failing-map (6/7)#0] INFO  Checkpoint storage is set to 'filesystem': (checkpoints "file:/var/folders/m8/q6f016tn6cl2cp86hfq331_w0000gp/T/junit-4734462783579597589/junit13986449793460021045")
59739 [e2f0affed90bb4580c88f6e4db7d5c6b] Task [failing-map (4/7)#0] INFO  failing-map (4/7)#0 (7c364d770be7fb6122304dc159ffb54f_b8c789ec3a44294cb45da029ffe0e6fd_3_0) switched from INITIALIZING to RUNNING.
59739 [e2f0affed90bb4580c88f6e4db7d5c6b] ExecutionGraph [flink-pekko.actor.default-dispatcher-8] INFO  failing-map (4/7) (7c364d770be7fb6122304dc159ffb54f_b8c789ec3a44294cb45da029ffe0e6fd_3_0) switched from INITIALIZING to RUNNING.
59739 [e2f0affed90bb4580c88f6e4db7d5c6b] FileMergingSnapshotManager [failing-map (6/7)#0] INFO  Created a directory file:/var/folders/m8/q6f016tn6cl2cp86hfq331_w0000gp/T/junit-4734462783579597589/junit13986449793460021045/e2f0affed90bb4580c88f6e4db7d5c6b/shared/job_e2f0affed90bb4580c88f6e4db7d5c6b_op_b8c789ec3a44294cb45da029ffe0e6fd_5_7 for checkpoint file-merging.
59739 [e2f0affed90bb4580c88f6e4db7d5c6b] Task [failing-map (6/7)#0] INFO  failing-map (6/7)#0 (7c364d770be7fb6122304dc159ffb54f_b8c789ec3a44294cb45da029ffe0e6fd_5_0) switched from DEPLOYING to INITIALIZING.
59739 [e2f0affed90bb4580c88f6e4db7d5c6b] ExecutionGraph [flink-pekko.actor.default-dispatcher-9] INFO  failing-map (6/7) (7c364d770be7fb6122304dc159ffb54f_b8c789ec3a44294cb45da029ffe0e6fd_5_0) switched from DEPLOYING to INITIALIZING.
59740 [e2f0affed90bb4580c88f6e4db7d5c6b] StateBackendLoader [failing-map (6/7)#0] INFO  State backend is set to heap memory org.apache.flink.runtime.state.hashmap.HashMapStateBackend@45b5c660
59740 [e2f0affed90bb4580c88f6e4db7d5c6b] Task [failing-map (6/7)#0] INFO  failing-map (6/7)#0 (7c364d770be7fb6122304dc159ffb54f_b8c789ec3a44294cb45da029ffe0e6fd_5_0) switched from INITIALIZING to RUNNING.
59740 [e2f0affed90bb4580c88f6e4db7d5c6b] ExecutionGraph [flink-pekko.actor.default-dispatcher-10] INFO  failing-map (6/7) (7c364d770be7fb6122304dc159ffb54f_b8c789ec3a44294cb45da029ffe0e6fd_5_0) switched from INITIALIZING to RUNNING.
59740 [e2f0affed90bb4580c88f6e4db7d5c6b] ExecutionTrackingCheckpointCoordinatorDeActivator [flink-pekko.actor.default-dispatcher-10] INFO  Starting checkpoint scheduler
59740 [e2f0affed90bb4580c88f6e4db7d5c6b] CheckpointCoordinator [Checkpoint Timer] INFO  Triggering checkpoint 1 (type=CheckpointType{name='Checkpoint', sharingFilesStrategy=FORWARD_BACKWARD}) @ 1779494866096 for job e2f0affed90bb4580c88f6e4db7d5c6b.
59740 [e2f0affed90bb4580c88f6e4db7d5c6b] UnalignedCheckpointTestBase [Source: source0 -> input-filter0 -> input-counter0 (7/7)#0] INFO  Added splits [LongSplit{increment=7, nextNumber=6}], finishing=false, pumping until null @ 6 subtask (0 attempt)
59740 [e2f0affed90bb4580c88f6e4db7d5c6b] UnalignedCheckpointTestBase [SourceCoordinator-Source: source0] INFO  snapshotState EnumeratorState{unassignedSplits=[], numRestarts=0, numCompletedCheckpoints=0}
59740 [e2f0affed90bb4580c88f6e4db7d5c6b] UnalignedCheckpointTestBase [Source: source0 -> input-filter0 -> input-counter0 (4/7)#0] INFO  Snapshotted [] @ 3 subtask (0 attempt)
59740 [e2f0affed90bb4580c88f6e4db7d5c6b] UnalignedCheckpointTestBase [Source: source0 -> input-filter0 -> input-counter0 (3/7)#0] INFO  Snapshotted [] @ 2 subtask (0 attempt)
59740 [e2f0affed90bb4580c88f6e4db7d5c6b] UnalignedCheckpointTestBase [Source: source0 -> input-filter0 -> input-counter0 (2/7)#0] INFO  Snapshotted [LongSplit{increment=7, nextNumber=43}] @ 1 subtask (0 attempt)
59740 [e2f0affed90bb4580c88f6e4db7d5c6b] UnalignedCheckpointTestBase [Source: source0 -> input-filter0 -> input-counter0 (3/7)#0] INFO  Added splits [LongSplit{increment=7, nextNumber=2}], finishing=false, pumping until null @ 2 subtask (0 attempt)
59741 [e2f0affed90bb4580c88f6e4db7d5c6b] UnalignedCheckpointTestBase [Source: source0 -> input-filter0 -> input-counter0 (5/7)#0] INFO  Snapshotted [LongSplit{increment=7, nextNumber=32}] @ 4 subtask (0 attempt)
59741 [e2f0affed90bb4580c88f6e4db7d5c6b] UnalignedCheckpointTestBase [Source: source0 -> input-filter0 -> input-counter0 (6/7)#0] INFO  Snapshotted [LongSplit{increment=7, nextNumber=33}] @ 5 subtask (0 attempt)
59741 [e2f0affed90bb4580c88f6e4db7d5c6b] UnalignedCheckpointTestBase [Source: source0 -> input-filter0 -> input-counter0 (1/7)#0] INFO  Snapshotted [LongSplit{increment=7, nextNumber=49}] @ 0 subtask (0 attempt)
59741 [e2f0affed90bb4580c88f6e4db7d5c6b] UnalignedCheckpointTestBase [Source: source0 -> input-filter0 -> input-counter0 (7/7)#0] INFO  Snapshotted [LongSplit{increment=7, nextNumber=13}] @ 6 subtask (0 attempt)
59741 [e2f0affed90bb4580c88f6e4db7d5c6b] KryoSerializer [failing-map (1/7)#0] INFO  Legacy kryo serializer scala extensions are not available.
59741 [e2f0affed90bb4580c88f6e4db7d5c6b] KryoSerializer [failing-map (1/7)#0] INFO  Kryo serializer scala extensions are not available.
59741 [e2f0affed90bb4580c88f6e4db7d5c6b] KryoSerializer [Sink: sink (1/1)#0] INFO  Legacy kryo serializer scala extensions are not available.
59741 [e2f0affed90bb4580c88f6e4db7d5c6b] KryoSerializer [Sink: sink (1/1)#0] INFO  Kryo serializer scala extensions are not available.
59742 [e2f0affed90bb4580c88f6e4db7d5c6b] KryoSerializer [AsyncOperations-thread-1] INFO  Legacy kryo serializer scala extensions are not available.
59742 [e2f0affed90bb4580c88f6e4db7d5c6b] KryoSerializer [AsyncOperations-thread-1] INFO  Kryo serializer scala extensions are not available.
59742 [e2f0affed90bb4580c88f6e4db7d5c6b] SharedStateRegistryImpl [jobmanager-io-thread-3] INFO  Duplicated registration under key file:/var/folders/m8/q6f016tn6cl2cp86hfq331_w0000gp/T/junit-4734462783579597589/junit13986449793460021045/e2f0affed90bb4580c88f6e4db7d5c6b/shared/job_e2f0affed90bb4580c88f6e4db7d5c6b_op_3e9b902627593008a6d790e9aeca7953_2_7 with the same object: DirectoryStreamStateHandle{directory=file:/var/folders/m8/q6f016tn6cl2cp86hfq331_w0000gp/T/junit-4734462783579597589/junit13986449793460021045/e2f0affed90bb4580c88f6e4db7d5c6b/shared/job_e2f0affed90bb4580c88f6e4db7d5c6b_op_3e9b902627593008a6d790e9aeca7953_2_7}
59742 [e2f0affed90bb4580c88f6e4db7d5c6b] SharedStateRegistryImpl [jobmanager-io-thread-3] INFO  Duplicated registration under key file:/var/folders/m8/q6f016tn6cl2cp86hfq331_w0000gp/T/junit-4734462783579597589/junit13986449793460021045/e2f0affed90bb4580c88f6e4db7d5c6b/shared/job_e2f0affed90bb4580c88f6e4db7d5c6b_op_3e9b902627593008a6d790e9aeca7953_2_7 with the same object: DirectoryStreamStateHandle{directory=file:/var/folders/m8/q6f016tn6cl2cp86hfq331_w0000gp/T/junit-4734462783579597589/junit13986449793460021045/e2f0affed90bb4580c88f6e4db7d5c6b/shared/job_e2f0affed90bb4580c88f6e4db7d5c6b_op_3e9b902627593008a6d790e9aeca7953_2_7}
59742 [e2f0affed90bb4580c88f6e4db7d5c6b] UnalignedCheckpointTestBase [Source: source0 -> input-filter0 -> input-counter0 (4/7)#0] INFO  Added splits [LongSplit{increment=7, nextNumber=3}], finishing=false, pumping until null @ 3 subtask (0 attempt)
59742 [e2f0affed90bb4580c88f6e4db7d5c6b] SharedStateRegistryImpl [jobmanager-io-thread-5] INFO  Duplicated registration under key file:/var/folders/m8/q6f016tn6cl2cp86hfq331_w0000gp/T/junit-4734462783579597589/junit13986449793460021045/e2f0affed90bb4580c88f6e4db7d5c6b/shared/job_e2f0affed90bb4580c88f6e4db7d5c6b_op_3e9b902627593008a6d790e9aeca7953_6_7 with the same object: DirectoryStreamStateHandle{directory=file:/var/folders/m8/q6f016tn6cl2cp86hfq331_w0000gp/T/junit-4734462783579597589/junit13986449793460021045/e2f0affed90bb4580c88f6e4db7d5c6b/shared/job_e2f0affed90bb4580c88f6e4db7d5c6b_op_3e9b902627593008a6d790e9aeca7953_6_7}
59742 [e2f0affed90bb4580c88f6e4db7d5c6b] SharedStateRegistryImpl [jobmanager-io-thread-5] INFO  Duplicated registration under key file:/var/folders/m8/q6f016tn6cl2cp86hfq331_w0000gp/T/junit-4734462783579597589/junit13986449793460021045/e2f0affed90bb4580c88f6e4db7d5c6b/shared/job_e2f0affed90bb4580c88f6e4db7d5c6b_op_3e9b902627593008a6d790e9aeca7953_6_7 with the same object: DirectoryStreamStateHandle{directory=file:/var/folders/m8/q6f016tn6cl2cp86hfq331_w0000gp/T/junit-4734462783579597589/junit13986449793460021045/e2f0affed90bb4580c88f6e4db7d5c6b/shared/job_e2f0affed90bb4580c88f6e4db7d5c6b_op_3e9b902627593008a6d790e9aeca7953_6_7}
59742 [e2f0affed90bb4580c88f6e4db7d5c6b] KryoSerializer [AsyncOperations-thread-1] INFO  Legacy kryo serializer scala extensions are not available.
59742 [e2f0affed90bb4580c88f6e4db7d5c6b] KryoSerializer [AsyncOperations-thread-1] INFO  Kryo serializer scala extensions are not available.
59742 [e2f0affed90bb4580c88f6e4db7d5c6b] SharedStateRegistryImpl [jobmanager-io-thread-12] INFO  Duplicated registration under key file:/var/folders/m8/q6f016tn6cl2cp86hfq331_w0000gp/T/junit-4734462783579597589/junit13986449793460021045/e2f0affed90bb4580c88f6e4db7d5c6b/shared/job_e2f0affed90bb4580c88f6e4db7d5c6b_op_3e9b902627593008a6d790e9aeca7953_3_7 with the same object: DirectoryStreamStateHandle{directory=file:/var/folders/m8/q6f016tn6cl2cp86hfq331_w0000gp/T/junit-4734462783579597589/junit13986449793460021045/e2f0affed90bb4580c88f6e4db7d5c6b/shared/job_e2f0affed90bb4580c88f6e4db7d5c6b_op_3e9b902627593008a6d790e9aeca7953_3_7}
59742 [e2f0affed90bb4580c88f6e4db7d5c6b] SharedStateRegistryImpl [jobmanager-io-thread-12] INFO  Duplicated registration under key file:/var/folders/m8/q6f016tn6cl2cp86hfq331_w0000gp/T/junit-4734462783579597589/junit13986449793460021045/e2f0affed90bb4580c88f6e4db7d5c6b/shared/job_e2f0affed90bb4580c88f6e4db7d5c6b_op_3e9b902627593008a6d790e9aeca7953_3_7 with the same object: DirectoryStreamStateHandle{directory=file:/var/folders/m8/q6f016tn6cl2cp86hfq331_w0000gp/T/junit-4734462783579597589/junit13986449793460021045/e2f0affed90bb4580c88f6e4db7d5c6b/shared/job_e2f0affed90bb4580c88f6e4db7d5c6b_op_3e9b902627593008a6d790e9aeca7953_3_7}
59743 [e2f0affed90bb4580c88f6e4db7d5c6b] SharedStateRegistryImpl [jobmanager-io-thread-2] INFO  Duplicated registration under key file:/var/folders/m8/q6f016tn6cl2cp86hfq331_w0000gp/T/junit-4734462783579597589/junit13986449793460021045/e2f0affed90bb4580c88f6e4db7d5c6b/shared/job_e2f0affed90bb4580c88f6e4db7d5c6b_op_3e9b902627593008a6d790e9aeca7953_1_7 with the same object: DirectoryStreamStateHandle{directory=file:/var/folders/m8/q6f016tn6cl2cp86hfq331_w0000gp/T/junit-4734462783579597589/junit13986449793460021045/e2f0affed90bb4580c88f6e4db7d5c6b/shared/job_e2f0affed90bb4580c88f6e4db7d5c6b_op_3e9b902627593008a6d790e9aeca7953_1_7}
59743 [e2f0affed90bb4580c88f6e4db7d5c6b] SharedStateRegistryImpl [jobmanager-io-thread-2] INFO  Duplicated registration under key file:/var/folders/m8/q6f016tn6cl2cp86hfq331_w0000gp/T/junit-4734462783579597589/junit13986449793460021045/e2f0affed90bb4580c88f6e4db7d5c6b/shared/job_e2f0affed90bb4580c88f6e4db7d5c6b_op_3e9b902627593008a6d790e9aeca7953_1_7 with the same object: DirectoryStreamStateHandle{directory=file:/var/folders/m8/q6f016tn6cl2cp86hfq331_w0000gp/T/junit-4734462783579597589/junit13986449793460021045/e2f0affed90bb4580c88f6e4db7d5c6b/shared/job_e2f0affed90bb4580c88f6e4db7d5c6b_op_3e9b902627593008a6d790e9aeca7953_1_7}
59743 [e2f0affed90bb4580c88f6e4db7d5c6b] SharedStateRegistryImpl [jobmanager-io-thread-3] INFO  Duplicated registration under key file:/var/folders/m8/q6f016tn6cl2cp86hfq331_w0000gp/T/junit-4734462783579597589/junit13986449793460021045/e2f0affed90bb4580c88f6e4db7d5c6b/shared/job_e2f0affed90bb4580c88f6e4db7d5c6b_op_3e9b902627593008a6d790e9aeca7953_0_7 with the same object: DirectoryStreamStateHandle{directory=file:/var/folders/m8/q6f016tn6cl2cp86hfq331_w0000gp/T/junit-4734462783579597589/junit13986449793460021045/e2f0affed90bb4580c88f6e4db7d5c6b/shared/job_e2f0affed90bb4580c88f6e4db7d5c6b_op_3e9b902627593008a6d790e9aeca7953_0_7}
59743 [e2f0affed90bb4580c88f6e4db7d5c6b] SharedStateRegistryImpl [jobmanager-io-thread-3] INFO  Duplicated registration under key file:/var/folders/m8/q6f016tn6cl2cp86hfq331_w0000gp/T/junit-4734462783579597589/junit13986449793460021045/e2f0affed90bb4580c88f6e4db7d5c6b/shared/job_e2f0affed90bb4580c88f6e4db7d5c6b_op_3e9b902627593008a6d790e9aeca7953_0_7 with the same object: DirectoryStreamStateHandle{directory=file:/var/folders/m8/q6f016tn6cl2cp86hfq331_w0000gp/T/junit-4734462783579597589/junit13986449793460021045/e2f0affed90bb4580c88f6e4db7d5c6b/shared/job_e2f0affed90bb4580c88f6e4db7d5c6b_op_3e9b902627593008a6d790e9aeca7953_0_7}
59745 [e2f0affed90bb4580c88f6e4db7d5c6b] SharedStateRegistryImpl [jobmanager-io-thread-7] INFO  Duplicated registration under key file:/var/folders/m8/q6f016tn6cl2cp86hfq331_w0000gp/T/junit-4734462783579597589/junit13986449793460021045/e2f0affed90bb4580c88f6e4db7d5c6b/shared/job_e2f0affed90bb4580c88f6e4db7d5c6b_op_3e9b902627593008a6d790e9aeca7953_4_7 with the same object: DirectoryStreamStateHandle{directory=file:/var/folders/m8/q6f016tn6cl2cp86hfq331_w0000gp/T/junit-4734462783579597589/junit13986449793460021045/e2f0affed90bb4580c88f6e4db7d5c6b/shared/job_e2f0affed90bb4580c88f6e4db7d5c6b_op_3e9b902627593008a6d790e9aeca7953_4_7}
59745 [e2f0affed90bb4580c88f6e4db7d5c6b] SharedStateRegistryImpl [jobmanager-io-thread-7] INFO  Duplicated registration under key file:/var/folders/m8/q6f016tn6cl2cp86hfq331_w0000gp/T/junit-4734462783579597589/junit13986449793460021045/e2f0affed90bb4580c88f6e4db7d5c6b/shared/job_e2f0affed90bb4580c88f6e4db7d5c6b_op_3e9b902627593008a6d790e9aeca7953_4_7 with the same object: DirectoryStreamStateHandle{directory=file:/var/folders/m8/q6f016tn6cl2cp86hfq331_w0000gp/T/junit-4734462783579597589/junit13986449793460021045/e2f0affed90bb4580c88f6e4db7d5c6b/shared/job_e2f0affed90bb4580c88f6e4db7d5c6b_op_3e9b902627593008a6d790e9aeca7953_4_7}
59745 [e2f0affed90bb4580c88f6e4db7d5c6b] SharedStateRegistryImpl [jobmanager-io-thread-9] INFO  Duplicated registration under key file:/var/folders/m8/q6f016tn6cl2cp86hfq331_w0000gp/T/junit-4734462783579597589/junit13986449793460021045/e2f0affed90bb4580c88f6e4db7d5c6b/shared/job_e2f0affed90bb4580c88f6e4db7d5c6b_op_3e9b902627593008a6d790e9aeca7953_5_7 with the same object: DirectoryStreamStateHandle{directory=file:/var/folders/m8/q6f016tn6cl2cp86hfq331_w0000gp/T/junit-4734462783579597589/junit13986449793460021045/e2f0affed90bb4580c88f6e4db7d5c6b/shared/job_e2f0affed90bb4580c88f6e4db7d5c6b_op_3e9b902627593008a6d790e9aeca7953_5_7}
59745 [e2f0affed90bb4580c88f6e4db7d5c6b] SharedStateRegistryImpl [jobmanager-io-thread-9] INFO  Duplicated registration under key file:/var/folders/m8/q6f016tn6cl2cp86hfq331_w0000gp/T/junit-4734462783579597589/junit13986449793460021045/e2f0affed90bb4580c88f6e4db7d5c6b/shared/job_e2f0affed90bb4580c88f6e4db7d5c6b_op_3e9b902627593008a6d790e9aeca7953_5_7 with the same object: DirectoryStreamStateHandle{directory=file:/var/folders/m8/q6f016tn6cl2cp86hfq331_w0000gp/T/junit-4734462783579597589/junit13986449793460021045/e2f0affed90bb4580c88f6e4db7d5c6b/shared/job_e2f0affed90bb4580c88f6e4db7d5c6b_op_3e9b902627593008a6d790e9aeca7953_5_7}
59769 [e2f0affed90bb4580c88f6e4db7d5c6b] CheckpointCoordinator [jobmanager-io-thread-8] INFO  Completed checkpoint 1 for job e2f0affed90bb4580c88f6e4db7d5c6b (15486 bytes, checkpointDuration=29 ms, finalizationTime=0 ms).
59770 [e2f0affed90bb4580c88f6e4db7d5c6b] UnalignedCheckpointTestBase [Source: source0 -> input-filter0 -> input-counter0 (5/7)#0] INFO  notifyCheckpointComplete 0 @ 4 subtask (0 attempt)
59770 [e2f0affed90bb4580c88f6e4db7d5c6b] SourceCoordinator [SourceCoordinator-Source: source0] INFO  Marking checkpoint 1 as completed for source Source: source0.
59770 [e2f0affed90bb4580c88f6e4db7d5c6b] UnalignedCheckpointTestBase [Sink: sink (1/1)#0] INFO  Inducing backpressure until 2026-05-23T02:07:46.476286375 @ 0 subtask (0 attempt)
59770 [e2f0affed90bb4580c88f6e4db7d5c6b] UnalignedCheckpointTestBase [Source: source0 -> input-filter0 -> input-counter0 (2/7)#0] INFO  notifyCheckpointComplete 0 @ 1 subtask (0 attempt)
59770 [e2f0affed90bb4580c88f6e4db7d5c6b] UnalignedCheckpointTestBase [Source: source0 -> input-filter0 -> input-counter0 (1/7)#0] INFO  notifyCheckpointComplete 0 @ 0 subtask (0 attempt)
59770 [e2f0affed90bb4580c88f6e4db7d5c6b] UnalignedCheckpointTestBase [Source: source0 -> input-filter0 -> input-counter0 (6/7)#0] INFO  notifyCheckpointComplete 0 @ 5 subtask (0 attempt)
59770 [e2f0affed90bb4580c88f6e4db7d5c6b] UnalignedCheckpointTestBase [Source: source0 -> input-filter0 -> input-counter0 (4/7)#0] INFO  notifyCheckpointComplete 0 @ 3 subtask (0 attempt)
59770 [e2f0affed90bb4580c88f6e4db7d5c6b] UnalignedCheckpointTestBase [Source: source0 -> input-filter0 -> input-counter0 (7/7)#0] INFO  notifyCheckpointComplete 0 @ 6 subtask (0 attempt)
59771 [e2f0affed90bb4580c88f6e4db7d5c6b] UnalignedCheckpointTestBase [Source: source0 -> input-filter0 -> input-counter0 (3/7)#0] INFO  notifyCheckpointComplete 0 @ 2 subtask (0 attempt)
60091 [e2f0affed90bb4580c88f6e4db7d5c6b] CheckpointCoordinator [Checkpoint Timer] INFO  Triggering checkpoint 2 (type=CheckpointType{name='Checkpoint', sharingFilesStrategy=FORWARD_BACKWARD}) @ 1779494866447 for job e2f0affed90bb4580c88f6e4db7d5c6b.
60092 [e2f0affed90bb4580c88f6e4db7d5c6b] UnalignedCheckpointTestBase [SourceCoordinator-Source: source0] INFO  snapshotState EnumeratorState{unassignedSplits=[], numRestarts=0, numCompletedCheckpoints=1}
60093 [e2f0affed90bb4580c88f6e4db7d5c6b] UnalignedCheckpointTestBase [Source: source0 -> input-filter0 -> input-counter0 (2/7)#0] INFO  Snapshotted [LongSplit{increment=7, nextNumber=1961}] @ 1 subtask (0 attempt)
60093 [e2f0affed90bb4580c88f6e4db7d5c6b] UnalignedCheckpointTestBase [Source: source0 -> input-filter0 -> input-counter0 (3/7)#0] INFO  Snapshotted [LongSplit{increment=7, nextNumber=1934}] @ 2 subtask (0 attempt)
60093 [e2f0affed90bb4580c88f6e4db7d5c6b] UnalignedCheckpointTestBase [Source: source0 -> input-filter0 -> input-counter0 (7/7)#0] INFO  Snapshotted [LongSplit{increment=7, nextNumber=1945}] @ 6 subtask (0 attempt)
60093 [e2f0affed90bb4580c88f6e4db7d5c6b] UnalignedCheckpointTestBase [Source: source0 -> input-filter0 -> input-counter0 (5/7)#0] INFO  Snapshotted [LongSplit{increment=7, nextNumber=1957}] @ 4 subtask (0 attempt)
60094 [e2f0affed90bb4580c88f6e4db7d5c6b] UnalignedCheckpointTestBase [Source: source0 -> input-filter0 -> input-counter0 (6/7)#0] INFO  Snapshotted [LongSplit{increment=7, nextNumber=1958}] @ 5 subtask (0 attempt)
60094 [e2f0affed90bb4580c88f6e4db7d5c6b] UnalignedCheckpointTestBase [Source: source0 -> input-filter0 -> input-counter0 (4/7)#0] INFO  Snapshotted [LongSplit{increment=7, nextNumber=1928}] @ 3 subtask (0 attempt)
60095 [e2f0affed90bb4580c88f6e4db7d5c6b] UnalignedCheckpointTestBase [Source: source0 -> input-filter0 -> input-counter0 (1/7)#0] INFO  Snapshotted [LongSplit{increment=7, nextNumber=1974}] @ 0 subtask (0 attempt)
60101 [e2f0affed90bb4580c88f6e4db7d5c6b] KryoSerializer [AsyncOperations-thread-1] INFO  Legacy kryo serializer scala extensions are not available.
60101 [e2f0affed90bb4580c88f6e4db7d5c6b] KryoSerializer [AsyncOperations-thread-1] INFO  Kryo serializer scala extensions are not available.
60102 [e2f0affed90bb4580c88f6e4db7d5c6b] KryoSerializer [AsyncOperations-thread-1] INFO  Legacy kryo serializer scala extensions are not available.
60102 [e2f0affed90bb4580c88f6e4db7d5c6b] KryoSerializer [AsyncOperations-thread-1] INFO  Kryo serializer scala extensions are not available.
60140 [e2f0affed90bb4580c88f6e4db7d5c6b] CheckpointCoordinator [jobmanager-io-thread-4] INFO  Completed checkpoint 2 for job e2f0affed90bb4580c88f6e4db7d5c6b (56376 bytes, checkpointDuration=49 ms, finalizationTime=0 ms).
60140 [e2f0affed90bb4580c88f6e4db7d5c6b] UnalignedCheckpointTestBase [Source: source0 -> input-filter0 -> input-counter0 (2/7)#0] INFO  notifyCheckpointComplete 1 @ 1 subtask (0 attempt)
60140 [e2f0affed90bb4580c88f6e4db7d5c6b] UnalignedCheckpointTestBase [Source: source0 -> input-filter0 -> input-counter0 (2/7)#0] INFO  Pumping until 2026-05-23T02:07:46.846850583 @ 1 subtask (0 attempt)
60141 [e2f0affed90bb4580c88f6e4db7d5c6b] SourceCoordinator [SourceCoordinator-Source: source0] INFO  Marking checkpoint 2 as completed for source Source: source0.
60141 [e2f0affed90bb4580c88f6e4db7d5c6b] UnalignedCheckpointTestBase [Source: source0 -> input-filter0 -> input-counter0 (1/7)#0] INFO  notifyCheckpointComplete 1 @ 0 subtask (0 attempt)
60141 [e2f0affed90bb4580c88f6e4db7d5c6b] UnalignedCheckpointTestBase [Source: source0 -> input-filter0 -> input-counter0 (1/7)#0] INFO  Pumping until 2026-05-23T02:07:46.847110333 @ 0 subtask (0 attempt)
60141 [e2f0affed90bb4580c88f6e4db7d5c6b] UnalignedCheckpointTestBase [Source: source0 -> input-filter0 -> input-counter0 (4/7)#0] INFO  notifyCheckpointComplete 1 @ 3 subtask (0 attempt)
60141 [e2f0affed90bb4580c88f6e4db7d5c6b] UnalignedCheckpointTestBase [Source: source0 -> input-filter0 -> input-counter0 (4/7)#0] INFO  Pumping until 2026-05-23T02:07:46.847153709 @ 3 subtask (0 attempt)
60141 [e2f0affed90bb4580c88f6e4db7d5c6b] UnalignedCheckpointTestBase [Source: source0 -> input-filter0 -> input-counter0 (5/7)#0] INFO  notifyCheckpointComplete 1 @ 4 subtask (0 attempt)
60141 [e2f0affed90bb4580c88f6e4db7d5c6b] UnalignedCheckpointTestBase [Source: source0 -> input-filter0 -> input-counter0 (5/7)#0] INFO  Pumping until 2026-05-23T02:07:46.847208917 @ 4 subtask (0 attempt)
60141 [e2f0affed90bb4580c88f6e4db7d5c6b] UnalignedCheckpointTestBase [Source: source0 -> input-filter0 -> input-counter0 (3/7)#0] INFO  notifyCheckpointComplete 1 @ 2 subtask (0 attempt)
60141 [e2f0affed90bb4580c88f6e4db7d5c6b] UnalignedCheckpointTestBase [Source: source0 -> input-filter0 -> input-counter0 (3/7)#0] INFO  Pumping until 2026-05-23T02:07:46.847737833 @ 2 subtask (0 attempt)
60141 [e2f0affed90bb4580c88f6e4db7d5c6b] UnalignedCheckpointTestBase [Source: source0 -> input-filter0 -> input-counter0 (6/7)#0] INFO  notifyCheckpointComplete 1 @ 5 subtask (0 attempt)
60141 [e2f0affed90bb4580c88f6e4db7d5c6b] UnalignedCheckpointTestBase [Source: source0 -> input-filter0 -> input-counter0 (6/7)#0] INFO  Pumping until 2026-05-23T02:07:46.847754333 @ 5 subtask (0 attempt)
60141 [e2f0affed90bb4580c88f6e4db7d5c6b] UnalignedCheckpointTestBase [Source: source0 -> input-filter0 -> input-counter0 (7/7)#0] INFO  notifyCheckpointComplete 1 @ 6 subtask (0 attempt)
60141 [e2f0affed90bb4580c88f6e4db7d5c6b] UnalignedCheckpointTestBase [Source: source0 -> input-filter0 -> input-counter0 (7/7)#0] INFO  Pumping until 2026-05-23T02:07:46.847761416 @ 6 subtask (0 attempt)
60142 [e2f0affed90bb4580c88f6e4db7d5c6b] UnalignedCheckpointTestBase [Sink: sink (1/1)#0] INFO  Inducing backpressure until 2026-05-23T02:07:46.848077334 @ 0 subtask (0 attempt)
60441 [e2f0affed90bb4580c88f6e4db7d5c6b] CheckpointCoordinator [Checkpoint Timer] INFO  Triggering checkpoint 3 (type=CheckpointType{name='Checkpoint', sharingFilesStrategy=FORWARD_BACKWARD}) @ 1779494866797 for job e2f0affed90bb4580c88f6e4db7d5c6b.
60442 [e2f0affed90bb4580c88f6e4db7d5c6b] UnalignedCheckpointTestBase [SourceCoordinator-Source: source0] INFO  snapshotState EnumeratorState{unassignedSplits=[], numRestarts=0, numCompletedCheckpoints=2}
60443 [e2f0affed90bb4580c88f6e4db7d5c6b] UnalignedCheckpointTestBase [Source: source0 -> input-filter0 -> input-counter0 (2/7)#0] INFO  Snapshotted [LongSplit{increment=7, nextNumber=132693}] @ 1 subtask (0 attempt)
60444 [e2f0affed90bb4580c88f6e4db7d5c6b] UnalignedCheckpointTestBase [Source: source0 -> input-filter0 -> input-counter0 (1/7)#0] INFO  Snapshotted [LongSplit{increment=7, nextNumber=123494}] @ 0 subtask (0 attempt)
60443 [e2f0affed90bb4580c88f6e4db7d5c6b] UnalignedCheckpointTestBase [Source: source0 -> input-filter0 -> input-counter0 (6/7)#0] INFO  Snapshotted [LongSplit{increment=7, nextNumber=71251}] @ 5 subtask (0 attempt)
60445 [e2f0affed90bb4580c88f6e4db7d5c6b] UnalignedCheckpointTestBase [Source: source0 -> input-filter0 -> input-counter0 (3/7)#0] INFO  Snapshotted [LongSplit{increment=7, nextNumber=70548}] @ 2 subtask (0 attempt)
60445 [e2f0affed90bb4580c88f6e4db7d5c6b] UnalignedCheckpointTestBase [Source: source0 -> input-filter0 -> input-counter0 (5/7)#0] INFO  Snapshotted [LongSplit{increment=7, nextNumber=72958}] @ 4 subtask (0 attempt)
60448 [e2f0affed90bb4580c88f6e4db7d5c6b] UnalignedCheckpointTestBase [Source: source0 -> input-filter0 -> input-counter0 (4/7)#0] INFO  Snapshotted [LongSplit{increment=7, nextNumber=73951}] @ 3 subtask (0 attempt)
60451 [e2f0affed90bb4580c88f6e4db7d5c6b] UnalignedCheckpointTestBase [Source: source0 -> input-filter0 -> input-counter0 (7/7)#0] INFO  Snapshotted [LongSplit{increment=7, nextNumber=68165}] @ 6 subtask (0 attempt)
60495 [e2f0affed90bb4580c88f6e4db7d5c6b] KryoSerializer [AsyncOperations-thread-1] INFO  Legacy kryo serializer scala extensions are not available.
60495 [e2f0affed90bb4580c88f6e4db7d5c6b] KryoSerializer [AsyncOperations-thread-1] INFO  Kryo serializer scala extensions are not available.
60495 [e2f0affed90bb4580c88f6e4db7d5c6b] KryoSerializer [AsyncOperations-thread-1] INFO  Legacy kryo serializer scala extensions are not available.
60495 [e2f0affed90bb4580c88f6e4db7d5c6b] KryoSerializer [AsyncOperations-thread-1] INFO  Kryo serializer scala extensions are not available.
60902 [e2f0affed90bb4580c88f6e4db7d5c6b] CheckpointCoordinator [jobmanager-io-thread-8] INFO  Completed checkpoint 3 for job e2f0affed90bb4580c88f6e4db7d5c6b (1770385 bytes, checkpointDuration=461 ms, finalizationTime=0 ms).
60902 [e2f0affed90bb4580c88f6e4db7d5c6b] CheckpointRequestDecider [Checkpoint Timer] INFO  checkpoint request time in queue: 111
60902 [e2f0affed90bb4580c88f6e4db7d5c6b] SourceCoordinator [SourceCoordinator-Source: source0] INFO  Marking checkpoint 3 as completed for source Source: source0.
60902 [e2f0affed90bb4580c88f6e4db7d5c6b] UnalignedCheckpointTestBase [Sink: sink (1/1)#0] INFO  Inducing backpressure until 2026-05-23T02:07:47.608978291 @ 0 subtask (0 attempt)
60903 [e2f0affed90bb4580c88f6e4db7d5c6b] CheckpointCoordinator [Checkpoint Timer] INFO  Triggering checkpoint 4 (type=CheckpointType{name='Checkpoint', sharingFilesStrategy=FORWARD_BACKWARD}) @ 1779494867258 for job e2f0affed90bb4580c88f6e4db7d5c6b.
60903 [e2f0affed90bb4580c88f6e4db7d5c6b] UnalignedCheckpointTestBase [Source: source0 -> input-filter0 -> input-counter0 (2/7)#0] INFO  notifyCheckpointComplete 2 @ 1 subtask (0 attempt)
60903 [e2f0affed90bb4580c88f6e4db7d5c6b] UnalignedCheckpointTestBase [Source: source0 -> input-filter0 -> input-counter0 (7/7)#0] INFO  notifyCheckpointComplete 2 @ 6 subtask (0 attempt)
60903 [e2f0affed90bb4580c88f6e4db7d5c6b] UnalignedCheckpointTestBase [Source: source0 -> input-filter0 -> input-counter0 (7/7)#0] INFO  Pumping until 2026-05-23T02:07:47.609175417 @ 6 subtask (0 attempt)
60903 [e2f0affed90bb4580c88f6e4db7d5c6b] UnalignedCheckpointTestBase [Source: source0 -> input-filter0 -> input-counter0 (2/7)#0] INFO  Pumping until 2026-05-23T02:07:47.609174292 @ 1 subtask (0 attempt)
60903 [e2f0affed90bb4580c88f6e4db7d5c6b] UnalignedCheckpointTestBase [Source: source0 -> input-filter0 -> input-counter0 (5/7)#0] INFO  notifyCheckpointComplete 2 @ 4 subtask (0 attempt)
60903 [e2f0affed90bb4580c88f6e4db7d5c6b] UnalignedCheckpointTestBase [Source: source0 -> input-filter0 -> input-counter0 (5/7)#0] INFO  Pumping until 2026-05-23T02:07:47.609182750 @ 4 subtask (0 attempt)
60903 [e2f0affed90bb4580c88f6e4db7d5c6b] UnalignedCheckpointTestBase [Source: source0 -> input-filter0 -> input-counter0 (1/7)#0] INFO  notifyCheckpointComplete 2 @ 0 subtask (0 attempt)
60903 [e2f0affed90bb4580c88f6e4db7d5c6b] UnalignedCheckpointTestBase [Source: source0 -> input-filter0 -> input-counter0 (4/7)#0] INFO  notifyCheckpointComplete 2 @ 3 subtask (0 attempt)
60903 [e2f0affed90bb4580c88f6e4db7d5c6b] UnalignedCheckpointTestBase [Source: source0 -> input-filter0 -> input-counter0 (1/7)#0] INFO  Pumping until 2026-05-23T02:07:47.609196375 @ 0 subtask (0 attempt)
60903 [e2f0affed90bb4580c88f6e4db7d5c6b] UnalignedCheckpointTestBase [Source: source0 -> input-filter0 -> input-counter0 (4/7)#0] INFO  Pumping until 2026-05-23T02:07:47.609201292 @ 3 subtask (0 attempt)
60903 [e2f0affed90bb4580c88f6e4db7d5c6b] UnalignedCheckpointTestBase [Source: source0 -> input-filter0 -> input-counter0 (6/7)#0] INFO  notifyCheckpointComplete 2 @ 5 subtask (0 attempt)
60903 [e2f0affed90bb4580c88f6e4db7d5c6b] UnalignedCheckpointTestBase [Source: source0 -> input-filter0 -> input-counter0 (3/7)#0] INFO  notifyCheckpointComplete 2 @ 2 subtask (0 attempt)
60903 [e2f0affed90bb4580c88f6e4db7d5c6b] UnalignedCheckpointTestBase [Source: source0 -> input-filter0 -> input-counter0 (3/7)#0] INFO  Pumping until 2026-05-23T02:07:47.609215125 @ 2 subtask (0 attempt)
60903 [e2f0affed90bb4580c88f6e4db7d5c6b] UnalignedCheckpointTestBase [Source: source0 -> input-filter0 -> input-counter0 (6/7)#0] INFO  Pumping until 2026-05-23T02:07:47.609213166 @ 5 subtask (0 attempt)
60903 [e2f0affed90bb4580c88f6e4db7d5c6b] UnalignedCheckpointTestBase [SourceCoordinator-Source: source0] INFO  snapshotState EnumeratorState{unassignedSplits=[], numRestarts=0, numCompletedCheckpoints=3}
60904 [e2f0affed90bb4580c88f6e4db7d5c6b] UnalignedCheckpointTestBase [Source: source0 -> input-filter0 -> input-counter0 (3/7)#0] INFO  Snapshotted [LongSplit{increment=7, nextNumber=78171}] @ 2 subtask (0 attempt)
60904 [e2f0affed90bb4580c88f6e4db7d5c6b] UnalignedCheckpointTestBase [Source: source0 -> input-filter0 -> input-counter0 (4/7)#0] INFO  Snapshotted [LongSplit{increment=7, nextNumber=79789}] @ 3 subtask (0 attempt)
60904 [e2f0affed90bb4580c88f6e4db7d5c6b] UnalignedCheckpointTestBase [Source: source0 -> input-filter0 -> input-counter0 (2/7)#0] INFO  Snapshotted [LongSplit{increment=7, nextNumber=143011}] @ 1 subtask (0 attempt)
60904 [e2f0affed90bb4580c88f6e4db7d5c6b] UnalignedCheckpointTestBase [Source: source0 -> input-filter0 -> input-counter0 (7/7)#0] INFO  Snapshotted [LongSplit{increment=7, nextNumber=75340}] @ 6 subtask (0 attempt)
60904 [e2f0affed90bb4580c88f6e4db7d5c6b] UnalignedCheckpointTestBase [Source: source0 -> input-filter0 -> input-counter0 (6/7)#0] INFO  Snapshotted [LongSplit{increment=7, nextNumber=76186}] @ 5 subtask (0 attempt)
60904 [e2f0affed90bb4580c88f6e4db7d5c6b] UnalignedCheckpointTestBase [Source: source0 -> input-filter0 -> input-counter0 (5/7)#0] INFO  Snapshotted [LongSplit{increment=7, nextNumber=80133}] @ 4 subtask (0 attempt)
60904 [e2f0affed90bb4580c88f6e4db7d5c6b] UnalignedCheckpointTestBase [Source: source0 -> input-filter0 -> input-counter0 (1/7)#0] INFO  Snapshotted [LongSplit{increment=7, nextNumber=128436}] @ 0 subtask (0 attempt)
60907 [e2f0affed90bb4580c88f6e4db7d5c6b] KryoSerializer [AsyncOperations-thread-1] INFO  Legacy kryo serializer scala extensions are not available.
60907 [e2f0affed90bb4580c88f6e4db7d5c6b] KryoSerializer [AsyncOperations-thread-1] INFO  Kryo serializer scala extensions are not available.
60908 [e2f0affed90bb4580c88f6e4db7d5c6b] KryoSerializer [AsyncOperations-thread-1] INFO  Legacy kryo serializer scala extensions are not available.
60908 [e2f0affed90bb4580c88f6e4db7d5c6b] KryoSerializer [AsyncOperations-thread-1] INFO  Kryo serializer scala extensions are not available.
60939 [e2f0affed90bb4580c88f6e4db7d5c6b] CheckpointCoordinator [jobmanager-io-thread-10] INFO  Completed checkpoint 4 for job e2f0affed90bb4580c88f6e4db7d5c6b (286801 bytes, checkpointDuration=36 ms, finalizationTime=1 ms).
60939 [e2f0affed90bb4580c88f6e4db7d5c6b] UnalignedCheckpointTestBase [Source: source0 -> input-filter0 -> input-counter0 (6/7)#0] INFO  notifyCheckpointComplete 3 @ 5 subtask (0 attempt)
60939 [e2f0affed90bb4580c88f6e4db7d5c6b] UnalignedCheckpointTestBase [Source: source0 -> input-filter0 -> input-counter0 (6/7)#0] INFO  Pumping until 2026-05-23T02:07:47.645537250 @ 5 subtask (0 attempt)
60939 [e2f0affed90bb4580c88f6e4db7d5c6b] UnalignedCheckpointTestBase [Source: source0 -> input-filter0 -> input-counter0 (3/7)#0] INFO  notifyCheckpointComplete 3 @ 2 subtask (0 attempt)
60939 [e2f0affed90bb4580c88f6e4db7d5c6b] UnalignedCheckpointTestBase [Source: source0 -> input-filter0 -> input-counter0 (3/7)#0] INFO  Pumping until 2026-05-23T02:07:47.645551625 @ 2 subtask (0 attempt)
60939 [e2f0affed90bb4580c88f6e4db7d5c6b] UnalignedCheckpointTestBase [Source: source0 -> input-filter0 -> input-counter0 (2/7)#0] INFO  notifyCheckpointComplete 3 @ 1 subtask (0 attempt)
60939 [e2f0affed90bb4580c88f6e4db7d5c6b] UnalignedCheckpointTestBase [Source: source0 -> input-filter0 -> input-counter0 (7/7)#0] INFO  notifyCheckpointComplete 3 @ 6 subtask (0 attempt)
60939 [e2f0affed90bb4580c88f6e4db7d5c6b] UnalignedCheckpointTestBase [Source: source0 -> input-filter0 -> input-counter0 (7/7)#0] INFO  Pumping until 2026-05-23T02:07:47.645577208 @ 6 subtask (0 attempt)
60939 [e2f0affed90bb4580c88f6e4db7d5c6b] UnalignedCheckpointTestBase [Source: source0 -> input-filter0 -> input-counter0 (2/7)#0] INFO  Pumping until 2026-05-23T02:07:47.645572542 @ 1 subtask (0 attempt)
60939 [e2f0affed90bb4580c88f6e4db7d5c6b] SourceCoordinator [SourceCoordinator-Source: source0] INFO  Marking checkpoint 4 as completed for source Source: source0.
60940 [e2f0affed90bb4580c88f6e4db7d5c6b] UnalignedCheckpointTestBase [Sink: sink (1/1)#0] INFO  Inducing backpressure until 2026-05-23T02:07:47.646105459 @ 0 subtask (0 attempt)
60940 [e2f0affed90bb4580c88f6e4db7d5c6b] UnalignedCheckpointTestBase [Source: source0 -> input-filter0 -> input-counter0 (5/7)#0] INFO  notifyCheckpointComplete 3 @ 4 subtask (0 attempt)
60940 [e2f0affed90bb4580c88f6e4db7d5c6b] UnalignedCheckpointTestBase [Source: source0 -> input-filter0 -> input-counter0 (1/7)#0] INFO  notifyCheckpointComplete 3 @ 0 subtask (0 attempt)
60940 [e2f0affed90bb4580c88f6e4db7d5c6b] UnalignedCheckpointTestBase [Source: source0 -> input-filter0 -> input-counter0 (4/7)#0] INFO  notifyCheckpointComplete 3 @ 3 subtask (0 attempt)
60940 [e2f0affed90bb4580c88f6e4db7d5c6b] UnalignedCheckpointTestBase [Source: source0 -> input-filter0 -> input-counter0 (1/7)#0] INFO  Pumping until 2026-05-23T02:07:47.646130500 @ 0 subtask (0 attempt)
60940 [e2f0affed90bb4580c88f6e4db7d5c6b] UnalignedCheckpointTestBase [Source: source0 -> input-filter0 -> input-counter0 (5/7)#0] INFO  Pumping until 2026-05-23T02:07:47.646129292 @ 4 subtask (0 attempt)
60940 [e2f0affed90bb4580c88f6e4db7d5c6b] UnalignedCheckpointTestBase [Source: source0 -> input-filter0 -> input-counter0 (4/7)#0] INFO  Pumping until 2026-05-23T02:07:47.646133209 @ 3 subtask (0 attempt)
61145 [e2f0affed90bb4580c88f6e4db7d5c6b] CheckpointCoordinator [Checkpoint Timer] INFO  Triggering checkpoint 5 (type=CheckpointType{name='Checkpoint', sharingFilesStrategy=FORWARD_BACKWARD}) @ 1779494867501 for job e2f0affed90bb4580c88f6e4db7d5c6b.
61146 [e2f0affed90bb4580c88f6e4db7d5c6b] UnalignedCheckpointTestBase [SourceCoordinator-Source: source0] INFO  snapshotState EnumeratorState{unassignedSplits=[], numRestarts=0, numCompletedCheckpoints=4}
61146 [e2f0affed90bb4580c88f6e4db7d5c6b] UnalignedCheckpointTestBase [Source: source0 -> input-filter0 -> input-counter0 (1/7)#0] INFO  Snapshotted [LongSplit{increment=7, nextNumber=239624}] @ 0 subtask (0 attempt)
61146 [e2f0affed90bb4580c88f6e4db7d5c6b] UnalignedCheckpointTestBase [Source: source0 -> input-filter0 -> input-counter0 (2/7)#0] INFO  Snapshotted [LongSplit{increment=7, nextNumber=258686}] @ 1 subtask (0 attempt)
61146 [e2f0affed90bb4580c88f6e4db7d5c6b] UnalignedCheckpointTestBase [Source: source0 -> input-filter0 -> input-counter0 (5/7)#0] INFO  Snapshotted [LongSplit{increment=7, nextNumber=161732}] @ 4 subtask (0 attempt)
61146 [e2f0affed90bb4580c88f6e4db7d5c6b] UnalignedCheckpointTestBase [Source: source0 -> input-filter0 -> input-counter0 (3/7)#0] INFO  Snapshotted [LongSplit{increment=7, nextNumber=169633}] @ 2 subtask (0 attempt)
61146 [e2f0affed90bb4580c88f6e4db7d5c6b] UnalignedCheckpointTestBase [Source: source0 -> input-filter0 -> input-counter0 (6/7)#0] INFO  Snapshotted [LongSplit{increment=7, nextNumber=171687}] @ 5 subtask (0 attempt)
61146 [e2f0affed90bb4580c88f6e4db7d5c6b] UnalignedCheckpointTestBase [Source: source0 -> input-filter0 -> input-counter0 (7/7)#0] INFO  Snapshotted [LongSplit{increment=7, nextNumber=169042}] @ 6 subtask (0 attempt)
61146 [e2f0affed90bb4580c88f6e4db7d5c6b] UnalignedCheckpointTestBase [Source: source0 -> input-filter0 -> input-counter0 (4/7)#0] INFO  Snapshotted [LongSplit{increment=7, nextNumber=161388}] @ 3 subtask (0 attempt)
61294 [e2f0affed90bb4580c88f6e4db7d5c6b] KryoSerializer [AsyncOperations-thread-1] INFO  Legacy kryo serializer scala extensions are not available.
61294 [e2f0affed90bb4580c88f6e4db7d5c6b] KryoSerializer [AsyncOperations-thread-1] INFO  Kryo serializer scala extensions are not available.
61295 [e2f0affed90bb4580c88f6e4db7d5c6b] KryoSerializer [AsyncOperations-thread-1] INFO  Legacy kryo serializer scala extensions are not available.
61295 [e2f0affed90bb4580c88f6e4db7d5c6b] KryoSerializer [AsyncOperations-thread-1] INFO  Kryo serializer scala extensions are not available.
61708 [e2f0affed90bb4580c88f6e4db7d5c6b] CheckpointCoordinator [jobmanager-io-thread-3] INFO  Completed checkpoint 5 for job e2f0affed90bb4580c88f6e4db7d5c6b (2186009 bytes, checkpointDuration=563 ms, finalizationTime=0 ms).
61709 [e2f0affed90bb4580c88f6e4db7d5c6b] CheckpointRequestDecider [Checkpoint Timer] INFO  checkpoint request time in queue: 214
61709 [e2f0affed90bb4580c88f6e4db7d5c6b] SourceCoordinator [SourceCoordinator-Source: source0] INFO  Marking checkpoint 5 as completed for source Source: source0.
61709 [e2f0affed90bb4580c88f6e4db7d5c6b] UnalignedCheckpointTestBase [Sink: sink (1/1)#0] INFO  Inducing backpressure until 2026-05-23T02:07:48.415314042 @ 0 subtask (0 attempt)
61709 [e2f0affed90bb4580c88f6e4db7d5c6b] CheckpointCoordinator [Checkpoint Timer] INFO  Triggering checkpoint 6 (type=CheckpointType{name='Checkpoint', sharingFilesStrategy=FORWARD_BACKWARD}) @ 1779494868065 for job e2f0affed90bb4580c88f6e4db7d5c6b.
61709 [e2f0affed90bb4580c88f6e4db7d5c6b] UnalignedCheckpointTestBase [SourceCoordinator-Source: source0] INFO  snapshotState EnumeratorState{unassignedSplits=[], numRestarts=0, numCompletedCheckpoints=5}
61709 [e2f0affed90bb4580c88f6e4db7d5c6b] UnalignedCheckpointTestBase [Source: source0 -> input-filter0 -> input-counter0 (2/7)#0] INFO  Snapshotted [LongSplit{increment=7, nextNumber=258910}] @ 1 subtask (0 attempt)
61710 [e2f0affed90bb4580c88f6e4db7d5c6b] UnalignedCheckpointTestBase [Source: source0 -> input-filter0 -> input-counter0 (2/7)#0] INFO  notifyCheckpointComplete 4 @ 1 subtask (0 attempt)
61710 [e2f0affed90bb4580c88f6e4db7d5c6b] UnalignedCheckpointTestBase [Source: source0 -> input-filter0 -> input-counter0 (2/7)#0] INFO  Pumping until 2026-05-23T02:07:48.416000541 @ 1 subtask (0 attempt)
61710 [e2f0affed90bb4580c88f6e4db7d5c6b] UnalignedCheckpointTestBase [Source: source0 -> input-filter0 -> input-counter0 (7/7)#0] INFO  Snapshotted [LongSplit{increment=7, nextNumber=169266}] @ 6 subtask (0 attempt)
61709 [e2f0affed90bb4580c88f6e4db7d5c6b] UnalignedCheckpointTestBase [Source: source0 -> input-filter0 -> input-counter0 (1/7)#0] INFO  Snapshotted [LongSplit{increment=7, nextNumber=239848}] @ 0 subtask (0 attempt)
61710 [e2f0affed90bb4580c88f6e4db7d5c6b] UnalignedCheckpointTestBase [Source: source0 -> input-filter0 -> input-counter0 (1/7)#0] INFO  notifyCheckpointComplete 4 @ 0 subtask (0 attempt)
61710 [e2f0affed90bb4580c88f6e4db7d5c6b] UnalignedCheckpointTestBase [Source: source0 -> input-filter0 -> input-counter0 (1/7)#0] INFO  Pumping until 2026-05-23T02:07:48.416098917 @ 0 subtask (0 attempt)
61710 [e2f0affed90bb4580c88f6e4db7d5c6b] UnalignedCheckpointTestBase [Source: source0 -> input-filter0 -> input-counter0 (7/7)#0] INFO  notifyCheckpointComplete 4 @ 6 subtask (0 attempt)
61710 [e2f0affed90bb4580c88f6e4db7d5c6b] UnalignedCheckpointTestBase [Source: source0 -> input-filter0 -> input-counter0 (7/7)#0] INFO  Pumping until 2026-05-23T02:07:48.416121541 @ 6 subtask (0 attempt)
61709 [e2f0affed90bb4580c88f6e4db7d5c6b] UnalignedCheckpointTestBase [Source: source0 -> input-filter0 -> input-counter0 (5/7)#0] INFO  Snapshotted [LongSplit{increment=7, nextNumber=161956}] @ 4 subtask (0 attempt)
61709 [e2f0affed90bb4580c88f6e4db7d5c6b] UnalignedCheckpointTestBase [Source: source0 -> input-filter0 -> input-counter0 (4/7)#0] INFO  Snapshotted [LongSplit{increment=7, nextNumber=161612}] @ 3 subtask (0 attempt)
61710 [e2f0affed90bb4580c88f6e4db7d5c6b] UnalignedCheckpointTestBase [Source: source0 -> input-filter0 -> input-counter0 (5/7)#0] INFO  notifyCheckpointComplete 4 @ 4 subtask (0 attempt)
61710 [e2f0affed90bb4580c88f6e4db7d5c6b] UnalignedCheckpointTestBase [Source: source0 -> input-filter0 -> input-counter0 (5/7)#0] INFO  Pumping until 2026-05-23T02:07:48.416330750 @ 4 subtask (0 attempt)
61710 [e2f0affed90bb4580c88f6e4db7d5c6b] UnalignedCheckpointTestBase [Source: source0 -> input-filter0 -> input-counter0 (4/7)#0] INFO  notifyCheckpointComplete 4 @ 3 subtask (0 attempt)
61710 [e2f0affed90bb4580c88f6e4db7d5c6b] UnalignedCheckpointTestBase [Source: source0 -> input-filter0 -> input-counter0 (4/7)#0] INFO  Pumping until 2026-05-23T02:07:48.416364333 @ 3 subtask (0 attempt)
61709 [e2f0affed90bb4580c88f6e4db7d5c6b] UnalignedCheckpointTestBase [Source: source0 -> input-filter0 -> input-counter0 (3/7)#0] INFO  Snapshotted [LongSplit{increment=7, nextNumber=169857}] @ 2 subtask (0 attempt)
61710 [e2f0affed90bb4580c88f6e4db7d5c6b] UnalignedCheckpointTestBase [Source: source0 -> input-filter0 -> input-counter0 (3/7)#0] INFO  notifyCheckpointComplete 4 @ 2 subtask (0 attempt)
61710 [e2f0affed90bb4580c88f6e4db7d5c6b] UnalignedCheckpointTestBase [Source: source0 -> input-filter0 -> input-counter0 (3/7)#0] INFO  Pumping until 2026-05-23T02:07:48.416848541 @ 2 subtask (0 attempt)
61709 [e2f0affed90bb4580c88f6e4db7d5c6b] UnalignedCheckpointTestBase [Source: source0 -> input-filter0 -> input-counter0 (6/7)#0] INFO  Snapshotted [LongSplit{increment=7, nextNumber=171911}] @ 5 subtask (0 attempt)
61711 [e2f0affed90bb4580c88f6e4db7d5c6b] UnalignedCheckpointTestBase [Source: source0 -> input-filter0 -> input-counter0 (6/7)#0] INFO  notifyCheckpointComplete 4 @ 5 subtask (0 attempt)
61711 [e2f0affed90bb4580c88f6e4db7d5c6b] UnalignedCheckpointTestBase [Source: source0 -> input-filter0 -> input-counter0 (6/7)#0] INFO  Pumping until 2026-05-23T02:07:48.417269125 @ 5 subtask (0 attempt)
61711 [e2f0affed90bb4580c88f6e4db7d5c6b] RegularOperatorChain [failing-map (1/7)#0] INFO  Could not complete snapshot 6 for operator failing-map (1/7)#0. Failure reason: Checkpoint was declined.
org.apache.flink.runtime.checkpoint.CheckpointException: Could not complete snapshot 6 for operator failing-map (1/7)#0. Failure reason: Checkpoint was declined.
	at org.apache.flink.streaming.api.operators.StreamOperatorStateHandler.snapshotState(StreamOperatorStateHandler.java:318)
	at org.apache.flink.streaming.api.operators.StreamOperatorStateHandler.snapshotState(StreamOperatorStateHandler.java:202)
	at org.apache.flink.streaming.api.operators.AbstractStreamOperator.snapshotState(AbstractStreamOperator.java:427)
	at org.apache.flink.streaming.runtime.tasks.RegularOperatorChain.checkpointStreamOperator(RegularOperatorChain.java:228)
	at org.apache.flink.streaming.runtime.tasks.RegularOperatorChain.buildOperatorSnapshotFutures(RegularOperatorChain.java:213)
	at org.apache.flink.streaming.runtime.tasks.RegularOperatorChain.snapshotState(RegularOperatorChain.java:192)
	at org.apache.flink.streaming.runtime.tasks.SubtaskCheckpointCoordinatorImpl.takeSnapshotSync(SubtaskCheckpointCoordinatorImpl.java:751)
	at org.apache.flink.streaming.runtime.tasks.SubtaskCheckpointCoordinatorImpl.checkpointState(SubtaskCheckpointCoordinatorImpl.java:362)
	at org.apache.flink.streaming.runtime.tasks.StreamTask.lambda$performCheckpoint$21(StreamTask.java:1672)
	at org.apache.flink.streaming.runtime.tasks.StreamTaskActionExecutor$1.runThrowing(StreamTaskActionExecutor.java:50)
	at org.apache.flink.streaming.runtime.tasks.StreamTask.performCheckpoint(StreamTask.java:1660)
	at org.apache.flink.streaming.runtime.tasks.StreamTask.triggerCheckpointOnBarrier(StreamTask.java:1617)
	at org.apache.flink.streaming.runtime.io.checkpointing.CheckpointBarrierHandler.notifyCheckpoint(CheckpointBarrierHandler.java:147)
	at org.apache.flink.streaming.runtime.io.checkpointing.SingleCheckpointBarrierHandler.triggerCheckpoint(SingleCheckpointBarrierHandler.java:302)
	at org.apache.flink.streaming.runtime.io.checkpointing.SingleCheckpointBarrierHandler$ControllerImpl.triggerGlobalCheckpoint(SingleCheckpointBarrierHandler.java:503)
	at org.apache.flink.streaming.runtime.io.checkpointing.AlternatingWaitingForFirstBarrierUnaligned.barrierReceived(AlternatingWaitingForFirstBarrierUnaligned.java:79)
	at org.apache.flink.streaming.runtime.io.checkpointing.AbstractAlternatingAlignedBarrierHandlerState.barrierReceived(AbstractAlternatingAlignedBarrierHandlerState.java:56)
	at org.apache.flink.streaming.runtime.io.checkpointing.SingleCheckpointBarrierHandler.lambda$processBarrier$2(SingleCheckpointBarrierHandler.java:249)
	at org.apache.flink.streaming.runtime.io.checkpointing.SingleCheckpointBarrierHandler.markCheckpointAlignedAndTransformState(SingleCheckpointBarrierHandler.java:277)
	at org.apache.flink.streaming.runtime.io.checkpointing.SingleCheckpointBarrierHandler.processBarrier(SingleCheckpointBarrierHandler.java:246)
	at org.apache.flink.streaming.runtime.io.checkpointing.CheckpointedInputGate.handleEvent(CheckpointedInputGate.java:182)
	at org.apache.flink.streaming.runtime.io.checkpointing.CheckpointedInputGate.pollNext(CheckpointedInputGate.java:160)
	at org.apache.flink.streaming.runtime.io.AbstractStreamTaskNetworkInput.emitNext(AbstractStreamTaskNetworkInput.java:178)
	at org.apache.flink.streaming.runtime.io.StreamOneInputProcessor.processInput(StreamOneInputProcessor.java:65)
	at org.apache.flink.streaming.runtime.tasks.StreamTask.processInput(StreamTask.java:672)
	at org.apache.flink.streaming.runtime.tasks.mailbox.MailboxProcessor.runMailboxLoop(MailboxProcessor.java:231)
	at org.apache.flink.streaming.runtime.tasks.StreamTask.runMailboxLoop(StreamTask.java:1201)
	at org.apache.flink.streaming.runtime.tasks.StreamTask.invoke(StreamTask.java:1138)
	at org.apache.flink.runtime.taskmanager.Task.runWithSystemExitMonitoring(Task.java:987)
	at org.apache.flink.runtime.taskmanager.Task.restoreAndInvoke(Task.java:969)
	at org.apache.flink.runtime.taskmanager.Task.doRun(Task.java:774)
	at org.apache.flink.runtime.taskmanager.Task.run(Task.java:579)
	at java.base/java.lang.Thread.run(Thread.java:829)
Caused by: org.apache.flink.test.checkpointing.UnalignedCheckpointTestBase$TestException: Failing snapshotState @ 5 (0 attempt); last value 169391
	at org.apache.flink.test.checkpointing.UnalignedCheckpointTestBase$FailingMapper.failMapper(UnalignedCheckpointTestBase.java:954)
	at org.apache.flink.test.checkpointing.UnalignedCheckpointTestBase$FailingMapper.checkFail(UnalignedCheckpointTestBase.java:949)
	at org.apache.flink.test.checkpointing.UnalignedCheckpointTestBase$FailingMapper.snapshotState(UnalignedCheckpointTestBase.java:977)
	at org.apache.flink.streaming.util.functions.StreamingFunctionUtils.trySnapshotFunctionState(StreamingFunctionUtils.java:118)
	at org.apache.flink.streaming.util.functions.StreamingFunctionUtils.snapshotFunctionState(StreamingFunctionUtils.java:99)
	at org.apache.flink.streaming.api.operators.AbstractUdfStreamOperator.snapshotState(AbstractUdfStreamOperator.java:104)
	at org.apache.flink.streaming.api.operators.StreamOperatorStateHandler.snapshotState(StreamOperatorStateHandler.java:261)
	... 32 more
61712 [e2f0affed90bb4580c88f6e4db7d5c6b] Task [failing-map (1/7)#0] WARN  failing-map (1/7)#0 (7c364d770be7fb6122304dc159ffb54f_b8c789ec3a44294cb45da029ffe0e6fd_0_0) switched from RUNNING to FAILED with failure cause:
java.io.IOException: Could not perform checkpoint 6 for operator failing-map (1/7)#0.
	at org.apache.flink.streaming.runtime.tasks.StreamTask.triggerCheckpointOnBarrier(StreamTask.java:1629)
	at org.apache.flink.streaming.runtime.io.checkpointing.CheckpointBarrierHandler.notifyCheckpoint(CheckpointBarrierHandler.java:147)
	at org.apache.flink.streaming.runtime.io.checkpointing.SingleCheckpointBarrierHandler.triggerCheckpoint(SingleCheckpointBarrierHandler.java:302)
	at org.apache.flink.streaming.runtime.io.checkpointing.SingleCheckpointBarrierHandler$ControllerImpl.triggerGlobalCheckpoint(SingleCheckpointBarrierHandler.java:503)
	at org.apache.flink.streaming.runtime.io.checkpointing.AlternatingWaitingForFirstBarrierUnaligned.barrierReceived(AlternatingWaitingForFirstBarrierUnaligned.java:79)
	at org.apache.flink.streaming.runtime.io.checkpointing.AbstractAlternatingAlignedBarrierHandlerState.barrierReceived(AbstractAlternatingAlignedBarrierHandlerState.java:56)
	at org.apache.flink.streaming.runtime.io.checkpointing.SingleCheckpointBarrierHandler.lambda$processBarrier$2(SingleCheckpointBarrierHandler.java:249)
	at org.apache.flink.streaming.runtime.io.checkpointing.SingleCheckpointBarrierHandler.markCheckpointAlignedAndTransformState(SingleCheckpointBarrierHandler.java:277)
	at org.apache.flink.streaming.runtime.io.checkpointing.SingleCheckpointBarrierHandler.processBarrier(SingleCheckpointBarrierHandler.java:246)
	at org.apache.flink.streaming.runtime.io.checkpointing.CheckpointedInputGate.handleEvent(CheckpointedInputGate.java:182)
	at org.apache.flink.streaming.runtime.io.checkpointing.CheckpointedInputGate.pollNext(CheckpointedInputGate.java:160)
	at org.apache.flink.streaming.runtime.io.AbstractStreamTaskNetworkInput.emitNext(AbstractStreamTaskNetworkInput.java:178)
	at org.apache.flink.streaming.runtime.io.StreamOneInputProcessor.processInput(StreamOneInputProcessor.java:65)
	at org.apache.flink.streaming.runtime.tasks.StreamTask.processInput(StreamTask.java:672)
	at org.apache.flink.streaming.runtime.tasks.mailbox.MailboxProcessor.runMailboxLoop(MailboxProcessor.java:231)
	at org.apache.flink.streaming.runtime.tasks.StreamTask.runMailboxLoop(StreamTask.java:1201)
	at org.apache.flink.streaming.runtime.tasks.StreamTask.invoke(StreamTask.java:1138)
	at org.apache.flink.runtime.taskmanager.Task.runWithSystemExitMonitoring(Task.java:987)
	at org.apache.flink.runtime.taskmanager.Task.restoreAndInvoke(Task.java:969)
	at org.apache.flink.runtime.taskmanager.Task.doRun(Task.java:774)
	at org.apache.flink.runtime.taskmanager.Task.run(Task.java:579)
	at java.base/java.lang.Thread.run(Thread.java:829)
Caused by: org.apache.flink.runtime.checkpoint.CheckpointException: Could not complete snapshot 6 for operator failing-map (1/7)#0. Failure reason: Checkpoint was declined.
	at org.apache.flink.streaming.api.operators.StreamOperatorStateHandler.snapshotState(StreamOperatorStateHandler.java:318)
	at org.apache.flink.streaming.api.operators.StreamOperatorStateHandler.snapshotState(StreamOperatorStateHandler.java:202)
	at org.apache.flink.streaming.api.operators.AbstractStreamOperator.snapshotState(AbstractStreamOperator.java:427)
	at org.apache.flink.streaming.runtime.tasks.RegularOperatorChain.checkpointStreamOperator(RegularOperatorChain.java:228)
	at org.apache.flink.streaming.runtime.tasks.RegularOperatorChain.buildOperatorSnapshotFutures(RegularOperatorChain.java:213)
	at org.apache.flink.streaming.runtime.tasks.RegularOperatorChain.snapshotState(RegularOperatorChain.java:192)
	at org.apache.flink.streaming.runtime.tasks.SubtaskCheckpointCoordinatorImpl.takeSnapshotSync(SubtaskCheckpointCoordinatorImpl.java:751)
	at org.apache.flink.streaming.runtime.tasks.SubtaskCheckpointCoordinatorImpl.checkpointState(SubtaskCheckpointCoordinatorImpl.java:362)
	at org.apache.flink.streaming.runtime.tasks.StreamTask.lambda$performCheckpoint$21(StreamTask.java:1672)
	at org.apache.flink.streaming.runtime.tasks.StreamTaskActionExecutor$1.runThrowing(StreamTaskActionExecutor.java:50)
	at org.apache.flink.streaming.runtime.tasks.StreamTask.performCheckpoint(StreamTask.java:1660)
	at org.apache.flink.streaming.runtime.tasks.StreamTask.triggerCheckpointOnBarrier(StreamTask.java:1617)
	... 21 more
Caused by: org.apache.flink.test.checkpointing.UnalignedCheckpointTestBase$TestException: Failing snapshotState @ 5 (0 attempt); last value 169391
	at org.apache.flink.test.checkpointing.UnalignedCheckpointTestBase$FailingMapper.failMapper(UnalignedCheckpointTestBase.java:954)
	at org.apache.flink.test.checkpointing.UnalignedCheckpointTestBase$FailingMapper.checkFail(UnalignedCheckpointTestBase.java:949)
	at org.apache.flink.test.checkpointing.UnalignedCheckpointTestBase$FailingMapper.snapshotState(UnalignedCheckpointTestBase.java:977)
	at org.apache.flink.streaming.util.functions.StreamingFunctionUtils.trySnapshotFunctionState(StreamingFunctionUtils.java:118)
	at org.apache.flink.streaming.util.functions.StreamingFunctionUtils.snapshotFunctionState(StreamingFunctionUtils.java:99)
	at org.apache.flink.streaming.api.operators.AbstractUdfStreamOperator.snapshotState(AbstractUdfStreamOperator.java:104)
	at org.apache.flink.streaming.api.operators.StreamOperatorStateHandler.snapshotState(StreamOperatorStateHandler.java:261)
	... 32 more
61712 [e2f0affed90bb4580c88f6e4db7d5c6b] KryoSerializer [AsyncOperations-thread-1] INFO  Legacy kryo serializer scala extensions are not available.
61712 [e2f0affed90bb4580c88f6e4db7d5c6b] KryoSerializer [AsyncOperations-thread-1] INFO  Kryo serializer scala extensions are not available.
61713 [e2f0affed90bb4580c88f6e4db7d5c6b] AsyncCheckpointRunnable [AsyncOperations-thread-1] INFO  failing-map (3/7)#0 - asynchronous part of checkpoint 6 could not be completed.
java.util.concurrent.ExecutionException: org.apache.flink.runtime.checkpoint.CheckpointException: The checkpoint was aborted due to exception of other subtasks sharing the ChannelState file.
	at java.base/java.util.concurrent.CompletableFuture.reportGet(CompletableFuture.java:395)
	at java.base/java.util.concurrent.CompletableFuture.get(CompletableFuture.java:2005)
	at org.apache.flink.streaming.api.operators.OperatorSnapshotFinalizer.create(OperatorSnapshotFinalizer.java:66)
	at org.apache.flink.streaming.runtime.tasks.AsyncCheckpointRunnable.finalizeNonFinishedSnapshots(AsyncCheckpointRunnable.java:192)
	at org.apache.flink.streaming.runtime.tasks.AsyncCheckpointRunnable.run(AsyncCheckpointRunnable.java:124)
	at org.apache.flink.util.MdcUtils.lambda$wrapRunnable$1(MdcUtils.java:70)
	at java.base/java.util.concurrent.ThreadPoolExecutor.runWorker(ThreadPoolExecutor.java:1128)
	at java.base/java.util.concurrent.ThreadPoolExecutor$Worker.run(ThreadPoolExecutor.java:628)
	at java.base/java.lang.Thread.run(Thread.java:829)
Caused by: org.apache.flink.runtime.checkpoint.CheckpointException: The checkpoint was aborted due to exception of other subtasks sharing the ChannelState file.
	at org.apache.flink.runtime.checkpoint.channel.ChannelStateCheckpointWriter.fail(ChannelStateCheckpointWriter.java:339)
	at org.apache.flink.runtime.checkpoint.channel.ChannelStateWriteRequestDispatcherImpl.failAndClearWriter(ChannelStateWriteRequestDispatcherImpl.java:210)
	at org.apache.flink.runtime.checkpoint.channel.ChannelStateWriteRequestDispatcherImpl.handleCheckpointAbortRequest(ChannelStateWriteRequestDispatcherImpl.java:187)
	at org.apache.flink.runtime.checkpoint.channel.ChannelStateWriteRequestDispatcherImpl.dispatchInternal(ChannelStateWriteRequestDispatcherImpl.java:127)
	at org.apache.flink.runtime.checkpoint.channel.ChannelStateWriteRequestDispatcherImpl.dispatch(ChannelStateWriteRequestDispatcherImpl.java:92)
	at org.apache.flink.runtime.checkpoint.channel.ChannelStateWriteRequestExecutorImpl.loop(ChannelStateWriteRequestExecutorImpl.java:182)
	at org.apache.flink.runtime.checkpoint.channel.ChannelStateWriteRequestExecutorImpl.run(ChannelStateWriteRequestExecutorImpl.java:136)
	... 1 more
Caused by: org.apache.flink.runtime.checkpoint.CheckpointException: Could not complete snapshot 6 for operator failing-map (1/7)#0. Failure reason: Checkpoint was declined.
	at org.apache.flink.streaming.api.operators.StreamOperatorStateHandler.snapshotState(StreamOperatorStateHandler.java:318)
	at org.apache.flink.streaming.api.operators.StreamOperatorStateHandler.snapshotState(StreamOperatorStateHandler.java:202)
	at org.apache.flink.streaming.api.operators.AbstractStreamOperator.snapshotState(AbstractStreamOperator.java:427)
	at org.apache.flink.streaming.runtime.tasks.RegularOperatorChain.checkpointStreamOperator(RegularOperatorChain.java:228)
	at org.apache.flink.streaming.runtime.tasks.RegularOperatorChain.buildOperatorSnapshotFutures(RegularOperatorChain.java:213)
	at org.apache.flink.streaming.runtime.tasks.RegularOperatorChain.snapshotState(RegularOperatorChain.java:192)
	at org.apache.flink.streaming.runtime.tasks.SubtaskCheckpointCoordinatorImpl.takeSnapshotSync(SubtaskCheckpointCoordinatorImpl.java:751)
	at org.apache.flink.streaming.runtime.tasks.SubtaskCheckpointCoordinatorImpl.checkpointState(SubtaskCheckpointCoordinatorImpl.java:362)
	at org.apache.flink.streaming.runtime.tasks.StreamTask.lambda$performCheckpoint$21(StreamTask.java:1672)
	at org.apache.flink.streaming.runtime.tasks.StreamTaskActionExecutor$1.runThrowing(StreamTaskActionExecutor.java:50)
	at org.apache.flink.streaming.runtime.tasks.StreamTask.performCheckpoint(StreamTask.java:1660)
	at org.apache.flink.streaming.runtime.tasks.StreamTask.triggerCheckpointOnBarrier(StreamTask.java:1617)
	at org.apache.flink.streaming.runtime.io.checkpointing.CheckpointBarrierHandler.notifyCheckpoint(CheckpointBarrierHandler.java:147)
	at org.apache.flink.streaming.runtime.io.checkpointing.SingleCheckpointBarrierHandler.triggerCheckpoint(SingleCheckpointBarrierHandler.java:302)
	at org.apache.flink.streaming.runtime.io.checkpointing.SingleCheckpointBarrierHandler$ControllerImpl.triggerGlobalCheckpoint(SingleCheckpointBarrierHandler.java:503)
	at org.apache.flink.streaming.runtime.io.checkpointing.AlternatingWaitingForFirstBarrierUnaligned.barrierReceived(AlternatingWaitingForFirstBarrierUnaligned.java:79)
	at org.apache.flink.streaming.runtime.io.checkpointing.AbstractAlternatingAlignedBarrierHandlerState.barrierReceived(AbstractAlternatingAlignedBarrierHandlerState.java:56)
	at org.apache.flink.streaming.runtime.io.checkpointing.SingleCheckpointBarrierHandler.lambda$processBarrier$2(SingleCheckpointBarrierHandler.java:249)
	at org.apache.flink.streaming.runtime.io.checkpointing.SingleCheckpointBarrierHandler.markCheckpointAlignedAndTransformState(SingleCheckpointBarrierHandler.java:277)
	at org.apache.flink.streaming.runtime.io.checkpointing.SingleCheckpointBarrierHandler.processBarrier(SingleCheckpointBarrierHandler.java:246)
	at org.apache.flink.streaming.runtime.io.checkpointing.CheckpointedInputGate.handleEvent(CheckpointedInputGate.java:182)
	at org.apache.flink.streaming.runtime.io.checkpointing.CheckpointedInputGate.pollNext(CheckpointedInputGate.java:160)
	at org.apache.flink.streaming.runtime.io.AbstractStreamTaskNetworkInput.emitNext(AbstractStreamTaskNetworkInput.java:178)
	at org.apache.flink.streaming.runtime.io.StreamOneInputProcessor.processInput(StreamOneInputProcessor.java:65)
	at org.apache.flink.streaming.runtime.tasks.StreamTask.processInput(StreamTask.java:672)
	at org.apache.flink.streaming.runtime.tasks.mailbox.MailboxProcessor.runMailboxLoop(MailboxProcessor.java:231)
	at org.apache.flink.streaming.runtime.tasks.StreamTask.runMailboxLoop(StreamTask.java:1201)
	at org.apache.flink.streaming.runtime.tasks.StreamTask.invoke(StreamTask.java:1138)
	at org.apache.flink.runtime.taskmanager.Task.runWithSystemExitMonitoring(Task.java:987)
	at org.apache.flink.runtime.taskmanager.Task.restoreAndInvoke(Task.java:969)
	at org.apache.flink.runtime.taskmanager.Task.doRun(Task.java:774)
	at org.apache.flink.runtime.taskmanager.Task.run(Task.java:579)
	... 1 more
Caused by: org.apache.flink.test.checkpointing.UnalignedCheckpointTestBase$TestException: Failing snapshotState @ 5 (0 attempt); last value 169391
	at org.apache.flink.test.checkpointing.UnalignedCheckpointTestBase$FailingMapper.failMapper(UnalignedCheckpointTestBase.java:954)
	at org.apache.flink.test.checkpointing.UnalignedCheckpointTestBase$FailingMapper.checkFail(UnalignedCheckpointTestBase.java:949)
	at org.apache.flink.test.checkpointing.UnalignedCheckpointTestBase$FailingMapper.snapshotState(UnalignedCheckpointTestBase.java:977)
	at org.apache.flink.streaming.util.functions.StreamingFunctionUtils.trySnapshotFunctionState(StreamingFunctionUtils.java:118)
	at org.apache.flink.streaming.util.functions.StreamingFunctionUtils.snapshotFunctionState(StreamingFunctionUtils.java:99)
	at org.apache.flink.streaming.api.operators.AbstractUdfStreamOperator.snapshotState(AbstractUdfStreamOperator.java:104)
	at org.apache.flink.streaming.api.operators.StreamOperatorStateHandler.snapshotState(StreamOperatorStateHandler.java:261)
	... 32 more
61713 [e2f0affed90bb4580c88f6e4db7d5c6b] AsyncCheckpointRunnable [AsyncOperations-thread-1] INFO  rescale0 (3/10)#0 - asynchronous part of checkpoint 6 could not be completed.
java.util.concurrent.ExecutionException: org.apache.flink.runtime.checkpoint.CheckpointException: The checkpoint was aborted due to exception of other subtasks sharing the ChannelState file.
	at java.base/java.util.concurrent.CompletableFuture.reportGet(CompletableFuture.java:395)
	at java.base/java.util.concurrent.CompletableFuture.get(CompletableFuture.java:2005)
	at org.apache.flink.streaming.api.operators.OperatorSnapshotFinalizer.create(OperatorSnapshotFinalizer.java:66)
	at org.apache.flink.streaming.runtime.tasks.AsyncCheckpointRunnable.finalizeNonFinishedSnapshots(AsyncCheckpointRunnable.java:192)
	at org.apache.flink.streaming.runtime.tasks.AsyncCheckpointRunnable.run(AsyncCheckpointRunnable.java:124)
	at org.apache.flink.util.MdcUtils.lambda$wrapRunnable$1(MdcUtils.java:70)
	at java.base/java.util.concurrent.ThreadPoolExecutor.runWorker(ThreadPoolExecutor.java:1128)
	at java.base/java.util.concurrent.ThreadPoolExecutor$Worker.run(ThreadPoolExecutor.java:628)
	at java.base/java.lang.Thread.run(Thread.java:829)
Caused by: org.apache.flink.runtime.checkpoint.CheckpointException: The checkpoint was aborted due to exception of other subtasks sharing the ChannelState file.
	at org.apache.flink.runtime.checkpoint.channel.ChannelStateCheckpointWriter.fail(ChannelStateCheckpointWriter.java:339)
	at org.apache.flink.runtime.checkpoint.channel.ChannelStateWriteRequestDispatcherImpl.failAndClearWriter(ChannelStateWriteRequestDispatcherImpl.java:210)
	at org.apache.flink.runtime.checkpoint.channel.ChannelStateWriteRequestDispatcherImpl.handleCheckpointAbortRequest(ChannelStateWriteRequestDispatcherImpl.java:187)
	at org.apache.flink.runtime.checkpoint.channel.ChannelStateWriteRequestDispatcherImpl.dispatchInternal(ChannelStateWriteRequestDispatcherImpl.java:127)
	at org.apache.flink.runtime.checkpoint.channel.ChannelStateWriteRequestDispatcherImpl.dispatch(ChannelStateWriteRequestDispatcherImpl.java:92)
	at org.apache.flink.runtime.checkpoint.channel.ChannelStateWriteRequestExecutorImpl.loop(ChannelStateWriteRequestExecutorImpl.java:182)
	at org.apache.flink.runtime.checkpoint.channel.ChannelStateWriteRequestExecutorImpl.run(ChannelStateWriteRequestExecutorImpl.java:136)
	... 1 more
Caused by: org.apache.flink.runtime.checkpoint.CheckpointException: Could not complete snapshot 6 for operator failing-map (1/7)#0. Failure reason: Checkpoint was declined.
	at org.apache.flink.streaming.api.operators.StreamOperatorStateHandler.snapshotState(StreamOperatorStateHandler.java:318)
	at org.apache.flink.streaming.api.operators.StreamOperatorStateHandler.snapshotState(StreamOperatorStateHandler.java:202)
	at org.apache.flink.streaming.api.operators.AbstractStreamOperator.snapshotState(AbstractStreamOperator.java:427)
	at org.apache.flink.streaming.runtime.tasks.RegularOperatorChain.checkpointStreamOperator(RegularOperatorChain.java:228)
	at org.apache.flink.streaming.runtime.tasks.RegularOperatorChain.buildOperatorSnapshotFutures(RegularOperatorChain.java:213)
	at org.apache.flink.streaming.runtime.tasks.RegularOperatorChain.snapshotState(RegularOperatorChain.java:192)
	at org.apache.flink.streaming.runtime.tasks.SubtaskCheckpointCoordinatorImpl.takeSnapshotSync(SubtaskCheckpointCoordinatorImpl.java:751)
	at org.apache.flink.streaming.runtime.tasks.SubtaskCheckpointCoordinatorImpl.checkpointState(SubtaskCheckpointCoordinatorImpl.java:362)
	at org.apache.flink.streaming.runtime.tasks.StreamTask.lambda$performCheckpoint$21(StreamTask.java:1672)
	at org.apache.flink.streaming.runtime.tasks.StreamTaskActionExecutor$1.runThrowing(StreamTaskActionExecutor.java:50)
	at org.apache.flink.streaming.runtime.tasks.StreamTask.performCheckpoint(StreamTask.java:1660)
	at org.apache.flink.streaming.runtime.tasks.StreamTask.triggerCheckpointOnBarrier(StreamTask.java:1617)
	at org.apache.flink.streaming.runtime.io.checkpointing.CheckpointBarrierHandler.notifyCheckpoint(CheckpointBarrierHandler.java:147)
	at org.apache.flink.streaming.runtime.io.checkpointing.SingleCheckpointBarrierHandler.triggerCheckpoint(SingleCheckpointBarrierHandler.java:302)
	at org.apache.flink.streaming.runtime.io.checkpointing.SingleCheckpointBarrierHandler$ControllerImpl.triggerGlobalCheckpoint(SingleCheckpointBarrierHandler.java:503)
	at org.apache.flink.streaming.runtime.io.checkpointing.AlternatingWaitingForFirstBarrierUnaligned.barrierReceived(AlternatingWaitingForFirstBarrierUnaligned.java:79)
	at org.apache.flink.streaming.runtime.io.checkpointing.AbstractAlternatingAlignedBarrierHandlerState.barrierReceived(AbstractAlternatingAlignedBarrierHandlerState.java:56)
	at org.apache.flink.streaming.runtime.io.checkpointing.SingleCheckpointBarrierHandler.lambda$processBarrier$2(SingleCheckpointBarrierHandler.java:249)
	at org.apache.flink.streaming.runtime.io.checkpointing.SingleCheckpointBarrierHandler.markCheckpointAlignedAndTransformState(SingleCheckpointBarrierHandler.java:277)
	at org.apache.flink.streaming.runtime.io.checkpointing.SingleCheckpointBarrierHandler.processBarrier(SingleCheckpointBarrierHandler.java:246)
	at org.apache.flink.streaming.runtime.io.checkpointing.CheckpointedInputGate.handleEvent(CheckpointedInputGate.java:182)
	at org.apache.flink.streaming.runtime.io.checkpointing.CheckpointedInputGate.pollNext(CheckpointedInputGate.java:160)
	at org.apache.flink.streaming.runtime.io.AbstractStreamTaskNetworkInput.emitNext(AbstractStreamTaskNetworkInput.java:178)
	at org.apache.flink.streaming.runtime.io.StreamOneInputProcessor.processInput(StreamOneInputProcessor.java:65)
	at org.apache.flink.streaming.runtime.tasks.StreamTask.processInput(StreamTask.java:672)
	at org.apache.flink.streaming.runtime.tasks.mailbox.MailboxProcessor.runMailboxLoop(MailboxProcessor.java:231)
	at org.apache.flink.streaming.runtime.tasks.StreamTask.runMailboxLoop(StreamTask.java:1201)
	at org.apache.flink.streaming.runtime.tasks.StreamTask.invoke(StreamTask.java:1138)
	at org.apache.flink.runtime.taskmanager.Task.runWithSystemExitMonitoring(Task.java:987)
	at org.apache.flink.runtime.taskmanager.Task.restoreAndInvoke(Task.java:969)
	at org.apache.flink.runtime.taskmanager.Task.doRun(Task.java:774)
	at org.apache.flink.runtime.taskmanager.Task.run(Task.java:579)
	... 1 more
Caused by: org.apache.flink.test.checkpointing.UnalignedCheckpointTestBase$TestException: Failing snapshotState @ 5 (0 attempt); last value 169391
	at org.apache.flink.test.checkpointing.UnalignedCheckpointTestBase$FailingMapper.failMapper(UnalignedCheckpointTestBase.java:954)
	at org.apache.flink.test.checkpointing.UnalignedCheckpointTestBase$FailingMapper.checkFail(UnalignedCheckpointTestBase.java:949)
	at org.apache.flink.test.checkpointing.UnalignedCheckpointTestBase$FailingMapper.snapshotState(UnalignedCheckpointTestBase.java:977)
	at org.apache.flink.streaming.util.functions.StreamingFunctionUtils.trySnapshotFunctionState(StreamingFunctionUtils.java:118)
	at org.apache.flink.streaming.util.functions.StreamingFunctionUtils.snapshotFunctionState(StreamingFunctionUtils.java:99)
	at org.apache.flink.streaming.api.operators.AbstractUdfStreamOperator.snapshotState(AbstractUdfStreamOperator.java:104)
	at org.apache.flink.streaming.api.operators.StreamOperatorStateHandler.snapshotState(StreamOperatorStateHandler.java:261)
	... 32 more
61713 [e2f0affed90bb4580c88f6e4db7d5c6b] Task [failing-map (1/7)#0] INFO  Freeing task resources for failing-map (1/7)#0 (7c364d770be7fb6122304dc159ffb54f_b8c789ec3a44294cb45da029ffe0e6fd_0_0).
61713 [e2f0affed90bb4580c88f6e4db7d5c6b] AsyncCheckpointRunnable [AsyncOperations-thread-1] INFO  Sink: sink (1/1)#0 - asynchronous part of checkpoint 6 could not be completed.
java.util.concurrent.ExecutionException: org.apache.flink.runtime.checkpoint.CheckpointException: The checkpoint was aborted due to exception of other subtasks sharing the ChannelState file.
	at java.base/java.util.concurrent.CompletableFuture.reportGet(CompletableFuture.java:395)
	at java.base/java.util.concurrent.CompletableFuture.get(CompletableFuture.java:2005)
	at org.apache.flink.streaming.api.operators.OperatorSnapshotFinalizer.create(OperatorSnapshotFinalizer.java:66)
	at org.apache.flink.streaming.runtime.tasks.AsyncCheckpointRunnable.finalizeNonFinishedSnapshots(AsyncCheckpointRunnable.java:192)
	at org.apache.flink.streaming.runtime.tasks.AsyncCheckpointRunnable.run(AsyncCheckpointRunnable.java:124)
	at org.apache.flink.util.MdcUtils.lambda$wrapRunnable$1(MdcUtils.java:70)
	at java.base/java.util.concurrent.ThreadPoolExecutor.runWorker(ThreadPoolExecutor.java:1128)
	at java.base/java.util.concurrent.ThreadPoolExecutor$Worker.run(ThreadPoolExecutor.java:628)
	at java.base/java.lang.Thread.run(Thread.java:829)
Caused by: org.apache.flink.runtime.checkpoint.CheckpointException: The checkpoint was aborted due to exception of other subtasks sharing the ChannelState file.
	at org.apache.flink.runtime.checkpoint.channel.ChannelStateCheckpointWriter.fail(ChannelStateCheckpointWriter.java:339)
	at org.apache.flink.runtime.checkpoint.channel.ChannelStateWriteRequestDispatcherImpl.failAndClearWriter(ChannelStateWriteRequestDispatcherImpl.java:210)
	at org.apache.flink.runtime.checkpoint.channel.ChannelStateWriteRequestDispatcherImpl.handleCheckpointAbortRequest(ChannelStateWriteRequestDispatcherImpl.java:187)
	at org.apache.flink.runtime.checkpoint.channel.ChannelStateWriteRequestDispatcherImpl.dispatchInternal(ChannelStateWriteRequestDispatcherImpl.java:127)
	at org.apache.flink.runtime.checkpoint.channel.ChannelStateWriteRequestDispatcherImpl.dispatch(ChannelStateWriteRequestDispatcherImpl.java:92)
	at org.apache.flink.runtime.checkpoint.channel.ChannelStateWriteRequestExecutorImpl.loop(ChannelStateWriteRequestExecutorImpl.java:182)
	at org.apache.flink.runtime.checkpoint.channel.ChannelStateWriteRequestExecutorImpl.run(ChannelStateWriteRequestExecutorImpl.java:136)
	... 1 more
Caused by: org.apache.flink.runtime.checkpoint.CheckpointException: Could not complete snapshot 6 for operator failing-map (1/7)#0. Failure reason: Checkpoint was declined.
	at org.apache.flink.streaming.api.operators.StreamOperatorStateHandler.snapshotState(StreamOperatorStateHandler.java:318)
	at org.apache.flink.streaming.api.operators.StreamOperatorStateHandler.snapshotState(StreamOperatorStateHandler.java:202)
	at org.apache.flink.streaming.api.operators.AbstractStreamOperator.snapshotState(AbstractStreamOperator.java:427)
	at org.apache.flink.streaming.runtime.tasks.RegularOperatorChain.checkpointStreamOperator(RegularOperatorChain.java:228)
	at org.apache.flink.streaming.runtime.tasks.RegularOperatorChain.buildOperatorSnapshotFutures(RegularOperatorChain.java:213)
	at org.apache.flink.streaming.runtime.tasks.RegularOperatorChain.snapshotState(RegularOperatorChain.java:192)
	at org.apache.flink.streaming.runtime.tasks.SubtaskCheckpointCoordinatorImpl.takeSnapshotSync(SubtaskCheckpointCoordinatorImpl.java:751)
	at org.apache.flink.streaming.runtime.tasks.SubtaskCheckpointCoordinatorImpl.checkpointState(SubtaskCheckpointCoordinatorImpl.java:362)
	at org.apache.flink.streaming.runtime.tasks.StreamTask.lambda$performCheckpoint$21(StreamTask.java:1672)
	at org.apache.flink.streaming.runtime.tasks.StreamTaskActionExecutor$1.runThrowing(StreamTaskActionExecutor.java:50)
	at org.apache.flink.streaming.runtime.tasks.StreamTask.performCheckpoint(StreamTask.java:1660)
	at org.apache.flink.streaming.runtime.tasks.StreamTask.triggerCheckpointOnBarrier(StreamTask.java:1617)
	at org.apache.flink.streaming.runtime.io.checkpointing.CheckpointBarrierHandler.notifyCheckpoint(CheckpointBarrierHandler.java:147)
	at org.apache.flink.streaming.runtime.io.checkpointing.SingleCheckpointBarrierHandler.triggerCheckpoint(SingleCheckpointBarrierHandler.java:302)
	at org.apache.flink.streaming.runtime.io.checkpointing.SingleCheckpointBarrierHandler$ControllerImpl.triggerGlobalCheckpoint(SingleCheckpointBarrierHandler.java:503)
	at org.apache.flink.streaming.runtime.io.checkpointing.AlternatingWaitingForFirstBarrierUnaligned.barrierReceived(AlternatingWaitingForFirstBarrierUnaligned.java:79)
	at org.apache.flink.streaming.runtime.io.checkpointing.AbstractAlternatingAlignedBarrierHandlerState.barrierReceived(AbstractAlternatingAlignedBarrierHandlerState.java:56)
	at org.apache.flink.streaming.runtime.io.checkpointing.SingleCheckpointBarrierHandler.lambda$processBarrier$2(SingleCheckpointBarrierHandler.java:249)
	at org.apache.flink.streaming.runtime.io.checkpointing.SingleCheckpointBarrierHandler.markCheckpointAlignedAndTransformState(SingleCheckpointBarrierHandler.java:277)
	at org.apache.flink.streaming.runtime.io.checkpointing.SingleCheckpointBarrierHandler.processBarrier(SingleCheckpointBarrierHandler.java:246)
	at org.apache.flink.streaming.runtime.io.checkpointing.CheckpointedInputGate.handleEvent(CheckpointedInputGate.java:182)
	at org.apache.flink.streaming.runtime.io.checkpointing.CheckpointedInputGate.pollNext(CheckpointedInputGate.java:160)
	at org.apache.flink.streaming.runtime.io.AbstractStreamTaskNetworkInput.emitNext(AbstractStreamTaskNetworkInput.java:178)
	at org.apache.flink.streaming.runtime.io.StreamOneInputProcessor.processInput(StreamOneInputProcessor.java:65)
	at org.apache.flink.streaming.runtime.tasks.StreamTask.processInput(StreamTask.java:672)
	at org.apache.flink.streaming.runtime.tasks.mailbox.MailboxProcessor.runMailboxLoop(MailboxProcessor.java:231)
	at org.apache.flink.streaming.runtime.tasks.StreamTask.runMailboxLoop(StreamTask.java:1201)
	at org.apache.flink.streaming.runtime.tasks.StreamTask.invoke(StreamTask.java:1138)
	at org.apache.flink.runtime.taskmanager.Task.runWithSystemExitMonitoring(Task.java:987)
	at org.apache.flink.runtime.taskmanager.Task.restoreAndInvoke(Task.java:969)
	at org.apache.flink.runtime.taskmanager.Task.doRun(Task.java:774)
	at org.apache.flink.runtime.taskmanager.Task.run(Task.java:579)
	... 1 more
Caused by: org.apache.flink.test.checkpointing.UnalignedCheckpointTestBase$TestException: Failing snapshotState @ 5 (0 attempt); last value 169391
	at org.apache.flink.test.checkpointing.UnalignedCheckpointTestBase$FailingMapper.failMapper(UnalignedCheckpointTestBase.java:954)
	at org.apache.flink.test.checkpointing.UnalignedCheckpointTestBase$FailingMapper.checkFail(UnalignedCheckpointTestBase.java:949)
	at org.apache.flink.test.checkpointing.UnalignedCheckpointTestBase$FailingMapper.snapshotState(UnalignedCheckpointTestBase.java:977)
	at org.apache.flink.streaming.util.functions.StreamingFunctionUtils.trySnapshotFunctionState(StreamingFunctionUtils.java:118)
	at org.apache.flink.streaming.util.functions.StreamingFunctionUtils.snapshotFunctionState(StreamingFunctionUtils.java:99)
	at org.apache.flink.streaming.api.operators.AbstractUdfStreamOperator.snapshotState(AbstractUdfStreamOperator.java:104)
	at org.apache.flink.streaming.api.operators.StreamOperatorStateHandler.snapshotState(StreamOperatorStateHandler.java:261)
	... 32 more
61714 [                                ] TaskExecutor [flink-pekko.actor.default-dispatcher-8] INFO  Un-registering task and sending final execution state FAILED to JobManager for task failing-map (1/7)#0 7c364d770be7fb6122304dc159ffb54f_b8c789ec3a44294cb45da029ffe0e6fd_0_0.
61715 [e2f0affed90bb4580c88f6e4db7d5c6b] CheckpointCoordinator [jobmanager-io-thread-9] INFO  Decline checkpoint 6 by task 7c364d770be7fb6122304dc159ffb54f_b8c789ec3a44294cb45da029ffe0e6fd_2_0 of job e2f0affed90bb4580c88f6e4db7d5c6b at 5df2bd91-da4a-4832-bb2f-2477c2111d51 @ localhost (dataPort=64555).
org.apache.flink.runtime.checkpoint.CheckpointException: org.apache.flink.runtime.checkpoint.CheckpointException: The checkpoint was aborted due to exception of other subtasks sharing the ChannelState file.
	at org.apache.flink.streaming.runtime.tasks.AsyncCheckpointRunnable.handleExecutionException(AsyncCheckpointRunnable.java:320)
	at org.apache.flink.streaming.runtime.tasks.AsyncCheckpointRunnable.run(AsyncCheckpointRunnable.java:155)
	at org.apache.flink.util.MdcUtils.lambda$wrapRunnable$1(MdcUtils.java:70)
	at java.base/java.util.concurrent.ThreadPoolExecutor.runWorker(ThreadPoolExecutor.java:1128)
	at java.base/java.util.concurrent.ThreadPoolExecutor$Worker.run(ThreadPoolExecutor.java:628)
	at java.base/java.lang.Thread.run(Thread.java:829)
Caused by: java.lang.Exception: java.lang.Exception: Could not materialize checkpoint 6 for operator failing-map (3/7)#0.
	at org.apache.flink.streaming.runtime.tasks.AsyncCheckpointRunnable.handleExecutionException(AsyncCheckpointRunnable.java:298)
	... 5 more
Caused by: java.util.concurrent.ExecutionException: java.util.concurrent.ExecutionException: org.apache.flink.runtime.checkpoint.CheckpointException: The checkpoint was aborted due to exception of other subtasks sharing the ChannelState file.
	at java.base/java.util.concurrent.CompletableFuture.reportGet(CompletableFuture.java:395)
	at java.base/java.util.concurrent.CompletableFuture.get(CompletableFuture.java:2005)
	at org.apache.flink.streaming.api.operators.OperatorSnapshotFinalizer.create(OperatorSnapshotFinalizer.java:66)
	at org.apache.flink.streaming.runtime.tasks.AsyncCheckpointRunnable.finalizeNonFinishedSnapshots(AsyncCheckpointRunnable.java:192)
	at org.apache.flink.streaming.runtime.tasks.AsyncCheckpointRunnable.run(AsyncCheckpointRunnable.java:124)
	... 4 more
Caused by: org.apache.flink.runtime.checkpoint.CheckpointException: org.apache.flink.runtime.checkpoint.CheckpointException: The checkpoint was aborted due to exception of other subtasks sharing the ChannelState file.
	at org.apache.flink.runtime.checkpoint.channel.ChannelStateCheckpointWriter.fail(ChannelStateCheckpointWriter.java:339)
	at org.apache.flink.runtime.checkpoint.channel.ChannelStateWriteRequestDispatcherImpl.failAndClearWriter(ChannelStateWriteRequestDispatcherImpl.java:210)
	at org.apache.flink.runtime.checkpoint.channel.ChannelStateWriteRequestDispatcherImpl.handleCheckpointAbortRequest(ChannelStateWriteRequestDispatcherImpl.java:187)
	at org.apache.flink.runtime.checkpoint.channel.ChannelStateWriteRequestDispatcherImpl.dispatchInternal(ChannelStateWriteRequestDispatcherImpl.java:127)
	at org.apache.flink.runtime.checkpoint.channel.ChannelStateWriteRequestDispatcherImpl.dispatch(ChannelStateWriteRequestDispatcherImpl.java:92)
	at org.apache.flink.runtime.checkpoint.channel.ChannelStateWriteRequestExecutorImpl.loop(ChannelStateWriteRequestExecutorImpl.java:182)
	at org.apache.flink.runtime.checkpoint.channel.ChannelStateWriteRequestExecutorImpl.run(ChannelStateWriteRequestExecutorImpl.java:136)
	... 1 more
Caused by: org.apache.flink.runtime.checkpoint.CheckpointException: org.apache.flink.runtime.checkpoint.CheckpointException: Could not complete snapshot 6 for operator failing-map (1/7)#0. Failure reason: Checkpoint was declined.
	at org.apache.flink.streaming.api.operators.StreamOperatorStateHandler.snapshotState(StreamOperatorStateHandler.java:318)
	at org.apache.flink.streaming.api.operators.StreamOperatorStateHandler.snapshotState(StreamOperatorStateHandler.java:202)
	at org.apache.flink.streaming.api.operators.AbstractStreamOperator.snapshotState(AbstractStreamOperator.java:427)
	at org.apache.flink.streaming.runtime.tasks.RegularOperatorChain.checkpointStreamOperator(RegularOperatorChain.java:228)
	at org.apache.flink.streaming.runtime.tasks.RegularOperatorChain.buildOperatorSnapshotFutures(RegularOperatorChain.java:213)
	at org.apache.flink.streaming.runtime.tasks.RegularOperatorChain.snapshotState(RegularOperatorChain.java:192)
	at org.apache.flink.streaming.runtime.tasks.SubtaskCheckpointCoordinatorImpl.takeSnapshotSync(SubtaskCheckpointCoordinatorImpl.java:751)
	at org.apache.flink.streaming.runtime.tasks.SubtaskCheckpointCoordinatorImpl.checkpointState(SubtaskCheckpointCoordinatorImpl.java:362)
	at org.apache.flink.streaming.runtime.tasks.StreamTask.lambda$performCheckpoint$21(StreamTask.java:1672)
	at org.apache.flink.streaming.runtime.tasks.StreamTaskActionExecutor$1.runThrowing(StreamTaskActionExecutor.java:50)
	at org.apache.flink.streaming.runtime.tasks.StreamTask.performCheckpoint(StreamTask.java:1660)
	at org.apache.flink.streaming.runtime.tasks.StreamTask.triggerCheckpointOnBarrier(StreamTask.java:1617)
	at org.apache.flink.streaming.runtime.io.checkpointing.CheckpointBarrierHandler.notifyCheckpoint(CheckpointBarrierHandler.java:147)
	at org.apache.flink.streaming.runtime.io.checkpointing.SingleCheckpointBarrierHandler.triggerCheckpoint(SingleCheckpointBarrierHandler.java:302)
	at org.apache.flink.streaming.runtime.io.checkpointing.SingleCheckpointBarrierHandler$ControllerImpl.triggerGlobalCheckpoint(SingleCheckpointBarrierHandler.java:503)
	at org.apache.flink.streaming.runtime.io.checkpointing.AlternatingWaitingForFirstBarrierUnaligned.barrierReceived(AlternatingWaitingForFirstBarrierUnaligned.java:79)
	at org.apache.flink.streaming.runtime.io.checkpointing.AbstractAlternatingAlignedBarrierHandlerState.barrierReceived(AbstractAlternatingAlignedBarrierHandlerState.java:56)
	at org.apache.flink.streaming.runtime.io.checkpointing.SingleCheckpointBarrierHandler.lambda$processBarrier$2(SingleCheckpointBarrierHandler.java:249)
	at org.apache.flink.streaming.runtime.io.checkpointing.SingleCheckpointBarrierHandler.markCheckpointAlignedAndTransformState(SingleCheckpointBarrierHandler.java:277)
	at org.apache.flink.streaming.runtime.io.checkpointing.SingleCheckpointBarrierHandler.processBarrier(SingleCheckpointBarrierHandler.java:246)
	at org.apache.flink.streaming.runtime.io.checkpointing.CheckpointedInputGate.handleEvent(CheckpointedInputGate.java:182)
	at org.apache.flink.streaming.runtime.io.checkpointing.CheckpointedInputGate.pollNext(CheckpointedInputGate.java:160)
	at org.apache.flink.streaming.runtime.io.AbstractStreamTaskNetworkInput.emitNext(AbstractStreamTaskNetworkInput.java:178)
	at org.apache.flink.streaming.runtime.io.StreamOneInputProcessor.processInput(StreamOneInputProcessor.java:65)
	at org.apache.flink.streaming.runtime.tasks.StreamTask.processInput(StreamTask.java:672)
	at org.apache.flink.streaming.runtime.tasks.mailbox.MailboxProcessor.runMailboxLoop(MailboxProcessor.java:231)
	at org.apache.flink.streaming.runtime.tasks.StreamTask.runMailboxLoop(StreamTask.java:1201)
	at org.apache.flink.streaming.runtime.tasks.StreamTask.invoke(StreamTask.java:1138)
	at org.apache.flink.runtime.taskmanager.Task.runWithSystemExitMonitoring(Task.java:987)
	at org.apache.flink.runtime.taskmanager.Task.restoreAndInvoke(Task.java:969)
	at org.apache.flink.runtime.taskmanager.Task.doRun(Task.java:774)
	at org.apache.flink.runtime.taskmanager.Task.run(Task.java:579)
	... 1 more
Caused by: org.apache.flink.test.checkpointing.UnalignedCheckpointTestBase$TestException: org.apache.flink.test.checkpointing.UnalignedCheckpointTestBase$TestException: Failing snapshotState @ 5 (0 attempt); last value 169391
	at org.apache.flink.test.checkpointing.UnalignedCheckpointTestBase$FailingMapper.failMapper(UnalignedCheckpointTestBase.java:954)
	at org.apache.flink.test.checkpointing.UnalignedCheckpointTestBase$FailingMapper.checkFail(UnalignedCheckpointTestBase.java:949)
	at org.apache.flink.test.checkpointing.UnalignedCheckpointTestBase$FailingMapper.snapshotState(UnalignedCheckpointTestBase.java:977)
	at org.apache.flink.streaming.util.functions.StreamingFunctionUtils.trySnapshotFunctionState(StreamingFunctionUtils.java:118)
	at org.apache.flink.streaming.util.functions.StreamingFunctionUtils.snapshotFunctionState(StreamingFunctionUtils.java:99)
	at org.apache.flink.streaming.api.operators.AbstractUdfStreamOperator.snapshotState(AbstractUdfStreamOperator.java:104)
	at org.apache.flink.streaming.api.operators.StreamOperatorStateHandler.snapshotState(StreamOperatorStateHandler.java:261)
	... 32 more
61715 [e2f0affed90bb4580c88f6e4db7d5c6b] CheckpointFailureManager [jobmanager-io-thread-9] WARN  Failed to trigger or complete checkpoint 6 for job e2f0affed90bb4580c88f6e4db7d5c6b. (0 consecutive failed attempts so far)
org.apache.flink.runtime.checkpoint.CheckpointException: The checkpoint was aborted due to exception of other subtasks sharing the ChannelState file.
	at org.apache.flink.runtime.messages.checkpoint.SerializedCheckpointException.unwrap(SerializedCheckpointException.java:51)
	at org.apache.flink.runtime.checkpoint.CheckpointCoordinator.receiveDeclineMessage(CheckpointCoordinator.java:1140)
	at org.apache.flink.runtime.scheduler.ExecutionGraphHandler.lambda$declineCheckpoint$3(ExecutionGraphHandler.java:123)
	at org.apache.flink.runtime.scheduler.ExecutionGraphHandler.lambda$processCheckpointCoordinatorMessage$4(ExecutionGraphHandler.java:139)
	at org.apache.flink.util.MdcUtils.lambda$wrapRunnable$1(MdcUtils.java:70)
	at java.base/java.util.concurrent.ThreadPoolExecutor.runWorker(ThreadPoolExecutor.java:1128)
	at java.base/java.util.concurrent.ThreadPoolExecutor$Worker.run(ThreadPoolExecutor.java:628)
	at java.base/java.lang.Thread.run(Thread.java:829)
Caused by: org.apache.flink.runtime.checkpoint.CheckpointException: org.apache.flink.runtime.checkpoint.CheckpointException: The checkpoint was aborted due to exception of other subtasks sharing the ChannelState file.
	at org.apache.flink.streaming.runtime.tasks.AsyncCheckpointRunnable.handleExecutionException(AsyncCheckpointRunnable.java:320)
	at org.apache.flink.streaming.runtime.tasks.AsyncCheckpointRunnable.run(AsyncCheckpointRunnable.java:155)
	... 4 more
Caused by: java.lang.Exception: java.lang.Exception: Could not materialize checkpoint 6 for operator failing-map (3/7)#0.
	at org.apache.flink.streaming.runtime.tasks.AsyncCheckpointRunnable.handleExecutionException(AsyncCheckpointRunnable.java:298)
	... 5 more
Caused by: java.util.concurrent.ExecutionException: java.util.concurrent.ExecutionException: org.apache.flink.runtime.checkpoint.CheckpointException: The checkpoint was aborted due to exception of other subtasks sharing the ChannelState file.
	at java.base/java.util.concurrent.CompletableFuture.reportGet(CompletableFuture.java:395)
	at java.base/java.util.concurrent.CompletableFuture.get(CompletableFuture.java:2005)
	at org.apache.flink.streaming.api.operators.OperatorSnapshotFinalizer.create(OperatorSnapshotFinalizer.java:66)
	at org.apache.flink.streaming.runtime.tasks.AsyncCheckpointRunnable.finalizeNonFinishedSnapshots(AsyncCheckpointRunnable.java:192)
	at org.apache.flink.streaming.runtime.tasks.AsyncCheckpointRunnable.run(AsyncCheckpointRunnable.java:124)
	... 4 more
Caused by: org.apache.flink.runtime.checkpoint.CheckpointException: org.apache.flink.runtime.checkpoint.CheckpointException: The checkpoint was aborted due to exception of other subtasks sharing the ChannelState file.
	at org.apache.flink.runtime.checkpoint.channel.ChannelStateCheckpointWriter.fail(ChannelStateCheckpointWriter.java:339)
	at org.apache.flink.runtime.checkpoint.channel.ChannelStateWriteRequestDispatcherImpl.failAndClearWriter(ChannelStateWriteRequestDispatcherImpl.java:210)
	at org.apache.flink.runtime.checkpoint.channel.ChannelStateWriteRequestDispatcherImpl.handleCheckpointAbortRequest(ChannelStateWriteRequestDispatcherImpl.java:187)
	at org.apache.flink.runtime.checkpoint.channel.ChannelStateWriteRequestDispatcherImpl.dispatchInternal(ChannelStateWriteRequestDispatcherImpl.java:127)
	at org.apache.flink.runtime.checkpoint.channel.ChannelStateWriteRequestDispatcherImpl.dispatch(ChannelStateWriteRequestDispatcherImpl.java:92)
	at org.apache.flink.runtime.checkpoint.channel.ChannelStateWriteRequestExecutorImpl.loop(ChannelStateWriteRequestExecutorImpl.java:182)
	at org.apache.flink.runtime.checkpoint.channel.ChannelStateWriteRequestExecutorImpl.run(ChannelStateWriteRequestExecutorImpl.java:136)
	... 1 more
Caused by: org.apache.flink.runtime.checkpoint.CheckpointException: org.apache.flink.runtime.checkpoint.CheckpointException: Could not complete snapshot 6 for operator failing-map (1/7)#0. Failure reason: Checkpoint was declined.
	at org.apache.flink.streaming.api.operators.StreamOperatorStateHandler.snapshotState(StreamOperatorStateHandler.java:318)
	at org.apache.flink.streaming.api.operators.StreamOperatorStateHandler.snapshotState(StreamOperatorStateHandler.java:202)
	at org.apache.flink.streaming.api.operators.AbstractStreamOperator.snapshotState(AbstractStreamOperator.java:427)
	at org.apache.flink.streaming.runtime.tasks.RegularOperatorChain.checkpointStreamOperator(RegularOperatorChain.java:228)
	at org.apache.flink.streaming.runtime.tasks.RegularOperatorChain.buildOperatorSnapshotFutures(RegularOperatorChain.java:213)
	at org.apache.flink.streaming.runtime.tasks.RegularOperatorChain.snapshotState(RegularOperatorChain.java:192)
	at org.apache.flink.streaming.runtime.tasks.SubtaskCheckpointCoordinatorImpl.takeSnapshotSync(SubtaskCheckpointCoordinatorImpl.java:751)
	at org.apache.flink.streaming.runtime.tasks.SubtaskCheckpointCoordinatorImpl.checkpointState(SubtaskCheckpointCoordinatorImpl.java:362)
	at org.apache.flink.streaming.runtime.tasks.StreamTask.lambda$performCheckpoint$21(StreamTask.java:1672)
	at org.apache.flink.streaming.runtime.tasks.StreamTaskActionExecutor$1.runThrowing(StreamTaskActionExecutor.java:50)
	at org.apache.flink.streaming.runtime.tasks.StreamTask.performCheckpoint(StreamTask.java:1660)
	at org.apache.flink.streaming.runtime.tasks.StreamTask.triggerCheckpointOnBarrier(StreamTask.java:1617)
	at org.apache.flink.streaming.runtime.io.checkpointing.CheckpointBarrierHandler.notifyCheckpoint(CheckpointBarrierHandler.java:147)
	at org.apache.flink.streaming.runtime.io.checkpointing.SingleCheckpointBarrierHandler.triggerCheckpoint(SingleCheckpointBarrierHandler.java:302)
	at org.apache.flink.streaming.runtime.io.checkpointing.SingleCheckpointBarrierHandler$ControllerImpl.triggerGlobalCheckpoint(SingleCheckpointBarrierHandler.java:503)
	at org.apache.flink.streaming.runtime.io.checkpointing.AlternatingWaitingForFirstBarrierUnaligned.barrierReceived(AlternatingWaitingForFirstBarrierUnaligned.java:79)
	at org.apache.flink.streaming.runtime.io.checkpointing.AbstractAlternatingAlignedBarrierHandlerState.barrierReceived(AbstractAlternatingAlignedBarrierHandlerState.java:56)
	at org.apache.flink.streaming.runtime.io.checkpointing.SingleCheckpointBarrierHandler.lambda$processBarrier$2(SingleCheckpointBarrierHandler.java:249)
	at org.apache.flink.streaming.runtime.io.checkpointing.SingleCheckpointBarrierHandler.markCheckpointAlignedAndTransformState(SingleCheckpointBarrierHandler.java:277)
	at org.apache.flink.streaming.runtime.io.checkpointing.SingleCheckpointBarrierHandler.processBarrier(SingleCheckpointBarrierHandler.java:246)
	at org.apache.flink.streaming.runtime.io.checkpointing.CheckpointedInputGate.handleEvent(CheckpointedInputGate.java:182)
	at org.apache.flink.streaming.runtime.io.checkpointing.CheckpointedInputGate.pollNext(CheckpointedInputGate.java:160)
	at org.apache.flink.streaming.runtime.io.AbstractStreamTaskNetworkInput.emitNext(AbstractStreamTaskNetworkInput.java:178)
	at org.apache.flink.streaming.runtime.io.StreamOneInputProcessor.processInput(StreamOneInputProcessor.java:65)
	at org.apache.flink.streaming.runtime.tasks.StreamTask.processInput(StreamTask.java:672)
	at org.apache.flink.streaming.runtime.tasks.mailbox.MailboxProcessor.runMailboxLoop(MailboxProcessor.java:231)
	at org.apache.flink.streaming.runtime.tasks.StreamTask.runMailboxLoop(StreamTask.java:1201)
	at org.apache.flink.streaming.runtime.tasks.StreamTask.invoke(StreamTask.java:1138)
	at org.apache.flink.runtime.taskmanager.Task.runWithSystemExitMonitoring(Task.java:987)
	at org.apache.flink.runtime.taskmanager.Task.restoreAndInvoke(Task.java:969)
	at org.apache.flink.runtime.taskmanager.Task.doRun(Task.java:774)
	at org.apache.flink.runtime.taskmanager.Task.run(Task.java:579)
	... 1 more
Caused by: org.apache.flink.test.checkpointing.UnalignedCheckpointTestBase$TestException: org.apache.flink.test.checkpointing.UnalignedCheckpointTestBase$TestException: Failing snapshotState @ 5 (0 attempt); last value 169391
	at org.apache.flink.test.checkpointing.UnalignedCheckpointTestBase$FailingMapper.failMapper(UnalignedCheckpointTestBase.java:954)
	at org.apache.flink.test.checkpointing.UnalignedCheckpointTestBase$FailingMapper.checkFail(UnalignedCheckpointTestBase.java:949)
	at org.apache.flink.test.checkpointing.UnalignedCheckpointTestBase$FailingMapper.snapshotState(UnalignedCheckpointTestBase.java:977)
	at org.apache.flink.streaming.util.functions.StreamingFunctionUtils.trySnapshotFunctionState(StreamingFunctionUtils.java:118)
	at org.apache.flink.streaming.util.functions.StreamingFunctionUtils.snapshotFunctionState(StreamingFunctionUtils.java:99)
	at org.apache.flink.streaming.api.operators.AbstractUdfStreamOperator.snapshotState(AbstractUdfStreamOperator.java:104)
	at org.apache.flink.streaming.api.operators.StreamOperatorStateHandler.snapshotState(StreamOperatorStateHandler.java:261)
	... 32 more
61716 [e2f0affed90bb4580c88f6e4db7d5c6b] UnalignedCheckpointTestBase [Source: source0 -> input-filter0 -> input-counter0 (2/7)#0] INFO  Pumping until 2026-05-23T02:07:48.422190 @ 1 subtask (0 attempt)
61716 [e2f0affed90bb4580c88f6e4db7d5c6b] UnalignedCheckpointTestBase [Source: source0 -> input-filter0 -> input-counter0 (1/7)#0] INFO  Pumping until 2026-05-23T02:07:48.422306 @ 0 subtask (0 attempt)
61716 [e2f0affed90bb4580c88f6e4db7d5c6b] UnalignedCheckpointTestBase [Source: source0 -> input-filter0 -> input-counter0 (3/7)#0] INFO  Pumping until 2026-05-23T02:07:48.422335875 @ 2 subtask (0 attempt)
61716 [e2f0affed90bb4580c88f6e4db7d5c6b] UnalignedCheckpointTestBase [Source: source0 -> input-filter0 -> input-counter0 (4/7)#0] INFO  Pumping until 2026-05-23T02:07:48.422458916 @ 3 subtask (0 attempt)
61716 [e2f0affed90bb4580c88f6e4db7d5c6b] UnalignedCheckpointTestBase [Source: source0 -> input-filter0 -> input-counter0 (7/7)#0] INFO  Pumping until 2026-05-23T02:07:48.422486875 @ 6 subtask (0 attempt)
61716 [e2f0affed90bb4580c88f6e4db7d5c6b] UnalignedCheckpointTestBase [Source: source0 -> input-filter0 -> input-counter0 (6/7)#0] INFO  Pumping until 2026-05-23T02:07:48.422694417 @ 5 subtask (0 attempt)
61716 [e2f0affed90bb4580c88f6e4db7d5c6b] UnalignedCheckpointTestBase [Source: source0 -> input-filter0 -> input-counter0 (5/7)#0] INFO  Pumping until 2026-05-23T02:07:48.422696667 @ 4 subtask (0 attempt)
61717 [e2f0affed90bb4580c88f6e4db7d5c6b] ExecutionGraph [flink-pekko.actor.default-dispatcher-9] INFO  failing-map (1/7) (7c364d770be7fb6122304dc159ffb54f_b8c789ec3a44294cb45da029ffe0e6fd_0_0) switched from RUNNING to FAILED on 5df2bd91-da4a-4832-bb2f-2477c2111d51 @ localhost (dataPort=64555).
java.io.IOException: Could not perform checkpoint 6 for operator failing-map (1/7)#0.
	at org.apache.flink.streaming.runtime.tasks.StreamTask.triggerCheckpointOnBarrier(StreamTask.java:1629)
	at org.apache.flink.streaming.runtime.io.checkpointing.CheckpointBarrierHandler.notifyCheckpoint(CheckpointBarrierHandler.java:147)
	at org.apache.flink.streaming.runtime.io.checkpointing.SingleCheckpointBarrierHandler.triggerCheckpoint(SingleCheckpointBarrierHandler.java:302)
	at org.apache.flink.streaming.runtime.io.checkpointing.SingleCheckpointBarrierHandler$ControllerImpl.triggerGlobalCheckpoint(SingleCheckpointBarrierHandler.java:503)
	at org.apache.flink.streaming.runtime.io.checkpointing.AlternatingWaitingForFirstBarrierUnaligned.barrierReceived(AlternatingWaitingForFirstBarrierUnaligned.java:79)
	at org.apache.flink.streaming.runtime.io.checkpointing.AbstractAlternatingAlignedBarrierHandlerState.barrierReceived(AbstractAlternatingAlignedBarrierHandlerState.java:56)
	at org.apache.flink.streaming.runtime.io.checkpointing.SingleCheckpointBarrierHandler.lambda$processBarrier$2(SingleCheckpointBarrierHandler.java:249)
	at org.apache.flink.streaming.runtime.io.checkpointing.SingleCheckpointBarrierHandler.markCheckpointAlignedAndTransformState(SingleCheckpointBarrierHandler.java:277)
	at org.apache.flink.streaming.runtime.io.checkpointing.SingleCheckpointBarrierHandler.processBarrier(SingleCheckpointBarrierHandler.java:246)
	at org.apache.flink.streaming.runtime.io.checkpointing.CheckpointedInputGate.handleEvent(CheckpointedInputGate.java:182)
	at org.apache.flink.streaming.runtime.io.checkpointing.CheckpointedInputGate.pollNext(CheckpointedInputGate.java:160)
	at org.apache.flink.streaming.runtime.io.AbstractStreamTaskNetworkInput.emitNext(AbstractStreamTaskNetworkInput.java:178)
	at org.apache.flink.streaming.runtime.io.StreamOneInputProcessor.processInput(StreamOneInputProcessor.java:65)
	at org.apache.flink.streaming.runtime.tasks.StreamTask.processInput(StreamTask.java:672)
	at org.apache.flink.streaming.runtime.tasks.mailbox.MailboxProcessor.runMailboxLoop(MailboxProcessor.java:231)
	at org.apache.flink.streaming.runtime.tasks.StreamTask.runMailboxLoop(StreamTask.java:1201)
	at org.apache.flink.streaming.runtime.tasks.StreamTask.invoke(StreamTask.java:1138)
	at org.apache.flink.runtime.taskmanager.Task.runWithSystemExitMonitoring(Task.java:987)
	at org.apache.flink.runtime.taskmanager.Task.restoreAndInvoke(Task.java:969)
	at org.apache.flink.runtime.taskmanager.Task.doRun(Task.java:774)
	at org.apache.flink.runtime.taskmanager.Task.run(Task.java:579)
	at java.base/java.lang.Thread.run(Thread.java:829)
Caused by: org.apache.flink.runtime.checkpoint.CheckpointException: Could not complete snapshot 6 for operator failing-map (1/7)#0. Failure reason: Checkpoint was declined.
	at org.apache.flink.streaming.api.operators.StreamOperatorStateHandler.snapshotState(StreamOperatorStateHandler.java:318)
	at org.apache.flink.streaming.api.operators.StreamOperatorStateHandler.snapshotState(StreamOperatorStateHandler.java:202)
	at org.apache.flink.streaming.api.operators.AbstractStreamOperator.snapshotState(AbstractStreamOperator.java:427)
	at org.apache.flink.streaming.runtime.tasks.RegularOperatorChain.checkpointStreamOperator(RegularOperatorChain.java:228)
	at org.apache.flink.streaming.runtime.tasks.RegularOperatorChain.buildOperatorSnapshotFutures(RegularOperatorChain.java:213)
	at org.apache.flink.streaming.runtime.tasks.RegularOperatorChain.snapshotState(RegularOperatorChain.java:192)
	at org.apache.flink.streaming.runtime.tasks.SubtaskCheckpointCoordinatorImpl.takeSnapshotSync(SubtaskCheckpointCoordinatorImpl.java:751)
	at org.apache.flink.streaming.runtime.tasks.SubtaskCheckpointCoordinatorImpl.checkpointState(SubtaskCheckpointCoordinatorImpl.java:362)
	at org.apache.flink.streaming.runtime.tasks.StreamTask.lambda$performCheckpoint$21(StreamTask.java:1672)
	at org.apache.flink.streaming.runtime.tasks.StreamTaskActionExecutor$1.runThrowing(StreamTaskActionExecutor.java:50)
	at org.apache.flink.streaming.runtime.tasks.StreamTask.performCheckpoint(StreamTask.java:1660)
	at org.apache.flink.streaming.runtime.tasks.StreamTask.triggerCheckpointOnBarrier(StreamTask.java:1617)
	... 21 more
Caused by: org.apache.flink.test.checkpointing.UnalignedCheckpointTestBase$TestException: Failing snapshotState @ 5 (0 attempt); last value 169391
	at org.apache.flink.test.checkpointing.UnalignedCheckpointTestBase$FailingMapper.failMapper(UnalignedCheckpointTestBase.java:954)
	at org.apache.flink.test.checkpointing.UnalignedCheckpointTestBase$FailingMapper.checkFail(UnalignedCheckpointTestBase.java:949)
	at org.apache.flink.test.checkpointing.UnalignedCheckpointTestBase$FailingMapper.snapshotState(UnalignedCheckpointTestBase.java:977)
	at org.apache.flink.streaming.util.functions.StreamingFunctionUtils.trySnapshotFunctionState(StreamingFunctionUtils.java:118)
	at org.apache.flink.streaming.util.functions.StreamingFunctionUtils.snapshotFunctionState(StreamingFunctionUtils.java:99)
	at org.apache.flink.streaming.api.operators.AbstractUdfStreamOperator.snapshotState(AbstractUdfStreamOperator.java:104)
	at org.apache.flink.streaming.api.operators.StreamOperatorStateHandler.snapshotState(StreamOperatorStateHandler.java:261)
	... 32 more
61717 [e2f0affed90bb4580c88f6e4db7d5c6b] ExecutionTrackingCheckpointCoordinatorDeActivator [flink-pekko.actor.default-dispatcher-9] INFO  Stopping checkpoint scheduler, current job status: RUNNING
61717 [e2f0affed90bb4580c88f6e4db7d5c6b] ExecutionGraph [flink-pekko.actor.default-dispatcher-9] INFO  Job Flink Streaming Job (e2f0affed90bb4580c88f6e4db7d5c6b) switched from state RUNNING to FAILING.
org.apache.flink.runtime.JobException: Recovery is suppressed by FixedDelayRestartBackoffTimeStrategy(maxNumberRestartAttempts=0, backoffTimeMS=100)
	at org.apache.flink.runtime.executiongraph.failover.ExecutionFailureHandler.handleFailure(ExecutionFailureHandler.java:213)
	at org.apache.flink.runtime.executiongraph.failover.ExecutionFailureHandler.handleFailureAndReport(ExecutionFailureHandler.java:163)
	at org.apache.flink.runtime.executiongraph.failover.ExecutionFailureHandler.getFailureHandlingResult(ExecutionFailureHandler.java:118)
	at org.apache.flink.runtime.scheduler.DefaultScheduler.recordTaskFailure(DefaultScheduler.java:300)
	at org.apache.flink.runtime.scheduler.DefaultScheduler.handleTaskFailure(DefaultScheduler.java:291)
	at org.apache.flink.runtime.scheduler.DefaultScheduler.onTaskFailed(DefaultScheduler.java:284)
	at org.apache.flink.runtime.scheduler.SchedulerBase.onTaskExecutionStateUpdate(SchedulerBase.java:836)
	at org.apache.flink.runtime.scheduler.SchedulerBase.updateTaskExecutionState(SchedulerBase.java:813)
	at org.apache.flink.runtime.scheduler.SchedulerNG.updateTaskExecutionState(SchedulerNG.java:90)
	at org.apache.flink.runtime.jobmaster.JobMaster.updateTaskExecutionState(JobMaster.java:543)
	at jdk.internal.reflect.GeneratedMethodAccessor33.invoke(Unknown Source)
	at java.base/jdk.internal.reflect.DelegatingMethodAccessorImpl.invoke(DelegatingMethodAccessorImpl.java:43)
	at java.base/java.lang.reflect.Method.invoke(Method.java:566)
	at org.apache.flink.runtime.rpc.pekko.PekkoRpcActor.lambda$handleRpcInvocation$1(PekkoRpcActor.java:318)
	at org.apache.flink.runtime.concurrent.ClassLoadingUtils.runWithContextClassLoader(ClassLoadingUtils.java:83)
	at org.apache.flink.runtime.rpc.pekko.PekkoRpcActor.handleRpcInvocation(PekkoRpcActor.java:316)
	at org.apache.flink.runtime.rpc.pekko.PekkoRpcActor.handleRpcMessage(PekkoRpcActor.java:229)
	at org.apache.flink.runtime.rpc.pekko.FencedPekkoRpcActor.handleRpcMessage(FencedPekkoRpcActor.java:88)
	at org.apache.flink.runtime.rpc.pekko.PekkoRpcActor.handleMessage(PekkoRpcActor.java:174)
	at org.apache.pekko.japi.pf.UnitCaseStatement.apply(CaseStatements.scala:37)
	at org.apache.pekko.japi.pf.UnitCaseStatement.apply(CaseStatements.scala:33)
	at scala.PartialFunction.applyOrElse(PartialFunction.scala:127)
	at scala.PartialFunction.applyOrElse$(PartialFunction.scala:126)
	at org.apache.pekko.japi.pf.UnitCaseStatement.applyOrElse(CaseStatements.scala:33)
	at scala.PartialFunction$OrElse.applyOrElse(PartialFunction.scala:175)
	at scala.PartialFunction$OrElse.applyOrElse(PartialFunction.scala:176)
	at scala.PartialFunction$OrElse.applyOrElse(PartialFunction.scala:176)
	at org.apache.pekko.actor.Actor.aroundReceive(Actor.scala:547)
	at org.apache.pekko.actor.Actor.aroundReceive$(Actor.scala:545)
	at org.apache.pekko.actor.AbstractActor.aroundReceive(AbstractActor.scala:229)
	at org.apache.pekko.actor.ActorCell.receiveMessage(ActorCell.scala:590)
	at org.apache.pekko.actor.ActorCell.invoke(ActorCell.scala:557)
	at org.apache.pekko.dispatch.Mailbox.processMailbox(Mailbox.scala:273)
	at org.apache.pekko.dispatch.Mailbox.run(Mailbox.scala:234)
	at org.apache.pekko.dispatch.Mailbox.exec(Mailbox.scala:246)
	at java.base/java.util.concurrent.ForkJoinTask.doExec(ForkJoinTask.java:290)
	at java.base/java.util.concurrent.ForkJoinPool$WorkQueue.topLevelExec(ForkJoinPool.java:1020)
	at java.base/java.util.concurrent.ForkJoinPool.scan(ForkJoinPool.java:1656)
	at java.base/java.util.concurrent.ForkJoinPool.runWorker(ForkJoinPool.java:1594)
	at java.base/java.util.concurrent.ForkJoinWorkerThread.run(ForkJoinWorkerThread.java:183)
Caused by: java.io.IOException: Could not perform checkpoint 6 for operator failing-map (1/7)#0.
	at org.apache.flink.streaming.runtime.tasks.StreamTask.triggerCheckpointOnBarrier(StreamTask.java:1629)
	at org.apache.flink.streaming.runtime.io.checkpointing.CheckpointBarrierHandler.notifyCheckpoint(CheckpointBarrierHandler.java:147)
	at org.apache.flink.streaming.runtime.io.checkpointing.SingleCheckpointBarrierHandler.triggerCheckpoint(SingleCheckpointBarrierHandler.java:302)
	at org.apache.flink.streaming.runtime.io.checkpointing.SingleCheckpointBarrierHandler$ControllerImpl.triggerGlobalCheckpoint(SingleCheckpointBarrierHandler.java:503)
	at org.apache.flink.streaming.runtime.io.checkpointing.AlternatingWaitingForFirstBarrierUnaligned.barrierReceived(AlternatingWaitingForFirstBarrierUnaligned.java:79)
	at org.apache.flink.streaming.runtime.io.checkpointing.AbstractAlternatingAlignedBarrierHandlerState.barrierReceived(AbstractAlternatingAlignedBarrierHandlerState.java:56)
	at org.apache.flink.streaming.runtime.io.checkpointing.SingleCheckpointBarrierHandler.lambda$processBarrier$2(SingleCheckpointBarrierHandler.java:249)
	at org.apache.flink.streaming.runtime.io.checkpointing.SingleCheckpointBarrierHandler.markCheckpointAlignedAndTransformState(SingleCheckpointBarrierHandler.java:277)
	at org.apache.flink.streaming.runtime.io.checkpointing.SingleCheckpointBarrierHandler.processBarrier(SingleCheckpointBarrierHandler.java:246)
	at org.apache.flink.streaming.runtime.io.checkpointing.CheckpointedInputGate.handleEvent(CheckpointedInputGate.java:182)
	at org.apache.flink.streaming.runtime.io.checkpointing.CheckpointedInputGate.pollNext(CheckpointedInputGate.java:160)
	at org.apache.flink.streaming.runtime.io.AbstractStreamTaskNetworkInput.emitNext(AbstractStreamTaskNetworkInput.java:178)
	at org.apache.flink.streaming.runtime.io.StreamOneInputProcessor.processInput(StreamOneInputProcessor.java:65)
	at org.apache.flink.streaming.runtime.tasks.StreamTask.processInput(StreamTask.java:672)
	at org.apache.flink.streaming.runtime.tasks.mailbox.MailboxProcessor.runMailboxLoop(MailboxProcessor.java:231)
	at org.apache.flink.streaming.runtime.tasks.StreamTask.runMailboxLoop(StreamTask.java:1201)
	at org.apache.flink.streaming.runtime.tasks.StreamTask.invoke(StreamTask.java:1138)
	at org.apache.flink.runtime.taskmanager.Task.runWithSystemExitMonitoring(Task.java:987)
	at org.apache.flink.runtime.taskmanager.Task.restoreAndInvoke(Task.java:969)
	at org.apache.flink.runtime.taskmanager.Task.doRun(Task.java:774)
	at org.apache.flink.runtime.taskmanager.Task.run(Task.java:579)
	at java.base/java.lang.Thread.run(Thread.java:829)
Caused by: org.apache.flink.runtime.checkpoint.CheckpointException: Could not complete snapshot 6 for operator failing-map (1/7)#0. Failure reason: Checkpoint was declined.
	at org.apache.flink.streaming.api.operators.StreamOperatorStateHandler.snapshotState(StreamOperatorStateHandler.java:318)
	at org.apache.flink.streaming.api.operators.StreamOperatorStateHandler.snapshotState(StreamOperatorStateHandler.java:202)
	at org.apache.flink.streaming.api.operators.AbstractStreamOperator.snapshotState(AbstractStreamOperator.java:427)
	at org.apache.flink.streaming.runtime.tasks.RegularOperatorChain.checkpointStreamOperator(RegularOperatorChain.java:228)
	at org.apache.flink.streaming.runtime.tasks.RegularOperatorChain.buildOperatorSnapshotFutures(RegularOperatorChain.java:213)
	at org.apache.flink.streaming.runtime.tasks.RegularOperatorChain.snapshotState(RegularOperatorChain.java:192)
	at org.apache.flink.streaming.runtime.tasks.SubtaskCheckpointCoordinatorImpl.takeSnapshotSync(SubtaskCheckpointCoordinatorImpl.java:751)
	at org.apache.flink.streaming.runtime.tasks.SubtaskCheckpointCoordinatorImpl.checkpointState(SubtaskCheckpointCoordinatorImpl.java:362)
	at org.apache.flink.streaming.runtime.tasks.StreamTask.lambda$performCheckpoint$21(StreamTask.java:1672)
	at org.apache.flink.streaming.runtime.tasks.StreamTaskActionExecutor$1.runThrowing(StreamTaskActionExecutor.java:50)
	at org.apache.flink.streaming.runtime.tasks.StreamTask.performCheckpoint(StreamTask.java:1660)
	at org.apache.flink.streaming.runtime.tasks.StreamTask.triggerCheckpointOnBarrier(StreamTask.java:1617)
	... 21 more
Caused by: org.apache.flink.test.checkpointing.UnalignedCheckpointTestBase$TestException: Failing snapshotState @ 5 (0 attempt); last value 169391
	at org.apache.flink.test.checkpointing.UnalignedCheckpointTestBase$FailingMapper.failMapper(UnalignedCheckpointTestBase.java:954)
	at org.apache.flink.test.checkpointing.UnalignedCheckpointTestBase$FailingMapper.checkFail(UnalignedCheckpointTestBase.java:949)
	at org.apache.flink.test.checkpointing.UnalignedCheckpointTestBase$FailingMapper.snapshotState(UnalignedCheckpointTestBase.java:977)
	at org.apache.flink.streaming.util.functions.StreamingFunctionUtils.trySnapshotFunctionState(StreamingFunctionUtils.java:118)
	at org.apache.flink.streaming.util.functions.StreamingFunctionUtils.snapshotFunctionState(StreamingFunctionUtils.java:99)
	at org.apache.flink.streaming.api.operators.AbstractUdfStreamOperator.snapshotState(AbstractUdfStreamOperator.java:104)
	at org.apache.flink.streaming.api.operators.StreamOperatorStateHandler.snapshotState(StreamOperatorStateHandler.java:261)
	... 32 more
61718 [e2f0affed90bb4580c88f6e4db7d5c6b] ExecutionGraph [flink-pekko.actor.default-dispatcher-9] INFO  Source: source0 -> input-filter0 -> input-counter0 (1/7) (7c364d770be7fb6122304dc159ffb54f_3e9b902627593008a6d790e9aeca7953_0_0) switched from RUNNING to CANCELING.
61718 [e2f0affed90bb4580c88f6e4db7d5c6b] ExecutionGraph [flink-pekko.actor.default-dispatcher-9] INFO  Source: source0 -> input-filter0 -> input-counter0 (2/7) (7c364d770be7fb6122304dc159ffb54f_3e9b902627593008a6d790e9aeca7953_1_0) switched from RUNNING to CANCELING.
61718 [e2f0affed90bb4580c88f6e4db7d5c6b] ExecutionGraph [flink-pekko.actor.default-dispatcher-9] INFO  Source: source0 -> input-filter0 -> input-counter0 (3/7) (7c364d770be7fb6122304dc159ffb54f_3e9b902627593008a6d790e9aeca7953_2_0) switched from RUNNING to CANCELING.
61718 [e2f0affed90bb4580c88f6e4db7d5c6b] ExecutionGraph [flink-pekko.actor.default-dispatcher-9] INFO  Source: source0 -> input-filter0 -> input-counter0 (4/7) (7c364d770be7fb6122304dc159ffb54f_3e9b902627593008a6d790e9aeca7953_3_0) switched from RUNNING to CANCELING.
61718 [e2f0affed90bb4580c88f6e4db7d5c6b] ExecutionGraph [flink-pekko.actor.default-dispatcher-9] INFO  Source: source0 -> input-filter0 -> input-counter0 (5/7) (7c364d770be7fb6122304dc159ffb54f_3e9b902627593008a6d790e9aeca7953_4_0) switched from RUNNING to CANCELING.
61718 [e2f0affed90bb4580c88f6e4db7d5c6b] ExecutionGraph [flink-pekko.actor.default-dispatcher-9] INFO  Source: source0 -> input-filter0 -> input-counter0 (6/7) (7c364d770be7fb6122304dc159ffb54f_3e9b902627593008a6d790e9aeca7953_5_0) switched from RUNNING to CANCELING.
61718 [e2f0affed90bb4580c88f6e4db7d5c6b] ExecutionGraph [flink-pekko.actor.default-dispatcher-9] INFO  Source: source0 -> input-filter0 -> input-counter0 (7/7) (7c364d770be7fb6122304dc159ffb54f_3e9b902627593008a6d790e9aeca7953_6_0) switched from RUNNING to CANCELING.
61718 [e2f0affed90bb4580c88f6e4db7d5c6b] ExecutionGraph [flink-pekko.actor.default-dispatcher-9] INFO  global0 (1/7) (7c364d770be7fb6122304dc159ffb54f_4eca6edb63b17eb77deb9de060a699d1_0_0) switched from RUNNING to CANCELING.
61718 [e2f0affed90bb4580c88f6e4db7d5c6b] ExecutionGraph [flink-pekko.actor.default-dispatcher-9] INFO  global0 (2/7) (7c364d770be7fb6122304dc159ffb54f_4eca6edb63b17eb77deb9de060a699d1_1_0) switched from RUNNING to CANCELING.
61718 [e2f0affed90bb4580c88f6e4db7d5c6b] ExecutionGraph [flink-pekko.actor.default-dispatcher-9] INFO  global0 (3/7) (7c364d770be7fb6122304dc159ffb54f_4eca6edb63b17eb77deb9de060a699d1_2_0) switched from RUNNING to CANCELING.
61718 [e2f0affed90bb4580c88f6e4db7d5c6b] ExecutionGraph [flink-pekko.actor.default-dispatcher-9] INFO  global0 (4/7) (7c364d770be7fb6122304dc159ffb54f_4eca6edb63b17eb77deb9de060a699d1_3_0) switched from RUNNING to CANCELING.
61718 [e2f0affed90bb4580c88f6e4db7d5c6b] ExecutionGraph [flink-pekko.actor.default-dispatcher-9] INFO  global0 (5/7) (7c364d770be7fb6122304dc159ffb54f_4eca6edb63b17eb77deb9de060a699d1_4_0) switched from RUNNING to CANCELING.
61718 [e2f0affed90bb4580c88f6e4db7d5c6b] ExecutionGraph [flink-pekko.actor.default-dispatcher-9] INFO  global0 (6/7) (7c364d770be7fb6122304dc159ffb54f_4eca6edb63b17eb77deb9de060a699d1_5_0) switched from RUNNING to CANCELING.
61718 [e2f0affed90bb4580c88f6e4db7d5c6b] ExecutionGraph [flink-pekko.actor.default-dispatcher-9] INFO  global0 (7/7) (7c364d770be7fb6122304dc159ffb54f_4eca6edb63b17eb77deb9de060a699d1_6_0) switched from RUNNING to CANCELING.
61718 [e2f0affed90bb4580c88f6e4db7d5c6b] ExecutionGraph [flink-pekko.actor.default-dispatcher-9] INFO  rebalance0 (1/8) (7c364d770be7fb6122304dc159ffb54f_25a6d73fce56b9559bed0247061e93e0_0_0) switched from RUNNING to CANCELING.
61718 [e2f0affed90bb4580c88f6e4db7d5c6b] ExecutionGraph [flink-pekko.actor.default-dispatcher-9] INFO  rebalance0 (2/8) (7c364d770be7fb6122304dc159ffb54f_25a6d73fce56b9559bed0247061e93e0_1_0) switched from RUNNING to CANCELING.
61718 [e2f0affed90bb4580c88f6e4db7d5c6b] ExecutionGraph [flink-pekko.actor.default-dispatcher-9] INFO  rebalance0 (3/8) (7c364d770be7fb6122304dc159ffb54f_25a6d73fce56b9559bed0247061e93e0_2_0) switched from RUNNING to CANCELING.
61718 [e2f0affed90bb4580c88f6e4db7d5c6b] ExecutionGraph [flink-pekko.actor.default-dispatcher-9] INFO  rebalance0 (4/8) (7c364d770be7fb6122304dc159ffb54f_25a6d73fce56b9559bed0247061e93e0_3_0) switched from RUNNING to CANCELING.
61718 [e2f0affed90bb4580c88f6e4db7d5c6b] ExecutionGraph [flink-pekko.actor.default-dispatcher-9] INFO  rebalance0 (5/8) (7c364d770be7fb6122304dc159ffb54f_25a6d73fce56b9559bed0247061e93e0_4_0) switched from RUNNING to CANCELING.
61718 [e2f0affed90bb4580c88f6e4db7d5c6b] ExecutionGraph [flink-pekko.actor.default-dispatcher-9] INFO  rebalance0 (6/8) (7c364d770be7fb6122304dc159ffb54f_25a6d73fce56b9559bed0247061e93e0_5_0) switched from RUNNING to CANCELING.
61718 [e2f0affed90bb4580c88f6e4db7d5c6b] ExecutionGraph [flink-pekko.actor.default-dispatcher-9] INFO  rebalance0 (7/8) (7c364d770be7fb6122304dc159ffb54f_25a6d73fce56b9559bed0247061e93e0_6_0) switched from RUNNING to CANCELING.
61718 [e2f0affed90bb4580c88f6e4db7d5c6b] ExecutionGraph [flink-pekko.actor.default-dispatcher-9] INFO  rebalance0 (8/8) (7c364d770be7fb6122304dc159ffb54f_25a6d73fce56b9559bed0247061e93e0_7_0) switched from RUNNING to CANCELING.
61718 [e2f0affed90bb4580c88f6e4db7d5c6b] ExecutionGraph [flink-pekko.actor.default-dispatcher-9] INFO  upscale0 (1/14) (7c364d770be7fb6122304dc159ffb54f_7559af08559a2c7079a359b85b7edab5_0_0) switched from RUNNING to CANCELING.
61718 [e2f0affed90bb4580c88f6e4db7d5c6b] ExecutionGraph [flink-pekko.actor.default-dispatcher-9] INFO  upscale0 (2/14) (7c364d770be7fb6122304dc159ffb54f_7559af08559a2c7079a359b85b7edab5_1_0) switched from RUNNING to CANCELING.
61718 [e2f0affed90bb4580c88f6e4db7d5c6b] ExecutionGraph [flink-pekko.actor.default-dispatcher-9] INFO  upscale0 (3/14) (7c364d770be7fb6122304dc159ffb54f_7559af08559a2c7079a359b85b7edab5_2_0) switched from RUNNING to CANCELING.
61718 [e2f0affed90bb4580c88f6e4db7d5c6b] ExecutionGraph [flink-pekko.actor.default-dispatcher-9] INFO  upscale0 (4/14) (7c364d770be7fb6122304dc159ffb54f_7559af08559a2c7079a359b85b7edab5_3_0) switched from RUNNING to CANCELING.
61718 [e2f0affed90bb4580c88f6e4db7d5c6b] ExecutionGraph [flink-pekko.actor.default-dispatcher-9] INFO  upscale0 (5/14) (7c364d770be7fb6122304dc159ffb54f_7559af08559a2c7079a359b85b7edab5_4_0) switched from RUNNING to CANCELING.
61718 [e2f0affed90bb4580c88f6e4db7d5c6b] ExecutionGraph [flink-pekko.actor.default-dispatcher-9] INFO  upscale0 (6/14) (7c364d770be7fb6122304dc159ffb54f_7559af08559a2c7079a359b85b7edab5_5_0) switched from RUNNING to CANCELING.
61718 [e2f0affed90bb4580c88f6e4db7d5c6b] ExecutionGraph [flink-pekko.actor.default-dispatcher-9] INFO  upscale0 (7/14) (7c364d770be7fb6122304dc159ffb54f_7559af08559a2c7079a359b85b7edab5_6_0) switched from RUNNING to CANCELING.
61718 [e2f0affed90bb4580c88f6e4db7d5c6b] ExecutionGraph [flink-pekko.actor.default-dispatcher-9] INFO  upscale0 (8/14) (7c364d770be7fb6122304dc159ffb54f_7559af08559a2c7079a359b85b7edab5_7_0) switched from RUNNING to CANCELING.
61718 [e2f0affed90bb4580c88f6e4db7d5c6b] ExecutionGraph [flink-pekko.actor.default-dispatcher-9] INFO  upscale0 (9/14) (7c364d770be7fb6122304dc159ffb54f_7559af08559a2c7079a359b85b7edab5_8_0) switched from RUNNING to CANCELING.
61718 [e2f0affed90bb4580c88f6e4db7d5c6b] ExecutionGraph [flink-pekko.actor.default-dispatcher-9] INFO  upscale0 (10/14) (7c364d770be7fb6122304dc159ffb54f_7559af08559a2c7079a359b85b7edab5_9_0) switched from RUNNING to CANCELING.
61718 [e2f0affed90bb4580c88f6e4db7d5c6b] ExecutionGraph [flink-pekko.actor.default-dispatcher-9] INFO  upscale0 (11/14) (7c364d770be7fb6122304dc159ffb54f_7559af08559a2c7079a359b85b7edab5_10_0) switched from RUNNING to CANCELING.
61718 [e2f0affed90bb4580c88f6e4db7d5c6b] ExecutionGraph [flink-pekko.actor.default-dispatcher-9] INFO  upscale0 (12/14) (7c364d770be7fb6122304dc159ffb54f_7559af08559a2c7079a359b85b7edab5_11_0) switched from RUNNING to CANCELING.
61718 [e2f0affed90bb4580c88f6e4db7d5c6b] ExecutionGraph [flink-pekko.actor.default-dispatcher-9] INFO  upscale0 (13/14) (7c364d770be7fb6122304dc159ffb54f_7559af08559a2c7079a359b85b7edab5_12_0) switched from RUNNING to CANCELING.
61718 [e2f0affed90bb4580c88f6e4db7d5c6b] ExecutionGraph [flink-pekko.actor.default-dispatcher-9] INFO  upscale0 (14/14) (7c364d770be7fb6122304dc159ffb54f_7559af08559a2c7079a359b85b7edab5_13_0) switched from RUNNING to CANCELING.
61718 [e2f0affed90bb4580c88f6e4db7d5c6b] ExecutionGraph [flink-pekko.actor.default-dispatcher-9] INFO  downscale0 (1/8) (7c364d770be7fb6122304dc159ffb54f_579c351891399448b6165717925f2b21_0_0) switched from RUNNING to CANCELING.
61718 [e2f0affed90bb4580c88f6e4db7d5c6b] ExecutionGraph [flink-pekko.actor.default-dispatcher-9] INFO  downscale0 (2/8) (7c364d770be7fb6122304dc159ffb54f_579c351891399448b6165717925f2b21_1_0) switched from RUNNING to CANCELING.
61718 [e2f0affed90bb4580c88f6e4db7d5c6b] ExecutionGraph [flink-pekko.actor.default-dispatcher-9] INFO  downscale0 (3/8) (7c364d770be7fb6122304dc159ffb54f_579c351891399448b6165717925f2b21_2_0) switched from RUNNING to CANCELING.
61718 [e2f0affed90bb4580c88f6e4db7d5c6b] ExecutionGraph [flink-pekko.actor.default-dispatcher-9] INFO  downscale0 (4/8) (7c364d770be7fb6122304dc159ffb54f_579c351891399448b6165717925f2b21_3_0) switched from RUNNING to CANCELING.
61718 [e2f0affed90bb4580c88f6e4db7d5c6b] ExecutionGraph [flink-pekko.actor.default-dispatcher-9] INFO  downscale0 (5/8) (7c364d770be7fb6122304dc159ffb54f_579c351891399448b6165717925f2b21_4_0) switched from RUNNING to CANCELING.
61718 [e2f0affed90bb4580c88f6e4db7d5c6b] ExecutionGraph [flink-pekko.actor.default-dispatcher-9] INFO  downscale0 (6/8) (7c364d770be7fb6122304dc159ffb54f_579c351891399448b6165717925f2b21_5_0) switched from RUNNING to CANCELING.
61718 [e2f0affed90bb4580c88f6e4db7d5c6b] ExecutionGraph [flink-pekko.actor.default-dispatcher-9] INFO  downscale0 (7/8) (7c364d770be7fb6122304dc159ffb54f_579c351891399448b6165717925f2b21_6_0) switched from RUNNING to CANCELING.
61718 [e2f0affed90bb4580c88f6e4db7d5c6b] ExecutionGraph [flink-pekko.actor.default-dispatcher-9] INFO  downscale0 (8/8) (7c364d770be7fb6122304dc159ffb54f_579c351891399448b6165717925f2b21_7_0) switched from RUNNING to CANCELING.
61718 [e2f0affed90bb4580c88f6e4db7d5c6b] ExecutionGraph [flink-pekko.actor.default-dispatcher-9] INFO  keyby0 (1/7) (7c364d770be7fb6122304dc159ffb54f_e32648f4a493dd25fdd7d9c66c500390_0_0) switched from RUNNING to CANCELING.
61718 [e2f0affed90bb4580c88f6e4db7d5c6b] ExecutionGraph [flink-pekko.actor.default-dispatcher-9] INFO  keyby0 (2/7) (7c364d770be7fb6122304dc159ffb54f_e32648f4a493dd25fdd7d9c66c500390_1_0) switched from RUNNING to CANCELING.
61718 [e2f0affed90bb4580c88f6e4db7d5c6b] ExecutionGraph [flink-pekko.actor.default-dispatcher-9] INFO  keyby0 (3/7) (7c364d770be7fb6122304dc159ffb54f_e32648f4a493dd25fdd7d9c66c500390_2_0) switched from RUNNING to CANCELING.
61718 [e2f0affed90bb4580c88f6e4db7d5c6b] ExecutionGraph [flink-pekko.actor.default-dispatcher-9] INFO  keyby0 (4/7) (7c364d770be7fb6122304dc159ffb54f_e32648f4a493dd25fdd7d9c66c500390_3_0) switched from RUNNING to CANCELING.
61718 [e2f0affed90bb4580c88f6e4db7d5c6b] ExecutionGraph [flink-pekko.actor.default-dispatcher-9] INFO  keyby0 (5/7) (7c364d770be7fb6122304dc159ffb54f_e32648f4a493dd25fdd7d9c66c500390_4_0) switched from RUNNING to CANCELING.
61718 [e2f0affed90bb4580c88f6e4db7d5c6b] ExecutionGraph [flink-pekko.actor.default-dispatcher-9] INFO  keyby0 (6/7) (7c364d770be7fb6122304dc159ffb54f_e32648f4a493dd25fdd7d9c66c500390_5_0) switched from RUNNING to CANCELING.
61718 [e2f0affed90bb4580c88f6e4db7d5c6b] ExecutionGraph [flink-pekko.actor.default-dispatcher-9] INFO  keyby0 (7/7) (7c364d770be7fb6122304dc159ffb54f_e32648f4a493dd25fdd7d9c66c500390_6_0) switched from RUNNING to CANCELING.
61718 [e2f0affed90bb4580c88f6e4db7d5c6b] ExecutionGraph [flink-pekko.actor.default-dispatcher-9] INFO  rescale0 (1/10) (7c364d770be7fb6122304dc159ffb54f_7b4c6fe4c6df355e1ed86e978ba4a96e_0_0) switched from RUNNING to CANCELING.
61718 [e2f0affed90bb4580c88f6e4db7d5c6b] ExecutionGraph [flink-pekko.actor.default-dispatcher-9] INFO  rescale0 (2/10) (7c364d770be7fb6122304dc159ffb54f_7b4c6fe4c6df355e1ed86e978ba4a96e_1_0) switched from RUNNING to CANCELING.
61718 [e2f0affed90bb4580c88f6e4db7d5c6b] ExecutionGraph [flink-pekko.actor.default-dispatcher-9] INFO  rescale0 (3/10) (7c364d770be7fb6122304dc159ffb54f_7b4c6fe4c6df355e1ed86e978ba4a96e_2_0) switched from RUNNING to CANCELING.
61718 [e2f0affed90bb4580c88f6e4db7d5c6b] ExecutionGraph [flink-pekko.actor.default-dispatcher-9] INFO  rescale0 (4/10) (7c364d770be7fb6122304dc159ffb54f_7b4c6fe4c6df355e1ed86e978ba4a96e_3_0) switched from RUNNING to CANCELING.
61718 [e2f0affed90bb4580c88f6e4db7d5c6b] ExecutionGraph [flink-pekko.actor.default-dispatcher-9] INFO  rescale0 (5/10) (7c364d770be7fb6122304dc159ffb54f_7b4c6fe4c6df355e1ed86e978ba4a96e_4_0) switched from RUNNING to CANCELING.
61718 [e2f0affed90bb4580c88f6e4db7d5c6b] ExecutionGraph [flink-pekko.actor.default-dispatcher-9] INFO  rescale0 (6/10) (7c364d770be7fb6122304dc159ffb54f_7b4c6fe4c6df355e1ed86e978ba4a96e_5_0) switched from RUNNING to CANCELING.
61718 [e2f0affed90bb4580c88f6e4db7d5c6b] Task [flink-pekko.actor.default-dispatcher-6] INFO  Attempting to cancel task Source: source0 -> input-filter0 -> input-counter0 (1/7)#0 (7c364d770be7fb6122304dc159ffb54f_3e9b902627593008a6d790e9aeca7953_0_0).
61718 [e2f0affed90bb4580c88f6e4db7d5c6b] ExecutionGraph [flink-pekko.actor.default-dispatcher-9] INFO  rescale0 (7/10) (7c364d770be7fb6122304dc159ffb54f_7b4c6fe4c6df355e1ed86e978ba4a96e_6_0) switched from RUNNING to CANCELING.
61718 [e2f0affed90bb4580c88f6e4db7d5c6b] Task [flink-pekko.actor.default-dispatcher-6] INFO  Source: source0 -> input-filter0 -> input-counter0 (1/7)#0 (7c364d770be7fb6122304dc159ffb54f_3e9b902627593008a6d790e9aeca7953_0_0) switched from RUNNING to CANCELING.
61718 [e2f0affed90bb4580c88f6e4db7d5c6b] Task [flink-pekko.actor.default-dispatcher-6] INFO  Triggering cancellation of task code Source: source0 -> input-filter0 -> input-counter0 (1/7)#0 (7c364d770be7fb6122304dc159ffb54f_3e9b902627593008a6d790e9aeca7953_0_0).
61718 [e2f0affed90bb4580c88f6e4db7d5c6b] ExecutionGraph [flink-pekko.actor.default-dispatcher-9] INFO  rescale0 (8/10) (7c364d770be7fb6122304dc159ffb54f_7b4c6fe4c6df355e1ed86e978ba4a96e_7_0) switched from RUNNING to CANCELING.
61718 [e2f0affed90bb4580c88f6e4db7d5c6b] ExecutionGraph [flink-pekko.actor.default-dispatcher-9] INFO  rescale0 (9/10) (7c364d770be7fb6122304dc159ffb54f_7b4c6fe4c6df355e1ed86e978ba4a96e_8_0) switched from RUNNING to CANCELING.
61718 [e2f0affed90bb4580c88f6e4db7d5c6b] ExecutionGraph [flink-pekko.actor.default-dispatcher-9] INFO  rescale0 (10/10) (7c364d770be7fb6122304dc159ffb54f_7b4c6fe4c6df355e1ed86e978ba4a96e_9_0) switched from RUNNING to CANCELING.
61718 [e2f0affed90bb4580c88f6e4db7d5c6b] ExecutionGraph [flink-pekko.actor.default-dispatcher-9] INFO  failing-map (2/7) (7c364d770be7fb6122304dc159ffb54f_b8c789ec3a44294cb45da029ffe0e6fd_1_0) switched from RUNNING to CANCELING.
61718 [e2f0affed90bb4580c88f6e4db7d5c6b] ExecutionGraph [flink-pekko.actor.default-dispatcher-9] INFO  failing-map (3/7) (7c364d770be7fb6122304dc159ffb54f_b8c789ec3a44294cb45da029ffe0e6fd_2_0) switched from RUNNING to CANCELING.
61718 [e2f0affed90bb4580c88f6e4db7d5c6b] ExecutionGraph [flink-pekko.actor.default-dispatcher-9] INFO  failing-map (4/7) (7c364d770be7fb6122304dc159ffb54f_b8c789ec3a44294cb45da029ffe0e6fd_3_0) switched from RUNNING to CANCELING.
61718 [e2f0affed90bb4580c88f6e4db7d5c6b] ExecutionGraph [flink-pekko.actor.default-dispatcher-9] INFO  failing-map (5/7) (7c364d770be7fb6122304dc159ffb54f_b8c789ec3a44294cb45da029ffe0e6fd_4_0) switched from RUNNING to CANCELING.
61718 [e2f0affed90bb4580c88f6e4db7d5c6b] ExecutionGraph [flink-pekko.actor.default-dispatcher-9] INFO  failing-map (6/7) (7c364d770be7fb6122304dc159ffb54f_b8c789ec3a44294cb45da029ffe0e6fd_5_0) switched from RUNNING to CANCELING.
61718 [e2f0affed90bb4580c88f6e4db7d5c6b] ExecutionGraph [flink-pekko.actor.default-dispatcher-9] INFO  failing-map (7/7) (7c364d770be7fb6122304dc159ffb54f_b8c789ec3a44294cb45da029ffe0e6fd_6_0) switched from RUNNING to CANCELING.
61718 [e2f0affed90bb4580c88f6e4db7d5c6b] ExecutionGraph [flink-pekko.actor.default-dispatcher-9] INFO  Sink: sink (1/1) (7c364d770be7fb6122304dc159ffb54f_2e588ce1c86a9d46e2e85186773ce4fd_0_0) switched from RUNNING to CANCELING.
61718 [e2f0affed90bb4580c88f6e4db7d5c6b] Task [flink-pekko.actor.default-dispatcher-10] INFO  Attempting to cancel task Source: source0 -> input-filter0 -> input-counter0 (3/7)#0 (7c364d770be7fb6122304dc159ffb54f_3e9b902627593008a6d790e9aeca7953_2_0).
61718 [e2f0affed90bb4580c88f6e4db7d5c6b] Task [flink-pekko.actor.default-dispatcher-10] INFO  Source: source0 -> input-filter0 -> input-counter0 (3/7)#0 (7c364d770be7fb6122304dc159ffb54f_3e9b902627593008a6d790e9aeca7953_2_0) switched from RUNNING to CANCELING.
61718 [e2f0affed90bb4580c88f6e4db7d5c6b] Task [flink-pekko.actor.default-dispatcher-10] INFO  Triggering cancellation of task code Source: source0 -> input-filter0 -> input-counter0 (3/7)#0 (7c364d770be7fb6122304dc159ffb54f_3e9b902627593008a6d790e9aeca7953_2_0).
61718 [e2f0affed90bb4580c88f6e4db7d5c6b] Task [flink-pekko.actor.default-dispatcher-9] INFO  Attempting to cancel task Source: source0 -> input-filter0 -> input-counter0 (5/7)#0 (7c364d770be7fb6122304dc159ffb54f_3e9b902627593008a6d790e9aeca7953_4_0).
61718 [e2f0affed90bb4580c88f6e4db7d5c6b] Task [flink-pekko.actor.default-dispatcher-9] INFO  Source: source0 -> input-filter0 -> input-counter0 (5/7)#0 (7c364d770be7fb6122304dc159ffb54f_3e9b902627593008a6d790e9aeca7953_4_0) switched from RUNNING to CANCELING.
61718 [e2f0affed90bb4580c88f6e4db7d5c6b] Task [flink-pekko.actor.default-dispatcher-9] INFO  Triggering cancellation of task code Source: source0 -> input-filter0 -> input-counter0 (5/7)#0 (7c364d770be7fb6122304dc159ffb54f_3e9b902627593008a6d790e9aeca7953_4_0).
61719 [e2f0affed90bb4580c88f6e4db7d5c6b] SourceCoordinator [SourceCoordinator-Source: source0] INFO  Marking checkpoint 6 as aborted for source Source: source0.
61719 [e2f0affed90bb4580c88f6e4db7d5c6b] Task [global0 (1/7)#0] INFO  global0 (1/7)#0 (7c364d770be7fb6122304dc159ffb54f_4eca6edb63b17eb77deb9de060a699d1_0_0) switched from RUNNING to CANCELED due to CancelTaskException.
61719 [e2f0affed90bb4580c88f6e4db7d5c6b] Task [Source: source0 -> input-filter0 -> input-counter0 (1/7)#0] INFO  Source: source0 -> input-filter0 -> input-counter0 (1/7)#0 (7c364d770be7fb6122304dc159ffb54f_3e9b902627593008a6d790e9aeca7953_0_0) switched from CANCELING to CANCELED.
61720 [e2f0affed90bb4580c88f6e4db7d5c6b] Task [flink-pekko.actor.default-dispatcher-6] INFO  Attempting to cancel task Source: source0 -> input-filter0 -> input-counter0 (2/7)#0 (7c364d770be7fb6122304dc159ffb54f_3e9b902627593008a6d790e9aeca7953_1_0).
61720 [e2f0affed90bb4580c88f6e4db7d5c6b] Task [flink-pekko.actor.default-dispatcher-6] INFO  Source: source0 -> input-filter0 -> input-counter0 (2/7)#0 (7c364d770be7fb6122304dc159ffb54f_3e9b902627593008a6d790e9aeca7953_1_0) switched from RUNNING to CANCELING.
61720 [e2f0affed90bb4580c88f6e4db7d5c6b] Task [flink-pekko.actor.default-dispatcher-6] INFO  Triggering cancellation of task code Source: source0 -> input-filter0 -> input-counter0 (2/7)#0 (7c364d770be7fb6122304dc159ffb54f_3e9b902627593008a6d790e9aeca7953_1_0).
61720 [e2f0affed90bb4580c88f6e4db7d5c6b] Task [global0 (1/7)#0] INFO  Freeing task resources for global0 (1/7)#0 (7c364d770be7fb6122304dc159ffb54f_4eca6edb63b17eb77deb9de060a699d1_0_0).
61720 [e2f0affed90bb4580c88f6e4db7d5c6b] Task [Source: source0 -> input-filter0 -> input-counter0 (1/7)#0] INFO  Freeing task resources for Source: source0 -> input-filter0 -> input-counter0 (1/7)#0 (7c364d770be7fb6122304dc159ffb54f_3e9b902627593008a6d790e9aeca7953_0_0).
61720 [e2f0affed90bb4580c88f6e4db7d5c6b] Task [Source: source0 -> input-filter0 -> input-counter0 (3/7)#0] INFO  Source: source0 -> input-filter0 -> input-counter0 (3/7)#0 (7c364d770be7fb6122304dc159ffb54f_3e9b902627593008a6d790e9aeca7953_2_0) switched from CANCELING to CANCELED.
61720 [e2f0affed90bb4580c88f6e4db7d5c6b] Task [Source: source0 -> input-filter0 -> input-counter0 (5/7)#0] INFO  Source: source0 -> input-filter0 -> input-counter0 (5/7)#0 (7c364d770be7fb6122304dc159ffb54f_3e9b902627593008a6d790e9aeca7953_4_0) switched from CANCELING to CANCELED.
61720 [e2f0affed90bb4580c88f6e4db7d5c6b] Task [Source: source0 -> input-filter0 -> input-counter0 (3/7)#0] INFO  Freeing task resources for Source: source0 -> input-filter0 -> input-counter0 (3/7)#0 (7c364d770be7fb6122304dc159ffb54f_3e9b902627593008a6d790e9aeca7953_2_0).
61720 [e2f0affed90bb4580c88f6e4db7d5c6b] Task [Source: source0 -> input-filter0 -> input-counter0 (5/7)#0] INFO  Freeing task resources for Source: source0 -> input-filter0 -> input-counter0 (5/7)#0 (7c364d770be7fb6122304dc159ffb54f_3e9b902627593008a6d790e9aeca7953_4_0).
61720 [e2f0affed90bb4580c88f6e4db7d5c6b] Task [Source: source0 -> input-filter0 -> input-counter0 (2/7)#0] INFO  Source: source0 -> input-filter0 -> input-counter0 (2/7)#0 (7c364d770be7fb6122304dc159ffb54f_3e9b902627593008a6d790e9aeca7953_1_0) switched from CANCELING to CANCELED.
61721 [e2f0affed90bb4580c88f6e4db7d5c6b] Task [Source: source0 -> input-filter0 -> input-counter0 (2/7)#0] INFO  Freeing task resources for Source: source0 -> input-filter0 -> input-counter0 (2/7)#0 (7c364d770be7fb6122304dc159ffb54f_3e9b902627593008a6d790e9aeca7953_1_0).
61721 [e2f0affed90bb4580c88f6e4db7d5c6b] Task [flink-pekko.actor.default-dispatcher-10] INFO  Attempting to cancel task Source: source0 -> input-filter0 -> input-counter0 (4/7)#0 (7c364d770be7fb6122304dc159ffb54f_3e9b902627593008a6d790e9aeca7953_3_0).
61721 [e2f0affed90bb4580c88f6e4db7d5c6b] Task [flink-pekko.actor.default-dispatcher-10] INFO  Source: source0 -> input-filter0 -> input-counter0 (4/7)#0 (7c364d770be7fb6122304dc159ffb54f_3e9b902627593008a6d790e9aeca7953_3_0) switched from RUNNING to CANCELING.
61721 [e2f0affed90bb4580c88f6e4db7d5c6b] Task [flink-pekko.actor.default-dispatcher-10] INFO  Triggering cancellation of task code Source: source0 -> input-filter0 -> input-counter0 (4/7)#0 (7c364d770be7fb6122304dc159ffb54f_3e9b902627593008a6d790e9aeca7953_3_0).
61721 [e2f0affed90bb4580c88f6e4db7d5c6b] Task [Source: source0 -> input-filter0 -> input-counter0 (4/7)#0] INFO  Source: source0 -> input-filter0 -> input-counter0 (4/7)#0 (7c364d770be7fb6122304dc159ffb54f_3e9b902627593008a6d790e9aeca7953_3_0) switched from CANCELING to CANCELED.
61721 [e2f0affed90bb4580c88f6e4db7d5c6b] Task [Source: source0 -> input-filter0 -> input-counter0 (4/7)#0] INFO  Freeing task resources for Source: source0 -> input-filter0 -> input-counter0 (4/7)#0 (7c364d770be7fb6122304dc159ffb54f_3e9b902627593008a6d790e9aeca7953_3_0).
61721 [e2f0affed90bb4580c88f6e4db7d5c6b] Task [flink-pekko.actor.default-dispatcher-9] INFO  Attempting to cancel task Source: source0 -> input-filter0 -> input-counter0 (6/7)#0 (7c364d770be7fb6122304dc159ffb54f_3e9b902627593008a6d790e9aeca7953_5_0).
61721 [e2f0affed90bb4580c88f6e4db7d5c6b] Task [flink-pekko.actor.default-dispatcher-9] INFO  Source: source0 -> input-filter0 -> input-counter0 (6/7)#0 (7c364d770be7fb6122304dc159ffb54f_3e9b902627593008a6d790e9aeca7953_5_0) switched from RUNNING to CANCELING.
61721 [e2f0affed90bb4580c88f6e4db7d5c6b] Task [flink-pekko.actor.default-dispatcher-9] INFO  Triggering cancellation of task code Source: source0 -> input-filter0 -> input-counter0 (6/7)#0 (7c364d770be7fb6122304dc159ffb54f_3e9b902627593008a6d790e9aeca7953_5_0).
61721 [e2f0affed90bb4580c88f6e4db7d5c6b] Task [Source: source0 -> input-filter0 -> input-counter0 (6/7)#0] INFO  Source: source0 -> input-filter0 -> input-counter0 (6/7)#0 (7c364d770be7fb6122304dc159ffb54f_3e9b902627593008a6d790e9aeca7953_5_0) switched from CANCELING to CANCELED.
61721 [e2f0affed90bb4580c88f6e4db7d5c6b] Task [Source: source0 -> input-filter0 -> input-counter0 (6/7)#0] INFO  Freeing task resources for Source: source0 -> input-filter0 -> input-counter0 (6/7)#0 (7c364d770be7fb6122304dc159ffb54f_3e9b902627593008a6d790e9aeca7953_5_0).
61721 [e2f0affed90bb4580c88f6e4db7d5c6b] Task [flink-pekko.actor.default-dispatcher-6] INFO  Attempting to cancel task global0 (1/7)#0 (7c364d770be7fb6122304dc159ffb54f_4eca6edb63b17eb77deb9de060a699d1_0_0).
61721 [e2f0affed90bb4580c88f6e4db7d5c6b] Task [flink-pekko.actor.default-dispatcher-6] INFO  Task global0 (1/7)#0 is already in state CANCELED
61721 [e2f0affed90bb4580c88f6e4db7d5c6b] Task [flink-pekko.actor.default-dispatcher-6] INFO  Attempting to cancel task global0 (2/7)#0 (7c364d770be7fb6122304dc159ffb54f_4eca6edb63b17eb77deb9de060a699d1_1_0).
61721 [e2f0affed90bb4580c88f6e4db7d5c6b] Task [flink-pekko.actor.default-dispatcher-6] INFO  global0 (2/7)#0 (7c364d770be7fb6122304dc159ffb54f_4eca6edb63b17eb77deb9de060a699d1_1_0) switched from RUNNING to CANCELING.
61721 [e2f0affed90bb4580c88f6e4db7d5c6b] Task [flink-pekko.actor.default-dispatcher-6] INFO  Triggering cancellation of task code global0 (2/7)#0 (7c364d770be7fb6122304dc159ffb54f_4eca6edb63b17eb77deb9de060a699d1_1_0).
61721 [e2f0affed90bb4580c88f6e4db7d5c6b] Task [global0 (2/7)#0] INFO  global0 (2/7)#0 (7c364d770be7fb6122304dc159ffb54f_4eca6edb63b17eb77deb9de060a699d1_1_0) switched from CANCELING to CANCELED.
61721 [e2f0affed90bb4580c88f6e4db7d5c6b] Task [global0 (2/7)#0] INFO  Freeing task resources for global0 (2/7)#0 (7c364d770be7fb6122304dc159ffb54f_4eca6edb63b17eb77deb9de060a699d1_1_0).
61721 [e2f0affed90bb4580c88f6e4db7d5c6b] Task [flink-pekko.actor.default-dispatcher-6] INFO  Attempting to cancel task rebalance0 (1/8)#0 (7c364d770be7fb6122304dc159ffb54f_25a6d73fce56b9559bed0247061e93e0_0_0).
61721 [e2f0affed90bb4580c88f6e4db7d5c6b] Task [flink-pekko.actor.default-dispatcher-6] INFO  rebalance0 (1/8)#0 (7c364d770be7fb6122304dc159ffb54f_25a6d73fce56b9559bed0247061e93e0_0_0) switched from RUNNING to CANCELING.
61721 [e2f0affed90bb4580c88f6e4db7d5c6b] Task [flink-pekko.actor.default-dispatcher-6] INFO  Triggering cancellation of task code rebalance0 (1/8)#0 (7c364d770be7fb6122304dc159ffb54f_25a6d73fce56b9559bed0247061e93e0_0_0).
61721 [e2f0affed90bb4580c88f6e4db7d5c6b] Task [rebalance0 (1/8)#0] INFO  rebalance0 (1/8)#0 (7c364d770be7fb6122304dc159ffb54f_25a6d73fce56b9559bed0247061e93e0_0_0) switched from CANCELING to CANCELED.
61721 [e2f0affed90bb4580c88f6e4db7d5c6b] Task [flink-pekko.actor.default-dispatcher-10] INFO  Attempting to cancel task Source: source0 -> input-filter0 -> input-counter0 (7/7)#0 (7c364d770be7fb6122304dc159ffb54f_3e9b902627593008a6d790e9aeca7953_6_0).
61721 [e2f0affed90bb4580c88f6e4db7d5c6b] Task [flink-pekko.actor.default-dispatcher-10] INFO  Source: source0 -> input-filter0 -> input-counter0 (7/7)#0 (7c364d770be7fb6122304dc159ffb54f_3e9b902627593008a6d790e9aeca7953_6_0) switched from RUNNING to CANCELING.
61721 [e2f0affed90bb4580c88f6e4db7d5c6b] Task [flink-pekko.actor.default-dispatcher-10] INFO  Triggering cancellation of task code Source: source0 -> input-filter0 -> input-counter0 (7/7)#0 (7c364d770be7fb6122304dc159ffb54f_3e9b902627593008a6d790e9aeca7953_6_0).
61722 [e2f0affed90bb4580c88f6e4db7d5c6b] Task [rebalance0 (1/8)#0] INFO  Freeing task resources for rebalance0 (1/8)#0 (7c364d770be7fb6122304dc159ffb54f_25a6d73fce56b9559bed0247061e93e0_0_0).
61722 [e2f0affed90bb4580c88f6e4db7d5c6b] ChannelStateWriteRequestExecutorImpl [Channel state writer] INFO  discarding 1 drained requests
61722 [e2f0affed90bb4580c88f6e4db7d5c6b] Task [flink-pekko.actor.default-dispatcher-9] INFO  Attempting to cancel task global0 (5/7)#0 (7c364d770be7fb6122304dc159ffb54f_4eca6edb63b17eb77deb9de060a699d1_4_0).
61722 [e2f0affed90bb4580c88f6e4db7d5c6b] Task [flink-pekko.actor.default-dispatcher-9] INFO  global0 (5/7)#0 (7c364d770be7fb6122304dc159ffb54f_4eca6edb63b17eb77deb9de060a699d1_4_0) switched from RUNNING to CANCELING.
61722 [e2f0affed90bb4580c88f6e4db7d5c6b] Task [flink-pekko.actor.default-dispatcher-9] INFO  Triggering cancellation of task code global0 (5/7)#0 (7c364d770be7fb6122304dc159ffb54f_4eca6edb63b17eb77deb9de060a699d1_4_0).
61722 [e2f0affed90bb4580c88f6e4db7d5c6b] Task [Source: source0 -> input-filter0 -> input-counter0 (7/7)#0] INFO  Source: source0 -> input-filter0 -> input-counter0 (7/7)#0 (7c364d770be7fb6122304dc159ffb54f_3e9b902627593008a6d790e9aeca7953_6_0) switched from CANCELING to CANCELED.
61722 [e2f0affed90bb4580c88f6e4db7d5c6b] Task [Source: source0 -> input-filter0 -> input-counter0 (7/7)#0] INFO  Freeing task resources for Source: source0 -> input-filter0 -> input-counter0 (7/7)#0 (7c364d770be7fb6122304dc159ffb54f_3e9b902627593008a6d790e9aeca7953_6_0).
61722 [e2f0affed90bb4580c88f6e4db7d5c6b] Task [flink-pekko.actor.default-dispatcher-6] INFO  Attempting to cancel task rebalance0 (2/8)#0 (7c364d770be7fb6122304dc159ffb54f_25a6d73fce56b9559bed0247061e93e0_1_0).
61722 [e2f0affed90bb4580c88f6e4db7d5c6b] Task [flink-pekko.actor.default-dispatcher-6] INFO  rebalance0 (2/8)#0 (7c364d770be7fb6122304dc159ffb54f_25a6d73fce56b9559bed0247061e93e0_1_0) switched from RUNNING to CANCELING.
61722 [e2f0affed90bb4580c88f6e4db7d5c6b] Task [flink-pekko.actor.default-dispatcher-6] INFO  Triggering cancellation of task code rebalance0 (2/8)#0 (7c364d770be7fb6122304dc159ffb54f_25a6d73fce56b9559bed0247061e93e0_1_0).
61722 [e2f0affed90bb4580c88f6e4db7d5c6b] Task [rebalance0 (2/8)#0] INFO  rebalance0 (2/8)#0 (7c364d770be7fb6122304dc159ffb54f_25a6d73fce56b9559bed0247061e93e0_1_0) switched from CANCELING to CANCELED.
61722 [e2f0affed90bb4580c88f6e4db7d5c6b] Task [rebalance0 (2/8)#0] INFO  Freeing task resources for rebalance0 (2/8)#0 (7c364d770be7fb6122304dc159ffb54f_25a6d73fce56b9559bed0247061e93e0_1_0).
61722 [e2f0affed90bb4580c88f6e4db7d5c6b] Task [flink-pekko.actor.default-dispatcher-10] INFO  Attempting to cancel task global0 (3/7)#0 (7c364d770be7fb6122304dc159ffb54f_4eca6edb63b17eb77deb9de060a699d1_2_0).
61722 [e2f0affed90bb4580c88f6e4db7d5c6b] Task [flink-pekko.actor.default-dispatcher-10] INFO  global0 (3/7)#0 (7c364d770be7fb6122304dc159ffb54f_4eca6edb63b17eb77deb9de060a699d1_2_0) switched from RUNNING to CANCELING.
61722 [e2f0affed90bb4580c88f6e4db7d5c6b] Task [flink-pekko.actor.default-dispatcher-10] INFO  Triggering cancellation of task code global0 (3/7)#0 (7c364d770be7fb6122304dc159ffb54f_4eca6edb63b17eb77deb9de060a699d1_2_0).
61722 [e2f0affed90bb4580c88f6e4db7d5c6b] Task [global0 (5/7)#0] INFO  global0 (5/7)#0 (7c364d770be7fb6122304dc159ffb54f_4eca6edb63b17eb77deb9de060a699d1_4_0) switched from CANCELING to CANCELED.
61722 [e2f0affed90bb4580c88f6e4db7d5c6b] Task [flink-pekko.actor.default-dispatcher-9] INFO  Attempting to cancel task global0 (6/7)#0 (7c364d770be7fb6122304dc159ffb54f_4eca6edb63b17eb77deb9de060a699d1_5_0).
61722 [e2f0affed90bb4580c88f6e4db7d5c6b] Task [flink-pekko.actor.default-dispatcher-9] INFO  global0 (6/7)#0 (7c364d770be7fb6122304dc159ffb54f_4eca6edb63b17eb77deb9de060a699d1_5_0) switched from RUNNING to CANCELING.
61722 [e2f0affed90bb4580c88f6e4db7d5c6b] Task [flink-pekko.actor.default-dispatcher-9] INFO  Triggering cancellation of task code global0 (6/7)#0 (7c364d770be7fb6122304dc159ffb54f_4eca6edb63b17eb77deb9de060a699d1_5_0).
61722 [e2f0affed90bb4580c88f6e4db7d5c6b] Task [global0 (5/7)#0] INFO  Freeing task resources for global0 (5/7)#0 (7c364d770be7fb6122304dc159ffb54f_4eca6edb63b17eb77deb9de060a699d1_4_0).
61722 [e2f0affed90bb4580c88f6e4db7d5c6b] Task [global0 (3/7)#0] INFO  global0 (3/7)#0 (7c364d770be7fb6122304dc159ffb54f_4eca6edb63b17eb77deb9de060a699d1_2_0) switched from CANCELING to CANCELED.
61722 [e2f0affed90bb4580c88f6e4db7d5c6b] Task [global0 (3/7)#0] INFO  Freeing task resources for global0 (3/7)#0 (7c364d770be7fb6122304dc159ffb54f_4eca6edb63b17eb77deb9de060a699d1_2_0).
61722 [e2f0affed90bb4580c88f6e4db7d5c6b] Task [flink-pekko.actor.default-dispatcher-6] INFO  Attempting to cancel task upscale0 (1/14)#0 (7c364d770be7fb6122304dc159ffb54f_7559af08559a2c7079a359b85b7edab5_0_0).
61723 [e2f0affed90bb4580c88f6e4db7d5c6b] Task [flink-pekko.actor.default-dispatcher-6] INFO  upscale0 (1/14)#0 (7c364d770be7fb6122304dc159ffb54f_7559af08559a2c7079a359b85b7edab5_0_0) switched from RUNNING to CANCELING.
61723 [e2f0affed90bb4580c88f6e4db7d5c6b] Task [flink-pekko.actor.default-dispatcher-6] INFO  Triggering cancellation of task code upscale0 (1/14)#0 (7c364d770be7fb6122304dc159ffb54f_7559af08559a2c7079a359b85b7edab5_0_0).
61723 [e2f0affed90bb4580c88f6e4db7d5c6b] Task [flink-pekko.actor.default-dispatcher-10] INFO  Attempting to cancel task global0 (4/7)#0 (7c364d770be7fb6122304dc159ffb54f_4eca6edb63b17eb77deb9de060a699d1_3_0).
61723 [e2f0affed90bb4580c88f6e4db7d5c6b] Task [flink-pekko.actor.default-dispatcher-10] INFO  global0 (4/7)#0 (7c364d770be7fb6122304dc159ffb54f_4eca6edb63b17eb77deb9de060a699d1_3_0) switched from RUNNING to CANCELING.
61723 [e2f0affed90bb4580c88f6e4db7d5c6b] Task [flink-pekko.actor.default-dispatcher-10] INFO  Triggering cancellation of task code global0 (4/7)#0 (7c364d770be7fb6122304dc159ffb54f_4eca6edb63b17eb77deb9de060a699d1_3_0).
61723 [e2f0affed90bb4580c88f6e4db7d5c6b] Task [global0 (4/7)#0] INFO  global0 (4/7)#0 (7c364d770be7fb6122304dc159ffb54f_4eca6edb63b17eb77deb9de060a699d1_3_0) switched from CANCELING to CANCELED.
61723 [e2f0affed90bb4580c88f6e4db7d5c6b] Task [global0 (6/7)#0] INFO  global0 (6/7)#0 (7c364d770be7fb6122304dc159ffb54f_4eca6edb63b17eb77deb9de060a699d1_5_0) switched from CANCELING to CANCELED.
61723 [e2f0affed90bb4580c88f6e4db7d5c6b] Task [global0 (4/7)#0] INFO  Freeing task resources for global0 (4/7)#0 (7c364d770be7fb6122304dc159ffb54f_4eca6edb63b17eb77deb9de060a699d1_3_0).
61723 [e2f0affed90bb4580c88f6e4db7d5c6b] Task [global0 (6/7)#0] INFO  Freeing task resources for global0 (6/7)#0 (7c364d770be7fb6122304dc159ffb54f_4eca6edb63b17eb77deb9de060a699d1_5_0).
61723 [e2f0affed90bb4580c88f6e4db7d5c6b] Task [flink-pekko.actor.default-dispatcher-10] INFO  Attempting to cancel task global0 (7/7)#0 (7c364d770be7fb6122304dc159ffb54f_4eca6edb63b17eb77deb9de060a699d1_6_0).
61723 [e2f0affed90bb4580c88f6e4db7d5c6b] Task [flink-pekko.actor.default-dispatcher-10] INFO  global0 (7/7)#0 (7c364d770be7fb6122304dc159ffb54f_4eca6edb63b17eb77deb9de060a699d1_6_0) switched from RUNNING to CANCELING.
61723 [e2f0affed90bb4580c88f6e4db7d5c6b] Task [flink-pekko.actor.default-dispatcher-10] INFO  Triggering cancellation of task code global0 (7/7)#0 (7c364d770be7fb6122304dc159ffb54f_4eca6edb63b17eb77deb9de060a699d1_6_0).
61723 [e2f0affed90bb4580c88f6e4db7d5c6b] ChannelStateWriteRequestExecutorImpl [Channel state writer] INFO  discarding 1 drained requests
61723 [e2f0affed90bb4580c88f6e4db7d5c6b] Task [global0 (7/7)#0] INFO  global0 (7/7)#0 (7c364d770be7fb6122304dc159ffb54f_4eca6edb63b17eb77deb9de060a699d1_6_0) switched from CANCELING to CANCELED.
61723 [e2f0affed90bb4580c88f6e4db7d5c6b] Task [flink-pekko.actor.default-dispatcher-10] INFO  Attempting to cancel task rebalance0 (3/8)#0 (7c364d770be7fb6122304dc159ffb54f_25a6d73fce56b9559bed0247061e93e0_2_0).
61723 [e2f0affed90bb4580c88f6e4db7d5c6b] Task [flink-pekko.actor.default-dispatcher-10] INFO  rebalance0 (3/8)#0 (7c364d770be7fb6122304dc159ffb54f_25a6d73fce56b9559bed0247061e93e0_2_0) switched from RUNNING to CANCELING.
61723 [e2f0affed90bb4580c88f6e4db7d5c6b] Task [flink-pekko.actor.default-dispatcher-10] INFO  Triggering cancellation of task code rebalance0 (3/8)#0 (7c364d770be7fb6122304dc159ffb54f_25a6d73fce56b9559bed0247061e93e0_2_0).
61723 [e2f0affed90bb4580c88f6e4db7d5c6b] Task [global0 (7/7)#0] INFO  Freeing task resources for global0 (7/7)#0 (7c364d770be7fb6122304dc159ffb54f_4eca6edb63b17eb77deb9de060a699d1_6_0).
61723 [e2f0affed90bb4580c88f6e4db7d5c6b] Task [upscale0 (1/14)#0] INFO  upscale0 (1/14)#0 (7c364d770be7fb6122304dc159ffb54f_7559af08559a2c7079a359b85b7edab5_0_0) switched from CANCELING to CANCELED.
61723 [e2f0affed90bb4580c88f6e4db7d5c6b] Task [upscale0 (1/14)#0] INFO  Freeing task resources for upscale0 (1/14)#0 (7c364d770be7fb6122304dc159ffb54f_7559af08559a2c7079a359b85b7edab5_0_0).
61723 [e2f0affed90bb4580c88f6e4db7d5c6b] Task [rebalance0 (3/8)#0] INFO  rebalance0 (3/8)#0 (7c364d770be7fb6122304dc159ffb54f_25a6d73fce56b9559bed0247061e93e0_2_0) switched from CANCELING to CANCELED.
61723 [e2f0affed90bb4580c88f6e4db7d5c6b] Task [rebalance0 (3/8)#0] INFO  Freeing task resources for rebalance0 (3/8)#0 (7c364d770be7fb6122304dc159ffb54f_25a6d73fce56b9559bed0247061e93e0_2_0).
61724 [e2f0affed90bb4580c88f6e4db7d5c6b] Task [flink-pekko.actor.default-dispatcher-9] INFO  Attempting to cancel task rebalance0 (5/8)#0 (7c364d770be7fb6122304dc159ffb54f_25a6d73fce56b9559bed0247061e93e0_4_0).
61724 [e2f0affed90bb4580c88f6e4db7d5c6b] Task [flink-pekko.actor.default-dispatcher-9] INFO  rebalance0 (5/8)#0 (7c364d770be7fb6122304dc159ffb54f_25a6d73fce56b9559bed0247061e93e0_4_0) switched from RUNNING to CANCELING.
61724 [e2f0affed90bb4580c88f6e4db7d5c6b] Task [flink-pekko.actor.default-dispatcher-9] INFO  Triggering cancellation of task code rebalance0 (5/8)#0 (7c364d770be7fb6122304dc159ffb54f_25a6d73fce56b9559bed0247061e93e0_4_0).
61724 [e2f0affed90bb4580c88f6e4db7d5c6b] Task [rebalance0 (5/8)#0] INFO  rebalance0 (5/8)#0 (7c364d770be7fb6122304dc159ffb54f_25a6d73fce56b9559bed0247061e93e0_4_0) switched from CANCELING to CANCELED.
61724 [e2f0affed90bb4580c88f6e4db7d5c6b] Task [rebalance0 (5/8)#0] INFO  Freeing task resources for rebalance0 (5/8)#0 (7c364d770be7fb6122304dc159ffb54f_25a6d73fce56b9559bed0247061e93e0_4_0).
61724 [e2f0affed90bb4580c88f6e4db7d5c6b] ChannelStateWriteRequestExecutorImpl [Channel state writer] INFO  discarding 1 drained requests
61724 [e2f0affed90bb4580c88f6e4db7d5c6b] Task [flink-pekko.actor.default-dispatcher-6] INFO  Attempting to cancel task upscale0 (2/14)#0 (7c364d770be7fb6122304dc159ffb54f_7559af08559a2c7079a359b85b7edab5_1_0).
61724 [e2f0affed90bb4580c88f6e4db7d5c6b] Task [flink-pekko.actor.default-dispatcher-6] INFO  upscale0 (2/14)#0 (7c364d770be7fb6122304dc159ffb54f_7559af08559a2c7079a359b85b7edab5_1_0) switched from RUNNING to CANCELING.
61724 [e2f0affed90bb4580c88f6e4db7d5c6b] Task [flink-pekko.actor.default-dispatcher-6] INFO  Triggering cancellation of task code upscale0 (2/14)#0 (7c364d770be7fb6122304dc159ffb54f_7559af08559a2c7079a359b85b7edab5_1_0).
61724 [e2f0affed90bb4580c88f6e4db7d5c6b] Task [flink-pekko.actor.default-dispatcher-10] INFO  Attempting to cancel task rebalance0 (4/8)#0 (7c364d770be7fb6122304dc159ffb54f_25a6d73fce56b9559bed0247061e93e0_3_0).
61724 [e2f0affed90bb4580c88f6e4db7d5c6b] Task [flink-pekko.actor.default-dispatcher-10] INFO  rebalance0 (4/8)#0 (7c364d770be7fb6122304dc159ffb54f_25a6d73fce56b9559bed0247061e93e0_3_0) switched from RUNNING to CANCELING.
61724 [e2f0affed90bb4580c88f6e4db7d5c6b] Task [flink-pekko.actor.default-dispatcher-10] INFO  Triggering cancellation of task code rebalance0 (4/8)#0 (7c364d770be7fb6122304dc159ffb54f_25a6d73fce56b9559bed0247061e93e0_3_0).
61724 [e2f0affed90bb4580c88f6e4db7d5c6b] Task [flink-pekko.actor.default-dispatcher-9] INFO  Attempting to cancel task rebalance0 (6/8)#0 (7c364d770be7fb6122304dc159ffb54f_25a6d73fce56b9559bed0247061e93e0_5_0).
61724 [e2f0affed90bb4580c88f6e4db7d5c6b] Task [flink-pekko.actor.default-dispatcher-9] INFO  rebalance0 (6/8)#0 (7c364d770be7fb6122304dc159ffb54f_25a6d73fce56b9559bed0247061e93e0_5_0) switched from RUNNING to CANCELING.
61724 [e2f0affed90bb4580c88f6e4db7d5c6b] Task [flink-pekko.actor.default-dispatcher-9] INFO  Triggering cancellation of task code rebalance0 (6/8)#0 (7c364d770be7fb6122304dc159ffb54f_25a6d73fce56b9559bed0247061e93e0_5_0).
61724 [e2f0affed90bb4580c88f6e4db7d5c6b] Task [rebalance0 (6/8)#0] INFO  rebalance0 (6/8)#0 (7c364d770be7fb6122304dc159ffb54f_25a6d73fce56b9559bed0247061e93e0_5_0) switched from CANCELING to CANCELED.
61724 [e2f0affed90bb4580c88f6e4db7d5c6b] Task [rebalance0 (4/8)#0] INFO  rebalance0 (4/8)#0 (7c364d770be7fb6122304dc159ffb54f_25a6d73fce56b9559bed0247061e93e0_3_0) switched from CANCELING to CANCELED.
61724 [e2f0affed90bb4580c88f6e4db7d5c6b] Task [rebalance0 (6/8)#0] INFO  Freeing task resources for rebalance0 (6/8)#0 (7c364d770be7fb6122304dc159ffb54f_25a6d73fce56b9559bed0247061e93e0_5_0).
61724 [e2f0affed90bb4580c88f6e4db7d5c6b] Task [rebalance0 (4/8)#0] INFO  Freeing task resources for rebalance0 (4/8)#0 (7c364d770be7fb6122304dc159ffb54f_25a6d73fce56b9559bed0247061e93e0_3_0).
61724 [e2f0affed90bb4580c88f6e4db7d5c6b] Task [upscale0 (2/14)#0] INFO  upscale0 (2/14)#0 (7c364d770be7fb6122304dc159ffb54f_7559af08559a2c7079a359b85b7edab5_1_0) switched from CANCELING to CANCELED.
61724 [e2f0affed90bb4580c88f6e4db7d5c6b] Task [upscale0 (2/14)#0] INFO  Freeing task resources for upscale0 (2/14)#0 (7c364d770be7fb6122304dc159ffb54f_7559af08559a2c7079a359b85b7edab5_1_0).
61724 [e2f0affed90bb4580c88f6e4db7d5c6b] Task [flink-pekko.actor.default-dispatcher-10] INFO  Attempting to cancel task rebalance0 (7/8)#0 (7c364d770be7fb6122304dc159ffb54f_25a6d73fce56b9559bed0247061e93e0_6_0).
61724 [e2f0affed90bb4580c88f6e4db7d5c6b] Task [flink-pekko.actor.default-dispatcher-10] INFO  rebalance0 (7/8)#0 (7c364d770be7fb6122304dc159ffb54f_25a6d73fce56b9559bed0247061e93e0_6_0) switched from RUNNING to CANCELING.
61724 [e2f0affed90bb4580c88f6e4db7d5c6b] Task [flink-pekko.actor.default-dispatcher-10] INFO  Triggering cancellation of task code rebalance0 (7/8)#0 (7c364d770be7fb6122304dc159ffb54f_25a6d73fce56b9559bed0247061e93e0_6_0).
61725 [e2f0affed90bb4580c88f6e4db7d5c6b] Task [rebalance0 (7/8)#0] INFO  rebalance0 (7/8)#0 (7c364d770be7fb6122304dc159ffb54f_25a6d73fce56b9559bed0247061e93e0_6_0) switched from CANCELING to CANCELED.
61725 [e2f0affed90bb4580c88f6e4db7d5c6b] Task [rebalance0 (7/8)#0] INFO  Freeing task resources for rebalance0 (7/8)#0 (7c364d770be7fb6122304dc159ffb54f_25a6d73fce56b9559bed0247061e93e0_6_0).
61725 [e2f0affed90bb4580c88f6e4db7d5c6b] Task [flink-pekko.actor.default-dispatcher-10] INFO  Attempting to cancel task rebalance0 (8/8)#0 (7c364d770be7fb6122304dc159ffb54f_25a6d73fce56b9559bed0247061e93e0_7_0).
61725 [e2f0affed90bb4580c88f6e4db7d5c6b] Task [flink-pekko.actor.default-dispatcher-10] INFO  rebalance0 (8/8)#0 (7c364d770be7fb6122304dc159ffb54f_25a6d73fce56b9559bed0247061e93e0_7_0) switched from RUNNING to CANCELING.
61725 [e2f0affed90bb4580c88f6e4db7d5c6b] Task [flink-pekko.actor.default-dispatcher-10] INFO  Triggering cancellation of task code rebalance0 (8/8)#0 (7c364d770be7fb6122304dc159ffb54f_25a6d73fce56b9559bed0247061e93e0_7_0).
61725 [e2f0affed90bb4580c88f6e4db7d5c6b] Task [rebalance0 (8/8)#0] INFO  rebalance0 (8/8)#0 (7c364d770be7fb6122304dc159ffb54f_25a6d73fce56b9559bed0247061e93e0_7_0) switched from CANCELING to CANCELED.
61725 [e2f0affed90bb4580c88f6e4db7d5c6b] Task [rebalance0 (8/8)#0] INFO  Freeing task resources for rebalance0 (8/8)#0 (7c364d770be7fb6122304dc159ffb54f_25a6d73fce56b9559bed0247061e93e0_7_0).
61725 [e2f0affed90bb4580c88f6e4db7d5c6b] Task [flink-pekko.actor.default-dispatcher-10] INFO  Attempting to cancel task upscale0 (3/14)#0 (7c364d770be7fb6122304dc159ffb54f_7559af08559a2c7079a359b85b7edab5_2_0).
61725 [e2f0affed90bb4580c88f6e4db7d5c6b] Task [flink-pekko.actor.default-dispatcher-10] INFO  upscale0 (3/14)#0 (7c364d770be7fb6122304dc159ffb54f_7559af08559a2c7079a359b85b7edab5_2_0) switched from RUNNING to CANCELING.
61725 [e2f0affed90bb4580c88f6e4db7d5c6b] Task [flink-pekko.actor.default-dispatcher-10] INFO  Triggering cancellation of task code upscale0 (3/14)#0 (7c364d770be7fb6122304dc159ffb54f_7559af08559a2c7079a359b85b7edab5_2_0).
61725 [e2f0affed90bb4580c88f6e4db7d5c6b] Task [flink-pekko.actor.default-dispatcher-6] INFO  Attempting to cancel task upscale0 (13/14)#0 (7c364d770be7fb6122304dc159ffb54f_7559af08559a2c7079a359b85b7edab5_12_0).
61725 [e2f0affed90bb4580c88f6e4db7d5c6b] Task [flink-pekko.actor.default-dispatcher-6] INFO  upscale0 (13/14)#0 (7c364d770be7fb6122304dc159ffb54f_7559af08559a2c7079a359b85b7edab5_12_0) switched from RUNNING to CANCELING.
61725 [e2f0affed90bb4580c88f6e4db7d5c6b] Task [flink-pekko.actor.default-dispatcher-6] INFO  Triggering cancellation of task code upscale0 (13/14)#0 (7c364d770be7fb6122304dc159ffb54f_7559af08559a2c7079a359b85b7edab5_12_0).
61725 [e2f0affed90bb4580c88f6e4db7d5c6b] ChannelStateWriteRequestExecutorImpl [Channel state writer] INFO  discarding 1 drained requests
61725 [e2f0affed90bb4580c88f6e4db7d5c6b] Task [upscale0 (13/14)#0] INFO  upscale0 (13/14)#0 (7c364d770be7fb6122304dc159ffb54f_7559af08559a2c7079a359b85b7edab5_12_0) switched from CANCELING to CANCELED.
61725 [e2f0affed90bb4580c88f6e4db7d5c6b] Task [upscale0 (3/14)#0] INFO  upscale0 (3/14)#0 (7c364d770be7fb6122304dc159ffb54f_7559af08559a2c7079a359b85b7edab5_2_0) switched from CANCELING to CANCELED.
61725 [e2f0affed90bb4580c88f6e4db7d5c6b] Task [upscale0 (13/14)#0] INFO  Freeing task resources for upscale0 (13/14)#0 (7c364d770be7fb6122304dc159ffb54f_7559af08559a2c7079a359b85b7edab5_12_0).
61725 [e2f0affed90bb4580c88f6e4db7d5c6b] Task [upscale0 (3/14)#0] INFO  Freeing task resources for upscale0 (3/14)#0 (7c364d770be7fb6122304dc159ffb54f_7559af08559a2c7079a359b85b7edab5_2_0).
61725 [e2f0affed90bb4580c88f6e4db7d5c6b] Task [flink-pekko.actor.default-dispatcher-9] INFO  Attempting to cancel task upscale0 (5/14)#0 (7c364d770be7fb6122304dc159ffb54f_7559af08559a2c7079a359b85b7edab5_4_0).
61725 [e2f0affed90bb4580c88f6e4db7d5c6b] Task [flink-pekko.actor.default-dispatcher-9] INFO  upscale0 (5/14)#0 (7c364d770be7fb6122304dc159ffb54f_7559af08559a2c7079a359b85b7edab5_4_0) switched from RUNNING to CANCELING.
61725 [e2f0affed90bb4580c88f6e4db7d5c6b] Task [flink-pekko.actor.default-dispatcher-9] INFO  Triggering cancellation of task code upscale0 (5/14)#0 (7c364d770be7fb6122304dc159ffb54f_7559af08559a2c7079a359b85b7edab5_4_0).
61726 [e2f0affed90bb4580c88f6e4db7d5c6b] Task [flink-pekko.actor.default-dispatcher-6] INFO  Attempting to cancel task upscale0 (14/14)#0 (7c364d770be7fb6122304dc159ffb54f_7559af08559a2c7079a359b85b7edab5_13_0).
61726 [e2f0affed90bb4580c88f6e4db7d5c6b] Task [flink-pekko.actor.default-dispatcher-6] INFO  upscale0 (14/14)#0 (7c364d770be7fb6122304dc159ffb54f_7559af08559a2c7079a359b85b7edab5_13_0) switched from RUNNING to CANCELING.
61726 [e2f0affed90bb4580c88f6e4db7d5c6b] Task [flink-pekko.actor.default-dispatcher-6] INFO  Triggering cancellation of task code upscale0 (14/14)#0 (7c364d770be7fb6122304dc159ffb54f_7559af08559a2c7079a359b85b7edab5_13_0).
61726 [e2f0affed90bb4580c88f6e4db7d5c6b] Task [flink-pekko.actor.default-dispatcher-10] INFO  Attempting to cancel task upscale0 (4/14)#0 (7c364d770be7fb6122304dc159ffb54f_7559af08559a2c7079a359b85b7edab5_3_0).
61726 [e2f0affed90bb4580c88f6e4db7d5c6b] Task [flink-pekko.actor.default-dispatcher-10] INFO  upscale0 (4/14)#0 (7c364d770be7fb6122304dc159ffb54f_7559af08559a2c7079a359b85b7edab5_3_0) switched from RUNNING to CANCELING.
61726 [e2f0affed90bb4580c88f6e4db7d5c6b] Task [flink-pekko.actor.default-dispatcher-10] INFO  Triggering cancellation of task code upscale0 (4/14)#0 (7c364d770be7fb6122304dc159ffb54f_7559af08559a2c7079a359b85b7edab5_3_0).
61726 [e2f0affed90bb4580c88f6e4db7d5c6b] Task [upscale0 (5/14)#0] INFO  upscale0 (5/14)#0 (7c364d770be7fb6122304dc159ffb54f_7559af08559a2c7079a359b85b7edab5_4_0) switched from CANCELING to CANCELED.
61726 [e2f0affed90bb4580c88f6e4db7d5c6b] Task [upscale0 (5/14)#0] INFO  Freeing task resources for upscale0 (5/14)#0 (7c364d770be7fb6122304dc159ffb54f_7559af08559a2c7079a359b85b7edab5_4_0).
61726 [e2f0affed90bb4580c88f6e4db7d5c6b] Task [flink-pekko.actor.default-dispatcher-9] INFO  Attempting to cancel task upscale0 (6/14)#0 (7c364d770be7fb6122304dc159ffb54f_7559af08559a2c7079a359b85b7edab5_5_0).
61726 [e2f0affed90bb4580c88f6e4db7d5c6b] Task [flink-pekko.actor.default-dispatcher-9] INFO  upscale0 (6/14)#0 (7c364d770be7fb6122304dc159ffb54f_7559af08559a2c7079a359b85b7edab5_5_0) switched from RUNNING to CANCELING.
61726 [e2f0affed90bb4580c88f6e4db7d5c6b] Task [flink-pekko.actor.default-dispatcher-9] INFO  Triggering cancellation of task code upscale0 (6/14)#0 (7c364d770be7fb6122304dc159ffb54f_7559af08559a2c7079a359b85b7edab5_5_0).
61726 [e2f0affed90bb4580c88f6e4db7d5c6b] Task [upscale0 (4/14)#0] INFO  upscale0 (4/14)#0 (7c364d770be7fb6122304dc159ffb54f_7559af08559a2c7079a359b85b7edab5_3_0) switched from CANCELING to CANCELED.
61726 [e2f0affed90bb4580c88f6e4db7d5c6b] Task [upscale0 (14/14)#0] INFO  upscale0 (14/14)#0 (7c364d770be7fb6122304dc159ffb54f_7559af08559a2c7079a359b85b7edab5_13_0) switched from CANCELING to CANCELED.
61726 [e2f0affed90bb4580c88f6e4db7d5c6b] Task [upscale0 (4/14)#0] INFO  Freeing task resources for upscale0 (4/14)#0 (7c364d770be7fb6122304dc159ffb54f_7559af08559a2c7079a359b85b7edab5_3_0).
61726 [e2f0affed90bb4580c88f6e4db7d5c6b] Task [upscale0 (14/14)#0] INFO  Freeing task resources for upscale0 (14/14)#0 (7c364d770be7fb6122304dc159ffb54f_7559af08559a2c7079a359b85b7edab5_13_0).
61726 [e2f0affed90bb4580c88f6e4db7d5c6b] Task [upscale0 (6/14)#0] INFO  upscale0 (6/14)#0 (7c364d770be7fb6122304dc159ffb54f_7559af08559a2c7079a359b85b7edab5_5_0) switched from CANCELING to CANCELED.
61726 [e2f0affed90bb4580c88f6e4db7d5c6b] Task [upscale0 (6/14)#0] INFO  Freeing task resources for upscale0 (6/14)#0 (7c364d770be7fb6122304dc159ffb54f_7559af08559a2c7079a359b85b7edab5_5_0).
61726 [e2f0affed90bb4580c88f6e4db7d5c6b] Task [flink-pekko.actor.default-dispatcher-9] INFO  Attempting to cancel task upscale0 (9/14)#0 (7c364d770be7fb6122304dc159ffb54f_7559af08559a2c7079a359b85b7edab5_8_0).
61726 [e2f0affed90bb4580c88f6e4db7d5c6b] Task [flink-pekko.actor.default-dispatcher-9] INFO  upscale0 (9/14)#0 (7c364d770be7fb6122304dc159ffb54f_7559af08559a2c7079a359b85b7edab5_8_0) switched from RUNNING to CANCELING.
61726 [e2f0affed90bb4580c88f6e4db7d5c6b] Task [flink-pekko.actor.default-dispatcher-9] INFO  Triggering cancellation of task code upscale0 (9/14)#0 (7c364d770be7fb6122304dc159ffb54f_7559af08559a2c7079a359b85b7edab5_8_0).
61726 [e2f0affed90bb4580c88f6e4db7d5c6b] Task [flink-pekko.actor.default-dispatcher-10] INFO  Attempting to cancel task upscale0 (7/14)#0 (7c364d770be7fb6122304dc159ffb54f_7559af08559a2c7079a359b85b7edab5_6_0).
61726 [e2f0affed90bb4580c88f6e4db7d5c6b] Task [flink-pekko.actor.default-dispatcher-10] INFO  upscale0 (7/14)#0 (7c364d770be7fb6122304dc159ffb54f_7559af08559a2c7079a359b85b7edab5_6_0) switched from RUNNING to CANCELING.
61726 [e2f0affed90bb4580c88f6e4db7d5c6b] Task [flink-pekko.actor.default-dispatcher-10] INFO  Triggering cancellation of task code upscale0 (7/14)#0 (7c364d770be7fb6122304dc159ffb54f_7559af08559a2c7079a359b85b7edab5_6_0).
61726 [e2f0affed90bb4580c88f6e4db7d5c6b] Task [upscale0 (7/14)#0] INFO  upscale0 (7/14)#0 (7c364d770be7fb6122304dc159ffb54f_7559af08559a2c7079a359b85b7edab5_6_0) switched from CANCELING to CANCELED.
61726 [e2f0affed90bb4580c88f6e4db7d5c6b] Task [upscale0 (7/14)#0] INFO  Freeing task resources for upscale0 (7/14)#0 (7c364d770be7fb6122304dc159ffb54f_7559af08559a2c7079a359b85b7edab5_6_0).
61727 [e2f0affed90bb4580c88f6e4db7d5c6b] Task [flink-pekko.actor.default-dispatcher-6] INFO  Attempting to cancel task downscale0 (1/8)#0 (7c364d770be7fb6122304dc159ffb54f_579c351891399448b6165717925f2b21_0_0).
61727 [e2f0affed90bb4580c88f6e4db7d5c6b] Task [flink-pekko.actor.default-dispatcher-6] INFO  downscale0 (1/8)#0 (7c364d770be7fb6122304dc159ffb54f_579c351891399448b6165717925f2b21_0_0) switched from RUNNING to CANCELING.
61727 [e2f0affed90bb4580c88f6e4db7d5c6b] Task [flink-pekko.actor.default-dispatcher-6] INFO  Triggering cancellation of task code downscale0 (1/8)#0 (7c364d770be7fb6122304dc159ffb54f_579c351891399448b6165717925f2b21_0_0).
61727 [e2f0affed90bb4580c88f6e4db7d5c6b] Task [upscale0 (9/14)#0] INFO  upscale0 (9/14)#0 (7c364d770be7fb6122304dc159ffb54f_7559af08559a2c7079a359b85b7edab5_8_0) switched from CANCELING to CANCELED.
61727 [e2f0affed90bb4580c88f6e4db7d5c6b] Task [upscale0 (9/14)#0] INFO  Freeing task resources for upscale0 (9/14)#0 (7c364d770be7fb6122304dc159ffb54f_7559af08559a2c7079a359b85b7edab5_8_0).
61727 [e2f0affed90bb4580c88f6e4db7d5c6b] Task [flink-pekko.actor.default-dispatcher-10] INFO  Attempting to cancel task upscale0 (8/14)#0 (7c364d770be7fb6122304dc159ffb54f_7559af08559a2c7079a359b85b7edab5_7_0).
61727 [e2f0affed90bb4580c88f6e4db7d5c6b] Task [flink-pekko.actor.default-dispatcher-10] INFO  upscale0 (8/14)#0 (7c364d770be7fb6122304dc159ffb54f_7559af08559a2c7079a359b85b7edab5_7_0) switched from RUNNING to CANCELING.
61727 [e2f0affed90bb4580c88f6e4db7d5c6b] Task [flink-pekko.actor.default-dispatcher-10] INFO  Triggering cancellation of task code upscale0 (8/14)#0 (7c364d770be7fb6122304dc159ffb54f_7559af08559a2c7079a359b85b7edab5_7_0).
61727 [e2f0affed90bb4580c88f6e4db7d5c6b] Task [downscale0 (1/8)#0] INFO  downscale0 (1/8)#0 (7c364d770be7fb6122304dc159ffb54f_579c351891399448b6165717925f2b21_0_0) switched from CANCELING to CANCELED.
61727 [e2f0affed90bb4580c88f6e4db7d5c6b] Task [downscale0 (1/8)#0] INFO  Freeing task resources for downscale0 (1/8)#0 (7c364d770be7fb6122304dc159ffb54f_579c351891399448b6165717925f2b21_0_0).
61727 [e2f0affed90bb4580c88f6e4db7d5c6b] Task [upscale0 (8/14)#0] INFO  upscale0 (8/14)#0 (7c364d770be7fb6122304dc159ffb54f_7559af08559a2c7079a359b85b7edab5_7_0) switched from CANCELING to CANCELED.
61727 [e2f0affed90bb4580c88f6e4db7d5c6b] ChannelStateWriteRequestExecutorImpl [Channel state writer] INFO  discarding 1 drained requests
61727 [e2f0affed90bb4580c88f6e4db7d5c6b] Task [flink-pekko.actor.default-dispatcher-9] INFO  Attempting to cancel task upscale0 (10/14)#0 (7c364d770be7fb6122304dc159ffb54f_7559af08559a2c7079a359b85b7edab5_9_0).
61727 [e2f0affed90bb4580c88f6e4db7d5c6b] Task [flink-pekko.actor.default-dispatcher-9] INFO  upscale0 (10/14)#0 (7c364d770be7fb6122304dc159ffb54f_7559af08559a2c7079a359b85b7edab5_9_0) switched from RUNNING to CANCELING.
61727 [e2f0affed90bb4580c88f6e4db7d5c6b] Task [flink-pekko.actor.default-dispatcher-9] INFO  Triggering cancellation of task code upscale0 (10/14)#0 (7c364d770be7fb6122304dc159ffb54f_7559af08559a2c7079a359b85b7edab5_9_0).
61727 [e2f0affed90bb4580c88f6e4db7d5c6b] Task [upscale0 (8/14)#0] INFO  Freeing task resources for upscale0 (8/14)#0 (7c364d770be7fb6122304dc159ffb54f_7559af08559a2c7079a359b85b7edab5_7_0).
61727 [e2f0affed90bb4580c88f6e4db7d5c6b] Task [upscale0 (10/14)#0] INFO  upscale0 (10/14)#0 (7c364d770be7fb6122304dc159ffb54f_7559af08559a2c7079a359b85b7edab5_9_0) switched from CANCELING to CANCELED.
61727 [e2f0affed90bb4580c88f6e4db7d5c6b] Task [upscale0 (10/14)#0] INFO  Freeing task resources for upscale0 (10/14)#0 (7c364d770be7fb6122304dc159ffb54f_7559af08559a2c7079a359b85b7edab5_9_0).
61727 [e2f0affed90bb4580c88f6e4db7d5c6b] Task [flink-pekko.actor.default-dispatcher-6] INFO  Attempting to cancel task downscale0 (2/8)#0 (7c364d770be7fb6122304dc159ffb54f_579c351891399448b6165717925f2b21_1_0).
61727 [e2f0affed90bb4580c88f6e4db7d5c6b] Task [flink-pekko.actor.default-dispatcher-6] INFO  downscale0 (2/8)#0 (7c364d770be7fb6122304dc159ffb54f_579c351891399448b6165717925f2b21_1_0) switched from RUNNING to CANCELING.
61727 [e2f0affed90bb4580c88f6e4db7d5c6b] Task [flink-pekko.actor.default-dispatcher-6] INFO  Triggering cancellation of task code downscale0 (2/8)#0 (7c364d770be7fb6122304dc159ffb54f_579c351891399448b6165717925f2b21_1_0).
61727 [e2f0affed90bb4580c88f6e4db7d5c6b] Task [flink-pekko.actor.default-dispatcher-10] INFO  Attempting to cancel task upscale0 (12/14)#0 (7c364d770be7fb6122304dc159ffb54f_7559af08559a2c7079a359b85b7edab5_11_0).
61727 [e2f0affed90bb4580c88f6e4db7d5c6b] Task [flink-pekko.actor.default-dispatcher-10] INFO  upscale0 (12/14)#0 (7c364d770be7fb6122304dc159ffb54f_7559af08559a2c7079a359b85b7edab5_11_0) switched from RUNNING to CANCELING.
61727 [e2f0affed90bb4580c88f6e4db7d5c6b] Task [flink-pekko.actor.default-dispatcher-10] INFO  Triggering cancellation of task code upscale0 (12/14)#0 (7c364d770be7fb6122304dc159ffb54f_7559af08559a2c7079a359b85b7edab5_11_0).
61727 [e2f0affed90bb4580c88f6e4db7d5c6b] ChannelStateWriteRequestExecutorImpl [Channel state writer] INFO  discarding 1 drained requests
61728 [e2f0affed90bb4580c88f6e4db7d5c6b] Task [flink-pekko.actor.default-dispatcher-9] INFO  Attempting to cancel task upscale0 (11/14)#0 (7c364d770be7fb6122304dc159ffb54f_7559af08559a2c7079a359b85b7edab5_10_0).
61728 [e2f0affed90bb4580c88f6e4db7d5c6b] Task [flink-pekko.actor.default-dispatcher-9] INFO  upscale0 (11/14)#0 (7c364d770be7fb6122304dc159ffb54f_7559af08559a2c7079a359b85b7edab5_10_0) switched from RUNNING to CANCELING.
61728 [e2f0affed90bb4580c88f6e4db7d5c6b] Task [flink-pekko.actor.default-dispatcher-9] INFO  Triggering cancellation of task code upscale0 (11/14)#0 (7c364d770be7fb6122304dc159ffb54f_7559af08559a2c7079a359b85b7edab5_10_0).
61728 [e2f0affed90bb4580c88f6e4db7d5c6b] Task [upscale0 (12/14)#0] INFO  upscale0 (12/14)#0 (7c364d770be7fb6122304dc159ffb54f_7559af08559a2c7079a359b85b7edab5_11_0) switched from CANCELING to CANCELED.
61728 [e2f0affed90bb4580c88f6e4db7d5c6b] Task [upscale0 (12/14)#0] INFO  Freeing task resources for upscale0 (12/14)#0 (7c364d770be7fb6122304dc159ffb54f_7559af08559a2c7079a359b85b7edab5_11_0).
61728 [e2f0affed90bb4580c88f6e4db7d5c6b] Task [downscale0 (2/8)#0] INFO  downscale0 (2/8)#0 (7c364d770be7fb6122304dc159ffb54f_579c351891399448b6165717925f2b21_1_0) switched from CANCELING to CANCELED.
61728 [e2f0affed90bb4580c88f6e4db7d5c6b] Task [downscale0 (2/8)#0] INFO  Freeing task resources for downscale0 (2/8)#0 (7c364d770be7fb6122304dc159ffb54f_579c351891399448b6165717925f2b21_1_0).
61728 [e2f0affed90bb4580c88f6e4db7d5c6b] ChannelStateWriteRequestExecutorImpl [Channel state writer] INFO  discarding 1 drained requests
61728 [e2f0affed90bb4580c88f6e4db7d5c6b] Task [flink-pekko.actor.default-dispatcher-10] INFO  Attempting to cancel task downscale0 (3/8)#0 (7c364d770be7fb6122304dc159ffb54f_579c351891399448b6165717925f2b21_2_0).
61728 [e2f0affed90bb4580c88f6e4db7d5c6b] Task [flink-pekko.actor.default-dispatcher-10] INFO  downscale0 (3/8)#0 (7c364d770be7fb6122304dc159ffb54f_579c351891399448b6165717925f2b21_2_0) switched from RUNNING to CANCELING.
61728 [e2f0affed90bb4580c88f6e4db7d5c6b] Task [flink-pekko.actor.default-dispatcher-10] INFO  Triggering cancellation of task code downscale0 (3/8)#0 (7c364d770be7fb6122304dc159ffb54f_579c351891399448b6165717925f2b21_2_0).
61728 [e2f0affed90bb4580c88f6e4db7d5c6b] Task [downscale0 (3/8)#0] INFO  downscale0 (3/8)#0 (7c364d770be7fb6122304dc159ffb54f_579c351891399448b6165717925f2b21_2_0) switched from CANCELING to CANCELED.
61728 [e2f0affed90bb4580c88f6e4db7d5c6b] Task [upscale0 (11/14)#0] INFO  upscale0 (11/14)#0 (7c364d770be7fb6122304dc159ffb54f_7559af08559a2c7079a359b85b7edab5_10_0) switched from CANCELING to CANCELED.
61728 [e2f0affed90bb4580c88f6e4db7d5c6b] Task [downscale0 (3/8)#0] INFO  Freeing task resources for downscale0 (3/8)#0 (7c364d770be7fb6122304dc159ffb54f_579c351891399448b6165717925f2b21_2_0).
61728 [e2f0affed90bb4580c88f6e4db7d5c6b] Task [upscale0 (11/14)#0] INFO  Freeing task resources for upscale0 (11/14)#0 (7c364d770be7fb6122304dc159ffb54f_7559af08559a2c7079a359b85b7edab5_10_0).
61728 [e2f0affed90bb4580c88f6e4db7d5c6b] Task [flink-pekko.actor.default-dispatcher-10] INFO  Attempting to cancel task downscale0 (4/8)#0 (7c364d770be7fb6122304dc159ffb54f_579c351891399448b6165717925f2b21_3_0).
61728 [e2f0affed90bb4580c88f6e4db7d5c6b] Task [flink-pekko.actor.default-dispatcher-10] INFO  downscale0 (4/8)#0 (7c364d770be7fb6122304dc159ffb54f_579c351891399448b6165717925f2b21_3_0) switched from RUNNING to CANCELING.
61728 [e2f0affed90bb4580c88f6e4db7d5c6b] Task [flink-pekko.actor.default-dispatcher-10] INFO  Triggering cancellation of task code downscale0 (4/8)#0 (7c364d770be7fb6122304dc159ffb54f_579c351891399448b6165717925f2b21_3_0).
61728 [e2f0affed90bb4580c88f6e4db7d5c6b] Task [flink-pekko.actor.default-dispatcher-6] INFO  Attempting to cancel task keyby0 (1/7)#0 (7c364d770be7fb6122304dc159ffb54f_e32648f4a493dd25fdd7d9c66c500390_0_0).
61728 [e2f0affed90bb4580c88f6e4db7d5c6b] Task [flink-pekko.actor.default-dispatcher-6] INFO  keyby0 (1/7)#0 (7c364d770be7fb6122304dc159ffb54f_e32648f4a493dd25fdd7d9c66c500390_0_0) switched from RUNNING to CANCELING.
61728 [e2f0affed90bb4580c88f6e4db7d5c6b] Task [flink-pekko.actor.default-dispatcher-6] INFO  Triggering cancellation of task code keyby0 (1/7)#0 (7c364d770be7fb6122304dc159ffb54f_e32648f4a493dd25fdd7d9c66c500390_0_0).
61728 [e2f0affed90bb4580c88f6e4db7d5c6b] Task [keyby0 (1/7)#0] INFO  keyby0 (1/7)#0 (7c364d770be7fb6122304dc159ffb54f_e32648f4a493dd25fdd7d9c66c500390_0_0) switched from CANCELING to CANCELED.
61728 [e2f0affed90bb4580c88f6e4db7d5c6b] Task [keyby0 (1/7)#0] INFO  Freeing task resources for keyby0 (1/7)#0 (7c364d770be7fb6122304dc159ffb54f_e32648f4a493dd25fdd7d9c66c500390_0_0).
61729 [e2f0affed90bb4580c88f6e4db7d5c6b] Task [downscale0 (4/8)#0] INFO  downscale0 (4/8)#0 (7c364d770be7fb6122304dc159ffb54f_579c351891399448b6165717925f2b21_3_0) switched from CANCELING to CANCELED.
61729 [e2f0affed90bb4580c88f6e4db7d5c6b] Task [flink-pekko.actor.default-dispatcher-9] INFO  Attempting to cancel task downscale0 (5/8)#0 (7c364d770be7fb6122304dc159ffb54f_579c351891399448b6165717925f2b21_4_0).
61729 [e2f0affed90bb4580c88f6e4db7d5c6b] Task [flink-pekko.actor.default-dispatcher-9] INFO  downscale0 (5/8)#0 (7c364d770be7fb6122304dc159ffb54f_579c351891399448b6165717925f2b21_4_0) switched from RUNNING to CANCELING.
61729 [e2f0affed90bb4580c88f6e4db7d5c6b] Task [flink-pekko.actor.default-dispatcher-9] INFO  Triggering cancellation of task code downscale0 (5/8)#0 (7c364d770be7fb6122304dc159ffb54f_579c351891399448b6165717925f2b21_4_0).
61729 [e2f0affed90bb4580c88f6e4db7d5c6b] Task [downscale0 (4/8)#0] INFO  Freeing task resources for downscale0 (4/8)#0 (7c364d770be7fb6122304dc159ffb54f_579c351891399448b6165717925f2b21_3_0).
61729 [e2f0affed90bb4580c88f6e4db7d5c6b] Task [downscale0 (5/8)#0] INFO  downscale0 (5/8)#0 (7c364d770be7fb6122304dc159ffb54f_579c351891399448b6165717925f2b21_4_0) switched from CANCELING to CANCELED.
61729 [e2f0affed90bb4580c88f6e4db7d5c6b] Task [downscale0 (5/8)#0] INFO  Freeing task resources for downscale0 (5/8)#0 (7c364d770be7fb6122304dc159ffb54f_579c351891399448b6165717925f2b21_4_0).
61729 [e2f0affed90bb4580c88f6e4db7d5c6b] Task [flink-pekko.actor.default-dispatcher-10] INFO  Attempting to cancel task downscale0 (7/8)#0 (7c364d770be7fb6122304dc159ffb54f_579c351891399448b6165717925f2b21_6_0).
61729 [e2f0affed90bb4580c88f6e4db7d5c6b] Task [flink-pekko.actor.default-dispatcher-10] INFO  downscale0 (7/8)#0 (7c364d770be7fb6122304dc159ffb54f_579c351891399448b6165717925f2b21_6_0) switched from RUNNING to CANCELING.
61729 [e2f0affed90bb4580c88f6e4db7d5c6b] Task [flink-pekko.actor.default-dispatcher-10] INFO  Triggering cancellation of task code downscale0 (7/8)#0 (7c364d770be7fb6122304dc159ffb54f_579c351891399448b6165717925f2b21_6_0).
61729 [e2f0affed90bb4580c88f6e4db7d5c6b] Task [flink-pekko.actor.default-dispatcher-9] INFO  Attempting to cancel task downscale0 (6/8)#0 (7c364d770be7fb6122304dc159ffb54f_579c351891399448b6165717925f2b21_5_0).
61729 [e2f0affed90bb4580c88f6e4db7d5c6b] Task [flink-pekko.actor.default-dispatcher-9] INFO  downscale0 (6/8)#0 (7c364d770be7fb6122304dc159ffb54f_579c351891399448b6165717925f2b21_5_0) switched from RUNNING to CANCELING.
61729 [e2f0affed90bb4580c88f6e4db7d5c6b] Task [flink-pekko.actor.default-dispatcher-9] INFO  Triggering cancellation of task code downscale0 (6/8)#0 (7c364d770be7fb6122304dc159ffb54f_579c351891399448b6165717925f2b21_5_0).
61729 [e2f0affed90bb4580c88f6e4db7d5c6b] Task [downscale0 (6/8)#0] INFO  downscale0 (6/8)#0 (7c364d770be7fb6122304dc159ffb54f_579c351891399448b6165717925f2b21_5_0) switched from CANCELING to CANCELED.
61729 [e2f0affed90bb4580c88f6e4db7d5c6b] Task [flink-pekko.actor.default-dispatcher-6] INFO  Attempting to cancel task keyby0 (2/7)#0 (7c364d770be7fb6122304dc159ffb54f_e32648f4a493dd25fdd7d9c66c500390_1_0).
61729 [e2f0affed90bb4580c88f6e4db7d5c6b] Task [flink-pekko.actor.default-dispatcher-6] INFO  keyby0 (2/7)#0 (7c364d770be7fb6122304dc159ffb54f_e32648f4a493dd25fdd7d9c66c500390_1_0) switched from RUNNING to CANCELING.
61729 [e2f0affed90bb4580c88f6e4db7d5c6b] Task [downscale0 (7/8)#0] INFO  downscale0 (7/8)#0 (7c364d770be7fb6122304dc159ffb54f_579c351891399448b6165717925f2b21_6_0) switched from CANCELING to CANCELED.
61729 [e2f0affed90bb4580c88f6e4db7d5c6b] Task [flink-pekko.actor.default-dispatcher-6] INFO  Triggering cancellation of task code keyby0 (2/7)#0 (7c364d770be7fb6122304dc159ffb54f_e32648f4a493dd25fdd7d9c66c500390_1_0).
61729 [e2f0affed90bb4580c88f6e4db7d5c6b] Task [downscale0 (6/8)#0] INFO  Freeing task resources for downscale0 (6/8)#0 (7c364d770be7fb6122304dc159ffb54f_579c351891399448b6165717925f2b21_5_0).
61729 [e2f0affed90bb4580c88f6e4db7d5c6b] Task [downscale0 (7/8)#0] INFO  Freeing task resources for downscale0 (7/8)#0 (7c364d770be7fb6122304dc159ffb54f_579c351891399448b6165717925f2b21_6_0).
61730 [e2f0affed90bb4580c88f6e4db7d5c6b] Task [flink-pekko.actor.default-dispatcher-10] INFO  Attempting to cancel task downscale0 (8/8)#0 (7c364d770be7fb6122304dc159ffb54f_579c351891399448b6165717925f2b21_7_0).
61730 [e2f0affed90bb4580c88f6e4db7d5c6b] Task [flink-pekko.actor.default-dispatcher-10] INFO  downscale0 (8/8)#0 (7c364d770be7fb6122304dc159ffb54f_579c351891399448b6165717925f2b21_7_0) switched from RUNNING to CANCELING.
61730 [e2f0affed90bb4580c88f6e4db7d5c6b] Task [flink-pekko.actor.default-dispatcher-10] INFO  Triggering cancellation of task code downscale0 (8/8)#0 (7c364d770be7fb6122304dc159ffb54f_579c351891399448b6165717925f2b21_7_0).
61730 [e2f0affed90bb4580c88f6e4db7d5c6b] Task [downscale0 (8/8)#0] INFO  downscale0 (8/8)#0 (7c364d770be7fb6122304dc159ffb54f_579c351891399448b6165717925f2b21_7_0) switched from CANCELING to CANCELED.
61730 [e2f0affed90bb4580c88f6e4db7d5c6b] Task [downscale0 (8/8)#0] INFO  Freeing task resources for downscale0 (8/8)#0 (7c364d770be7fb6122304dc159ffb54f_579c351891399448b6165717925f2b21_7_0).
61730 [e2f0affed90bb4580c88f6e4db7d5c6b] Task [keyby0 (2/7)#0] INFO  keyby0 (2/7)#0 (7c364d770be7fb6122304dc159ffb54f_e32648f4a493dd25fdd7d9c66c500390_1_0) switched from CANCELING to CANCELED.
61730 [e2f0affed90bb4580c88f6e4db7d5c6b] Task [keyby0 (2/7)#0] INFO  Freeing task resources for keyby0 (2/7)#0 (7c364d770be7fb6122304dc159ffb54f_e32648f4a493dd25fdd7d9c66c500390_1_0).
61730 [e2f0affed90bb4580c88f6e4db7d5c6b] Task [flink-pekko.actor.default-dispatcher-9] INFO  Attempting to cancel task keyby0 (5/7)#0 (7c364d770be7fb6122304dc159ffb54f_e32648f4a493dd25fdd7d9c66c500390_4_0).
61730 [e2f0affed90bb4580c88f6e4db7d5c6b] Task [flink-pekko.actor.default-dispatcher-9] INFO  keyby0 (5/7)#0 (7c364d770be7fb6122304dc159ffb54f_e32648f4a493dd25fdd7d9c66c500390_4_0) switched from RUNNING to CANCELING.
61730 [e2f0affed90bb4580c88f6e4db7d5c6b] Task [flink-pekko.actor.default-dispatcher-9] INFO  Triggering cancellation of task code keyby0 (5/7)#0 (7c364d770be7fb6122304dc159ffb54f_e32648f4a493dd25fdd7d9c66c500390_4_0).
61730 [e2f0affed90bb4580c88f6e4db7d5c6b] Task [flink-pekko.actor.default-dispatcher-10] INFO  Attempting to cancel task keyby0 (3/7)#0 (7c364d770be7fb6122304dc159ffb54f_e32648f4a493dd25fdd7d9c66c500390_2_0).
61730 [e2f0affed90bb4580c88f6e4db7d5c6b] Task [flink-pekko.actor.default-dispatcher-10] INFO  keyby0 (3/7)#0 (7c364d770be7fb6122304dc159ffb54f_e32648f4a493dd25fdd7d9c66c500390_2_0) switched from RUNNING to CANCELING.
61730 [e2f0affed90bb4580c88f6e4db7d5c6b] Task [flink-pekko.actor.default-dispatcher-10] INFO  Triggering cancellation of task code keyby0 (3/7)#0 (7c364d770be7fb6122304dc159ffb54f_e32648f4a493dd25fdd7d9c66c500390_2_0).
61730 [e2f0affed90bb4580c88f6e4db7d5c6b] Task [keyby0 (3/7)#0] INFO  keyby0 (3/7)#0 (7c364d770be7fb6122304dc159ffb54f_e32648f4a493dd25fdd7d9c66c500390_2_0) switched from CANCELING to CANCELED.
61730 [e2f0affed90bb4580c88f6e4db7d5c6b] Task [keyby0 (3/7)#0] INFO  Freeing task resources for keyby0 (3/7)#0 (7c364d770be7fb6122304dc159ffb54f_e32648f4a493dd25fdd7d9c66c500390_2_0).
61730 [e2f0affed90bb4580c88f6e4db7d5c6b] Task [flink-pekko.actor.default-dispatcher-6] INFO  Attempting to cancel task rescale0 (1/10)#0 (7c364d770be7fb6122304dc159ffb54f_7b4c6fe4c6df355e1ed86e978ba4a96e_0_0).
61730 [e2f0affed90bb4580c88f6e4db7d5c6b] Task [flink-pekko.actor.default-dispatcher-6] INFO  rescale0 (1/10)#0 (7c364d770be7fb6122304dc159ffb54f_7b4c6fe4c6df355e1ed86e978ba4a96e_0_0) switched from RUNNING to CANCELING.
61730 [e2f0affed90bb4580c88f6e4db7d5c6b] Task [flink-pekko.actor.default-dispatcher-6] INFO  Triggering cancellation of task code rescale0 (1/10)#0 (7c364d770be7fb6122304dc159ffb54f_7b4c6fe4c6df355e1ed86e978ba4a96e_0_0).
61730 [e2f0affed90bb4580c88f6e4db7d5c6b] ChannelStateWriteRequestExecutorImpl [Channel state writer] INFO  discarding 1 drained requests
61730 [e2f0affed90bb4580c88f6e4db7d5c6b] Task [rescale0 (1/10)#0] INFO  rescale0 (1/10)#0 (7c364d770be7fb6122304dc159ffb54f_7b4c6fe4c6df355e1ed86e978ba4a96e_0_0) switched from CANCELING to CANCELED.
61730 [e2f0affed90bb4580c88f6e4db7d5c6b] Task [rescale0 (1/10)#0] INFO  Freeing task resources for rescale0 (1/10)#0 (7c364d770be7fb6122304dc159ffb54f_7b4c6fe4c6df355e1ed86e978ba4a96e_0_0).
61730 [e2f0affed90bb4580c88f6e4db7d5c6b] ChannelStateWriteRequestExecutorImpl [Channel state writer] INFO  discarding 1 drained requests
61730 [e2f0affed90bb4580c88f6e4db7d5c6b] Task [flink-pekko.actor.default-dispatcher-10] INFO  Attempting to cancel task keyby0 (4/7)#0 (7c364d770be7fb6122304dc159ffb54f_e32648f4a493dd25fdd7d9c66c500390_3_0).
61730 [e2f0affed90bb4580c88f6e4db7d5c6b] Task [flink-pekko.actor.default-dispatcher-10] INFO  keyby0 (4/7)#0 (7c364d770be7fb6122304dc159ffb54f_e32648f4a493dd25fdd7d9c66c500390_3_0) switched from RUNNING to CANCELING.
61730 [e2f0affed90bb4580c88f6e4db7d5c6b] Task [flink-pekko.actor.default-dispatcher-10] INFO  Triggering cancellation of task code keyby0 (4/7)#0 (7c364d770be7fb6122304dc159ffb54f_e32648f4a493dd25fdd7d9c66c500390_3_0).
61730 [e2f0affed90bb4580c88f6e4db7d5c6b] Task [keyby0 (5/7)#0] INFO  keyby0 (5/7)#0 (7c364d770be7fb6122304dc159ffb54f_e32648f4a493dd25fdd7d9c66c500390_4_0) switched from CANCELING to CANCELED.
61730 [e2f0affed90bb4580c88f6e4db7d5c6b] Task [keyby0 (5/7)#0] INFO  Freeing task resources for keyby0 (5/7)#0 (7c364d770be7fb6122304dc159ffb54f_e32648f4a493dd25fdd7d9c66c500390_4_0).
61730 [e2f0affed90bb4580c88f6e4db7d5c6b] Task [keyby0 (4/7)#0] INFO  keyby0 (4/7)#0 (7c364d770be7fb6122304dc159ffb54f_e32648f4a493dd25fdd7d9c66c500390_3_0) switched from CANCELING to CANCELED.
61731 [e2f0affed90bb4580c88f6e4db7d5c6b] Task [keyby0 (4/7)#0] INFO  Freeing task resources for keyby0 (4/7)#0 (7c364d770be7fb6122304dc159ffb54f_e32648f4a493dd25fdd7d9c66c500390_3_0).
61731 [e2f0affed90bb4580c88f6e4db7d5c6b] Task [flink-pekko.actor.default-dispatcher-6] INFO  Attempting to cancel task rescale0 (3/10)#0 (7c364d770be7fb6122304dc159ffb54f_7b4c6fe4c6df355e1ed86e978ba4a96e_2_0).
61731 [e2f0affed90bb4580c88f6e4db7d5c6b] Task [flink-pekko.actor.default-dispatcher-6] INFO  rescale0 (3/10)#0 (7c364d770be7fb6122304dc159ffb54f_7b4c6fe4c6df355e1ed86e978ba4a96e_2_0) switched from RUNNING to CANCELING.
61731 [e2f0affed90bb4580c88f6e4db7d5c6b] Task [flink-pekko.actor.default-dispatcher-6] INFO  Triggering cancellation of task code rescale0 (3/10)#0 (7c364d770be7fb6122304dc159ffb54f_7b4c6fe4c6df355e1ed86e978ba4a96e_2_0).
61731 [e2f0affed90bb4580c88f6e4db7d5c6b] Task [rescale0 (3/10)#0] INFO  rescale0 (3/10)#0 (7c364d770be7fb6122304dc159ffb54f_7b4c6fe4c6df355e1ed86e978ba4a96e_2_0) switched from CANCELING to CANCELED.
61731 [e2f0affed90bb4580c88f6e4db7d5c6b] Task [flink-pekko.actor.default-dispatcher-6] INFO  Attempting to cancel task failing-map (3/7)#0 (7c364d770be7fb6122304dc159ffb54f_b8c789ec3a44294cb45da029ffe0e6fd_2_0).
61731 [e2f0affed90bb4580c88f6e4db7d5c6b] Task [flink-pekko.actor.default-dispatcher-6] INFO  failing-map (3/7)#0 (7c364d770be7fb6122304dc159ffb54f_b8c789ec3a44294cb45da029ffe0e6fd_2_0) switched from RUNNING to CANCELING.
61731 [e2f0affed90bb4580c88f6e4db7d5c6b] Task [flink-pekko.actor.default-dispatcher-6] INFO  Triggering cancellation of task code failing-map (3/7)#0 (7c364d770be7fb6122304dc159ffb54f_b8c789ec3a44294cb45da029ffe0e6fd_2_0).
61731 [e2f0affed90bb4580c88f6e4db7d5c6b] Task [rescale0 (3/10)#0] INFO  Freeing task resources for rescale0 (3/10)#0 (7c364d770be7fb6122304dc159ffb54f_7b4c6fe4c6df355e1ed86e978ba4a96e_2_0).
61731 [e2f0affed90bb4580c88f6e4db7d5c6b] Task [flink-pekko.actor.default-dispatcher-10] INFO  Attempting to cancel task keyby0 (7/7)#0 (7c364d770be7fb6122304dc159ffb54f_e32648f4a493dd25fdd7d9c66c500390_6_0).
61731 [e2f0affed90bb4580c88f6e4db7d5c6b] Task [flink-pekko.actor.default-dispatcher-10] INFO  keyby0 (7/7)#0 (7c364d770be7fb6122304dc159ffb54f_e32648f4a493dd25fdd7d9c66c500390_6_0) switched from RUNNING to CANCELING.
61731 [e2f0affed90bb4580c88f6e4db7d5c6b] Task [flink-pekko.actor.default-dispatcher-10] INFO  Triggering cancellation of task code keyby0 (7/7)#0 (7c364d770be7fb6122304dc159ffb54f_e32648f4a493dd25fdd7d9c66c500390_6_0).
61731 [e2f0affed90bb4580c88f6e4db7d5c6b] Task [flink-pekko.actor.default-dispatcher-9] INFO  Attempting to cancel task keyby0 (6/7)#0 (7c364d770be7fb6122304dc159ffb54f_e32648f4a493dd25fdd7d9c66c500390_5_0).
61731 [e2f0affed90bb4580c88f6e4db7d5c6b] Task [flink-pekko.actor.default-dispatcher-9] INFO  keyby0 (6/7)#0 (7c364d770be7fb6122304dc159ffb54f_e32648f4a493dd25fdd7d9c66c500390_5_0) switched from RUNNING to CANCELING.
61731 [e2f0affed90bb4580c88f6e4db7d5c6b] Task [flink-pekko.actor.default-dispatcher-9] INFO  Triggering cancellation of task code keyby0 (6/7)#0 (7c364d770be7fb6122304dc159ffb54f_e32648f4a493dd25fdd7d9c66c500390_5_0).
61731 [e2f0affed90bb4580c88f6e4db7d5c6b] Task [keyby0 (7/7)#0] INFO  keyby0 (7/7)#0 (7c364d770be7fb6122304dc159ffb54f_e32648f4a493dd25fdd7d9c66c500390_6_0) switched from CANCELING to CANCELED.
61731 [e2f0affed90bb4580c88f6e4db7d5c6b] Task [failing-map (3/7)#0] INFO  failing-map (3/7)#0 (7c364d770be7fb6122304dc159ffb54f_b8c789ec3a44294cb45da029ffe0e6fd_2_0) switched from CANCELING to CANCELED.
61731 [e2f0affed90bb4580c88f6e4db7d5c6b] Task [keyby0 (7/7)#0] INFO  Freeing task resources for keyby0 (7/7)#0 (7c364d770be7fb6122304dc159ffb54f_e32648f4a493dd25fdd7d9c66c500390_6_0).
61731 [e2f0affed90bb4580c88f6e4db7d5c6b] Task [failing-map (3/7)#0] INFO  Freeing task resources for failing-map (3/7)#0 (7c364d770be7fb6122304dc159ffb54f_b8c789ec3a44294cb45da029ffe0e6fd_2_0).
61731 [e2f0affed90bb4580c88f6e4db7d5c6b] Task [keyby0 (6/7)#0] INFO  keyby0 (6/7)#0 (7c364d770be7fb6122304dc159ffb54f_e32648f4a493dd25fdd7d9c66c500390_5_0) switched from CANCELING to CANCELED.
61731 [e2f0affed90bb4580c88f6e4db7d5c6b] Task [keyby0 (6/7)#0] INFO  Freeing task resources for keyby0 (6/7)#0 (7c364d770be7fb6122304dc159ffb54f_e32648f4a493dd25fdd7d9c66c500390_5_0).
61731 [e2f0affed90bb4580c88f6e4db7d5c6b] Task [flink-pekko.actor.default-dispatcher-10] INFO  Attempting to cancel task rescale0 (2/10)#0 (7c364d770be7fb6122304dc159ffb54f_7b4c6fe4c6df355e1ed86e978ba4a96e_1_0).
61731 [e2f0affed90bb4580c88f6e4db7d5c6b] Task [flink-pekko.actor.default-dispatcher-10] INFO  rescale0 (2/10)#0 (7c364d770be7fb6122304dc159ffb54f_7b4c6fe4c6df355e1ed86e978ba4a96e_1_0) switched from RUNNING to CANCELING.
61731 [e2f0affed90bb4580c88f6e4db7d5c6b] Task [flink-pekko.actor.default-dispatcher-10] INFO  Triggering cancellation of task code rescale0 (2/10)#0 (7c364d770be7fb6122304dc159ffb54f_7b4c6fe4c6df355e1ed86e978ba4a96e_1_0).
61731 [e2f0affed90bb4580c88f6e4db7d5c6b] ChannelStateWriteRequestExecutorImpl [Channel state writer] INFO  discarding 1 drained requests
61732 [e2f0affed90bb4580c88f6e4db7d5c6b] Task [flink-pekko.actor.default-dispatcher-6] INFO  Attempting to cancel task Sink: sink (1/1)#0 (7c364d770be7fb6122304dc159ffb54f_2e588ce1c86a9d46e2e85186773ce4fd_0_0).
61732 [e2f0affed90bb4580c88f6e4db7d5c6b] Task [flink-pekko.actor.default-dispatcher-6] INFO  Sink: sink (1/1)#0 (7c364d770be7fb6122304dc159ffb54f_2e588ce1c86a9d46e2e85186773ce4fd_0_0) switched from RUNNING to CANCELING.
61732 [e2f0affed90bb4580c88f6e4db7d5c6b] Task [flink-pekko.actor.default-dispatcher-6] INFO  Triggering cancellation of task code Sink: sink (1/1)#0 (7c364d770be7fb6122304dc159ffb54f_2e588ce1c86a9d46e2e85186773ce4fd_0_0).
61732 [e2f0affed90bb4580c88f6e4db7d5c6b] Task [Sink: sink (1/1)#0] INFO  Sink: sink (1/1)#0 (7c364d770be7fb6122304dc159ffb54f_2e588ce1c86a9d46e2e85186773ce4fd_0_0) switched from CANCELING to CANCELED.
61732 [                                ] TaskExecutor [flink-pekko.actor.default-dispatcher-6] INFO  Un-registering task and sending final execution state CANCELED to JobManager for task Source: source0 -> input-filter0 -> input-counter0 (1/7)#0 7c364d770be7fb6122304dc159ffb54f_3e9b902627593008a6d790e9aeca7953_0_0.
61732 [e2f0affed90bb4580c88f6e4db7d5c6b] UnalignedCheckpointTestBase [Sink: sink (1/1)#0] INFO  Last state StateBase{numOutOfOrderness=0, numLostValues=72710, numDuplicates=0, numOutput=186019, completedCheckpoints=5} @ 0 subtask (0 attempt)
61732 [e2f0affed90bb4580c88f6e4db7d5c6b] Task [Sink: sink (1/1)#0] INFO  Freeing task resources for Sink: sink (1/1)#0 (7c364d770be7fb6122304dc159ffb54f_2e588ce1c86a9d46e2e85186773ce4fd_0_0).
61732 [                                ] TaskExecutor [flink-pekko.actor.default-dispatcher-6] INFO  Un-registering task and sending final execution state CANCELED to JobManager for task global0 (1/7)#0 7c364d770be7fb6122304dc159ffb54f_4eca6edb63b17eb77deb9de060a699d1_0_0.
61732 [                                ] TaskExecutor [flink-pekko.actor.default-dispatcher-6] INFO  Un-registering task and sending final execution state CANCELED to JobManager for task Source: source0 -> input-filter0 -> input-counter0 (2/7)#0 7c364d770be7fb6122304dc159ffb54f_3e9b902627593008a6d790e9aeca7953_1_0.
61732 [                                ] TaskExecutor [flink-pekko.actor.default-dispatcher-6] INFO  Un-registering task and sending final execution state CANCELED to JobManager for task global0 (2/7)#0 7c364d770be7fb6122304dc159ffb54f_4eca6edb63b17eb77deb9de060a699d1_1_0.
61732 [e2f0affed90bb4580c88f6e4db7d5c6b] ChannelStateWriteRequestExecutorImpl [Channel state writer] INFO  discarding 1 drained requests
61732 [                                ] TaskExecutor [flink-pekko.actor.default-dispatcher-6] INFO  Un-registering task and sending final execution state CANCELED to JobManager for task rebalance0 (1/8)#0 7c364d770be7fb6122304dc159ffb54f_25a6d73fce56b9559bed0247061e93e0_0_0.
61732 [e2f0affed90bb4580c88f6e4db7d5c6b] Task [rescale0 (2/10)#0] INFO  rescale0 (2/10)#0 (7c364d770be7fb6122304dc159ffb54f_7b4c6fe4c6df355e1ed86e978ba4a96e_1_0) switched from CANCELING to CANCELED.
61732 [                                ] TaskExecutor [flink-pekko.actor.default-dispatcher-6] INFO  Un-registering task and sending final execution state CANCELED to JobManager for task rebalance0 (2/8)#0 7c364d770be7fb6122304dc159ffb54f_25a6d73fce56b9559bed0247061e93e0_1_0.
61732 [                                ] TaskExecutor [flink-pekko.actor.default-dispatcher-6] INFO  Un-registering task and sending final execution state CANCELED to JobManager for task upscale0 (1/14)#0 7c364d770be7fb6122304dc159ffb54f_7559af08559a2c7079a359b85b7edab5_0_0.
61732 [                                ] TaskExecutor [flink-pekko.actor.default-dispatcher-6] INFO  Un-registering task and sending final execution state CANCELED to JobManager for task upscale0 (2/14)#0 7c364d770be7fb6122304dc159ffb54f_7559af08559a2c7079a359b85b7edab5_1_0.
61732 [e2f0affed90bb4580c88f6e4db7d5c6b] ExecutionGraph [flink-pekko.actor.default-dispatcher-8] INFO  Source: source0 -> input-filter0 -> input-counter0 (1/7) (7c364d770be7fb6122304dc159ffb54f_3e9b902627593008a6d790e9aeca7953_0_0) switched from CANCELING to CANCELED.
61732 [                                ] TaskExecutor [flink-pekko.actor.default-dispatcher-6] INFO  Un-registering task and sending final execution state CANCELED to JobManager for task upscale0 (13/14)#0 7c364d770be7fb6122304dc159ffb54f_7559af08559a2c7079a359b85b7edab5_12_0.
61732 [                                ] TaskExecutor [flink-pekko.actor.default-dispatcher-6] INFO  Un-registering task and sending final execution state CANCELED to JobManager for task upscale0 (14/14)#0 7c364d770be7fb6122304dc159ffb54f_7559af08559a2c7079a359b85b7edab5_13_0.
61732 [                                ] TaskExecutor [flink-pekko.actor.default-dispatcher-6] INFO  Un-registering task and sending final execution state CANCELED to JobManager for task downscale0 (1/8)#0 7c364d770be7fb6122304dc159ffb54f_579c351891399448b6165717925f2b21_0_0.
61732 [                                ] TaskExecutor [flink-pekko.actor.default-dispatcher-6] INFO  Un-registering task and sending final execution state CANCELED to JobManager for task downscale0 (2/8)#0 7c364d770be7fb6122304dc159ffb54f_579c351891399448b6165717925f2b21_1_0.
61732 [                                ] TaskExecutor [flink-pekko.actor.default-dispatcher-6] INFO  Un-registering task and sending final execution state CANCELED to JobManager for task keyby0 (1/7)#0 7c364d770be7fb6122304dc159ffb54f_e32648f4a493dd25fdd7d9c66c500390_0_0.
61732 [e2f0affed90bb4580c88f6e4db7d5c6b] ExecutionGraph [flink-pekko.actor.default-dispatcher-8] INFO  global0 (1/7) (7c364d770be7fb6122304dc159ffb54f_4eca6edb63b17eb77deb9de060a699d1_0_0) switched from CANCELING to CANCELED.
61732 [                                ] TaskExecutor [flink-pekko.actor.default-dispatcher-6] INFO  Un-registering task and sending final execution state CANCELED to JobManager for task keyby0 (2/7)#0 7c364d770be7fb6122304dc159ffb54f_e32648f4a493dd25fdd7d9c66c500390_1_0.
61732 [                                ] TaskExecutor [flink-pekko.actor.default-dispatcher-6] INFO  Un-registering task and sending final execution state CANCELED to JobManager for task rescale0 (1/10)#0 7c364d770be7fb6122304dc159ffb54f_7b4c6fe4c6df355e1ed86e978ba4a96e_0_0.
61732 [e2f0affed90bb4580c88f6e4db7d5c6b] Task [rescale0 (2/10)#0] INFO  Freeing task resources for rescale0 (2/10)#0 (7c364d770be7fb6122304dc159ffb54f_7b4c6fe4c6df355e1ed86e978ba4a96e_1_0).
61732 [                                ] TaskExecutor [flink-pekko.actor.default-dispatcher-6] INFO  Un-registering task and sending final execution state CANCELED to JobManager for task rescale0 (3/10)#0 7c364d770be7fb6122304dc159ffb54f_7b4c6fe4c6df355e1ed86e978ba4a96e_2_0.
61732 [e2f0affed90bb4580c88f6e4db7d5c6b] ExecutionGraph [flink-pekko.actor.default-dispatcher-8] INFO  Source: source0 -> input-filter0 -> input-counter0 (2/7) (7c364d770be7fb6122304dc159ffb54f_3e9b902627593008a6d790e9aeca7953_1_0) switched from CANCELING to CANCELED.
61732 [                                ] TaskExecutor [flink-pekko.actor.default-dispatcher-6] INFO  Un-registering task and sending final execution state CANCELED to JobManager for task failing-map (3/7)#0 7c364d770be7fb6122304dc159ffb54f_b8c789ec3a44294cb45da029ffe0e6fd_2_0.
61732 [                                ] TaskExecutor [flink-pekko.actor.default-dispatcher-6] INFO  Un-registering task and sending final execution state CANCELED to JobManager for task Sink: sink (1/1)#0 7c364d770be7fb6122304dc159ffb54f_2e588ce1c86a9d46e2e85186773ce4fd_0_0.
61732 [e2f0affed90bb4580c88f6e4db7d5c6b] ExecutionGraph [flink-pekko.actor.default-dispatcher-8] INFO  global0 (2/7) (7c364d770be7fb6122304dc159ffb54f_4eca6edb63b17eb77deb9de060a699d1_1_0) switched from CANCELING to CANCELED.
61732 [e2f0affed90bb4580c88f6e4db7d5c6b] Task [flink-pekko.actor.default-dispatcher-10] INFO  Attempting to cancel task rescale0 (4/10)#0 (7c364d770be7fb6122304dc159ffb54f_7b4c6fe4c6df355e1ed86e978ba4a96e_3_0).
61732 [e2f0affed90bb4580c88f6e4db7d5c6b] Task [flink-pekko.actor.default-dispatcher-10] INFO  rescale0 (4/10)#0 (7c364d770be7fb6122304dc159ffb54f_7b4c6fe4c6df355e1ed86e978ba4a96e_3_0) switched from RUNNING to CANCELING.
61732 [e2f0affed90bb4580c88f6e4db7d5c6b] Task [flink-pekko.actor.default-dispatcher-10] INFO  Triggering cancellation of task code rescale0 (4/10)#0 (7c364d770be7fb6122304dc159ffb54f_7b4c6fe4c6df355e1ed86e978ba4a96e_3_0).
61732 [e2f0affed90bb4580c88f6e4db7d5c6b] ExecutionGraph [flink-pekko.actor.default-dispatcher-8] INFO  rebalance0 (1/8) (7c364d770be7fb6122304dc159ffb54f_25a6d73fce56b9559bed0247061e93e0_0_0) switched from CANCELING to CANCELED.
61732 [e2f0affed90bb4580c88f6e4db7d5c6b] ExecutionGraph [flink-pekko.actor.default-dispatcher-8] INFO  rebalance0 (2/8) (7c364d770be7fb6122304dc159ffb54f_25a6d73fce56b9559bed0247061e93e0_1_0) switched from CANCELING to CANCELED.
61732 [e2f0affed90bb4580c88f6e4db7d5c6b] ExecutionGraph [flink-pekko.actor.default-dispatcher-8] INFO  upscale0 (1/14) (7c364d770be7fb6122304dc159ffb54f_7559af08559a2c7079a359b85b7edab5_0_0) switched from CANCELING to CANCELED.
61732 [e2f0affed90bb4580c88f6e4db7d5c6b] ExecutionGraph [flink-pekko.actor.default-dispatcher-8] INFO  upscale0 (2/14) (7c364d770be7fb6122304dc159ffb54f_7559af08559a2c7079a359b85b7edab5_1_0) switched from CANCELING to CANCELED.
61732 [e2f0affed90bb4580c88f6e4db7d5c6b] Task [flink-pekko.actor.default-dispatcher-9] INFO  Attempting to cancel task rescale0 (5/10)#0 (7c364d770be7fb6122304dc159ffb54f_7b4c6fe4c6df355e1ed86e978ba4a96e_4_0).
61732 [e2f0affed90bb4580c88f6e4db7d5c6b] Task [flink-pekko.actor.default-dispatcher-9] INFO  rescale0 (5/10)#0 (7c364d770be7fb6122304dc159ffb54f_7b4c6fe4c6df355e1ed86e978ba4a96e_4_0) switched from RUNNING to CANCELING.
61732 [e2f0affed90bb4580c88f6e4db7d5c6b] Task [flink-pekko.actor.default-dispatcher-9] INFO  Triggering cancellation of task code rescale0 (5/10)#0 (7c364d770be7fb6122304dc159ffb54f_7b4c6fe4c6df355e1ed86e978ba4a96e_4_0).
61732 [e2f0affed90bb4580c88f6e4db7d5c6b] ExecutionGraph [flink-pekko.actor.default-dispatcher-8] INFO  upscale0 (13/14) (7c364d770be7fb6122304dc159ffb54f_7559af08559a2c7079a359b85b7edab5_12_0) switched from CANCELING to CANCELED.
61732 [e2f0affed90bb4580c88f6e4db7d5c6b] Task [rescale0 (4/10)#0] INFO  rescale0 (4/10)#0 (7c364d770be7fb6122304dc159ffb54f_7b4c6fe4c6df355e1ed86e978ba4a96e_3_0) switched from CANCELING to CANCELED.
61732 [e2f0affed90bb4580c88f6e4db7d5c6b] ExecutionGraph [flink-pekko.actor.default-dispatcher-8] INFO  upscale0 (14/14) (7c364d770be7fb6122304dc159ffb54f_7559af08559a2c7079a359b85b7edab5_13_0) switched from CANCELING to CANCELED.
61732 [e2f0affed90bb4580c88f6e4db7d5c6b] ExecutionGraph [flink-pekko.actor.default-dispatcher-8] INFO  downscale0 (1/8) (7c364d770be7fb6122304dc159ffb54f_579c351891399448b6165717925f2b21_0_0) switched from CANCELING to CANCELED.
61732 [e2f0affed90bb4580c88f6e4db7d5c6b] Task [rescale0 (4/10)#0] INFO  Freeing task resources for rescale0 (4/10)#0 (7c364d770be7fb6122304dc159ffb54f_7b4c6fe4c6df355e1ed86e978ba4a96e_3_0).
61732 [e2f0affed90bb4580c88f6e4db7d5c6b] ExecutionGraph [flink-pekko.actor.default-dispatcher-8] INFO  downscale0 (2/8) (7c364d770be7fb6122304dc159ffb54f_579c351891399448b6165717925f2b21_1_0) switched from CANCELING to CANCELED.
61732 [e2f0affed90bb4580c88f6e4db7d5c6b] ExecutionGraph [flink-pekko.actor.default-dispatcher-8] INFO  keyby0 (1/7) (7c364d770be7fb6122304dc159ffb54f_e32648f4a493dd25fdd7d9c66c500390_0_0) switched from CANCELING to CANCELED.
61732 [e2f0affed90bb4580c88f6e4db7d5c6b] ExecutionGraph [flink-pekko.actor.default-dispatcher-8] INFO  keyby0 (2/7) (7c364d770be7fb6122304dc159ffb54f_e32648f4a493dd25fdd7d9c66c500390_1_0) switched from CANCELING to CANCELED.
61732 [e2f0affed90bb4580c88f6e4db7d5c6b] Task [rescale0 (5/10)#0] INFO  rescale0 (5/10)#0 (7c364d770be7fb6122304dc159ffb54f_7b4c6fe4c6df355e1ed86e978ba4a96e_4_0) switched from CANCELING to CANCELED.
61732 [e2f0affed90bb4580c88f6e4db7d5c6b] ExecutionGraph [flink-pekko.actor.default-dispatcher-8] INFO  rescale0 (1/10) (7c364d770be7fb6122304dc159ffb54f_7b4c6fe4c6df355e1ed86e978ba4a96e_0_0) switched from CANCELING to CANCELED.
61732 [e2f0affed90bb4580c88f6e4db7d5c6b] Task [flink-pekko.actor.default-dispatcher-9] INFO  Attempting to cancel task rescale0 (7/10)#0 (7c364d770be7fb6122304dc159ffb54f_7b4c6fe4c6df355e1ed86e978ba4a96e_6_0).
61732 [e2f0affed90bb4580c88f6e4db7d5c6b] Task [flink-pekko.actor.default-dispatcher-9] INFO  rescale0 (7/10)#0 (7c364d770be7fb6122304dc159ffb54f_7b4c6fe4c6df355e1ed86e978ba4a96e_6_0) switched from RUNNING to CANCELING.
61732 [e2f0affed90bb4580c88f6e4db7d5c6b] Task [flink-pekko.actor.default-dispatcher-9] INFO  Triggering cancellation of task code rescale0 (7/10)#0 (7c364d770be7fb6122304dc159ffb54f_7b4c6fe4c6df355e1ed86e978ba4a96e_6_0).
61732 [e2f0affed90bb4580c88f6e4db7d5c6b] Task [rescale0 (5/10)#0] INFO  Freeing task resources for rescale0 (5/10)#0 (7c364d770be7fb6122304dc159ffb54f_7b4c6fe4c6df355e1ed86e978ba4a96e_4_0).
61732 [e2f0affed90bb4580c88f6e4db7d5c6b] ExecutionGraph [flink-pekko.actor.default-dispatcher-8] INFO  rescale0 (3/10) (7c364d770be7fb6122304dc159ffb54f_7b4c6fe4c6df355e1ed86e978ba4a96e_2_0) switched from CANCELING to CANCELED.
61732 [e2f0affed90bb4580c88f6e4db7d5c6b] ExecutionGraph [flink-pekko.actor.default-dispatcher-8] INFO  failing-map (3/7) (7c364d770be7fb6122304dc159ffb54f_b8c789ec3a44294cb45da029ffe0e6fd_2_0) switched from CANCELING to CANCELED.
61732 [e2f0affed90bb4580c88f6e4db7d5c6b] ExecutionGraph [flink-pekko.actor.default-dispatcher-8] INFO  Sink: sink (1/1) (7c364d770be7fb6122304dc159ffb54f_2e588ce1c86a9d46e2e85186773ce4fd_0_0) switched from CANCELING to CANCELED.
61732 [e2f0affed90bb4580c88f6e4db7d5c6b] Task [rescale0 (7/10)#0] INFO  rescale0 (7/10)#0 (7c364d770be7fb6122304dc159ffb54f_7b4c6fe4c6df355e1ed86e978ba4a96e_6_0) switched from CANCELING to CANCELED.
61733 [e2f0affed90bb4580c88f6e4db7d5c6b] Task [rescale0 (7/10)#0] INFO  Freeing task resources for rescale0 (7/10)#0 (7c364d770be7fb6122304dc159ffb54f_7b4c6fe4c6df355e1ed86e978ba4a96e_6_0).
61733 [e2f0affed90bb4580c88f6e4db7d5c6b] Task [flink-pekko.actor.default-dispatcher-10] INFO  Attempting to cancel task rescale0 (6/10)#0 (7c364d770be7fb6122304dc159ffb54f_7b4c6fe4c6df355e1ed86e978ba4a96e_5_0).
61733 [e2f0affed90bb4580c88f6e4db7d5c6b] Task [flink-pekko.actor.default-dispatcher-10] INFO  rescale0 (6/10)#0 (7c364d770be7fb6122304dc159ffb54f_7b4c6fe4c6df355e1ed86e978ba4a96e_5_0) switched from RUNNING to CANCELING.
61733 [e2f0affed90bb4580c88f6e4db7d5c6b] Task [flink-pekko.actor.default-dispatcher-10] INFO  Triggering cancellation of task code rescale0 (6/10)#0 (7c364d770be7fb6122304dc159ffb54f_7b4c6fe4c6df355e1ed86e978ba4a96e_5_0).
61733 [e2f0affed90bb4580c88f6e4db7d5c6b] Task [rescale0 (6/10)#0] INFO  rescale0 (6/10)#0 (7c364d770be7fb6122304dc159ffb54f_7b4c6fe4c6df355e1ed86e978ba4a96e_5_0) switched from CANCELING to CANCELED.
61733 [e2f0affed90bb4580c88f6e4db7d5c6b] Task [flink-pekko.actor.default-dispatcher-10] INFO  Attempting to cancel task rescale0 (10/10)#0 (7c364d770be7fb6122304dc159ffb54f_7b4c6fe4c6df355e1ed86e978ba4a96e_9_0).
61733 [e2f0affed90bb4580c88f6e4db7d5c6b] Task [flink-pekko.actor.default-dispatcher-10] INFO  rescale0 (10/10)#0 (7c364d770be7fb6122304dc159ffb54f_7b4c6fe4c6df355e1ed86e978ba4a96e_9_0) switched from RUNNING to CANCELING.
61733 [e2f0affed90bb4580c88f6e4db7d5c6b] Task [flink-pekko.actor.default-dispatcher-10] INFO  Triggering cancellation of task code rescale0 (10/10)#0 (7c364d770be7fb6122304dc159ffb54f_7b4c6fe4c6df355e1ed86e978ba4a96e_9_0).
61733 [e2f0affed90bb4580c88f6e4db7d5c6b] Task [rescale0 (6/10)#0] INFO  Freeing task resources for rescale0 (6/10)#0 (7c364d770be7fb6122304dc159ffb54f_7b4c6fe4c6df355e1ed86e978ba4a96e_5_0).
61733 [e2f0affed90bb4580c88f6e4db7d5c6b] ChannelStateWriteRequestExecutorImpl [Channel state writer] INFO  discarding 1 drained requests
61733 [e2f0affed90bb4580c88f6e4db7d5c6b] Task [flink-pekko.actor.default-dispatcher-9] INFO  Attempting to cancel task rescale0 (8/10)#0 (7c364d770be7fb6122304dc159ffb54f_7b4c6fe4c6df355e1ed86e978ba4a96e_7_0).
61733 [e2f0affed90bb4580c88f6e4db7d5c6b] Task [flink-pekko.actor.default-dispatcher-9] INFO  rescale0 (8/10)#0 (7c364d770be7fb6122304dc159ffb54f_7b4c6fe4c6df355e1ed86e978ba4a96e_7_0) switched from RUNNING to CANCELING.
61733 [e2f0affed90bb4580c88f6e4db7d5c6b] Task [flink-pekko.actor.default-dispatcher-9] INFO  Triggering cancellation of task code rescale0 (8/10)#0 (7c364d770be7fb6122304dc159ffb54f_7b4c6fe4c6df355e1ed86e978ba4a96e_7_0).
61733 [e2f0affed90bb4580c88f6e4db7d5c6b] Task [rescale0 (8/10)#0] INFO  rescale0 (8/10)#0 (7c364d770be7fb6122304dc159ffb54f_7b4c6fe4c6df355e1ed86e978ba4a96e_7_0) switched from CANCELING to CANCELED.
61733 [e2f0affed90bb4580c88f6e4db7d5c6b] Task [rescale0 (8/10)#0] INFO  Freeing task resources for rescale0 (8/10)#0 (7c364d770be7fb6122304dc159ffb54f_7b4c6fe4c6df355e1ed86e978ba4a96e_7_0).
61733 [e2f0affed90bb4580c88f6e4db7d5c6b] Task [rescale0 (10/10)#0] INFO  rescale0 (10/10)#0 (7c364d770be7fb6122304dc159ffb54f_7b4c6fe4c6df355e1ed86e978ba4a96e_9_0) switched from CANCELING to CANCELED.
61733 [e2f0affed90bb4580c88f6e4db7d5c6b] Task [rescale0 (10/10)#0] INFO  Freeing task resources for rescale0 (10/10)#0 (7c364d770be7fb6122304dc159ffb54f_7b4c6fe4c6df355e1ed86e978ba4a96e_9_0).
61733 [e2f0affed90bb4580c88f6e4db7d5c6b] Task [flink-pekko.actor.default-dispatcher-10] INFO  Attempting to cancel task failing-map (2/7)#0 (7c364d770be7fb6122304dc159ffb54f_b8c789ec3a44294cb45da029ffe0e6fd_1_0).
61733 [e2f0affed90bb4580c88f6e4db7d5c6b] Task [flink-pekko.actor.default-dispatcher-10] INFO  failing-map (2/7)#0 (7c364d770be7fb6122304dc159ffb54f_b8c789ec3a44294cb45da029ffe0e6fd_1_0) switched from RUNNING to CANCELING.
61733 [e2f0affed90bb4580c88f6e4db7d5c6b] Task [flink-pekko.actor.default-dispatcher-10] INFO  Triggering cancellation of task code failing-map (2/7)#0 (7c364d770be7fb6122304dc159ffb54f_b8c789ec3a44294cb45da029ffe0e6fd_1_0).
61733 [e2f0affed90bb4580c88f6e4db7d5c6b] Task [flink-pekko.actor.default-dispatcher-9] INFO  Attempting to cancel task rescale0 (9/10)#0 (7c364d770be7fb6122304dc159ffb54f_7b4c6fe4c6df355e1ed86e978ba4a96e_8_0).
61733 [e2f0affed90bb4580c88f6e4db7d5c6b] Task [flink-pekko.actor.default-dispatcher-9] INFO  rescale0 (9/10)#0 (7c364d770be7fb6122304dc159ffb54f_7b4c6fe4c6df355e1ed86e978ba4a96e_8_0) switched from RUNNING to CANCELING.
61733 [e2f0affed90bb4580c88f6e4db7d5c6b] Task [flink-pekko.actor.default-dispatcher-9] INFO  Triggering cancellation of task code rescale0 (9/10)#0 (7c364d770be7fb6122304dc159ffb54f_7b4c6fe4c6df355e1ed86e978ba4a96e_8_0).
61733 [e2f0affed90bb4580c88f6e4db7d5c6b] Task [failing-map (2/7)#0] INFO  failing-map (2/7)#0 (7c364d770be7fb6122304dc159ffb54f_b8c789ec3a44294cb45da029ffe0e6fd_1_0) switched from CANCELING to CANCELED.
61733 [e2f0affed90bb4580c88f6e4db7d5c6b] Task [failing-map (2/7)#0] INFO  Freeing task resources for failing-map (2/7)#0 (7c364d770be7fb6122304dc159ffb54f_b8c789ec3a44294cb45da029ffe0e6fd_1_0).
61733 [e2f0affed90bb4580c88f6e4db7d5c6b] Task [rescale0 (9/10)#0] INFO  rescale0 (9/10)#0 (7c364d770be7fb6122304dc159ffb54f_7b4c6fe4c6df355e1ed86e978ba4a96e_8_0) switched from CANCELING to CANCELED.
61733 [e2f0affed90bb4580c88f6e4db7d5c6b] Task [flink-pekko.actor.default-dispatcher-10] INFO  Attempting to cancel task failing-map (4/7)#0 (7c364d770be7fb6122304dc159ffb54f_b8c789ec3a44294cb45da029ffe0e6fd_3_0).
61733 [e2f0affed90bb4580c88f6e4db7d5c6b] Task [flink-pekko.actor.default-dispatcher-10] INFO  failing-map (4/7)#0 (7c364d770be7fb6122304dc159ffb54f_b8c789ec3a44294cb45da029ffe0e6fd_3_0) switched from RUNNING to CANCELING.
61733 [e2f0affed90bb4580c88f6e4db7d5c6b] Task [flink-pekko.actor.default-dispatcher-10] INFO  Triggering cancellation of task code failing-map (4/7)#0 (7c364d770be7fb6122304dc159ffb54f_b8c789ec3a44294cb45da029ffe0e6fd_3_0).
61733 [e2f0affed90bb4580c88f6e4db7d5c6b] Task [rescale0 (9/10)#0] INFO  Freeing task resources for rescale0 (9/10)#0 (7c364d770be7fb6122304dc159ffb54f_7b4c6fe4c6df355e1ed86e978ba4a96e_8_0).
61734 [e2f0affed90bb4580c88f6e4db7d5c6b] Task [failing-map (4/7)#0] INFO  failing-map (4/7)#0 (7c364d770be7fb6122304dc159ffb54f_b8c789ec3a44294cb45da029ffe0e6fd_3_0) switched from CANCELING to CANCELED.
61734 [e2f0affed90bb4580c88f6e4db7d5c6b] Task [flink-pekko.actor.default-dispatcher-10] INFO  Attempting to cancel task failing-map (6/7)#0 (7c364d770be7fb6122304dc159ffb54f_b8c789ec3a44294cb45da029ffe0e6fd_5_0).
61734 [e2f0affed90bb4580c88f6e4db7d5c6b] Task [flink-pekko.actor.default-dispatcher-10] INFO  failing-map (6/7)#0 (7c364d770be7fb6122304dc159ffb54f_b8c789ec3a44294cb45da029ffe0e6fd_5_0) switched from RUNNING to CANCELING.
61734 [e2f0affed90bb4580c88f6e4db7d5c6b] Task [flink-pekko.actor.default-dispatcher-10] INFO  Triggering cancellation of task code failing-map (6/7)#0 (7c364d770be7fb6122304dc159ffb54f_b8c789ec3a44294cb45da029ffe0e6fd_5_0).
61734 [e2f0affed90bb4580c88f6e4db7d5c6b] Task [failing-map (4/7)#0] INFO  Freeing task resources for failing-map (4/7)#0 (7c364d770be7fb6122304dc159ffb54f_b8c789ec3a44294cb45da029ffe0e6fd_3_0).
61734 [e2f0affed90bb4580c88f6e4db7d5c6b] Task [flink-pekko.actor.default-dispatcher-9] INFO  Attempting to cancel task failing-map (5/7)#0 (7c364d770be7fb6122304dc159ffb54f_b8c789ec3a44294cb45da029ffe0e6fd_4_0).
61734 [e2f0affed90bb4580c88f6e4db7d5c6b] Task [flink-pekko.actor.default-dispatcher-9] INFO  failing-map (5/7)#0 (7c364d770be7fb6122304dc159ffb54f_b8c789ec3a44294cb45da029ffe0e6fd_4_0) switched from RUNNING to CANCELING.
61734 [e2f0affed90bb4580c88f6e4db7d5c6b] Task [flink-pekko.actor.default-dispatcher-9] INFO  Triggering cancellation of task code failing-map (5/7)#0 (7c364d770be7fb6122304dc159ffb54f_b8c789ec3a44294cb45da029ffe0e6fd_4_0).
61734 [e2f0affed90bb4580c88f6e4db7d5c6b] Task [failing-map (6/7)#0] INFO  failing-map (6/7)#0 (7c364d770be7fb6122304dc159ffb54f_b8c789ec3a44294cb45da029ffe0e6fd_5_0) switched from CANCELING to CANCELED.
61734 [e2f0affed90bb4580c88f6e4db7d5c6b] Task [failing-map (6/7)#0] INFO  Freeing task resources for failing-map (6/7)#0 (7c364d770be7fb6122304dc159ffb54f_b8c789ec3a44294cb45da029ffe0e6fd_5_0).
61734 [e2f0affed90bb4580c88f6e4db7d5c6b] ChannelStateWriteRequestExecutorImpl [Channel state writer] INFO  discarding 1 drained requests
61734 [                                ] TaskExecutor [flink-pekko.actor.default-dispatcher-10] INFO  Un-registering task and sending final execution state CANCELED to JobManager for task Source: source0 -> input-filter0 -> input-counter0 (3/7)#0 7c364d770be7fb6122304dc159ffb54f_3e9b902627593008a6d790e9aeca7953_2_0.
61734 [                                ] TaskExecutor [flink-pekko.actor.default-dispatcher-10] INFO  Un-registering task and sending final execution state CANCELED to JobManager for task Source: source0 -> input-filter0 -> input-counter0 (4/7)#0 7c364d770be7fb6122304dc159ffb54f_3e9b902627593008a6d790e9aeca7953_3_0.
61734 [                                ] TaskExecutor [flink-pekko.actor.default-dispatcher-10] INFO  Un-registering task and sending final execution state CANCELED to JobManager for task Source: source0 -> input-filter0 -> input-counter0 (7/7)#0 7c364d770be7fb6122304dc159ffb54f_3e9b902627593008a6d790e9aeca7953_6_0.
61734 [e2f0affed90bb4580c88f6e4db7d5c6b] Task [failing-map (5/7)#0] INFO  failing-map (5/7)#0 (7c364d770be7fb6122304dc159ffb54f_b8c789ec3a44294cb45da029ffe0e6fd_4_0) switched from CANCELING to CANCELED.
61734 [e2f0affed90bb4580c88f6e4db7d5c6b] ExecutionGraph [flink-pekko.actor.default-dispatcher-8] INFO  Source: source0 -> input-filter0 -> input-counter0 (3/7) (7c364d770be7fb6122304dc159ffb54f_3e9b902627593008a6d790e9aeca7953_2_0) switched from CANCELING to CANCELED.
61734 [                                ] TaskExecutor [flink-pekko.actor.default-dispatcher-10] INFO  Un-registering task and sending final execution state CANCELED to JobManager for task global0 (3/7)#0 7c364d770be7fb6122304dc159ffb54f_4eca6edb63b17eb77deb9de060a699d1_2_0.
61734 [                                ] TaskExecutor [flink-pekko.actor.default-dispatcher-10] INFO  Un-registering task and sending final execution state CANCELED to JobManager for task global0 (4/7)#0 7c364d770be7fb6122304dc159ffb54f_4eca6edb63b17eb77deb9de060a699d1_3_0.
61734 [                                ] TaskExecutor [flink-pekko.actor.default-dispatcher-10] INFO  Un-registering task and sending final execution state CANCELED to JobManager for task global0 (7/7)#0 7c364d770be7fb6122304dc159ffb54f_4eca6edb63b17eb77deb9de060a699d1_6_0.
61734 [                                ] TaskExecutor [flink-pekko.actor.default-dispatcher-10] INFO  Un-registering task and sending final execution state CANCELED to JobManager for task rebalance0 (3/8)#0 7c364d770be7fb6122304dc159ffb54f_25a6d73fce56b9559bed0247061e93e0_2_0.
61734 [e2f0affed90bb4580c88f6e4db7d5c6b] ExecutionGraph [flink-pekko.actor.default-dispatcher-8] INFO  Source: source0 -> input-filter0 -> input-counter0 (4/7) (7c364d770be7fb6122304dc159ffb54f_3e9b902627593008a6d790e9aeca7953_3_0) switched from CANCELING to CANCELED.
61734 [                                ] TaskExecutor [flink-pekko.actor.default-dispatcher-10] INFO  Un-registering task and sending final execution state CANCELED to JobManager for task rebalance0 (4/8)#0 7c364d770be7fb6122304dc159ffb54f_25a6d73fce56b9559bed0247061e93e0_3_0.
61734 [e2f0affed90bb4580c88f6e4db7d5c6b] Task [failing-map (5/7)#0] INFO  Freeing task resources for failing-map (5/7)#0 (7c364d770be7fb6122304dc159ffb54f_b8c789ec3a44294cb45da029ffe0e6fd_4_0).
61734 [                                ] TaskExecutor [flink-pekko.actor.default-dispatcher-10] INFO  Un-registering task and sending final execution state CANCELED to JobManager for task rebalance0 (7/8)#0 7c364d770be7fb6122304dc159ffb54f_25a6d73fce56b9559bed0247061e93e0_6_0.
61734 [                                ] TaskExecutor [flink-pekko.actor.default-dispatcher-10] INFO  Un-registering task and sending final execution state CANCELED to JobManager for task rebalance0 (8/8)#0 7c364d770be7fb6122304dc159ffb54f_25a6d73fce56b9559bed0247061e93e0_7_0.
61734 [e2f0affed90bb4580c88f6e4db7d5c6b] ExecutionGraph [flink-pekko.actor.default-dispatcher-8] INFO  Source: source0 -> input-filter0 -> input-counter0 (7/7) (7c364d770be7fb6122304dc159ffb54f_3e9b902627593008a6d790e9aeca7953_6_0) switched from CANCELING to CANCELED.
61734 [                                ] TaskExecutor [flink-pekko.actor.default-dispatcher-10] INFO  Un-registering task and sending final execution state CANCELED to JobManager for task upscale0 (3/14)#0 7c364d770be7fb6122304dc159ffb54f_7559af08559a2c7079a359b85b7edab5_2_0.
61734 [e2f0affed90bb4580c88f6e4db7d5c6b] ChannelStateWriteRequestExecutorImpl [Channel state writer] INFO  discarding 1 drained requests
61734 [e2f0affed90bb4580c88f6e4db7d5c6b] ExecutionGraph [flink-pekko.actor.default-dispatcher-8] INFO  global0 (3/7) (7c364d770be7fb6122304dc159ffb54f_4eca6edb63b17eb77deb9de060a699d1_2_0) switched from CANCELING to CANCELED.
61734 [                                ] TaskExecutor [flink-pekko.actor.default-dispatcher-10] INFO  Un-registering task and sending final execution state CANCELED to JobManager for task upscale0 (4/14)#0 7c364d770be7fb6122304dc159ffb54f_7559af08559a2c7079a359b85b7edab5_3_0.
61734 [                                ] TaskExecutor [flink-pekko.actor.default-dispatcher-10] INFO  Un-registering task and sending final execution state CANCELED to JobManager for task upscale0 (7/14)#0 7c364d770be7fb6122304dc159ffb54f_7559af08559a2c7079a359b85b7edab5_6_0.
61734 [                                ] TaskExecutor [flink-pekko.actor.default-dispatcher-10] INFO  Un-registering task and sending final execution state CANCELED to JobManager for task upscale0 (8/14)#0 7c364d770be7fb6122304dc159ffb54f_7559af08559a2c7079a359b85b7edab5_7_0.
61734 [                                ] TaskExecutor [flink-pekko.actor.default-dispatcher-10] INFO  Un-registering task and sending final execution state CANCELED to JobManager for task upscale0 (12/14)#0 7c364d770be7fb6122304dc159ffb54f_7559af08559a2c7079a359b85b7edab5_11_0.
61734 [e2f0affed90bb4580c88f6e4db7d5c6b] ExecutionGraph [flink-pekko.actor.default-dispatcher-8] INFO  global0 (4/7) (7c364d770be7fb6122304dc159ffb54f_4eca6edb63b17eb77deb9de060a699d1_3_0) switched from CANCELING to CANCELED.
61734 [e2f0affed90bb4580c88f6e4db7d5c6b] Task [flink-pekko.actor.default-dispatcher-9] INFO  Attempting to cancel task failing-map (7/7)#0 (7c364d770be7fb6122304dc159ffb54f_b8c789ec3a44294cb45da029ffe0e6fd_6_0).
61734 [                                ] TaskExecutor [flink-pekko.actor.default-dispatcher-10] INFO  Un-registering task and sending final execution state CANCELED to JobManager for task downscale0 (3/8)#0 7c364d770be7fb6122304dc159ffb54f_579c351891399448b6165717925f2b21_2_0.
61734 [e2f0affed90bb4580c88f6e4db7d5c6b] Task [flink-pekko.actor.default-dispatcher-9] INFO  failing-map (7/7)#0 (7c364d770be7fb6122304dc159ffb54f_b8c789ec3a44294cb45da029ffe0e6fd_6_0) switched from RUNNING to CANCELING.
61734 [e2f0affed90bb4580c88f6e4db7d5c6b] Task [flink-pekko.actor.default-dispatcher-9] INFO  Triggering cancellation of task code failing-map (7/7)#0 (7c364d770be7fb6122304dc159ffb54f_b8c789ec3a44294cb45da029ffe0e6fd_6_0).
61734 [                                ] TaskExecutor [flink-pekko.actor.default-dispatcher-10] INFO  Un-registering task and sending final execution state CANCELED to JobManager for task downscale0 (4/8)#0 7c364d770be7fb6122304dc159ffb54f_579c351891399448b6165717925f2b21_3_0.
61734 [e2f0affed90bb4580c88f6e4db7d5c6b] ExecutionGraph [flink-pekko.actor.default-dispatcher-8] INFO  global0 (7/7) (7c364d770be7fb6122304dc159ffb54f_4eca6edb63b17eb77deb9de060a699d1_6_0) switched from CANCELING to CANCELED.
61734 [                                ] TaskExecutor [flink-pekko.actor.default-dispatcher-10] INFO  Un-registering task and sending final execution state CANCELED to JobManager for task downscale0 (7/8)#0 7c364d770be7fb6122304dc159ffb54f_579c351891399448b6165717925f2b21_6_0.
61734 [                                ] TaskExecutor [flink-pekko.actor.default-dispatcher-10] INFO  Un-registering task and sending final execution state CANCELED to JobManager for task downscale0 (8/8)#0 7c364d770be7fb6122304dc159ffb54f_579c351891399448b6165717925f2b21_7_0.
61734 [e2f0affed90bb4580c88f6e4db7d5c6b] ExecutionGraph [flink-pekko.actor.default-dispatcher-8] INFO  rebalance0 (3/8) (7c364d770be7fb6122304dc159ffb54f_25a6d73fce56b9559bed0247061e93e0_2_0) switched from CANCELING to CANCELED.
61734 [                                ] TaskExecutor [flink-pekko.actor.default-dispatcher-10] INFO  Un-registering task and sending final execution state CANCELED to JobManager for task keyby0 (3/7)#0 7c364d770be7fb6122304dc159ffb54f_e32648f4a493dd25fdd7d9c66c500390_2_0.
61734 [e2f0affed90bb4580c88f6e4db7d5c6b] Task [failing-map (7/7)#0] INFO  failing-map (7/7)#0 (7c364d770be7fb6122304dc159ffb54f_b8c789ec3a44294cb45da029ffe0e6fd_6_0) switched from CANCELING to CANCELED.
61734 [e2f0affed90bb4580c88f6e4db7d5c6b] ExecutionGraph [flink-pekko.actor.default-dispatcher-8] INFO  rebalance0 (4/8) (7c364d770be7fb6122304dc159ffb54f_25a6d73fce56b9559bed0247061e93e0_3_0) switched from CANCELING to CANCELED.
61734 [                                ] TaskExecutor [flink-pekko.actor.default-dispatcher-10] INFO  Un-registering task and sending final execution state CANCELED to JobManager for task keyby0 (4/7)#0 7c364d770be7fb6122304dc159ffb54f_e32648f4a493dd25fdd7d9c66c500390_3_0.
61734 [                                ] TaskExecutor [flink-pekko.actor.default-dispatcher-10] INFO  Un-registering task and sending final execution state CANCELED to JobManager for task keyby0 (7/7)#0 7c364d770be7fb6122304dc159ffb54f_e32648f4a493dd25fdd7d9c66c500390_6_0.
61734 [e2f0affed90bb4580c88f6e4db7d5c6b] ExecutionGraph [flink-pekko.actor.default-dispatcher-8] INFO  rebalance0 (7/8) (7c364d770be7fb6122304dc159ffb54f_25a6d73fce56b9559bed0247061e93e0_6_0) switched from CANCELING to CANCELED.
61734 [                                ] TaskExecutor [flink-pekko.actor.default-dispatcher-10] INFO  Un-registering task and sending final execution state CANCELED to JobManager for task rescale0 (2/10)#0 7c364d770be7fb6122304dc159ffb54f_7b4c6fe4c6df355e1ed86e978ba4a96e_1_0.
61734 [e2f0affed90bb4580c88f6e4db7d5c6b] ExecutionGraph [flink-pekko.actor.default-dispatcher-8] INFO  rebalance0 (8/8) (7c364d770be7fb6122304dc159ffb54f_25a6d73fce56b9559bed0247061e93e0_7_0) switched from CANCELING to CANCELED.
61734 [                                ] TaskExecutor [flink-pekko.actor.default-dispatcher-10] INFO  Un-registering task and sending final execution state CANCELED to JobManager for task rescale0 (4/10)#0 7c364d770be7fb6122304dc159ffb54f_7b4c6fe4c6df355e1ed86e978ba4a96e_3_0.
61734 [e2f0affed90bb4580c88f6e4db7d5c6b] Task [failing-map (7/7)#0] INFO  Freeing task resources for failing-map (7/7)#0 (7c364d770be7fb6122304dc159ffb54f_b8c789ec3a44294cb45da029ffe0e6fd_6_0).
61734 [                                ] TaskExecutor [flink-pekko.actor.default-dispatcher-10] INFO  Un-registering task and sending final execution state CANCELED to JobManager for task rescale0 (6/10)#0 7c364d770be7fb6122304dc159ffb54f_7b4c6fe4c6df355e1ed86e978ba4a96e_5_0.
61734 [                                ] TaskExecutor [flink-pekko.actor.default-dispatcher-10] INFO  Un-registering task and sending final execution state CANCELED to JobManager for task rescale0 (10/10)#0 7c364d770be7fb6122304dc159ffb54f_7b4c6fe4c6df355e1ed86e978ba4a96e_9_0.
61734 [e2f0affed90bb4580c88f6e4db7d5c6b] ExecutionGraph [flink-pekko.actor.default-dispatcher-8] INFO  upscale0 (3/14) (7c364d770be7fb6122304dc159ffb54f_7559af08559a2c7079a359b85b7edab5_2_0) switched from CANCELING to CANCELED.
61734 [                                ] TaskExecutor [flink-pekko.actor.default-dispatcher-10] INFO  Un-registering task and sending final execution state CANCELED to JobManager for task failing-map (2/7)#0 7c364d770be7fb6122304dc159ffb54f_b8c789ec3a44294cb45da029ffe0e6fd_1_0.
61734 [e2f0affed90bb4580c88f6e4db7d5c6b] ChannelStateWriteRequestExecutorImpl [Channel state writer] INFO  discarding 1 drained requests
61734 [                                ] TaskExecutor [flink-pekko.actor.default-dispatcher-9] INFO  Un-registering task and sending final execution state CANCELED to JobManager for task Source: source0 -> input-filter0 -> input-counter0 (5/7)#0 7c364d770be7fb6122304dc159ffb54f_3e9b902627593008a6d790e9aeca7953_4_0.
61734 [                                ] TaskExecutor [flink-pekko.actor.default-dispatcher-10] INFO  Un-registering task and sending final execution state CANCELED to JobManager for task failing-map (4/7)#0 7c364d770be7fb6122304dc159ffb54f_b8c789ec3a44294cb45da029ffe0e6fd_3_0.
61734 [                                ] TaskExecutor [flink-pekko.actor.default-dispatcher-10] INFO  Un-registering task and sending final execution state CANCELED to JobManager for task failing-map (6/7)#0 7c364d770be7fb6122304dc159ffb54f_b8c789ec3a44294cb45da029ffe0e6fd_5_0.
61734 [                                ] TaskExecutor [flink-pekko.actor.default-dispatcher-9] INFO  Un-registering task and sending final execution state CANCELED to JobManager for task Source: source0 -> input-filter0 -> input-counter0 (6/7)#0 7c364d770be7fb6122304dc159ffb54f_3e9b902627593008a6d790e9aeca7953_5_0.
61735 [                                ] TaskExecutor [flink-pekko.actor.default-dispatcher-9] INFO  Un-registering task and sending final execution state CANCELED to JobManager for task global0 (5/7)#0 7c364d770be7fb6122304dc159ffb54f_4eca6edb63b17eb77deb9de060a699d1_4_0.
61735 [                                ] TaskExecutor [flink-pekko.actor.default-dispatcher-9] INFO  Un-registering task and sending final execution state CANCELED to JobManager for task global0 (6/7)#0 7c364d770be7fb6122304dc159ffb54f_4eca6edb63b17eb77deb9de060a699d1_5_0.
61735 [e2f0affed90bb4580c88f6e4db7d5c6b] ExecutionGraph [flink-pekko.actor.default-dispatcher-8] INFO  upscale0 (4/14) (7c364d770be7fb6122304dc159ffb54f_7559af08559a2c7079a359b85b7edab5_3_0) switched from CANCELING to CANCELED.
61735 [                                ] TaskExecutor [flink-pekko.actor.default-dispatcher-9] INFO  Un-registering task and sending final execution state CANCELED to JobManager for task rebalance0 (5/8)#0 7c364d770be7fb6122304dc159ffb54f_25a6d73fce56b9559bed0247061e93e0_4_0.
61735 [                                ] TaskExecutor [flink-pekko.actor.default-dispatcher-9] INFO  Un-registering task and sending final execution state CANCELED to JobManager for task rebalance0 (6/8)#0 7c364d770be7fb6122304dc159ffb54f_25a6d73fce56b9559bed0247061e93e0_5_0.
61735 [                                ] TaskExecutor [flink-pekko.actor.default-dispatcher-9] INFO  Un-registering task and sending final execution state CANCELED to JobManager for task upscale0 (5/14)#0 7c364d770be7fb6122304dc159ffb54f_7559af08559a2c7079a359b85b7edab5_4_0.
61735 [e2f0affed90bb4580c88f6e4db7d5c6b] ExecutionGraph [flink-pekko.actor.default-dispatcher-8] INFO  upscale0 (7/14) (7c364d770be7fb6122304dc159ffb54f_7559af08559a2c7079a359b85b7edab5_6_0) switched from CANCELING to CANCELED.
61735 [                                ] TaskExecutor [flink-pekko.actor.default-dispatcher-9] INFO  Un-registering task and sending final execution state CANCELED to JobManager for task upscale0 (6/14)#0 7c364d770be7fb6122304dc159ffb54f_7559af08559a2c7079a359b85b7edab5_5_0.
61735 [                                ] TaskExecutor [flink-pekko.actor.default-dispatcher-9] INFO  Un-registering task and sending final execution state CANCELED to JobManager for task upscale0 (9/14)#0 7c364d770be7fb6122304dc159ffb54f_7559af08559a2c7079a359b85b7edab5_8_0.
61735 [e2f0affed90bb4580c88f6e4db7d5c6b] ExecutionGraph [flink-pekko.actor.default-dispatcher-8] INFO  upscale0 (8/14) (7c364d770be7fb6122304dc159ffb54f_7559af08559a2c7079a359b85b7edab5_7_0) switched from CANCELING to CANCELED.
61735 [                                ] TaskExecutor [flink-pekko.actor.default-dispatcher-9] INFO  Un-registering task and sending final execution state CANCELED to JobManager for task upscale0 (10/14)#0 7c364d770be7fb6122304dc159ffb54f_7559af08559a2c7079a359b85b7edab5_9_0.
61735 [                                ] TaskExecutor [flink-pekko.actor.default-dispatcher-9] INFO  Un-registering task and sending final execution state CANCELED to JobManager for task upscale0 (11/14)#0 7c364d770be7fb6122304dc159ffb54f_7559af08559a2c7079a359b85b7edab5_10_0.
61735 [e2f0affed90bb4580c88f6e4db7d5c6b] ExecutionGraph [flink-pekko.actor.default-dispatcher-8] INFO  upscale0 (12/14) (7c364d770be7fb6122304dc159ffb54f_7559af08559a2c7079a359b85b7edab5_11_0) switched from CANCELING to CANCELED.
61735 [                                ] TaskExecutor [flink-pekko.actor.default-dispatcher-9] INFO  Un-registering task and sending final execution state CANCELED to JobManager for task downscale0 (5/8)#0 7c364d770be7fb6122304dc159ffb54f_579c351891399448b6165717925f2b21_4_0.
61735 [                                ] TaskExecutor [flink-pekko.actor.default-dispatcher-9] INFO  Un-registering task and sending final execution state CANCELED to JobManager for task downscale0 (6/8)#0 7c364d770be7fb6122304dc159ffb54f_579c351891399448b6165717925f2b21_5_0.
61735 [                                ] TaskExecutor [flink-pekko.actor.default-dispatcher-9] INFO  Un-registering task and sending final execution state CANCELED to JobManager for task keyby0 (5/7)#0 7c364d770be7fb6122304dc159ffb54f_e32648f4a493dd25fdd7d9c66c500390_4_0.
61735 [                                ] TaskExecutor [flink-pekko.actor.default-dispatcher-9] INFO  Un-registering task and sending final execution state CANCELED to JobManager for task keyby0 (6/7)#0 7c364d770be7fb6122304dc159ffb54f_e32648f4a493dd25fdd7d9c66c500390_5_0.
61735 [e2f0affed90bb4580c88f6e4db7d5c6b] ExecutionGraph [flink-pekko.actor.default-dispatcher-8] INFO  downscale0 (3/8) (7c364d770be7fb6122304dc159ffb54f_579c351891399448b6165717925f2b21_2_0) switched from CANCELING to CANCELED.
61735 [                                ] TaskExecutor [flink-pekko.actor.default-dispatcher-9] INFO  Un-registering task and sending final execution state CANCELED to JobManager for task rescale0 (5/10)#0 7c364d770be7fb6122304dc159ffb54f_7b4c6fe4c6df355e1ed86e978ba4a96e_4_0.
61735 [                                ] TaskExecutor [flink-pekko.actor.default-dispatcher-9] INFO  Un-registering task and sending final execution state CANCELED to JobManager for task rescale0 (7/10)#0 7c364d770be7fb6122304dc159ffb54f_7b4c6fe4c6df355e1ed86e978ba4a96e_6_0.
61735 [e2f0affed90bb4580c88f6e4db7d5c6b] ExecutionGraph [flink-pekko.actor.default-dispatcher-8] INFO  downscale0 (4/8) (7c364d770be7fb6122304dc159ffb54f_579c351891399448b6165717925f2b21_3_0) switched from CANCELING to CANCELED.
61735 [                                ] TaskExecutor [flink-pekko.actor.default-dispatcher-9] INFO  Un-registering task and sending final execution state CANCELED to JobManager for task rescale0 (8/10)#0 7c364d770be7fb6122304dc159ffb54f_7b4c6fe4c6df355e1ed86e978ba4a96e_7_0.
61735 [                                ] TaskExecutor [flink-pekko.actor.default-dispatcher-9] INFO  Un-registering task and sending final execution state CANCELED to JobManager for task rescale0 (9/10)#0 7c364d770be7fb6122304dc159ffb54f_7b4c6fe4c6df355e1ed86e978ba4a96e_8_0.
61735 [e2f0affed90bb4580c88f6e4db7d5c6b] ExecutionGraph [flink-pekko.actor.default-dispatcher-8] INFO  downscale0 (7/8) (7c364d770be7fb6122304dc159ffb54f_579c351891399448b6165717925f2b21_6_0) switched from CANCELING to CANCELED.
61735 [                                ] TaskExecutor [flink-pekko.actor.default-dispatcher-9] INFO  Un-registering task and sending final execution state CANCELED to JobManager for task failing-map (5/7)#0 7c364d770be7fb6122304dc159ffb54f_b8c789ec3a44294cb45da029ffe0e6fd_4_0.
61735 [                                ] TaskExecutor [flink-pekko.actor.default-dispatcher-9] INFO  Un-registering task and sending final execution state CANCELED to JobManager for task failing-map (7/7)#0 7c364d770be7fb6122304dc159ffb54f_b8c789ec3a44294cb45da029ffe0e6fd_6_0.
61735 [e2f0affed90bb4580c88f6e4db7d5c6b] ExecutionGraph [flink-pekko.actor.default-dispatcher-8] INFO  downscale0 (8/8) (7c364d770be7fb6122304dc159ffb54f_579c351891399448b6165717925f2b21_7_0) switched from CANCELING to CANCELED.
61735 [e2f0affed90bb4580c88f6e4db7d5c6b] ExecutionGraph [flink-pekko.actor.default-dispatcher-8] INFO  keyby0 (3/7) (7c364d770be7fb6122304dc159ffb54f_e32648f4a493dd25fdd7d9c66c500390_2_0) switched from CANCELING to CANCELED.
61735 [e2f0affed90bb4580c88f6e4db7d5c6b] ExecutionGraph [flink-pekko.actor.default-dispatcher-8] INFO  keyby0 (4/7) (7c364d770be7fb6122304dc159ffb54f_e32648f4a493dd25fdd7d9c66c500390_3_0) switched from CANCELING to CANCELED.
61735 [e2f0affed90bb4580c88f6e4db7d5c6b] ExecutionGraph [flink-pekko.actor.default-dispatcher-8] INFO  keyby0 (7/7) (7c364d770be7fb6122304dc159ffb54f_e32648f4a493dd25fdd7d9c66c500390_6_0) switched from CANCELING to CANCELED.
61735 [e2f0affed90bb4580c88f6e4db7d5c6b] ExecutionGraph [flink-pekko.actor.default-dispatcher-8] INFO  rescale0 (2/10) (7c364d770be7fb6122304dc159ffb54f_7b4c6fe4c6df355e1ed86e978ba4a96e_1_0) switched from CANCELING to CANCELED.
61735 [e2f0affed90bb4580c88f6e4db7d5c6b] ExecutionGraph [flink-pekko.actor.default-dispatcher-8] INFO  rescale0 (4/10) (7c364d770be7fb6122304dc159ffb54f_7b4c6fe4c6df355e1ed86e978ba4a96e_3_0) switched from CANCELING to CANCELED.
61735 [e2f0affed90bb4580c88f6e4db7d5c6b] ExecutionGraph [flink-pekko.actor.default-dispatcher-8] INFO  rescale0 (6/10) (7c364d770be7fb6122304dc159ffb54f_7b4c6fe4c6df355e1ed86e978ba4a96e_5_0) switched from CANCELING to CANCELED.
61735 [e2f0affed90bb4580c88f6e4db7d5c6b] ExecutionGraph [flink-pekko.actor.default-dispatcher-8] INFO  rescale0 (10/10) (7c364d770be7fb6122304dc159ffb54f_7b4c6fe4c6df355e1ed86e978ba4a96e_9_0) switched from CANCELING to CANCELED.
61735 [e2f0affed90bb4580c88f6e4db7d5c6b] ExecutionGraph [flink-pekko.actor.default-dispatcher-8] INFO  failing-map (2/7) (7c364d770be7fb6122304dc159ffb54f_b8c789ec3a44294cb45da029ffe0e6fd_1_0) switched from CANCELING to CANCELED.
61735 [e2f0affed90bb4580c88f6e4db7d5c6b] ExecutionGraph [flink-pekko.actor.default-dispatcher-8] INFO  failing-map (4/7) (7c364d770be7fb6122304dc159ffb54f_b8c789ec3a44294cb45da029ffe0e6fd_3_0) switched from CANCELING to CANCELED.
61735 [e2f0affed90bb4580c88f6e4db7d5c6b] ExecutionGraph [flink-pekko.actor.default-dispatcher-8] INFO  Source: source0 -> input-filter0 -> input-counter0 (5/7) (7c364d770be7fb6122304dc159ffb54f_3e9b902627593008a6d790e9aeca7953_4_0) switched from CANCELING to CANCELED.
61735 [e2f0affed90bb4580c88f6e4db7d5c6b] ExecutionGraph [flink-pekko.actor.default-dispatcher-8] INFO  failing-map (6/7) (7c364d770be7fb6122304dc159ffb54f_b8c789ec3a44294cb45da029ffe0e6fd_5_0) switched from CANCELING to CANCELED.
61735 [e2f0affed90bb4580c88f6e4db7d5c6b] ExecutionGraph [flink-pekko.actor.default-dispatcher-8] INFO  Source: source0 -> input-filter0 -> input-counter0 (6/7) (7c364d770be7fb6122304dc159ffb54f_3e9b902627593008a6d790e9aeca7953_5_0) switched from CANCELING to CANCELED.
61735 [e2f0affed90bb4580c88f6e4db7d5c6b] ExecutionGraph [flink-pekko.actor.default-dispatcher-8] INFO  global0 (5/7) (7c364d770be7fb6122304dc159ffb54f_4eca6edb63b17eb77deb9de060a699d1_4_0) switched from CANCELING to CANCELED.
61735 [e2f0affed90bb4580c88f6e4db7d5c6b] ExecutionGraph [flink-pekko.actor.default-dispatcher-8] INFO  global0 (6/7) (7c364d770be7fb6122304dc159ffb54f_4eca6edb63b17eb77deb9de060a699d1_5_0) switched from CANCELING to CANCELED.
61735 [e2f0affed90bb4580c88f6e4db7d5c6b] ExecutionGraph [flink-pekko.actor.default-dispatcher-8] INFO  rebalance0 (5/8) (7c364d770be7fb6122304dc159ffb54f_25a6d73fce56b9559bed0247061e93e0_4_0) switched from CANCELING to CANCELED.
61735 [e2f0affed90bb4580c88f6e4db7d5c6b] ExecutionGraph [flink-pekko.actor.default-dispatcher-8] INFO  rebalance0 (6/8) (7c364d770be7fb6122304dc159ffb54f_25a6d73fce56b9559bed0247061e93e0_5_0) switched from CANCELING to CANCELED.
61735 [e2f0affed90bb4580c88f6e4db7d5c6b] ExecutionGraph [flink-pekko.actor.default-dispatcher-8] INFO  upscale0 (5/14) (7c364d770be7fb6122304dc159ffb54f_7559af08559a2c7079a359b85b7edab5_4_0) switched from CANCELING to CANCELED.
61735 [e2f0affed90bb4580c88f6e4db7d5c6b] ExecutionGraph [flink-pekko.actor.default-dispatcher-8] INFO  upscale0 (6/14) (7c364d770be7fb6122304dc159ffb54f_7559af08559a2c7079a359b85b7edab5_5_0) switched from CANCELING to CANCELED.
61735 [e2f0affed90bb4580c88f6e4db7d5c6b] ExecutionGraph [flink-pekko.actor.default-dispatcher-8] INFO  upscale0 (9/14) (7c364d770be7fb6122304dc159ffb54f_7559af08559a2c7079a359b85b7edab5_8_0) switched from CANCELING to CANCELED.
61735 [e2f0affed90bb4580c88f6e4db7d5c6b] ExecutionGraph [flink-pekko.actor.default-dispatcher-8] INFO  upscale0 (10/14) (7c364d770be7fb6122304dc159ffb54f_7559af08559a2c7079a359b85b7edab5_9_0) switched from CANCELING to CANCELED.
61735 [e2f0affed90bb4580c88f6e4db7d5c6b] ExecutionGraph [flink-pekko.actor.default-dispatcher-8] INFO  upscale0 (11/14) (7c364d770be7fb6122304dc159ffb54f_7559af08559a2c7079a359b85b7edab5_10_0) switched from CANCELING to CANCELED.
61735 [e2f0affed90bb4580c88f6e4db7d5c6b] ExecutionGraph [flink-pekko.actor.default-dispatcher-8] INFO  downscale0 (5/8) (7c364d770be7fb6122304dc159ffb54f_579c351891399448b6165717925f2b21_4_0) switched from CANCELING to CANCELED.
61735 [e2f0affed90bb4580c88f6e4db7d5c6b] ExecutionGraph [flink-pekko.actor.default-dispatcher-8] INFO  downscale0 (6/8) (7c364d770be7fb6122304dc159ffb54f_579c351891399448b6165717925f2b21_5_0) switched from CANCELING to CANCELED.
61735 [e2f0affed90bb4580c88f6e4db7d5c6b] ExecutionGraph [flink-pekko.actor.default-dispatcher-8] INFO  keyby0 (5/7) (7c364d770be7fb6122304dc159ffb54f_e32648f4a493dd25fdd7d9c66c500390_4_0) switched from CANCELING to CANCELED.
61735 [e2f0affed90bb4580c88f6e4db7d5c6b] ExecutionGraph [flink-pekko.actor.default-dispatcher-8] INFO  keyby0 (6/7) (7c364d770be7fb6122304dc159ffb54f_e32648f4a493dd25fdd7d9c66c500390_5_0) switched from CANCELING to CANCELED.
61735 [e2f0affed90bb4580c88f6e4db7d5c6b] ExecutionGraph [flink-pekko.actor.default-dispatcher-8] INFO  rescale0 (5/10) (7c364d770be7fb6122304dc159ffb54f_7b4c6fe4c6df355e1ed86e978ba4a96e_4_0) switched from CANCELING to CANCELED.
61735 [e2f0affed90bb4580c88f6e4db7d5c6b] ExecutionGraph [flink-pekko.actor.default-dispatcher-8] INFO  rescale0 (7/10) (7c364d770be7fb6122304dc159ffb54f_7b4c6fe4c6df355e1ed86e978ba4a96e_6_0) switched from CANCELING to CANCELED.
61736 [e2f0affed90bb4580c88f6e4db7d5c6b] ExecutionGraph [flink-pekko.actor.default-dispatcher-8] INFO  rescale0 (8/10) (7c364d770be7fb6122304dc159ffb54f_7b4c6fe4c6df355e1ed86e978ba4a96e_7_0) switched from CANCELING to CANCELED.
61736 [e2f0affed90bb4580c88f6e4db7d5c6b] ExecutionGraph [flink-pekko.actor.default-dispatcher-8] INFO  rescale0 (9/10) (7c364d770be7fb6122304dc159ffb54f_7b4c6fe4c6df355e1ed86e978ba4a96e_8_0) switched from CANCELING to CANCELED.
61736 [e2f0affed90bb4580c88f6e4db7d5c6b] ExecutionGraph [flink-pekko.actor.default-dispatcher-8] INFO  failing-map (5/7) (7c364d770be7fb6122304dc159ffb54f_b8c789ec3a44294cb45da029ffe0e6fd_4_0) switched from CANCELING to CANCELED.
61736 [e2f0affed90bb4580c88f6e4db7d5c6b] ExecutionGraph [flink-pekko.actor.default-dispatcher-8] INFO  failing-map (7/7) (7c364d770be7fb6122304dc159ffb54f_b8c789ec3a44294cb45da029ffe0e6fd_6_0) switched from CANCELING to CANCELED.
61736 [e2f0affed90bb4580c88f6e4db7d5c6b] ExecutionGraph [flink-pekko.actor.default-dispatcher-8] INFO  Job Flink Streaming Job (e2f0affed90bb4580c88f6e4db7d5c6b) switched from state FAILING to FAILED.
org.apache.flink.runtime.JobException: Recovery is suppressed by FixedDelayRestartBackoffTimeStrategy(maxNumberRestartAttempts=0, backoffTimeMS=100)
	at org.apache.flink.runtime.executiongraph.failover.ExecutionFailureHandler.handleFailure(ExecutionFailureHandler.java:213)
	at org.apache.flink.runtime.executiongraph.failover.ExecutionFailureHandler.handleFailureAndReport(ExecutionFailureHandler.java:163)
	at org.apache.flink.runtime.executiongraph.failover.ExecutionFailureHandler.getFailureHandlingResult(ExecutionFailureHandler.java:118)
	at org.apache.flink.runtime.scheduler.DefaultScheduler.recordTaskFailure(DefaultScheduler.java:300)
	at org.apache.flink.runtime.scheduler.DefaultScheduler.handleTaskFailure(DefaultScheduler.java:291)
	at org.apache.flink.runtime.scheduler.DefaultScheduler.onTaskFailed(DefaultScheduler.java:284)
	at org.apache.flink.runtime.scheduler.SchedulerBase.onTaskExecutionStateUpdate(SchedulerBase.java:836)
	at org.apache.flink.runtime.scheduler.SchedulerBase.updateTaskExecutionState(SchedulerBase.java:813)
	at org.apache.flink.runtime.scheduler.SchedulerNG.updateTaskExecutionState(SchedulerNG.java:90)
	at org.apache.flink.runtime.jobmaster.JobMaster.updateTaskExecutionState(JobMaster.java:543)
	at jdk.internal.reflect.GeneratedMethodAccessor33.invoke(Unknown Source)
	at java.base/jdk.internal.reflect.DelegatingMethodAccessorImpl.invoke(DelegatingMethodAccessorImpl.java:43)
	at java.base/java.lang.reflect.Method.invoke(Method.java:566)
	at org.apache.flink.runtime.rpc.pekko.PekkoRpcActor.lambda$handleRpcInvocation$1(PekkoRpcActor.java:318)
	at org.apache.flink.runtime.concurrent.ClassLoadingUtils.runWithContextClassLoader(ClassLoadingUtils.java:83)
	at org.apache.flink.runtime.rpc.pekko.PekkoRpcActor.handleRpcInvocation(PekkoRpcActor.java:316)
	at org.apache.flink.runtime.rpc.pekko.PekkoRpcActor.handleRpcMessage(PekkoRpcActor.java:229)
	at org.apache.flink.runtime.rpc.pekko.FencedPekkoRpcActor.handleRpcMessage(FencedPekkoRpcActor.java:88)
	at org.apache.flink.runtime.rpc.pekko.PekkoRpcActor.handleMessage(PekkoRpcActor.java:174)
	at org.apache.pekko.japi.pf.UnitCaseStatement.apply(CaseStatements.scala:37)
	at org.apache.pekko.japi.pf.UnitCaseStatement.apply(CaseStatements.scala:33)
	at scala.PartialFunction.applyOrElse(PartialFunction.scala:127)
	at scala.PartialFunction.applyOrElse$(PartialFunction.scala:126)
	at org.apache.pekko.japi.pf.UnitCaseStatement.applyOrElse(CaseStatements.scala:33)
	at scala.PartialFunction$OrElse.applyOrElse(PartialFunction.scala:175)
	at scala.PartialFunction$OrElse.applyOrElse(PartialFunction.scala:176)
	at scala.PartialFunction$OrElse.applyOrElse(PartialFunction.scala:176)
	at org.apache.pekko.actor.Actor.aroundReceive(Actor.scala:547)
	at org.apache.pekko.actor.Actor.aroundReceive$(Actor.scala:545)
	at org.apache.pekko.actor.AbstractActor.aroundReceive(AbstractActor.scala:229)
	at org.apache.pekko.actor.ActorCell.receiveMessage(ActorCell.scala:590)
	at org.apache.pekko.actor.ActorCell.invoke(ActorCell.scala:557)
	at org.apache.pekko.dispatch.Mailbox.processMailbox(Mailbox.scala:273)
	at org.apache.pekko.dispatch.Mailbox.run(Mailbox.scala:234)
	at org.apache.pekko.dispatch.Mailbox.exec(Mailbox.scala:246)
	at java.base/java.util.concurrent.ForkJoinTask.doExec(ForkJoinTask.java:290)
	at java.base/java.util.concurrent.ForkJoinPool$WorkQueue.topLevelExec(ForkJoinPool.java:1020)
	at java.base/java.util.concurrent.ForkJoinPool.scan(ForkJoinPool.java:1656)
	at java.base/java.util.concurrent.ForkJoinPool.runWorker(ForkJoinPool.java:1594)
	at java.base/java.util.concurrent.ForkJoinWorkerThread.run(ForkJoinWorkerThread.java:183)
Caused by: java.io.IOException: Could not perform checkpoint 6 for operator failing-map (1/7)#0.
	at org.apache.flink.streaming.runtime.tasks.StreamTask.triggerCheckpointOnBarrier(StreamTask.java:1629)
	at org.apache.flink.streaming.runtime.io.checkpointing.CheckpointBarrierHandler.notifyCheckpoint(CheckpointBarrierHandler.java:147)
	at org.apache.flink.streaming.runtime.io.checkpointing.SingleCheckpointBarrierHandler.triggerCheckpoint(SingleCheckpointBarrierHandler.java:302)
	at org.apache.flink.streaming.runtime.io.checkpointing.SingleCheckpointBarrierHandler$ControllerImpl.triggerGlobalCheckpoint(SingleCheckpointBarrierHandler.java:503)
	at org.apache.flink.streaming.runtime.io.checkpointing.AlternatingWaitingForFirstBarrierUnaligned.barrierReceived(AlternatingWaitingForFirstBarrierUnaligned.java:79)
	at org.apache.flink.streaming.runtime.io.checkpointing.AbstractAlternatingAlignedBarrierHandlerState.barrierReceived(AbstractAlternatingAlignedBarrierHandlerState.java:56)
	at org.apache.flink.streaming.runtime.io.checkpointing.SingleCheckpointBarrierHandler.lambda$processBarrier$2(SingleCheckpointBarrierHandler.java:249)
	at org.apache.flink.streaming.runtime.io.checkpointing.SingleCheckpointBarrierHandler.markCheckpointAlignedAndTransformState(SingleCheckpointBarrierHandler.java:277)
	at org.apache.flink.streaming.runtime.io.checkpointing.SingleCheckpointBarrierHandler.processBarrier(SingleCheckpointBarrierHandler.java:246)
	at org.apache.flink.streaming.runtime.io.checkpointing.CheckpointedInputGate.handleEvent(CheckpointedInputGate.java:182)
	at org.apache.flink.streaming.runtime.io.checkpointing.CheckpointedInputGate.pollNext(CheckpointedInputGate.java:160)
	at org.apache.flink.streaming.runtime.io.AbstractStreamTaskNetworkInput.emitNext(AbstractStreamTaskNetworkInput.java:178)
	at org.apache.flink.streaming.runtime.io.StreamOneInputProcessor.processInput(StreamOneInputProcessor.java:65)
	at org.apache.flink.streaming.runtime.tasks.StreamTask.processInput(StreamTask.java:672)
	at org.apache.flink.streaming.runtime.tasks.mailbox.MailboxProcessor.runMailboxLoop(MailboxProcessor.java:231)
	at org.apache.flink.streaming.runtime.tasks.StreamTask.runMailboxLoop(StreamTask.java:1201)
	at org.apache.flink.streaming.runtime.tasks.StreamTask.invoke(StreamTask.java:1138)
	at org.apache.flink.runtime.taskmanager.Task.runWithSystemExitMonitoring(Task.java:987)
	at org.apache.flink.runtime.taskmanager.Task.restoreAndInvoke(Task.java:969)
	at org.apache.flink.runtime.taskmanager.Task.doRun(Task.java:774)
	at org.apache.flink.runtime.taskmanager.Task.run(Task.java:579)
	at java.base/java.lang.Thread.run(Thread.java:829)
Caused by: org.apache.flink.runtime.checkpoint.CheckpointException: Could not complete snapshot 6 for operator failing-map (1/7)#0. Failure reason: Checkpoint was declined.
	at org.apache.flink.streaming.api.operators.StreamOperatorStateHandler.snapshotState(StreamOperatorStateHandler.java:318)
	at org.apache.flink.streaming.api.operators.StreamOperatorStateHandler.snapshotState(StreamOperatorStateHandler.java:202)
	at org.apache.flink.streaming.api.operators.AbstractStreamOperator.snapshotState(AbstractStreamOperator.java:427)
	at org.apache.flink.streaming.runtime.tasks.RegularOperatorChain.checkpointStreamOperator(RegularOperatorChain.java:228)
	at org.apache.flink.streaming.runtime.tasks.RegularOperatorChain.buildOperatorSnapshotFutures(RegularOperatorChain.java:213)
	at org.apache.flink.streaming.runtime.tasks.RegularOperatorChain.snapshotState(RegularOperatorChain.java:192)
	at org.apache.flink.streaming.runtime.tasks.SubtaskCheckpointCoordinatorImpl.takeSnapshotSync(SubtaskCheckpointCoordinatorImpl.java:751)
	at org.apache.flink.streaming.runtime.tasks.SubtaskCheckpointCoordinatorImpl.checkpointState(SubtaskCheckpointCoordinatorImpl.java:362)
	at org.apache.flink.streaming.runtime.tasks.StreamTask.lambda$performCheckpoint$21(StreamTask.java:1672)
	at org.apache.flink.streaming.runtime.tasks.StreamTaskActionExecutor$1.runThrowing(StreamTaskActionExecutor.java:50)
	at org.apache.flink.streaming.runtime.tasks.StreamTask.performCheckpoint(StreamTask.java:1660)
	at org.apache.flink.streaming.runtime.tasks.StreamTask.triggerCheckpointOnBarrier(StreamTask.java:1617)
	... 21 more
Caused by: org.apache.flink.test.checkpointing.UnalignedCheckpointTestBase$TestException: Failing snapshotState @ 5 (0 attempt); last value 169391
	at org.apache.flink.test.checkpointing.UnalignedCheckpointTestBase$FailingMapper.failMapper(UnalignedCheckpointTestBase.java:954)
	at org.apache.flink.test.checkpointing.UnalignedCheckpointTestBase$FailingMapper.checkFail(UnalignedCheckpointTestBase.java:949)
	at org.apache.flink.test.checkpointing.UnalignedCheckpointTestBase$FailingMapper.snapshotState(UnalignedCheckpointTestBase.java:977)
	at org.apache.flink.streaming.util.functions.StreamingFunctionUtils.trySnapshotFunctionState(StreamingFunctionUtils.java:118)
	at org.apache.flink.streaming.util.functions.StreamingFunctionUtils.snapshotFunctionState(StreamingFunctionUtils.java:99)
	at org.apache.flink.streaming.api.operators.AbstractUdfStreamOperator.snapshotState(AbstractUdfStreamOperator.java:104)
	at org.apache.flink.streaming.api.operators.StreamOperatorStateHandler.snapshotState(StreamOperatorStateHandler.java:261)
	... 32 more
61736 [                                ] SingleJobApplication [flink-pekko.actor.default-dispatcher-6] INFO  Application completed with job status FAILED
61736 [e2f0affed90bb4580c88f6e4db7d5c6b] CheckpointCoordinator [flink-pekko.actor.default-dispatcher-8] INFO  Stopping checkpoint coordinator for job e2f0affed90bb4580c88f6e4db7d5c6b.
61736 [                                ] AbstractApplication [flink-pekko.actor.default-dispatcher-6] INFO  Application SingleJobApplication(Flink Streaming Job) (e2f0affed90bb4580c88f6e4db7d5c6b) switched from state RUNNING to FAILING.
61736 [                                ] AbstractApplication [flink-pekko.actor.default-dispatcher-6] INFO  Application SingleJobApplication(Flink Streaming Job) (e2f0affed90bb4580c88f6e4db7d5c6b) switched from state FAILING to FAILED.
61736 [e2f0affed90bb4580c88f6e4db7d5c6b] StandaloneDispatcher [flink-pekko.actor.default-dispatcher-10] INFO  Job e2f0affed90bb4580c88f6e4db7d5c6b reached terminal state FAILED.
org.apache.flink.runtime.JobException: Recovery is suppressed by FixedDelayRestartBackoffTimeStrategy(maxNumberRestartAttempts=0, backoffTimeMS=100)
	at org.apache.flink.runtime.executiongraph.failover.ExecutionFailureHandler.handleFailure(ExecutionFailureHandler.java:213)
	at org.apache.flink.runtime.executiongraph.failover.ExecutionFailureHandler.handleFailureAndReport(ExecutionFailureHandler.java:163)
	at org.apache.flink.runtime.executiongraph.failover.ExecutionFailureHandler.getFailureHandlingResult(ExecutionFailureHandler.java:118)
	at org.apache.flink.runtime.scheduler.DefaultScheduler.recordTaskFailure(DefaultScheduler.java:300)
	at org.apache.flink.runtime.scheduler.DefaultScheduler.handleTaskFailure(DefaultScheduler.java:291)
	at org.apache.flink.runtime.scheduler.DefaultScheduler.onTaskFailed(DefaultScheduler.java:284)
	at org.apache.flink.runtime.scheduler.SchedulerBase.onTaskExecutionStateUpdate(SchedulerBase.java:836)
	at org.apache.flink.runtime.scheduler.SchedulerBase.updateTaskExecutionState(SchedulerBase.java:813)
	at org.apache.flink.runtime.scheduler.SchedulerNG.updateTaskExecutionState(SchedulerNG.java:90)
	at org.apache.flink.runtime.jobmaster.JobMaster.updateTaskExecutionState(JobMaster.java:543)
	at jdk.internal.reflect.GeneratedMethodAccessor33.invoke(Unknown Source)
	at java.base/jdk.internal.reflect.DelegatingMethodAccessorImpl.invoke(DelegatingMethodAccessorImpl.java:43)
	at java.base/java.lang.reflect.Method.invoke(Method.java:566)
	at org.apache.flink.runtime.rpc.pekko.PekkoRpcActor.lambda$handleRpcInvocation$1(PekkoRpcActor.java:318)
	at org.apache.flink.runtime.concurrent.ClassLoadingUtils.runWithContextClassLoader(ClassLoadingUtils.java:83)
	at org.apache.flink.runtime.rpc.pekko.PekkoRpcActor.handleRpcInvocation(PekkoRpcActor.java:316)
	at org.apache.flink.runtime.rpc.pekko.PekkoRpcActor.handleRpcMessage(PekkoRpcActor.java:229)
	at org.apache.flink.runtime.rpc.pekko.FencedPekkoRpcActor.handleRpcMessage(FencedPekkoRpcActor.java:88)
	at org.apache.flink.runtime.rpc.pekko.PekkoRpcActor.handleMessage(PekkoRpcActor.java:174)
	at org.apache.pekko.japi.pf.UnitCaseStatement.apply(CaseStatements.scala:37)
	at org.apache.pekko.japi.pf.UnitCaseStatement.apply(CaseStatements.scala:33)
	at scala.PartialFunction.applyOrElse(PartialFunction.scala:127)
	at scala.PartialFunction.applyOrElse$(PartialFunction.scala:126)
	at org.apache.pekko.japi.pf.UnitCaseStatement.applyOrElse(CaseStatements.scala:33)
	at scala.PartialFunction$OrElse.applyOrElse(PartialFunction.scala:175)
	at scala.PartialFunction$OrElse.applyOrElse(PartialFunction.scala:176)
	at scala.PartialFunction$OrElse.applyOrElse(PartialFunction.scala:176)
	at org.apache.pekko.actor.Actor.aroundReceive(Actor.scala:547)
	at org.apache.pekko.actor.Actor.aroundReceive$(Actor.scala:545)
	at org.apache.pekko.actor.AbstractActor.aroundReceive(AbstractActor.scala:229)
	at org.apache.pekko.actor.ActorCell.receiveMessage(ActorCell.scala:590)
	at org.apache.pekko.actor.ActorCell.invoke(ActorCell.scala:557)
	at org.apache.pekko.dispatch.Mailbox.processMailbox(Mailbox.scala:273)
	at org.apache.pekko.dispatch.Mailbox.run(Mailbox.scala:234)
	at org.apache.pekko.dispatch.Mailbox.exec(Mailbox.scala:246)
	at java.base/java.util.concurrent.ForkJoinTask.doExec(ForkJoinTask.java:290)
	at java.base/java.util.concurrent.ForkJoinPool$WorkQueue.topLevelExec(ForkJoinPool.java:1020)
	at java.base/java.util.concurrent.ForkJoinPool.scan(ForkJoinPool.java:1656)
	at java.base/java.util.concurrent.ForkJoinPool.runWorker(ForkJoinPool.java:1594)
	at java.base/java.util.concurrent.ForkJoinWorkerThread.run(ForkJoinWorkerThread.java:183)
Caused by: java.io.IOException: Could not perform checkpoint 6 for operator failing-map (1/7)#0.
	at org.apache.flink.streaming.runtime.tasks.StreamTask.triggerCheckpointOnBarrier(StreamTask.java:1629)
	at org.apache.flink.streaming.runtime.io.checkpointing.CheckpointBarrierHandler.notifyCheckpoint(CheckpointBarrierHandler.java:147)
	at org.apache.flink.streaming.runtime.io.checkpointing.SingleCheckpointBarrierHandler.triggerCheckpoint(SingleCheckpointBarrierHandler.java:302)
	at org.apache.flink.streaming.runtime.io.checkpointing.SingleCheckpointBarrierHandler$ControllerImpl.triggerGlobalCheckpoint(SingleCheckpointBarrierHandler.java:503)
	at org.apache.flink.streaming.runtime.io.checkpointing.AlternatingWaitingForFirstBarrierUnaligned.barrierReceived(AlternatingWaitingForFirstBarrierUnaligned.java:79)
	at org.apache.flink.streaming.runtime.io.checkpointing.AbstractAlternatingAlignedBarrierHandlerState.barrierReceived(AbstractAlternatingAlignedBarrierHandlerState.java:56)
	at org.apache.flink.streaming.runtime.io.checkpointing.SingleCheckpointBarrierHandler.lambda$processBarrier$2(SingleCheckpointBarrierHandler.java:249)
	at org.apache.flink.streaming.runtime.io.checkpointing.SingleCheckpointBarrierHandler.markCheckpointAlignedAndTransformState(SingleCheckpointBarrierHandler.java:277)
	at org.apache.flink.streaming.runtime.io.checkpointing.SingleCheckpointBarrierHandler.processBarrier(SingleCheckpointBarrierHandler.java:246)
	at org.apache.flink.streaming.runtime.io.checkpointing.CheckpointedInputGate.handleEvent(CheckpointedInputGate.java:182)
	at org.apache.flink.streaming.runtime.io.checkpointing.CheckpointedInputGate.pollNext(CheckpointedInputGate.java:160)
	at org.apache.flink.streaming.runtime.io.AbstractStreamTaskNetworkInput.emitNext(AbstractStreamTaskNetworkInput.java:178)
	at org.apache.flink.streaming.runtime.io.StreamOneInputProcessor.processInput(StreamOneInputProcessor.java:65)
	at org.apache.flink.streaming.runtime.tasks.StreamTask.processInput(StreamTask.java:672)
	at org.apache.flink.streaming.runtime.tasks.mailbox.MailboxProcessor.runMailboxLoop(MailboxProcessor.java:231)
	at org.apache.flink.streaming.runtime.tasks.StreamTask.runMailboxLoop(StreamTask.java:1201)
	at org.apache.flink.streaming.runtime.tasks.StreamTask.invoke(StreamTask.java:1138)
	at org.apache.flink.runtime.taskmanager.Task.runWithSystemExitMonitoring(Task.java:987)
	at org.apache.flink.runtime.taskmanager.Task.restoreAndInvoke(Task.java:969)
	at org.apache.flink.runtime.taskmanager.Task.doRun(Task.java:774)
	at org.apache.flink.runtime.taskmanager.Task.run(Task.java:579)
	at java.base/java.lang.Thread.run(Thread.java:829)
Caused by: org.apache.flink.runtime.checkpoint.CheckpointException: Could not complete snapshot 6 for operator failing-map (1/7)#0. Failure reason: Checkpoint was declined.
	at org.apache.flink.streaming.api.operators.StreamOperatorStateHandler.snapshotState(StreamOperatorStateHandler.java:318)
	at org.apache.flink.streaming.api.operators.StreamOperatorStateHandler.snapshotState(StreamOperatorStateHandler.java:202)
	at org.apache.flink.streaming.api.operators.AbstractStreamOperator.snapshotState(AbstractStreamOperator.java:427)
	at org.apache.flink.streaming.runtime.tasks.RegularOperatorChain.checkpointStreamOperator(RegularOperatorChain.java:228)
	at org.apache.flink.streaming.runtime.tasks.RegularOperatorChain.buildOperatorSnapshotFutures(RegularOperatorChain.java:213)
	at org.apache.flink.streaming.runtime.tasks.RegularOperatorChain.snapshotState(RegularOperatorChain.java:192)
	at org.apache.flink.streaming.runtime.tasks.SubtaskCheckpointCoordinatorImpl.takeSnapshotSync(SubtaskCheckpointCoordinatorImpl.java:751)
	at org.apache.flink.streaming.runtime.tasks.SubtaskCheckpointCoordinatorImpl.checkpointState(SubtaskCheckpointCoordinatorImpl.java:362)
	at org.apache.flink.streaming.runtime.tasks.StreamTask.lambda$performCheckpoint$21(StreamTask.java:1672)
	at org.apache.flink.streaming.runtime.tasks.StreamTaskActionExecutor$1.runThrowing(StreamTaskActionExecutor.java:50)
	at org.apache.flink.streaming.runtime.tasks.StreamTask.performCheckpoint(StreamTask.java:1660)
	at org.apache.flink.streaming.runtime.tasks.StreamTask.triggerCheckpointOnBarrier(StreamTask.java:1617)
	... 21 more
Caused by: org.apache.flink.test.checkpointing.UnalignedCheckpointTestBase$TestException: Failing snapshotState @ 5 (0 attempt); last value 169391
	at org.apache.flink.test.checkpointing.UnalignedCheckpointTestBase$FailingMapper.failMapper(UnalignedCheckpointTestBase.java:954)
	at org.apache.flink.test.checkpointing.UnalignedCheckpointTestBase$FailingMapper.checkFail(UnalignedCheckpointTestBase.java:949)
	at org.apache.flink.test.checkpointing.UnalignedCheckpointTestBase$FailingMapper.snapshotState(UnalignedCheckpointTestBase.java:977)
	at org.apache.flink.streaming.util.functions.StreamingFunctionUtils.trySnapshotFunctionState(StreamingFunctionUtils.java:118)
	at org.apache.flink.streaming.util.functions.StreamingFunctionUtils.snapshotFunctionState(StreamingFunctionUtils.java:99)
	at org.apache.flink.streaming.api.operators.AbstractUdfStreamOperator.snapshotState(AbstractUdfStreamOperator.java:104)
	at org.apache.flink.streaming.api.operators.StreamOperatorStateHandler.snapshotState(StreamOperatorStateHandler.java:261)
	... 32 more
61736 [                                ] MiniClusterWithClientResource [ForkJoinPool-1-worker-19] INFO  Finalization triggered: Cluster shutdown is going to be initiated.
61736 [                                ] StandaloneDispatcher [flink-pekko.actor.default-dispatcher-10] INFO  Archiving application (e2f0affed90bb4580c88f6e4db7d5c6b) with terminal state FAILED.
61736 [e2f0affed90bb4580c88f6e4db7d5c6b] JobMaster [flink-pekko.actor.default-dispatcher-8] INFO  Stopping the JobMaster for job 'Flink Streaming Job' (e2f0affed90bb4580c88f6e4db7d5c6b).
61737 [e2f0affed90bb4580c88f6e4db7d5c6b] StandaloneCompletedCheckpointStore [flink-pekko.actor.default-dispatcher-8] INFO  Shutting down
61737 [e2f0affed90bb4580c88f6e4db7d5c6b] SourceCoordinator [Thread-913] INFO  Closing SourceCoordinator for source Source: source0.
61737 [e2f0affed90bb4580c88f6e4db7d5c6b] StandaloneCompletedCheckpointStore [flink-pekko.actor.default-dispatcher-8] INFO  Checkpoint with ID 5 at 'file:/var/folders/m8/q6f016tn6cl2cp86hfq331_w0000gp/T/junit-4734462783579597589/junit13986449793460021045/e2f0affed90bb4580c88f6e4db7d5c6b/chk-5' not discarded.
61737 [e2f0affed90bb4580c88f6e4db7d5c6b] SourceCoordinator [Thread-913] INFO  Source coordinator for source Source: source0 closed.
61737 [e2f0affed90bb4580c88f6e4db7d5c6b] DefaultDeclarativeSlotPool [flink-pekko.actor.default-dispatcher-8] INFO  Releasing slot [1f42d7178af8375c2b0f945a5371fdd5].
61737 [e2f0affed90bb4580c88f6e4db7d5c6b] DefaultDeclarativeSlotPool [flink-pekko.actor.default-dispatcher-8] INFO  Releasing slot [c440a366c7b1cd3b8396e4ab5e75b228].
61737 [e2f0affed90bb4580c88f6e4db7d5c6b] DefaultDeclarativeSlotPool [flink-pekko.actor.default-dispatcher-8] INFO  Releasing slot [abfd9db3ee3ca4ef22f482e5d2f80918].
61737 [e2f0affed90bb4580c88f6e4db7d5c6b] DefaultDeclarativeSlotPool [flink-pekko.actor.default-dispatcher-8] INFO  Releasing slot [10220dbcfc037a845cf06819a30df972].
61737 [e2f0affed90bb4580c88f6e4db7d5c6b] DefaultDeclarativeSlotPool [flink-pekko.actor.default-dispatcher-8] INFO  Releasing slot [090217d5aa192c280da8a8d32136ccb4].
61737 [e2f0affed90bb4580c88f6e4db7d5c6b] JobMaster [flink-pekko.actor.default-dispatcher-8] INFO  Disconnect TaskExecutor 0aab3875-4873-4632-a356-5359d33c98fa because: Stopping JobMaster for job 'Flink Streaming Job' (e2f0affed90bb4580c88f6e4db7d5c6b).
61737 [e2f0affed90bb4580c88f6e4db7d5c6b] TaskSlotTableImpl [flink-pekko.actor.default-dispatcher-6] INFO  Free slot TaskSlot(index:7, state:ACTIVE, resource profile: ResourceProfile{taskHeapMemory=204.800gb (219902325555 bytes), taskOffHeapMemory=204.800gb (219902325555 bytes), managedMemory=16.000mb (16777216 bytes), networkMemory=6.400mb (6710886 bytes)}, allocationId: 1f42d7178af8375c2b0f945a5371fdd5, jobId: e2f0affed90bb4580c88f6e4db7d5c6b).
61737 [e2f0affed90bb4580c88f6e4db7d5c6b] DefaultDeclarativeSlotPool [flink-pekko.actor.default-dispatcher-8] INFO  Releasing slot [754c63adaf4693e9ea08dd5b964f2745].
61737 [e2f0affed90bb4580c88f6e4db7d5c6b] DefaultDeclarativeSlotPool [flink-pekko.actor.default-dispatcher-8] INFO  Releasing slot [732a0120709cb942c4e62ad515f71d27].
61737 [e2f0affed90bb4580c88f6e4db7d5c6b] DefaultDeclarativeSlotPool [flink-pekko.actor.default-dispatcher-8] INFO  Releasing slot [960d6db2c0ed9a8d8866c563b3cacbc8].
61737 [e2f0affed90bb4580c88f6e4db7d5c6b] DefaultDeclarativeSlotPool [flink-pekko.actor.default-dispatcher-8] INFO  Releasing slot [e3f365d47d77b61351ce6d2e5f1629ce].
61737 [e2f0affed90bb4580c88f6e4db7d5c6b] JobMaster [flink-pekko.actor.default-dispatcher-8] INFO  Disconnect TaskExecutor 5df2bd91-da4a-4832-bb2f-2477c2111d51 because: Stopping JobMaster for job 'Flink Streaming Job' (e2f0affed90bb4580c88f6e4db7d5c6b).
61737 [e2f0affed90bb4580c88f6e4db7d5c6b] TaskSlotTableImpl [flink-pekko.actor.default-dispatcher-9] INFO  Free slot TaskSlot(index:6, state:ACTIVE, resource profile: ResourceProfile{taskHeapMemory=204.800gb (219902325555 bytes), taskOffHeapMemory=204.800gb (219902325555 bytes), managedMemory=16.000mb (16777216 bytes), networkMemory=6.400mb (6710886 bytes)}, allocationId: 754c63adaf4693e9ea08dd5b964f2745, jobId: e2f0affed90bb4580c88f6e4db7d5c6b).
61737 [e2f0affed90bb4580c88f6e4db7d5c6b] DefaultDeclarativeSlotPool [flink-pekko.actor.default-dispatcher-8] INFO  Releasing slot [f17d2f5ba332a9667507cf1e1c08ff16].
61737 [e2f0affed90bb4580c88f6e4db7d5c6b] DefaultDeclarativeSlotPool [flink-pekko.actor.default-dispatcher-8] INFO  Releasing slot [af229d40ea91e721c8d8abf6fdb3bb89].
61737 [e2f0affed90bb4580c88f6e4db7d5c6b] DefaultDeclarativeSlotPool [flink-pekko.actor.default-dispatcher-8] INFO  Releasing slot [c7c9dd428cb618ca3d16f1857c46888b].
61737 [e2f0affed90bb4580c88f6e4db7d5c6b] DefaultDeclarativeSlotPool [flink-pekko.actor.default-dispatcher-8] INFO  Releasing slot [ad281a12c9fed243353c6fd5ab19e289].
61737 [e2f0affed90bb4580c88f6e4db7d5c6b] DefaultDeclarativeSlotPool [flink-pekko.actor.default-dispatcher-8] INFO  Releasing slot [738d40efd47b62e7177e81efe55667b7].
61737 [e2f0affed90bb4580c88f6e4db7d5c6b] TaskSlotTableImpl [flink-pekko.actor.default-dispatcher-10] INFO  Free slot TaskSlot(index:7, state:ACTIVE, resource profile: ResourceProfile{taskHeapMemory=204.800gb (219902325555 bytes), taskOffHeapMemory=204.800gb (219902325555 bytes), managedMemory=16.000mb (16777216 bytes), networkMemory=6.400mb (6710886 bytes)}, allocationId: f17d2f5ba332a9667507cf1e1c08ff16, jobId: e2f0affed90bb4580c88f6e4db7d5c6b).
61737 [                                ] MiniCluster [ForkJoinPool-1-worker-19] INFO  Shutting down Flink Mini Cluster
61737 [e2f0affed90bb4580c88f6e4db7d5c6b] JobMaster [flink-pekko.actor.default-dispatcher-8] INFO  Disconnect TaskExecutor 851c89e8-2e40-4759-9ebc-c952f3b10787 because: Stopping JobMaster for job 'Flink Streaming Job' (e2f0affed90bb4580c88f6e4db7d5c6b).
61737 [e2f0affed90bb4580c88f6e4db7d5c6b] JobMaster [flink-pekko.actor.default-dispatcher-8] INFO  Close ResourceManager connection 151c4241fa6cceccc0508fdd1ccdbd3e: Stopping JobMaster for job 'Flink Streaming Job' (e2f0affed90bb4580c88f6e4db7d5c6b).
61737 [                                ] DispatcherRestEndpoint [ForkJoinPool-1-worker-19] INFO  Shutting down rest endpoint.
61737 [e2f0affed90bb4580c88f6e4db7d5c6b] TaskSlotTableImpl [flink-pekko.actor.default-dispatcher-6] INFO  Free slot TaskSlot(index:5, state:ACTIVE, resource profile: ResourceProfile{taskHeapMemory=204.800gb (219902325555 bytes), taskOffHeapMemory=204.800gb (219902325555 bytes), managedMemory=16.000mb (16777216 bytes), networkMemory=6.400mb (6710886 bytes)}, allocationId: c440a366c7b1cd3b8396e4ab5e75b228, jobId: e2f0affed90bb4580c88f6e4db7d5c6b).
61737 [e2f0affed90bb4580c88f6e4db7d5c6b] StandaloneResourceManager [flink-pekko.actor.default-dispatcher-8] INFO  Disconnect job manager 98f1a41c4fcb4f24cf5e3095090d410b@pekko://flink/user/rpc/jobmanager_333 for job e2f0affed90bb4580c88f6e4db7d5c6b from the resource manager.
61737 [e2f0affed90bb4580c88f6e4db7d5c6b] DefaultSlotStatusSyncer [flink-pekko.actor.default-dispatcher-8] INFO  Freeing slot 1f42d7178af8375c2b0f945a5371fdd5.
61737 [e2f0affed90bb4580c88f6e4db7d5c6b] DefaultSlotStatusSyncer [flink-pekko.actor.default-dispatcher-8] INFO  Freeing slot f17d2f5ba332a9667507cf1e1c08ff16.
61737 [e2f0affed90bb4580c88f6e4db7d5c6b] DefaultSlotStatusSyncer [flink-pekko.actor.default-dispatcher-8] INFO  Freeing slot 754c63adaf4693e9ea08dd5b964f2745.
61737 [e2f0affed90bb4580c88f6e4db7d5c6b] TaskSlotTableImpl [flink-pekko.actor.default-dispatcher-10] INFO  Free slot TaskSlot(index:8, state:ACTIVE, resource profile: ResourceProfile{taskHeapMemory=204.800gb (219902325555 bytes), taskOffHeapMemory=204.800gb (219902325555 bytes), managedMemory=16.000mb (16777216 bytes), networkMemory=6.400mb (6710886 bytes)}, allocationId: af229d40ea91e721c8d8abf6fdb3bb89, jobId: e2f0affed90bb4580c88f6e4db7d5c6b).
61737 [e2f0affed90bb4580c88f6e4db7d5c6b] TaskSlotTableImpl [flink-pekko.actor.default-dispatcher-9] INFO  Free slot TaskSlot(index:7, state:ACTIVE, resource profile: ResourceProfile{taskHeapMemory=204.800gb (219902325555 bytes), taskOffHeapMemory=204.800gb (219902325555 bytes), managedMemory=16.000mb (16777216 bytes), networkMemory=6.400mb (6710886 bytes)}, allocationId: 732a0120709cb942c4e62ad515f71d27, jobId: e2f0affed90bb4580c88f6e4db7d5c6b).
61737 [                                ] TaskExecutor [mini-cluster-io-thread-3] INFO  JobManager for job e2f0affed90bb4580c88f6e4db7d5c6b with leader id 98f1a41c4fcb4f24cf5e3095090d410b lost leadership.
61737 [                                ] TaskExecutor [mini-cluster-io-thread-3] INFO  JobManager for job e2f0affed90bb4580c88f6e4db7d5c6b with leader id 98f1a41c4fcb4f24cf5e3095090d410b lost leadership.
61737 [                                ] TaskExecutor [mini-cluster-io-thread-3] INFO  JobManager for job e2f0affed90bb4580c88f6e4db7d5c6b with leader id 98f1a41c4fcb4f24cf5e3095090d410b lost leadership.
61737 [e2f0affed90bb4580c88f6e4db7d5c6b] TaskSlotTableImpl [flink-pekko.actor.default-dispatcher-10] INFO  Free slot TaskSlot(index:9, state:ACTIVE, resource profile: ResourceProfile{taskHeapMemory=204.800gb (219902325555 bytes), taskOffHeapMemory=204.800gb (219902325555 bytes), managedMemory=16.000mb (16777216 bytes), networkMemory=6.400mb (6710886 bytes)}, allocationId: c7c9dd428cb618ca3d16f1857c46888b, jobId: e2f0affed90bb4580c88f6e4db7d5c6b).
61737 [e2f0affed90bb4580c88f6e4db7d5c6b] DefaultSlotStatusSyncer [flink-pekko.actor.default-dispatcher-8] INFO  Freeing slot af229d40ea91e721c8d8abf6fdb3bb89.
61737 [e2f0affed90bb4580c88f6e4db7d5c6b] TaskSlotTableImpl [flink-pekko.actor.default-dispatcher-6] INFO  Free slot TaskSlot(index:6, state:ACTIVE, resource profile: ResourceProfile{taskHeapMemory=204.800gb (219902325555 bytes), taskOffHeapMemory=204.800gb (219902325555 bytes), managedMemory=16.000mb (16777216 bytes), networkMemory=6.400mb (6710886 bytes)}, allocationId: abfd9db3ee3ca4ef22f482e5d2f80918, jobId: e2f0affed90bb4580c88f6e4db7d5c6b).
61737 [e2f0affed90bb4580c88f6e4db7d5c6b] DefaultSlotStatusSyncer [flink-pekko.actor.default-dispatcher-8] INFO  Freeing slot c440a366c7b1cd3b8396e4ab5e75b228.
61737 [e2f0affed90bb4580c88f6e4db7d5c6b] TaskSlotTableImpl [flink-pekko.actor.default-dispatcher-10] INFO  Free slot TaskSlot(index:5, state:ACTIVE, resource profile: ResourceProfile{taskHeapMemory=204.800gb (219902325555 bytes), taskOffHeapMemory=204.800gb (219902325555 bytes), managedMemory=16.000mb (16777216 bytes), networkMemory=6.400mb (6710886 bytes)}, allocationId: ad281a12c9fed243353c6fd5ab19e289, jobId: e2f0affed90bb4580c88f6e4db7d5c6b).
61737 [e2f0affed90bb4580c88f6e4db7d5c6b] DefaultSlotStatusSyncer [flink-pekko.actor.default-dispatcher-8] INFO  Freeing slot c7c9dd428cb618ca3d16f1857c46888b.
61737 [e2f0affed90bb4580c88f6e4db7d5c6b] DefaultSlotStatusSyncer [flink-pekko.actor.default-dispatcher-8] INFO  Freeing slot 732a0120709cb942c4e62ad515f71d27.
61737 [e2f0affed90bb4580c88f6e4db7d5c6b] TaskSlotTableImpl [flink-pekko.actor.default-dispatcher-9] INFO  Free slot TaskSlot(index:5, state:ACTIVE, resource profile: ResourceProfile{taskHeapMemory=204.800gb (219902325555 bytes), taskOffHeapMemory=204.800gb (219902325555 bytes), managedMemory=16.000mb (16777216 bytes), networkMemory=6.400mb (6710886 bytes)}, allocationId: 960d6db2c0ed9a8d8866c563b3cacbc8, jobId: e2f0affed90bb4580c88f6e4db7d5c6b).
61737 [e2f0affed90bb4580c88f6e4db7d5c6b] TaskSlotTableImpl [flink-pekko.actor.default-dispatcher-10] INFO  Free slot TaskSlot(index:6, state:ACTIVE, resource profile: ResourceProfile{taskHeapMemory=204.800gb (219902325555 bytes), taskOffHeapMemory=204.800gb (219902325555 bytes), managedMemory=16.000mb (16777216 bytes), networkMemory=6.400mb (6710886 bytes)}, allocationId: 738d40efd47b62e7177e81efe55667b7, jobId: e2f0affed90bb4580c88f6e4db7d5c6b).
61737 [e2f0affed90bb4580c88f6e4db7d5c6b] DefaultSlotStatusSyncer [flink-pekko.actor.default-dispatcher-8] INFO  Freeing slot ad281a12c9fed243353c6fd5ab19e289.
61737 [e2f0affed90bb4580c88f6e4db7d5c6b] DefaultSlotStatusSyncer [flink-pekko.actor.default-dispatcher-8] INFO  Freeing slot 738d40efd47b62e7177e81efe55667b7.
61737 [e2f0affed90bb4580c88f6e4db7d5c6b] DefaultJobLeaderService [flink-pekko.actor.default-dispatcher-10] INFO  Remove job e2f0affed90bb4580c88f6e4db7d5c6b from job leader monitoring.
61737 [e2f0affed90bb4580c88f6e4db7d5c6b] TaskExecutor [flink-pekko.actor.default-dispatcher-10] INFO  Close JobManager connection for job e2f0affed90bb4580c88f6e4db7d5c6b.
61737 [e2f0affed90bb4580c88f6e4db7d5c6b] DefaultSlotStatusSyncer [flink-pekko.actor.default-dispatcher-8] INFO  Freeing slot abfd9db3ee3ca4ef22f482e5d2f80918.
61737 [e2f0affed90bb4580c88f6e4db7d5c6b] TaskSlotTableImpl [flink-pekko.actor.default-dispatcher-6] INFO  Free slot TaskSlot(index:8, state:ACTIVE, resource profile: ResourceProfile{taskHeapMemory=204.800gb (219902325555 bytes), taskOffHeapMemory=204.800gb (219902325555 bytes), managedMemory=16.000mb (16777216 bytes), networkMemory=6.400mb (6710886 bytes)}, allocationId: 10220dbcfc037a845cf06819a30df972, jobId: e2f0affed90bb4580c88f6e4db7d5c6b).
61737 [e2f0affed90bb4580c88f6e4db7d5c6b] DefaultSlotStatusSyncer [flink-pekko.actor.default-dispatcher-8] INFO  Freeing slot 960d6db2c0ed9a8d8866c563b3cacbc8.
61737 [e2f0affed90bb4580c88f6e4db7d5c6b] TaskSlotTableImpl [flink-pekko.actor.default-dispatcher-9] INFO  Free slot TaskSlot(index:8, state:ACTIVE, resource profile: ResourceProfile{taskHeapMemory=204.800gb (219902325555 bytes), taskOffHeapMemory=204.800gb (219902325555 bytes), managedMemory=16.000mb (16777216 bytes), networkMemory=6.400mb (6710886 bytes)}, allocationId: e3f365d47d77b61351ce6d2e5f1629ce, jobId: e2f0affed90bb4580c88f6e4db7d5c6b).
61737 [e2f0affed90bb4580c88f6e4db7d5c6b] DefaultSlotStatusSyncer [flink-pekko.actor.default-dispatcher-8] INFO  Freeing slot 10220dbcfc037a845cf06819a30df972.
61737 [e2f0affed90bb4580c88f6e4db7d5c6b] TaskSlotTableImpl [flink-pekko.actor.default-dispatcher-6] INFO  Free slot TaskSlot(index:9, state:ACTIVE, resource profile: ResourceProfile{taskHeapMemory=204.800gb (219902325555 bytes), taskOffHeapMemory=204.800gb (219902325555 bytes), managedMemory=16.000mb (16777216 bytes), networkMemory=6.400mb (6710886 bytes)}, allocationId: 090217d5aa192c280da8a8d32136ccb4, jobId: e2f0affed90bb4580c88f6e4db7d5c6b).
61737 [e2f0affed90bb4580c88f6e4db7d5c6b] DefaultJobLeaderService [flink-pekko.actor.default-dispatcher-6] INFO  Remove job e2f0affed90bb4580c88f6e4db7d5c6b from job leader monitoring.
61737 [e2f0affed90bb4580c88f6e4db7d5c6b] TaskExecutor [flink-pekko.actor.default-dispatcher-6] INFO  Close JobManager connection for job e2f0affed90bb4580c88f6e4db7d5c6b.
61737 [e2f0affed90bb4580c88f6e4db7d5c6b] DefaultSlotStatusSyncer [flink-pekko.actor.default-dispatcher-8] INFO  Freeing slot 090217d5aa192c280da8a8d32136ccb4.
61737 [                                ] TaskExecutor [flink-pekko.actor.default-dispatcher-10] INFO  Stopping TaskExecutor pekko://flink/user/rpc/taskmanager_329.
61737 [                                ] TaskExecutor [flink-pekko.actor.default-dispatcher-10] INFO  Close ResourceManager connection 151c4241fa6cceccc0508fdd1ccdbd3e.
61737 [                                ] TaskExecutorStateChangelogStoragesManager [flink-pekko.actor.default-dispatcher-10] INFO  Shutting down TaskExecutorStateChangelogStoragesManager.
61737 [                                ] TaskExecutorChannelStateExecutorFactoryManager [flink-pekko.actor.default-dispatcher-10] INFO  Shutting down TaskExecutorChannelStateExecutorFactoryManager.
61737 [e2f0affed90bb4580c88f6e4db7d5c6b] DefaultJobLeaderService [flink-pekko.actor.default-dispatcher-9] INFO  Remove job e2f0affed90bb4580c88f6e4db7d5c6b from job leader monitoring.
61737 [e2f0affed90bb4580c88f6e4db7d5c6b] TaskExecutor [flink-pekko.actor.default-dispatcher-9] INFO  Close JobManager connection for job e2f0affed90bb4580c88f6e4db7d5c6b.
61737 [                                ] StandaloneResourceManager [flink-pekko.actor.default-dispatcher-8] INFO  Closing TaskExecutor connection 851c89e8-2e40-4759-9ebc-c952f3b10787 because: The TaskExecutor is shutting down.
61737 [                                ] FineGrainedSlotManager [flink-pekko.actor.default-dispatcher-8] INFO  Unregistering task executor c8477fc213aa46a9883f0cf588cf7376 from the slot manager.
61737 [e2f0affed90bb4580c88f6e4db7d5c6b] DefaultSlotStatusSyncer [flink-pekko.actor.default-dispatcher-8] INFO  Freeing slot e3f365d47d77b61351ce6d2e5f1629ce.
61738 [                                ] TaskExecutor [flink-pekko.actor.default-dispatcher-6] INFO  Stopping TaskExecutor pekko://flink/user/rpc/taskmanager_328.
61738 [                                ] TaskExecutor [flink-pekko.actor.default-dispatcher-6] INFO  Close ResourceManager connection 151c4241fa6cceccc0508fdd1ccdbd3e.
61738 [                                ] TaskExecutorStateChangelogStoragesManager [flink-pekko.actor.default-dispatcher-6] INFO  Shutting down TaskExecutorStateChangelogStoragesManager.
61738 [                                ] TaskExecutorChannelStateExecutorFactoryManager [flink-pekko.actor.default-dispatcher-6] INFO  Shutting down TaskExecutorChannelStateExecutorFactoryManager.
61738 [                                ] DefaultJobLeaderService [flink-pekko.actor.default-dispatcher-10] INFO  Stop job leader service.
61738 [                                ] TaskExecutorLocalStateStoresManager [flink-pekko.actor.default-dispatcher-10] INFO  Shutting down TaskExecutorLocalStateStoresManager.
61738 [                                ] StandaloneResourceManager [flink-pekko.actor.default-dispatcher-8] INFO  Closing TaskExecutor connection 0aab3875-4873-4632-a356-5359d33c98fa because: The TaskExecutor is shutting down.
61738 [                                ] FineGrainedSlotManager [flink-pekko.actor.default-dispatcher-8] INFO  Unregistering task executor b070aaac3880e72c4ac0f7bfb40b7cbd from the slot manager.
61738 [                                ] TaskExecutor [flink-pekko.actor.default-dispatcher-9] INFO  Stopping TaskExecutor pekko://flink/user/rpc/taskmanager_330.
61738 [                                ] TaskExecutor [flink-pekko.actor.default-dispatcher-9] INFO  Close ResourceManager connection 151c4241fa6cceccc0508fdd1ccdbd3e.
61738 [                                ] TaskExecutorStateChangelogStoragesManager [flink-pekko.actor.default-dispatcher-9] INFO  Shutting down TaskExecutorStateChangelogStoragesManager.
61738 [                                ] TaskExecutorChannelStateExecutorFactoryManager [flink-pekko.actor.default-dispatcher-9] INFO  Shutting down TaskExecutorChannelStateExecutorFactoryManager.
61738 [                                ] DefaultJobLeaderService [flink-pekko.actor.default-dispatcher-6] INFO  Stop job leader service.
61738 [                                ] TaskExecutorLocalStateStoresManager [flink-pekko.actor.default-dispatcher-6] INFO  Shutting down TaskExecutorLocalStateStoresManager.
61738 [                                ] StandaloneResourceManager [flink-pekko.actor.default-dispatcher-8] INFO  Closing TaskExecutor connection 5df2bd91-da4a-4832-bb2f-2477c2111d51 because: The TaskExecutor is shutting down.
61738 [                                ] FineGrainedSlotManager [flink-pekko.actor.default-dispatcher-8] INFO  Unregistering task executor 004854b5842d1b348b55161e9f116ea7 from the slot manager.
61738 [                                ] DefaultJobLeaderService [flink-pekko.actor.default-dispatcher-9] INFO  Stop job leader service.
61738 [                                ] TaskExecutorLocalStateStoresManager [flink-pekko.actor.default-dispatcher-9] INFO  Shutting down TaskExecutorLocalStateStoresManager.
61738 [                                ] FileChannelManagerImpl [flink-pekko.actor.default-dispatcher-10] INFO  FileChannelManager removed spill file directory /var/folders/m8/q6f016tn6cl2cp86hfq331_w0000gp/T/junit12394834073980259349/junit9098618622995622122/flink-io-052387e6-3391-4ae8-8bda-e4fa2cc166c3
61738 [                                ] NettyShuffleEnvironment [flink-pekko.actor.default-dispatcher-10] INFO  Shutting down the network environment and its components.
61738 [                                ] FileChannelManagerImpl [flink-pekko.actor.default-dispatcher-9] INFO  FileChannelManager removed spill file directory /var/folders/m8/q6f016tn6cl2cp86hfq331_w0000gp/T/junit12394834073980259349/junit9098618622995622122/flink-io-3c4228cb-6245-4417-87c2-6cd67475d1bc
61738 [                                ] NettyShuffleEnvironment [flink-pekko.actor.default-dispatcher-9] INFO  Shutting down the network environment and its components.
61738 [                                ] FileChannelManagerImpl [flink-pekko.actor.default-dispatcher-6] INFO  FileChannelManager removed spill file directory /var/folders/m8/q6f016tn6cl2cp86hfq331_w0000gp/T/junit12394834073980259349/junit9098618622995622122/flink-io-bdfa9487-20c4-469f-8d83-251de7149577
61738 [                                ] NettyShuffleEnvironment [flink-pekko.actor.default-dispatcher-6] INFO  Shutting down the network environment and its components.
61738 [                                ] NettyClient [flink-pekko.actor.default-dispatcher-6] INFO  Successful shutdown (took 0 ms).
61738 [                                ] NettyClient [flink-pekko.actor.default-dispatcher-9] INFO  Successful shutdown (took 0 ms).
61739 [                                ] NettyServer [flink-pekko.actor.default-dispatcher-9] INFO  Successful shutdown (took 0 ms).
61739 [                                ] NettyClient [flink-pekko.actor.default-dispatcher-10] INFO  Successful shutdown (took 0 ms).
61739 [                                ] FileChannelManagerImpl [flink-pekko.actor.default-dispatcher-9] INFO  FileChannelManager removed spill file directory /var/folders/m8/q6f016tn6cl2cp86hfq331_w0000gp/T/junit12394834073980259349/junit9098618622995622122/flink-netty-shuffle-6d63e711-ee2c-42fb-a630-c81512f18bf1
61739 [                                ] KvStateService [flink-pekko.actor.default-dispatcher-9] INFO  Shutting down the kvState service and its components.
61739 [                                ] DefaultJobLeaderService [flink-pekko.actor.default-dispatcher-9] INFO  Stop job leader service.
61739 [                                ] NettyServer [flink-pekko.actor.default-dispatcher-6] INFO  Successful shutdown (took 0 ms).
61739 [                                ] FileCache [flink-pekko.actor.default-dispatcher-9] INFO  removed file cache directory /var/folders/m8/q6f016tn6cl2cp86hfq331_w0000gp/T/junit12394834073980259349/junit9098618622995622122/flink-dist-cache-495330b5-c921-46bc-a9ac-a5b0b6a0cad4
61739 [                                ] TaskExecutor [flink-pekko.actor.default-dispatcher-9] INFO  Stopped TaskExecutor pekko://flink/user/rpc/taskmanager_330.
61739 [                                ] NettyServer [flink-pekko.actor.default-dispatcher-10] INFO  Successful shutdown (took 0 ms).
61739 [                                ] FileChannelManagerImpl [flink-pekko.actor.default-dispatcher-6] INFO  FileChannelManager removed spill file directory /var/folders/m8/q6f016tn6cl2cp86hfq331_w0000gp/T/junit12394834073980259349/junit9098618622995622122/flink-netty-shuffle-28fbbde6-f006-4b86-af4b-609f0c3c3334
61739 [                                ] KvStateService [flink-pekko.actor.default-dispatcher-6] INFO  Shutting down the kvState service and its components.
61739 [                                ] DefaultJobLeaderService [flink-pekko.actor.default-dispatcher-6] INFO  Stop job leader service.
61739 [                                ] FileChannelManagerImpl [flink-pekko.actor.default-dispatcher-10] INFO  FileChannelManager removed spill file directory /var/folders/m8/q6f016tn6cl2cp86hfq331_w0000gp/T/junit12394834073980259349/junit9098618622995622122/flink-netty-shuffle-c5ed628a-bdba-4628-80f0-2dc718cad844
61739 [                                ] KvStateService [flink-pekko.actor.default-dispatcher-10] INFO  Shutting down the kvState service and its components.
61739 [                                ] DefaultJobLeaderService [flink-pekko.actor.default-dispatcher-10] INFO  Stop job leader service.
61739 [                                ] FileCache [flink-pekko.actor.default-dispatcher-6] INFO  removed file cache directory /var/folders/m8/q6f016tn6cl2cp86hfq331_w0000gp/T/junit12394834073980259349/junit9098618622995622122/flink-dist-cache-c4680e7d-37eb-4afd-a310-4bf25f8eb1fb
61739 [                                ] TaskExecutor [flink-pekko.actor.default-dispatcher-6] INFO  Stopped TaskExecutor pekko://flink/user/rpc/taskmanager_328.
61739 [                                ] FileCache [flink-pekko.actor.default-dispatcher-10] INFO  removed file cache directory /var/folders/m8/q6f016tn6cl2cp86hfq331_w0000gp/T/junit12394834073980259349/junit9098618622995622122/flink-dist-cache-f10c6104-7a68-425c-9373-7f534f9f311c
61740 [                                ] TaskExecutor [flink-pekko.actor.default-dispatcher-10] INFO  Stopped TaskExecutor pekko://flink/user/rpc/taskmanager_329.
61740 [                                ] DispatcherRestEndpoint [ForkJoinPool.commonPool-worker-5] INFO  Removing cache directory /var/folders/m8/q6f016tn6cl2cp86hfq331_w0000gp/T/flink-web-ui
61740 [                                ] DispatcherRestEndpoint [ForkJoinPool.commonPool-worker-5] INFO  http://localhost:64556 lost leadership
61740 [                                ] DispatcherRestEndpoint [ForkJoinPool.commonPool-worker-5] INFO  Shut down complete.
61740 [                                ] StandaloneResourceManager [flink-pekko.actor.default-dispatcher-8] INFO  Shut down cluster because application is in CANCELED, diagnostics DispatcherResourceManagerComponent has been closed..
61740 [                                ] DispatcherResourceManagerComponent [flink-pekko.actor.default-dispatcher-8] INFO  Closing components.
61740 [                                ] SessionDispatcherLeaderProcess [flink-pekko.actor.default-dispatcher-8] INFO  Stopping SessionDispatcherLeaderProcess.
61740 [                                ] ResourceManagerServiceImpl [flink-pekko.actor.default-dispatcher-8] INFO  Stopping resource manager service.
61740 [                                ] StandaloneDispatcher [flink-pekko.actor.default-dispatcher-10] INFO  Stopping dispatcher pekko://flink/user/rpc/dispatcher_331.
61740 [                                ] StandaloneDispatcher [flink-pekko.actor.default-dispatcher-10] INFO  Stopping all currently running jobs of dispatcher pekko://flink/user/rpc/dispatcher_331.
61740 [                                ] ResourceManagerServiceImpl [pool-710-thread-1] INFO  Resource manager service is not running. Ignore revoking leadership.
61740 [                                ] StandaloneDispatcher [flink-pekko.actor.default-dispatcher-10] INFO  Stopping all currently running applications [] of dispatcher pekko://flink/user/rpc/dispatcher_331.
61740 [                                ] DefaultDelegationTokenManager [flink-pekko.actor.default-dispatcher-6] INFO  Stopping credential renewal
61740 [                                ] DefaultDelegationTokenManager [flink-pekko.actor.default-dispatcher-6] INFO  Stopped credential renewal
61740 [                                ] FineGrainedSlotManager [flink-pekko.actor.default-dispatcher-6] INFO  Closing the slot manager.
61740 [                                ] FineGrainedSlotManager [flink-pekko.actor.default-dispatcher-6] INFO  Suspending the slot manager.
61740 [                                ] StandaloneDispatcher [flink-pekko.actor.default-dispatcher-10] INFO  Stopped dispatcher pekko://flink/user/rpc/dispatcher_331.
61740 [                                ] PekkoRpcService [mini-cluster-io-thread-3] INFO  Stopping Pekko RPC service.
61741 [                                ] CoordinatedShutdown [flink-metrics-6] INFO  Running CoordinatedShutdown with reason [ActorSystemTerminateReason]
61746 [                                ] PekkoRpcService [flink-metrics-6] INFO  Stopping Pekko RPC service.
61746 [                                ] PekkoRpcService [flink-metrics-6] INFO  Stopped Pekko RPC service.
61747 [                                ] CoordinatedShutdown [flink-pekko.actor.default-dispatcher-10] INFO  Running CoordinatedShutdown with reason [ActorSystemTerminateReason]
61756 [                                ] PermanentBlobCache [flink-pekko.actor.default-dispatcher-10] INFO  Shutting down BLOB cache
61756 [                                ] TransientBlobCache [flink-pekko.actor.default-dispatcher-10] INFO  Shutting down BLOB cache
61757 [                                ] BlobServer [flink-pekko.actor.default-dispatcher-10] INFO  Stopped BLOB server at 0.0.0.0:64552
61757 [                                ] PekkoRpcService [flink-pekko.actor.default-dispatcher-10] INFO  Stopped Pekko RPC service.
61760 [                                ] PseudoRandomValueSelector [ForkJoinPool-1-worker-19] INFO  Randomly selected true for taskmanager.network.memory.buffer-debloat.enabled
61760 [                                ] TaskExecutorResourceUtils [ForkJoinPool-1-worker-19] INFO  The configuration option taskmanager.cpu.cores required for local execution is not set, setting it to the maximal possible value.
61760 [                                ] TaskExecutorResourceUtils [ForkJoinPool-1-worker-19] INFO  The configuration option taskmanager.memory.task.heap.size required for local execution is not set, setting it to the maximal possible value.
61760 [                                ] TaskExecutorResourceUtils [ForkJoinPool-1-worker-19] INFO  The configuration option taskmanager.memory.task.off-heap.size required for local execution is not set, setting it to the maximal possible value.
61760 [                                ] MiniCluster [ForkJoinPool-1-worker-19] INFO  Starting Flink Mini Cluster
61760 [                                ] MiniCluster [ForkJoinPool-1-worker-19] INFO  Starting Metrics Registry
61761 [                                ] MetricRegistryImpl [ForkJoinPool-1-worker-19] INFO  No metrics reporter configured, no metrics will be exposed/reported.
61761 [                                ] MetricRegistryImpl [ForkJoinPool-1-worker-19] INFO  No trace reporter configured, no traces will be exposed/reported.
61761 [                                ] MetricRegistryImpl [ForkJoinPool-1-worker-19] INFO  No event reporter configured, no events will be exposed/reported.
61761 [                                ] MiniCluster [ForkJoinPool-1-worker-19] INFO  Starting RPC Service(s)
61761 [                                ] PekkoRpcServiceUtils [ForkJoinPool-1-worker-19] INFO  Trying to start local actor system
61762 [                                ] Slf4jLogger [flink-pekko.actor.default-dispatcher-5] INFO  Slf4jLogger started
61763 [                                ] PekkoRpcServiceUtils [ForkJoinPool-1-worker-19] INFO  Actor system started at pekko://flink
61763 [                                ] PekkoRpcServiceUtils [ForkJoinPool-1-worker-19] INFO  Trying to start local actor system
61764 [                                ] Slf4jLogger [flink-metrics-5] INFO  Slf4jLogger started
61765 [                                ] PekkoRpcServiceUtils [ForkJoinPool-1-worker-19] INFO  Actor system started at pekko://flink-metrics
61765 [                                ] PekkoRpcService [ForkJoinPool-1-worker-19] INFO  Starting RPC endpoint for org.apache.flink.runtime.metrics.dump.MetricQueryService at pekko://flink-metrics/user/rpc/MetricQueryService .
61765 [                                ] DefaultDelegationTokenManager [ForkJoinPool-1-worker-19] INFO  Loading delegation token providers
61765 [                                ] HadoopFSDelegationTokenProvider [ForkJoinPool-1-worker-19] INFO  Hadoop FS is not available (not packaged with this application): NoClassDefFoundError : "org/apache/hadoop/hdfs/HdfsConfiguration".
61765 [                                ] DefaultDelegationTokenManager [ForkJoinPool-1-worker-19] INFO  Delegation token provider hadoopfs loaded and initialized
61765 [                                ] DefaultDelegationTokenManager [ForkJoinPool-1-worker-19] INFO  Delegation token provider hbase loaded and initialized
61766 [                                ] DefaultDelegationTokenManager [ForkJoinPool-1-worker-19] INFO  Delegation token provider test loaded and initialized
61766 [                                ] DefaultDelegationTokenManager [ForkJoinPool-1-worker-19] INFO  Delegation token provider throw loaded and initialized
61766 [                                ] DefaultDelegationTokenManager [ForkJoinPool-1-worker-19] INFO  Delegation token providers loaded successfully
61766 [                                ] DelegationTokenReceiverRepository [ForkJoinPool-1-worker-19] INFO  Loading delegation token receivers
61766 [                                ] DelegationTokenReceiverRepository [ForkJoinPool-1-worker-19] INFO  Delegation token receiver hadoopfs loaded and initialized
61766 [                                ] DelegationTokenReceiverRepository [ForkJoinPool-1-worker-19] INFO  Delegation token receiver hbase loaded and initialized
61766 [                                ] DelegationTokenReceiverRepository [ForkJoinPool-1-worker-19] INFO  Delegation token receiver test loaded and initialized
61766 [                                ] DelegationTokenReceiverRepository [ForkJoinPool-1-worker-19] INFO  Delegation token receiver throw loaded and initialized
61766 [                                ] DelegationTokenReceiverRepository [ForkJoinPool-1-worker-19] INFO  Delegation token receivers loaded successfully
61766 [                                ] DefaultDelegationTokenManager [ForkJoinPool-1-worker-19] INFO  Checking provider and receiver instances consistency
61766 [                                ] DefaultDelegationTokenManager [ForkJoinPool-1-worker-19] INFO  Provider and receiver instances are consistent
61766 [                                ] DefaultDelegationTokenManager [ForkJoinPool-1-worker-19] INFO  Obtaining delegation tokens
61766 [                                ] DefaultDelegationTokenManager [ForkJoinPool-1-worker-19] INFO  Delegation tokens obtained successfully
61766 [                                ] DefaultDelegationTokenManager [ForkJoinPool-1-worker-19] WARN  No tokens obtained so skipping notifications
61766 [                                ] DelegationTokenReceiverRepository [ForkJoinPool-1-worker-19] INFO  Loading delegation token receivers
61766 [                                ] DelegationTokenReceiverRepository [ForkJoinPool-1-worker-19] INFO  Delegation token receiver hadoopfs loaded and initialized
61766 [                                ] DelegationTokenReceiverRepository [ForkJoinPool-1-worker-19] INFO  Delegation token receiver hbase loaded and initialized
61766 [                                ] DelegationTokenReceiverRepository [ForkJoinPool-1-worker-19] INFO  Delegation token receiver test loaded and initialized
61766 [                                ] DelegationTokenReceiverRepository [ForkJoinPool-1-worker-19] INFO  Delegation token receiver throw loaded and initialized
61766 [                                ] DelegationTokenReceiverRepository [ForkJoinPool-1-worker-19] INFO  Delegation token receivers loaded successfully
61766 [                                ] BlobServer [ForkJoinPool-1-worker-19] INFO  Created BLOB server storage directory /var/folders/m8/q6f016tn6cl2cp86hfq331_w0000gp/T/junit15106361403312670162/junit12079686805920442748/minicluster_4d1926d6e461c4086a0f4772350a4945/blobStorage
61766 [                                ] BlobServer [ForkJoinPool-1-worker-19] INFO  Started BLOB server at 0.0.0.0:64563 - max concurrent requests: 50 - max backlog: 1000
61766 [                                ] PermanentBlobCache [ForkJoinPool-1-worker-19] INFO  Created BLOB cache storage directory /var/folders/m8/q6f016tn6cl2cp86hfq331_w0000gp/T/junit15106361403312670162/junit12079686805920442748/minicluster_4d1926d6e461c4086a0f4772350a4945/blobStorage
61766 [                                ] TransientBlobCache [ForkJoinPool-1-worker-19] INFO  Created BLOB cache storage directory /var/folders/m8/q6f016tn6cl2cp86hfq331_w0000gp/T/junit15106361403312670162/junit12079686805920442748/minicluster_4d1926d6e461c4086a0f4772350a4945/blobStorage
61766 [                                ] MiniCluster [ForkJoinPool-1-worker-19] INFO  Starting 3 TaskManager(s)
61767 [                                ] TaskManagerRunner [ForkJoinPool-1-worker-19] INFO  Starting TaskManager with ResourceID: 530dd288-427b-4e09-a3d3-e8318b6892d9
61767 [                                ] TaskManagerServices [ForkJoinPool-1-worker-19] INFO  Temporary file directory '/var/folders/m8/q6f016tn6cl2cp86hfq331_w0000gp/T/junit15106361403312670162/junit12079686805920442748': total 926 GB, usable 259 GB (27.97% usable)
61767 [                                ] IOManager [ForkJoinPool-1-worker-19] INFO  Created a new FileChannelManager for spilling of task related data to disk (joins, sorting, ...). Used directories:
	/var/folders/m8/q6f016tn6cl2cp86hfq331_w0000gp/T/junit15106361403312670162/junit12079686805920442748/flink-io-3d983de5-f085-4b19-adb2-e069ac7909ca
61767 [                                ] NettyConfig [ForkJoinPool-1-worker-19] INFO  NettyConfig [server address: localhost/127.0.0.1, server port range: 0, ssl enabled: false, memory segment size (bytes): 4096, number of server threads: 2 (manual), number of client threads: 2 (manual), server connect backlog: 0 (use Netty's default), client connect timeout (sec): 120, send/receive buffer size (bytes): 0 (use Netty's default)]
61767 [                                ] NettyShuffleServiceFactory [ForkJoinPool-1-worker-19] INFO  Created a new FileChannelManager for storing result partitions of BLOCKING shuffles. Used directories:
	/var/folders/m8/q6f016tn6cl2cp86hfq331_w0000gp/T/junit15106361403312670162/junit12079686805920442748/flink-netty-shuffle-585289f5-a8a5-4e02-b8a5-5c1d2bf6a66b
61771 [                                ] NetworkBufferPool [ForkJoinPool-1-worker-19] INFO  Allocated 32 MB for network buffer pool (number of memory segments: 8192, bytes per segment: 4096).
61771 [                                ] NettyShuffleEnvironment [ForkJoinPool-1-worker-19] INFO  Starting the network environment and its components.
61771 [                                ] NettyClient [ForkJoinPool-1-worker-19] INFO  Transport type 'auto': using NIO.
61771 [                                ] NettyClient [ForkJoinPool-1-worker-19] INFO  Successful initialization (took 0 ms).
61771 [                                ] NettyServer [ForkJoinPool-1-worker-19] INFO  Transport type 'auto': using NIO.
61771 [                                ] NettyServer [ForkJoinPool-1-worker-19] INFO  Successful initialization (took 0 ms). Listening on SocketAddress /127.0.0.1:64564.
61771 [                                ] TaskManagerServices [ForkJoinPool-1-worker-19] INFO  TaskManager data connection initialized successfully; listening internally on port: 64564
61771 [                                ] KvStateService [ForkJoinPool-1-worker-19] INFO  Starting the kvState service and its components.
61772 [                                ] Configuration [ForkJoinPool-1-worker-19] INFO  Config uses fallback configuration key 'pekko.ask.timeout' instead of key 'taskmanager.slot.timeout'
61772 [                                ] PekkoRpcService [ForkJoinPool-1-worker-19] INFO  Starting RPC endpoint for org.apache.flink.runtime.taskexecutor.TaskExecutor at pekko://flink/user/rpc/taskmanager_334 .
61772 [                                ] DefaultJobLeaderService [flink-pekko.actor.default-dispatcher-5] INFO  Start job leader service.
61772 [                                ] FileCache [flink-pekko.actor.default-dispatcher-5] INFO  User file cache uses directory /var/folders/m8/q6f016tn6cl2cp86hfq331_w0000gp/T/junit15106361403312670162/junit12079686805920442748/flink-dist-cache-21a71a2c-f5a4-49b4-89f4-37a543a1540b
61772 [                                ] TaskManagerRunner [ForkJoinPool-1-worker-19] INFO  Starting TaskManager with ResourceID: de350408-224a-44d8-aba9-4987965487ad
61772 [                                ] TaskManagerServices [ForkJoinPool-1-worker-19] INFO  Temporary file directory '/var/folders/m8/q6f016tn6cl2cp86hfq331_w0000gp/T/junit15106361403312670162/junit12079686805920442748': total 926 GB, usable 259 GB (27.97% usable)
61772 [                                ] IOManager [ForkJoinPool-1-worker-19] INFO  Created a new FileChannelManager for spilling of task related data to disk (joins, sorting, ...). Used directories:
	/var/folders/m8/q6f016tn6cl2cp86hfq331_w0000gp/T/junit15106361403312670162/junit12079686805920442748/flink-io-ca95e7cb-33f4-4356-8cc0-b83cd6360370
61772 [                                ] NettyConfig [ForkJoinPool-1-worker-19] INFO  NettyConfig [server address: localhost/127.0.0.1, server port range: 0, ssl enabled: false, memory segment size (bytes): 4096, number of server threads: 2 (manual), number of client threads: 2 (manual), server connect backlog: 0 (use Netty's default), client connect timeout (sec): 120, send/receive buffer size (bytes): 0 (use Netty's default)]
61773 [                                ] NettyShuffleServiceFactory [ForkJoinPool-1-worker-19] INFO  Created a new FileChannelManager for storing result partitions of BLOCKING shuffles. Used directories:
	/var/folders/m8/q6f016tn6cl2cp86hfq331_w0000gp/T/junit15106361403312670162/junit12079686805920442748/flink-netty-shuffle-9359b04a-3f5b-44db-9103-22fbebab363c
61778 [                                ] NetworkBufferPool [ForkJoinPool-1-worker-19] INFO  Allocated 32 MB for network buffer pool (number of memory segments: 8192, bytes per segment: 4096).
61778 [                                ] NettyShuffleEnvironment [ForkJoinPool-1-worker-19] INFO  Starting the network environment and its components.
61778 [                                ] NettyClient [ForkJoinPool-1-worker-19] INFO  Transport type 'auto': using NIO.
61778 [                                ] NettyClient [ForkJoinPool-1-worker-19] INFO  Successful initialization (took 0 ms).
61778 [                                ] NettyServer [ForkJoinPool-1-worker-19] INFO  Transport type 'auto': using NIO.
61778 [                                ] NettyServer [ForkJoinPool-1-worker-19] INFO  Successful initialization (took 0 ms). Listening on SocketAddress /127.0.0.1:64565.
61778 [                                ] TaskManagerServices [ForkJoinPool-1-worker-19] INFO  TaskManager data connection initialized successfully; listening internally on port: 64565
61778 [                                ] KvStateService [ForkJoinPool-1-worker-19] INFO  Starting the kvState service and its components.
61778 [                                ] Configuration [ForkJoinPool-1-worker-19] INFO  Config uses fallback configuration key 'pekko.ask.timeout' instead of key 'taskmanager.slot.timeout'
61778 [                                ] PekkoRpcService [ForkJoinPool-1-worker-19] INFO  Starting RPC endpoint for org.apache.flink.runtime.taskexecutor.TaskExecutor at pekko://flink/user/rpc/taskmanager_335 .
61778 [                                ] DefaultJobLeaderService [flink-pekko.actor.default-dispatcher-5] INFO  Start job leader service.
61778 [                                ] FileCache [flink-pekko.actor.default-dispatcher-5] INFO  User file cache uses directory /var/folders/m8/q6f016tn6cl2cp86hfq331_w0000gp/T/junit15106361403312670162/junit12079686805920442748/flink-dist-cache-cdcbd214-c7ac-4eeb-b08e-fcb2110243af
61779 [                                ] TaskManagerRunner [ForkJoinPool-1-worker-19] INFO  Starting TaskManager with ResourceID: 44d6814a-3d49-482e-b31f-42fe9ab35959
61779 [                                ] TaskManagerServices [ForkJoinPool-1-worker-19] INFO  Temporary file directory '/var/folders/m8/q6f016tn6cl2cp86hfq331_w0000gp/T/junit15106361403312670162/junit12079686805920442748': total 926 GB, usable 259 GB (27.97% usable)
61779 [                                ] IOManager [ForkJoinPool-1-worker-19] INFO  Created a new FileChannelManager for spilling of task related data to disk (joins, sorting, ...). Used directories:
	/var/folders/m8/q6f016tn6cl2cp86hfq331_w0000gp/T/junit15106361403312670162/junit12079686805920442748/flink-io-58c4cee0-0d8a-48f4-8e55-83e1878ddfc7
61779 [                                ] NettyConfig [ForkJoinPool-1-worker-19] INFO  NettyConfig [server address: localhost/127.0.0.1, server port range: 0, ssl enabled: false, memory segment size (bytes): 4096, number of server threads: 2 (manual), number of client threads: 2 (manual), server connect backlog: 0 (use Netty's default), client connect timeout (sec): 120, send/receive buffer size (bytes): 0 (use Netty's default)]
61779 [                                ] NettyShuffleServiceFactory [ForkJoinPool-1-worker-19] INFO  Created a new FileChannelManager for storing result partitions of BLOCKING shuffles. Used directories:
	/var/folders/m8/q6f016tn6cl2cp86hfq331_w0000gp/T/junit15106361403312670162/junit12079686805920442748/flink-netty-shuffle-8fa900b4-8ce7-4ba4-8c5f-6280e3592474
61784 [                                ] NetworkBufferPool [ForkJoinPool-1-worker-19] INFO  Allocated 32 MB for network buffer pool (number of memory segments: 8192, bytes per segment: 4096).
61784 [                                ] NettyShuffleEnvironment [ForkJoinPool-1-worker-19] INFO  Starting the network environment and its components.
61784 [                                ] NettyClient [ForkJoinPool-1-worker-19] INFO  Transport type 'auto': using NIO.
61784 [                                ] NettyClient [ForkJoinPool-1-worker-19] INFO  Successful initialization (took 0 ms).
61784 [                                ] NettyServer [ForkJoinPool-1-worker-19] INFO  Transport type 'auto': using NIO.
61784 [                                ] NettyServer [ForkJoinPool-1-worker-19] INFO  Successful initialization (took 0 ms). Listening on SocketAddress /127.0.0.1:64566.
61784 [                                ] TaskManagerServices [ForkJoinPool-1-worker-19] INFO  TaskManager data connection initialized successfully; listening internally on port: 64566
61784 [                                ] KvStateService [ForkJoinPool-1-worker-19] INFO  Starting the kvState service and its components.
61784 [                                ] Configuration [ForkJoinPool-1-worker-19] INFO  Config uses fallback configuration key 'pekko.ask.timeout' instead of key 'taskmanager.slot.timeout'
61784 [                                ] PekkoRpcService [ForkJoinPool-1-worker-19] INFO  Starting RPC endpoint for org.apache.flink.runtime.taskexecutor.TaskExecutor at pekko://flink/user/rpc/taskmanager_336 .
61784 [                                ] DefaultJobLeaderService [flink-pekko.actor.default-dispatcher-5] INFO  Start job leader service.
61784 [                                ] FileCache [flink-pekko.actor.default-dispatcher-5] INFO  User file cache uses directory /var/folders/m8/q6f016tn6cl2cp86hfq331_w0000gp/T/junit15106361403312670162/junit12079686805920442748/flink-dist-cache-d8a8c723-e5eb-411f-822f-d79f79653821
61784 [                                ] DispatcherRestEndpoint [ForkJoinPool-1-worker-19] INFO  Starting rest endpoint.
61785 [                                ] WebMonitorUtils [ForkJoinPool-1-worker-19] WARN  Log file environment variable 'log.file' is not set.
61785 [                                ] WebMonitorUtils [ForkJoinPool-1-worker-19] WARN  JobManager log files are unavailable in the web dashboard. Log file location not found in environment variable 'log.file' or configuration key 'web.log.path'.
61786 [                                ] DispatcherRestEndpoint [ForkJoinPool-1-worker-19] INFO  Rest endpoint listening at localhost:64567
61786 [                                ] EmbeddedLeaderService [ForkJoinPool-1-worker-19] INFO  Proposing leadership to the contender that is registered under component ID 'rest_server'.
61786 [                                ] DispatcherRestEndpoint [ForkJoinPool-1-worker-19] INFO  Web frontend listening at http://localhost:64567.
61786 [                                ] DispatcherRestEndpoint [mini-cluster-io-thread-1] INFO  http://localhost:64567 was granted leadership with leaderSessionID=1cb311c8-db40-4b00-89f3-45b8e05b81f4
61786 [                                ] EmbeddedLeaderService [mini-cluster-io-thread-1] INFO  Received confirmation of leadership for leader http://localhost:64567 , session=1cb311c8-db40-4b00-89f3-45b8e05b81f4
61786 [                                ] EmbeddedLeaderService [ForkJoinPool-1-worker-19] INFO  Proposing leadership to the contender that is registered under component ID 'dispatcher'.
61787 [                                ] ResourceManagerServiceImpl [ForkJoinPool-1-worker-19] INFO  Starting resource manager service.
61787 [                                ] EmbeddedLeaderService [ForkJoinPool-1-worker-19] INFO  Proposing leadership to the contender that is registered under component ID 'resource_manager'.
61787 [                                ] DefaultDispatcherRunner [mini-cluster-io-thread-2] INFO  DefaultDispatcherRunner was granted leadership with leader id aa4df5eb-c1df-4af0-af1a-61faa280654f. Creating new DispatcherLeaderProcess.
61787 [                                ] SessionDispatcherLeaderProcess [mini-cluster-io-thread-2] INFO  Start SessionDispatcherLeaderProcess.
61787 [                                ] MiniCluster [ForkJoinPool-1-worker-19] INFO  Flink Mini Cluster started successfully
61787 [                                ] SessionDispatcherLeaderProcess [mini-cluster-io-thread-4] INFO  Recover all persisted job graphs that are not finished, yet.
61787 [                                ] SessionDispatcherLeaderProcess [mini-cluster-io-thread-4] INFO  Successfully recovered 0 persisted job graphs.
61787 [                                ] SessionDispatcherLeaderProcess [mini-cluster-io-thread-4] INFO  Recover all persisted applications that are not finished, yet.
61787 [                                ] SessionDispatcherLeaderProcess [mini-cluster-io-thread-4] INFO  Successfully recovered 0 persisted applications.
61787 [                                ] ResourceManagerServiceImpl [pool-723-thread-1] INFO  Resource manager service is granted leadership with session id 1b82cac3-dfa8-4ac0-bbec-8b3b7d222d48.
61787 [                                ] PekkoRpcService [mini-cluster-io-thread-4] INFO  Starting RPC endpoint for org.apache.flink.runtime.dispatcher.StandaloneDispatcher at pekko://flink/user/rpc/dispatcher_337 .
61787 [                                ] Configuration [ForkJoinPool-1-worker-19] INFO  Config uses fallback configuration key 'jobmanager.rpc.address' instead of key 'rest.address'
61787 [                                ] PekkoRpcService [pool-723-thread-1] INFO  Starting RPC endpoint for org.apache.flink.runtime.resourcemanager.StandaloneResourceManager at pekko://flink/user/rpc/resourcemanager_338 .
61787 [                                ] StandaloneResourceManager [flink-pekko.actor.default-dispatcher-5] INFO  Starting the resource manager.
61787 [                                ] FineGrainedSlotManager [flink-pekko.actor.default-dispatcher-5] INFO  Starting the slot manager.
61787 [                                ] PseudoRandomValueSelector [ForkJoinPool-1-worker-19] INFO  Randomly selected true for execution.checkpointing.unaligned.enabled
61787 [                                ] PseudoRandomValueSelector [ForkJoinPool-1-worker-19] INFO  Randomly selected PT0.1S for execution.checkpointing.aligned-checkpoint-timeout
61787 [                                ] PseudoRandomValueSelector [ForkJoinPool-1-worker-19] INFO  Randomly selected false for execution.checkpointing.cleaner.parallel-mode
61787 [                                ] PseudoRandomValueSelector [ForkJoinPool-1-worker-19] INFO  Randomly selected false for execution.checkpointing.unaligned.interruptible-timers.enabled
61787 [                                ] PseudoRandomValueSelector [ForkJoinPool-1-worker-19] INFO  Randomly selected false for execution.checkpointing.snapshot-compression
61787 [                                ] PseudoRandomValueSelector [ForkJoinPool-1-worker-19] INFO  Randomly selected true for execution.checkpointing.file-merging.enabled
61787 [                                ] PseudoRandomValueSelector [ForkJoinPool-1-worker-19] INFO  Randomly selected true for state.backend.rocksdb.use-ingest-db-restore-mode
61787 [                                ] PseudoRandomValueSelector [ForkJoinPool-1-worker-19] INFO  Randomly selected 1 for pipeline.watermark-alignment.buffer-size
61787 [                                ] PseudoRandomValueSelector [ForkJoinPool-1-worker-19] INFO  Randomly selected 1 for table.exec.unbounded-over.version
61787 [                                ] PseudoRandomValueSelector [ForkJoinPool-1-worker-19] INFO  Randomly selected VALUE for table.exec.sink.upsert-materialize-strategy.type
61787 [                                ] DefaultDelegationTokenManager [flink-pekko.actor.default-dispatcher-5] INFO  Starting tokens update task
61787 [                                ] DefaultDelegationTokenManager [flink-pekko.actor.default-dispatcher-5] WARN  No tokens obtained so skipping notifications
61787 [                                ] DefaultDelegationTokenManager [flink-pekko.actor.default-dispatcher-5] WARN  Tokens update task not started because either no tokens obtained or none of the tokens specified its renewal date
61787 [                                ] EmbeddedLeaderService [mini-cluster-io-thread-2] INFO  Received confirmation of leadership for leader pekko://flink/user/rpc/resourcemanager_338 , session=1b82cac3-dfa8-4ac0-bbec-8b3b7d222d48
61787 [                                ] EmbeddedLeaderService [mini-cluster-io-thread-4] INFO  Received confirmation of leadership for leader pekko://flink/user/rpc/dispatcher_337 , session=aa4df5eb-c1df-4af0-af1a-61faa280654f
61787 [                                ] TaskExecutor [flink-pekko.actor.default-dispatcher-7] INFO  Connecting to ResourceManager pekko://flink/user/rpc/resourcemanager_338(bbec8b3b7d222d481b82cac3dfa84ac0).
61787 [                                ] TaskExecutor [flink-pekko.actor.default-dispatcher-8] INFO  Connecting to ResourceManager pekko://flink/user/rpc/resourcemanager_338(bbec8b3b7d222d481b82cac3dfa84ac0).
61787 [                                ] TaskExecutor [flink-pekko.actor.default-dispatcher-5] INFO  Connecting to ResourceManager pekko://flink/user/rpc/resourcemanager_338(bbec8b3b7d222d481b82cac3dfa84ac0).
61787 [                                ] TaskExecutor [flink-pekko.actor.default-dispatcher-7] INFO  Resolved ResourceManager address, beginning registration
61787 [                                ] TaskExecutor [flink-pekko.actor.default-dispatcher-5] INFO  Resolved ResourceManager address, beginning registration
61787 [                                ] TaskExecutor [flink-pekko.actor.default-dispatcher-9] INFO  Resolved ResourceManager address, beginning registration
61787 [                                ] StandaloneResourceManager [flink-pekko.actor.default-dispatcher-7] INFO  Registering TaskManager with ResourceID de350408-224a-44d8-aba9-4987965487ad (pekko://flink/user/rpc/taskmanager_335) at ResourceManager
61787 [                                ] StandaloneResourceManager [flink-pekko.actor.default-dispatcher-7] INFO  Registering TaskManager with ResourceID 44d6814a-3d49-482e-b31f-42fe9ab35959 (pekko://flink/user/rpc/taskmanager_336) at ResourceManager
61787 [                                ] TaskExecutor [flink-pekko.actor.default-dispatcher-8] INFO  Successful registration at resource manager pekko://flink/user/rpc/resourcemanager_338 under registration id 66226aceb59453e11fe1951f37caab45.
61787 [                                ] TaskExecutor [flink-pekko.actor.default-dispatcher-9] INFO  Successful registration at resource manager pekko://flink/user/rpc/resourcemanager_338 under registration id 89559999f9040d710f614e8f8937b7f7.
61787 [                                ] StandaloneResourceManager [flink-pekko.actor.default-dispatcher-5] INFO  Registering TaskManager with ResourceID 530dd288-427b-4e09-a3d3-e8318b6892d9 (pekko://flink/user/rpc/taskmanager_334) at ResourceManager
61787 [                                ] FineGrainedSlotManager [flink-pekko.actor.default-dispatcher-7] INFO  Registering task executor de350408-224a-44d8-aba9-4987965487ad under 89559999f9040d710f614e8f8937b7f7 at the slot manager.
61787 [                                ] TaskExecutor [flink-pekko.actor.default-dispatcher-5] INFO  Successful registration at resource manager pekko://flink/user/rpc/resourcemanager_338 under registration id a8c137edf0643acea1d3880a79c18128.
61787 [                                ] FineGrainedSlotManager [flink-pekko.actor.default-dispatcher-7] INFO  Registering task executor 44d6814a-3d49-482e-b31f-42fe9ab35959 under 66226aceb59453e11fe1951f37caab45 at the slot manager.
61787 [                                ] FineGrainedSlotManager [flink-pekko.actor.default-dispatcher-7] INFO  Registering task executor 530dd288-427b-4e09-a3d3-e8318b6892d9 under a8c137edf0643acea1d3880a79c18128 at the slot manager.
Starting org.apache.flink.test.checkpointing.UnalignedCheckpointRescaleITCase#shouldRescaleUnalignedCheckpoint.
61789 [                                ] StandaloneDispatcher [flink-pekko.actor.default-dispatcher-8] INFO  Received application submission 'SingleJobApplication(Flink Streaming Job)' (24d7ce2f9e101babc2c6910dba10733a).
61789 [                                ] StandaloneDispatcher [flink-pekko.actor.default-dispatcher-8] INFO  Submitting application 'SingleJobApplication(Flink Streaming Job)' (24d7ce2f9e101babc2c6910dba10733a).
61789 [                                ] AbstractApplication [flink-pekko.actor.default-dispatcher-8] INFO  Application SingleJobApplication(Flink Streaming Job) (24d7ce2f9e101babc2c6910dba10733a) switched from state CREATED to RUNNING.
61789 [24d7ce2f9e101babc2c6910dba10733a] StandaloneDispatcher [flink-pekko.actor.default-dispatcher-8] INFO  Received job submission 'Flink Streaming Job' (24d7ce2f9e101babc2c6910dba10733a).
61789 [24d7ce2f9e101babc2c6910dba10733a] StandaloneDispatcher [flink-pekko.actor.default-dispatcher-8] INFO  Submitting job 'Flink Streaming Job' (24d7ce2f9e101babc2c6910dba10733a) with associated application (24d7ce2f9e101babc2c6910dba10733a).
61789 [24d7ce2f9e101babc2c6910dba10733a] EmbeddedLeaderService [flink-pekko.actor.default-dispatcher-8] INFO  Proposing leadership to the contender that is registered under component ID 'job-24d7ce2f9e101babc2c6910dba10733a'.
61789 [                                ] JobMasterServiceLeadershipRunner [mini-cluster-io-thread-1] INFO  JobMasterServiceLeadershipRunner for job 24d7ce2f9e101babc2c6910dba10733a was granted leadership with leader id a7189df1-72be-415e-8025-c1308ee3f8cb. Creating new JobMasterServiceProcess.
61789 [24d7ce2f9e101babc2c6910dba10733a] PekkoRpcService [jobmanager-io-thread-1] INFO  Starting RPC endpoint for org.apache.flink.runtime.jobmaster.JobMaster at pekko://flink/user/rpc/jobmanager_339 .
61789 [24d7ce2f9e101babc2c6910dba10733a] JobMaster [jobmanager-io-thread-1] INFO  Initializing job 'Flink Streaming Job' (24d7ce2f9e101babc2c6910dba10733a).
61789 [24d7ce2f9e101babc2c6910dba10733a] JobMaster [jobmanager-io-thread-1] INFO  Using restart back off time strategy FixedDelayRestartBackoffTimeStrategy(maxNumberRestartAttempts=0, backoffTimeMS=100) for Flink Streaming Job (24d7ce2f9e101babc2c6910dba10733a).
61790 [24d7ce2f9e101babc2c6910dba10733a] ExecutionGraph [jobmanager-io-thread-1] INFO  Created execution graph cdee96a471091d0f988b73c94fbccfad for job 24d7ce2f9e101babc2c6910dba10733a.
61790 [24d7ce2f9e101babc2c6910dba10733a] JobMaster [jobmanager-io-thread-1] INFO  Running initialization on master for job Flink Streaming Job (24d7ce2f9e101babc2c6910dba10733a).
61790 [24d7ce2f9e101babc2c6910dba10733a] JobMaster [jobmanager-io-thread-1] INFO  Successfully ran initialization on master in 0 ms.
61790 [24d7ce2f9e101babc2c6910dba10733a] DefaultExecutionTopology [jobmanager-io-thread-1] INFO  Built 1 new pipelined regions in 0 ms, total 1 pipelined regions currently.
61790 [24d7ce2f9e101babc2c6910dba10733a] JobMaster [jobmanager-io-thread-1] INFO  State backend is set to heap memory org.apache.flink.runtime.state.hashmap.HashMapStateBackend@612678de
61790 [24d7ce2f9e101babc2c6910dba10733a] StateBackendLoader [jobmanager-io-thread-1] INFO  State backend loader loads the state backend as HashMapStateBackend
61790 [24d7ce2f9e101babc2c6910dba10733a] JobMaster [jobmanager-io-thread-1] INFO  Checkpoint storage is set to 'filesystem': (checkpoints "file:/var/folders/m8/q6f016tn6cl2cp86hfq331_w0000gp/T/junit-4734462783579597589/junit13142933359846577828")
61790 [24d7ce2f9e101babc2c6910dba10733a] CheckpointCoordinator [jobmanager-io-thread-1] INFO  No checkpoint found during restore.
61790 [24d7ce2f9e101babc2c6910dba10733a] CheckpointCoordinator [jobmanager-io-thread-1] INFO  Starting job 24d7ce2f9e101babc2c6910dba10733a from savepoint file:/var/folders/m8/q6f016tn6cl2cp86hfq331_w0000gp/T/junit-4734462783579597589/junit13986449793460021045/e2f0affed90bb4580c88f6e4db7d5c6b/chk-5 ()
61794 [24d7ce2f9e101babc2c6910dba10733a] CheckpointCoordinator [jobmanager-io-thread-1] INFO  Reset the checkpoint ID of job 24d7ce2f9e101babc2c6910dba10733a to 6.
61794 [24d7ce2f9e101babc2c6910dba10733a] CheckpointCoordinator [jobmanager-io-thread-1] INFO  Restoring job 24d7ce2f9e101babc2c6910dba10733a from Savepoint 5 @ 0 for 24d7ce2f9e101babc2c6910dba10733a located at file:/var/folders/m8/q6f016tn6cl2cp86hfq331_w0000gp/T/junit-4734462783579597589/junit13986449793460021045/e2f0affed90bb4580c88f6e4db7d5c6b/chk-5.
61795 [24d7ce2f9e101babc2c6910dba10733a] CheckpointCoordinator [jobmanager-io-thread-1] INFO  No master state to restore
61795 [24d7ce2f9e101babc2c6910dba10733a] RecreateOnResetOperatorCoordinator [jobmanager-io-thread-1] INFO  Resetting coordinator to checkpoint.
61795 [24d7ce2f9e101babc2c6910dba10733a] SourceCoordinator [Thread-926] INFO  Closing SourceCoordinator for source Source: source0.
61795 [24d7ce2f9e101babc2c6910dba10733a] SourceCoordinator [Thread-926] INFO  Source coordinator for source Source: source0 closed.
61795 [24d7ce2f9e101babc2c6910dba10733a] JobMaster [jobmanager-io-thread-1] INFO  Using failover strategy org.apache.flink.runtime.executiongraph.failover.RestartPipelinedRegionFailoverStrategy@6c668bd1 for Flink Streaming Job (24d7ce2f9e101babc2c6910dba10733a).
61795 [                                ] SourceCoordinator [Thread-926] INFO  Restoring SplitEnumerator of source Source: source0 from checkpoint.
61795 [24d7ce2f9e101babc2c6910dba10733a] EmbeddedLeaderService [jobmanager-io-thread-1] INFO  Received confirmation of leadership for leader pekko://flink/user/rpc/jobmanager_339 , session=a7189df1-72be-415e-8025-c1308ee3f8cb
61795 [24d7ce2f9e101babc2c6910dba10733a] JobMaster [flink-pekko.actor.default-dispatcher-5] INFO  Starting execution of job 'Flink Streaming Job' (24d7ce2f9e101babc2c6910dba10733a) under job master id 8025c1308ee3f8cba7189df172be415e.
61795 [24d7ce2f9e101babc2c6910dba10733a] SourceCoordinator [flink-pekko.actor.default-dispatcher-5] INFO  Starting split enumerator for source Source: source0.
61795 [24d7ce2f9e101babc2c6910dba10733a] JobMaster [flink-pekko.actor.default-dispatcher-5] INFO  Starting scheduling with scheduling strategy [org.apache.flink.runtime.scheduler.strategy.PipelinedRegionSchedulingStrategy]
61795 [24d7ce2f9e101babc2c6910dba10733a] ExecutionGraph [flink-pekko.actor.default-dispatcher-5] INFO  Job Flink Streaming Job (24d7ce2f9e101babc2c6910dba10733a) switched from state CREATED to RUNNING.
61795 [24d7ce2f9e101babc2c6910dba10733a] ExecutionTrackingCheckpointCoordinatorDeActivator [flink-pekko.actor.default-dispatcher-5] INFO  Starting checkpoint scheduler
61795 [24d7ce2f9e101babc2c6910dba10733a] ExecutionGraph [flink-pekko.actor.default-dispatcher-5] INFO  Source: source0 -> input-filter0 -> input-counter0 (1/3) (cdee96a471091d0f988b73c94fbccfad_3e9b902627593008a6d790e9aeca7953_0_0) switched from CREATED to SCHEDULED.
61795 [24d7ce2f9e101babc2c6910dba10733a] ExecutionTrackingCheckpointCoordinatorDeActivator [flink-pekko.actor.default-dispatcher-5] INFO  Stopping checkpoint scheduler, current job status: RUNNING
61795 [24d7ce2f9e101babc2c6910dba10733a] ExecutionGraph [flink-pekko.actor.default-dispatcher-5] INFO  Source: source0 -> input-filter0 -> input-counter0 (2/3) (cdee96a471091d0f988b73c94fbccfad_3e9b902627593008a6d790e9aeca7953_1_0) switched from CREATED to SCHEDULED.
61795 [24d7ce2f9e101babc2c6910dba10733a] ExecutionGraph [flink-pekko.actor.default-dispatcher-5] INFO  Source: source0 -> input-filter0 -> input-counter0 (3/3) (cdee96a471091d0f988b73c94fbccfad_3e9b902627593008a6d790e9aeca7953_2_0) switched from CREATED to SCHEDULED.
61795 [24d7ce2f9e101babc2c6910dba10733a] ExecutionGraph [flink-pekko.actor.default-dispatcher-5] INFO  global0 (1/3) (cdee96a471091d0f988b73c94fbccfad_4eca6edb63b17eb77deb9de060a699d1_0_0) switched from CREATED to SCHEDULED.
61795 [24d7ce2f9e101babc2c6910dba10733a] ExecutionGraph [flink-pekko.actor.default-dispatcher-5] INFO  global0 (2/3) (cdee96a471091d0f988b73c94fbccfad_4eca6edb63b17eb77deb9de060a699d1_1_0) switched from CREATED to SCHEDULED.
61795 [24d7ce2f9e101babc2c6910dba10733a] ExecutionGraph [flink-pekko.actor.default-dispatcher-5] INFO  global0 (3/3) (cdee96a471091d0f988b73c94fbccfad_4eca6edb63b17eb77deb9de060a699d1_2_0) switched from CREATED to SCHEDULED.
61795 [24d7ce2f9e101babc2c6910dba10733a] ExecutionGraph [flink-pekko.actor.default-dispatcher-5] INFO  rebalance0 (1/4) (cdee96a471091d0f988b73c94fbccfad_25a6d73fce56b9559bed0247061e93e0_0_0) switched from CREATED to SCHEDULED.
61795 [24d7ce2f9e101babc2c6910dba10733a] ExecutionGraph [flink-pekko.actor.default-dispatcher-5] INFO  rebalance0 (2/4) (cdee96a471091d0f988b73c94fbccfad_25a6d73fce56b9559bed0247061e93e0_1_0) switched from CREATED to SCHEDULED.
61795 [24d7ce2f9e101babc2c6910dba10733a] ExecutionGraph [flink-pekko.actor.default-dispatcher-5] INFO  rebalance0 (3/4) (cdee96a471091d0f988b73c94fbccfad_25a6d73fce56b9559bed0247061e93e0_2_0) switched from CREATED to SCHEDULED.
61795 [24d7ce2f9e101babc2c6910dba10733a] ExecutionGraph [flink-pekko.actor.default-dispatcher-5] INFO  rebalance0 (4/4) (cdee96a471091d0f988b73c94fbccfad_25a6d73fce56b9559bed0247061e93e0_3_0) switched from CREATED to SCHEDULED.
61795 [24d7ce2f9e101babc2c6910dba10733a] ExecutionGraph [flink-pekko.actor.default-dispatcher-5] INFO  upscale0 (1/6) (cdee96a471091d0f988b73c94fbccfad_7559af08559a2c7079a359b85b7edab5_0_0) switched from CREATED to SCHEDULED.
61795 [24d7ce2f9e101babc2c6910dba10733a] ExecutionGraph [flink-pekko.actor.default-dispatcher-5] INFO  upscale0 (2/6) (cdee96a471091d0f988b73c94fbccfad_7559af08559a2c7079a359b85b7edab5_1_0) switched from CREATED to SCHEDULED.
61795 [24d7ce2f9e101babc2c6910dba10733a] ExecutionGraph [flink-pekko.actor.default-dispatcher-5] INFO  upscale0 (3/6) (cdee96a471091d0f988b73c94fbccfad_7559af08559a2c7079a359b85b7edab5_2_0) switched from CREATED to SCHEDULED.
61795 [24d7ce2f9e101babc2c6910dba10733a] ExecutionGraph [flink-pekko.actor.default-dispatcher-5] INFO  upscale0 (4/6) (cdee96a471091d0f988b73c94fbccfad_7559af08559a2c7079a359b85b7edab5_3_0) switched from CREATED to SCHEDULED.
61795 [24d7ce2f9e101babc2c6910dba10733a] ExecutionGraph [flink-pekko.actor.default-dispatcher-5] INFO  upscale0 (5/6) (cdee96a471091d0f988b73c94fbccfad_7559af08559a2c7079a359b85b7edab5_4_0) switched from CREATED to SCHEDULED.
61795 [24d7ce2f9e101babc2c6910dba10733a] ExecutionGraph [flink-pekko.actor.default-dispatcher-5] INFO  upscale0 (6/6) (cdee96a471091d0f988b73c94fbccfad_7559af08559a2c7079a359b85b7edab5_5_0) switched from CREATED to SCHEDULED.
61795 [24d7ce2f9e101babc2c6910dba10733a] ExecutionGraph [flink-pekko.actor.default-dispatcher-5] INFO  downscale0 (1/4) (cdee96a471091d0f988b73c94fbccfad_579c351891399448b6165717925f2b21_0_0) switched from CREATED to SCHEDULED.
61795 [24d7ce2f9e101babc2c6910dba10733a] ExecutionGraph [flink-pekko.actor.default-dispatcher-5] INFO  downscale0 (2/4) (cdee96a471091d0f988b73c94fbccfad_579c351891399448b6165717925f2b21_1_0) switched from CREATED to SCHEDULED.
61795 [24d7ce2f9e101babc2c6910dba10733a] ExecutionGraph [flink-pekko.actor.default-dispatcher-5] INFO  downscale0 (3/4) (cdee96a471091d0f988b73c94fbccfad_579c351891399448b6165717925f2b21_2_0) switched from CREATED to SCHEDULED.
61795 [24d7ce2f9e101babc2c6910dba10733a] ExecutionGraph [flink-pekko.actor.default-dispatcher-5] INFO  downscale0 (4/4) (cdee96a471091d0f988b73c94fbccfad_579c351891399448b6165717925f2b21_3_0) switched from CREATED to SCHEDULED.
61795 [24d7ce2f9e101babc2c6910dba10733a] ExecutionGraph [flink-pekko.actor.default-dispatcher-5] INFO  keyby0 (1/3) (cdee96a471091d0f988b73c94fbccfad_e32648f4a493dd25fdd7d9c66c500390_0_0) switched from CREATED to SCHEDULED.
61795 [24d7ce2f9e101babc2c6910dba10733a] ExecutionGraph [flink-pekko.actor.default-dispatcher-5] INFO  keyby0 (2/3) (cdee96a471091d0f988b73c94fbccfad_e32648f4a493dd25fdd7d9c66c500390_1_0) switched from CREATED to SCHEDULED.
61795 [24d7ce2f9e101babc2c6910dba10733a] ExecutionGraph [flink-pekko.actor.default-dispatcher-5] INFO  keyby0 (3/3) (cdee96a471091d0f988b73c94fbccfad_e32648f4a493dd25fdd7d9c66c500390_2_0) switched from CREATED to SCHEDULED.
61795 [24d7ce2f9e101babc2c6910dba10733a] ExecutionGraph [flink-pekko.actor.default-dispatcher-5] INFO  rescale0 (1/4) (cdee96a471091d0f988b73c94fbccfad_7b4c6fe4c6df355e1ed86e978ba4a96e_0_0) switched from CREATED to SCHEDULED.
61795 [24d7ce2f9e101babc2c6910dba10733a] ExecutionGraph [flink-pekko.actor.default-dispatcher-5] INFO  rescale0 (2/4) (cdee96a471091d0f988b73c94fbccfad_7b4c6fe4c6df355e1ed86e978ba4a96e_1_0) switched from CREATED to SCHEDULED.
61795 [24d7ce2f9e101babc2c6910dba10733a] ExecutionGraph [flink-pekko.actor.default-dispatcher-5] INFO  rescale0 (3/4) (cdee96a471091d0f988b73c94fbccfad_7b4c6fe4c6df355e1ed86e978ba4a96e_2_0) switched from CREATED to SCHEDULED.
61795 [24d7ce2f9e101babc2c6910dba10733a] ExecutionGraph [flink-pekko.actor.default-dispatcher-5] INFO  rescale0 (4/4) (cdee96a471091d0f988b73c94fbccfad_7b4c6fe4c6df355e1ed86e978ba4a96e_3_0) switched from CREATED to SCHEDULED.
61795 [24d7ce2f9e101babc2c6910dba10733a] ExecutionGraph [flink-pekko.actor.default-dispatcher-5] INFO  failing-map (1/3) (cdee96a471091d0f988b73c94fbccfad_b8c789ec3a44294cb45da029ffe0e6fd_0_0) switched from CREATED to SCHEDULED.
61795 [24d7ce2f9e101babc2c6910dba10733a] ExecutionGraph [flink-pekko.actor.default-dispatcher-5] INFO  failing-map (2/3) (cdee96a471091d0f988b73c94fbccfad_b8c789ec3a44294cb45da029ffe0e6fd_1_0) switched from CREATED to SCHEDULED.
61795 [24d7ce2f9e101babc2c6910dba10733a] ExecutionGraph [flink-pekko.actor.default-dispatcher-5] INFO  failing-map (3/3) (cdee96a471091d0f988b73c94fbccfad_b8c789ec3a44294cb45da029ffe0e6fd_2_0) switched from CREATED to SCHEDULED.
61795 [24d7ce2f9e101babc2c6910dba10733a] ExecutionGraph [flink-pekko.actor.default-dispatcher-5] INFO  Sink: sink (1/1) (cdee96a471091d0f988b73c94fbccfad_2e588ce1c86a9d46e2e85186773ce4fd_0_0) switched from CREATED to SCHEDULED.
61796 [24d7ce2f9e101babc2c6910dba10733a] JobMaster [flink-pekko.actor.default-dispatcher-5] INFO  Connecting to ResourceManager pekko://flink/user/rpc/resourcemanager_338(bbec8b3b7d222d481b82cac3dfa84ac0)
61796 [                                ] JobMaster [flink-pekko.actor.default-dispatcher-5] INFO  Resolved ResourceManager address, beginning registration
61796 [24d7ce2f9e101babc2c6910dba10733a] StandaloneResourceManager [flink-pekko.actor.default-dispatcher-8] INFO  Registering job manager 8025c1308ee3f8cba7189df172be415e@pekko://flink/user/rpc/jobmanager_339 for job 24d7ce2f9e101babc2c6910dba10733a.
61796 [24d7ce2f9e101babc2c6910dba10733a] StandaloneResourceManager [flink-pekko.actor.default-dispatcher-9] INFO  Registered job manager 8025c1308ee3f8cba7189df172be415e@pekko://flink/user/rpc/jobmanager_339 for job 24d7ce2f9e101babc2c6910dba10733a.
61796 [24d7ce2f9e101babc2c6910dba10733a] JobMaster [flink-pekko.actor.default-dispatcher-8] INFO  JobManager successfully registered at ResourceManager, leader id: bbec8b3b7d222d481b82cac3dfa84ac0.
61796 [24d7ce2f9e101babc2c6910dba10733a] FineGrainedSlotManager [flink-pekko.actor.default-dispatcher-9] INFO  Received resource requirements from job 24d7ce2f9e101babc2c6910dba10733a: [ResourceRequirement{resourceProfile=ResourceProfile{UNKNOWN}, numberOfRequiredSlots=6}]
61816 [24d7ce2f9e101babc2c6910dba10733a] FineGrainedSlotManager [flink-pekko.actor.default-dispatcher-8] INFO  Received resource requirements from job 24d7ce2f9e101babc2c6910dba10733a: [ResourceRequirement{resourceProfile=ResourceProfile{UNKNOWN}, numberOfRequiredSlots=6}]
61854 [                                ] FineGrainedSlotManager [flink-pekko.actor.default-dispatcher-8] INFO  Matching resource requirements against available resources.
Missing resources:
	 Job 24d7ce2f9e101babc2c6910dba10733a
		ResourceRequirement{resourceProfile=ResourceProfile{UNKNOWN}, numberOfRequiredSlots=6}
Current resources:
	TaskManager 530dd288-427b-4e09-a3d3-e8318b6892d9
		Available: ResourceProfile{taskHeapMemory=1024.000gb (1099511627776 bytes), taskOffHeapMemory=1024.000gb (1099511627776 bytes), managedMemory=80.000mb (83886080 bytes), networkMemory=32.000mb (33554432 bytes)}
		Total:     ResourceProfile{taskHeapMemory=1024.000gb (1099511627776 bytes), taskOffHeapMemory=1024.000gb (1099511627776 bytes), managedMemory=80.000mb (83886080 bytes), networkMemory=32.000mb (33554432 bytes)}
	TaskManager de350408-224a-44d8-aba9-4987965487ad
		Available: ResourceProfile{taskHeapMemory=1024.000gb (1099511627776 bytes), taskOffHeapMemory=1024.000gb (1099511627776 bytes), managedMemory=80.000mb (83886080 bytes), networkMemory=32.000mb (33554432 bytes)}
		Total:     ResourceProfile{taskHeapMemory=1024.000gb (1099511627776 bytes), taskOffHeapMemory=1024.000gb (1099511627776 bytes), managedMemory=80.000mb (83886080 bytes), networkMemory=32.000mb (33554432 bytes)}
	TaskManager 44d6814a-3d49-482e-b31f-42fe9ab35959
		Available: ResourceProfile{taskHeapMemory=1024.000gb (1099511627776 bytes), taskOffHeapMemory=1024.000gb (1099511627776 bytes), managedMemory=80.000mb (83886080 bytes), networkMemory=32.000mb (33554432 bytes)}
		Total:     ResourceProfile{taskHeapMemory=1024.000gb (1099511627776 bytes), taskOffHeapMemory=1024.000gb (1099511627776 bytes), managedMemory=80.000mb (83886080 bytes), networkMemory=32.000mb (33554432 bytes)}
61855 [24d7ce2f9e101babc2c6910dba10733a] DefaultSlotStatusSyncer [flink-pekko.actor.default-dispatcher-8] INFO  Starting allocation of slot fbab4985c069f212b78e2f6e35bf8468 from 530dd288-427b-4e09-a3d3-e8318b6892d9 for job 24d7ce2f9e101babc2c6910dba10733a with resource profile ResourceProfile{taskHeapMemory=512.000gb (549755813888 bytes), taskOffHeapMemory=512.000gb (549755813888 bytes), managedMemory=40.000mb (41943040 bytes), networkMemory=16.000mb (16777216 bytes)}.
61855 [24d7ce2f9e101babc2c6910dba10733a] DefaultSlotStatusSyncer [flink-pekko.actor.default-dispatcher-8] INFO  Starting allocation of slot a5aca8ae1d49f3a0b9655aad231e85ea from 530dd288-427b-4e09-a3d3-e8318b6892d9 for job 24d7ce2f9e101babc2c6910dba10733a with resource profile ResourceProfile{taskHeapMemory=512.000gb (549755813888 bytes), taskOffHeapMemory=512.000gb (549755813888 bytes), managedMemory=40.000mb (41943040 bytes), networkMemory=16.000mb (16777216 bytes)}.
61855 [24d7ce2f9e101babc2c6910dba10733a] TaskExecutor [flink-pekko.actor.default-dispatcher-9] INFO  Receive slot request fbab4985c069f212b78e2f6e35bf8468 for job 24d7ce2f9e101babc2c6910dba10733a from resource manager with leader id bbec8b3b7d222d481b82cac3dfa84ac0.
61855 [24d7ce2f9e101babc2c6910dba10733a] TaskSlotTableImpl [flink-pekko.actor.default-dispatcher-9] INFO  Allocated slot for fbab4985c069f212b78e2f6e35bf8468 with resources ResourceProfile{taskHeapMemory=512.000gb (549755813888 bytes), taskOffHeapMemory=512.000gb (549755813888 bytes), managedMemory=40.000mb (41943040 bytes), networkMemory=16.000mb (16777216 bytes)}.
61855 [24d7ce2f9e101babc2c6910dba10733a] DefaultSlotStatusSyncer [flink-pekko.actor.default-dispatcher-8] INFO  Starting allocation of slot 3fdf29fbfb0f93ff5f424cd1637271b2 from de350408-224a-44d8-aba9-4987965487ad for job 24d7ce2f9e101babc2c6910dba10733a with resource profile ResourceProfile{taskHeapMemory=512.000gb (549755813888 bytes), taskOffHeapMemory=512.000gb (549755813888 bytes), managedMemory=40.000mb (41943040 bytes), networkMemory=16.000mb (16777216 bytes)}.
61855 [24d7ce2f9e101babc2c6910dba10733a] DefaultSlotStatusSyncer [flink-pekko.actor.default-dispatcher-8] INFO  Starting allocation of slot dcebff2ce097ca1304fb4de9cabd03c6 from de350408-224a-44d8-aba9-4987965487ad for job 24d7ce2f9e101babc2c6910dba10733a with resource profile ResourceProfile{taskHeapMemory=512.000gb (549755813888 bytes), taskOffHeapMemory=512.000gb (549755813888 bytes), managedMemory=40.000mb (41943040 bytes), networkMemory=16.000mb (16777216 bytes)}.
61855 [24d7ce2f9e101babc2c6910dba10733a] TaskExecutor [flink-pekko.actor.default-dispatcher-5] INFO  Receive slot request 3fdf29fbfb0f93ff5f424cd1637271b2 for job 24d7ce2f9e101babc2c6910dba10733a from resource manager with leader id bbec8b3b7d222d481b82cac3dfa84ac0.
61855 [24d7ce2f9e101babc2c6910dba10733a] DefaultSlotStatusSyncer [flink-pekko.actor.default-dispatcher-8] INFO  Starting allocation of slot 13e8449892c7dcd93c7f8d624e057863 from 44d6814a-3d49-482e-b31f-42fe9ab35959 for job 24d7ce2f9e101babc2c6910dba10733a with resource profile ResourceProfile{taskHeapMemory=512.000gb (549755813888 bytes), taskOffHeapMemory=512.000gb (549755813888 bytes), managedMemory=40.000mb (41943040 bytes), networkMemory=16.000mb (16777216 bytes)}.
61855 [24d7ce2f9e101babc2c6910dba10733a] TaskSlotTableImpl [flink-pekko.actor.default-dispatcher-5] INFO  Allocated slot for 3fdf29fbfb0f93ff5f424cd1637271b2 with resources ResourceProfile{taskHeapMemory=512.000gb (549755813888 bytes), taskOffHeapMemory=512.000gb (549755813888 bytes), managedMemory=40.000mb (41943040 bytes), networkMemory=16.000mb (16777216 bytes)}.
61855 [24d7ce2f9e101babc2c6910dba10733a] DefaultSlotStatusSyncer [flink-pekko.actor.default-dispatcher-8] INFO  Starting allocation of slot 9e0967f6d5da79d38a17285ec77c7f7a from 44d6814a-3d49-482e-b31f-42fe9ab35959 for job 24d7ce2f9e101babc2c6910dba10733a with resource profile ResourceProfile{taskHeapMemory=512.000gb (549755813888 bytes), taskOffHeapMemory=512.000gb (549755813888 bytes), managedMemory=40.000mb (41943040 bytes), networkMemory=16.000mb (16777216 bytes)}.
61855 [24d7ce2f9e101babc2c6910dba10733a] TaskExecutor [flink-pekko.actor.default-dispatcher-7] INFO  Receive slot request 13e8449892c7dcd93c7f8d624e057863 for job 24d7ce2f9e101babc2c6910dba10733a from resource manager with leader id bbec8b3b7d222d481b82cac3dfa84ac0.
61855 [24d7ce2f9e101babc2c6910dba10733a] TaskSlotTableImpl [flink-pekko.actor.default-dispatcher-7] INFO  Allocated slot for 13e8449892c7dcd93c7f8d624e057863 with resources ResourceProfile{taskHeapMemory=512.000gb (549755813888 bytes), taskOffHeapMemory=512.000gb (549755813888 bytes), managedMemory=40.000mb (41943040 bytes), networkMemory=16.000mb (16777216 bytes)}.
61855 [24d7ce2f9e101babc2c6910dba10733a] DefaultJobLeaderService [flink-pekko.actor.default-dispatcher-9] INFO  Add job 24d7ce2f9e101babc2c6910dba10733a for job leader monitoring.
61855 [                                ] DefaultJobLeaderService [mini-cluster-io-thread-1] INFO  Try to register at job manager pekko://flink/user/rpc/jobmanager_339 with leader id a7189df1-72be-415e-8025-c1308ee3f8cb.
61855 [24d7ce2f9e101babc2c6910dba10733a] TaskExecutor [flink-pekko.actor.default-dispatcher-9] INFO  Receive slot request a5aca8ae1d49f3a0b9655aad231e85ea for job 24d7ce2f9e101babc2c6910dba10733a from resource manager with leader id bbec8b3b7d222d481b82cac3dfa84ac0.
61855 [24d7ce2f9e101babc2c6910dba10733a] DefaultJobLeaderService [flink-pekko.actor.default-dispatcher-5] INFO  Add job 24d7ce2f9e101babc2c6910dba10733a for job leader monitoring.
61855 [24d7ce2f9e101babc2c6910dba10733a] TaskSlotTableImpl [flink-pekko.actor.default-dispatcher-9] INFO  Allocated slot for a5aca8ae1d49f3a0b9655aad231e85ea with resources ResourceProfile{taskHeapMemory=512.000gb (549755813888 bytes), taskOffHeapMemory=512.000gb (549755813888 bytes), managedMemory=40.000mb (41943040 bytes), networkMemory=16.000mb (16777216 bytes)}.
61855 [24d7ce2f9e101babc2c6910dba10733a] TaskExecutor [flink-pekko.actor.default-dispatcher-5] INFO  Receive slot request dcebff2ce097ca1304fb4de9cabd03c6 for job 24d7ce2f9e101babc2c6910dba10733a from resource manager with leader id bbec8b3b7d222d481b82cac3dfa84ac0.
61855 [24d7ce2f9e101babc2c6910dba10733a] TaskSlotTableImpl [flink-pekko.actor.default-dispatcher-5] INFO  Allocated slot for dcebff2ce097ca1304fb4de9cabd03c6 with resources ResourceProfile{taskHeapMemory=512.000gb (549755813888 bytes), taskOffHeapMemory=512.000gb (549755813888 bytes), managedMemory=40.000mb (41943040 bytes), networkMemory=16.000mb (16777216 bytes)}.
61855 [                                ] DefaultJobLeaderService [mini-cluster-io-thread-4] INFO  Try to register at job manager pekko://flink/user/rpc/jobmanager_339 with leader id a7189df1-72be-415e-8025-c1308ee3f8cb.
61855 [24d7ce2f9e101babc2c6910dba10733a] DefaultJobLeaderService [flink-pekko.actor.default-dispatcher-7] INFO  Add job 24d7ce2f9e101babc2c6910dba10733a for job leader monitoring.
61855 [24d7ce2f9e101babc2c6910dba10733a] TaskExecutor [flink-pekko.actor.default-dispatcher-7] INFO  Receive slot request 9e0967f6d5da79d38a17285ec77c7f7a for job 24d7ce2f9e101babc2c6910dba10733a from resource manager with leader id bbec8b3b7d222d481b82cac3dfa84ac0.
61855 [                                ] DefaultJobLeaderService [mini-cluster-io-thread-2] INFO  Try to register at job manager pekko://flink/user/rpc/jobmanager_339 with leader id a7189df1-72be-415e-8025-c1308ee3f8cb.
61855 [24d7ce2f9e101babc2c6910dba10733a] TaskSlotTableImpl [flink-pekko.actor.default-dispatcher-7] INFO  Allocated slot for 9e0967f6d5da79d38a17285ec77c7f7a with resources ResourceProfile{taskHeapMemory=512.000gb (549755813888 bytes), taskOffHeapMemory=512.000gb (549755813888 bytes), managedMemory=40.000mb (41943040 bytes), networkMemory=16.000mb (16777216 bytes)}.
61855 [                                ] DefaultJobLeaderService [flink-pekko.actor.default-dispatcher-8] INFO  Resolved JobManager address, beginning registration
61855 [                                ] DefaultJobLeaderService [flink-pekko.actor.default-dispatcher-5] INFO  Resolved JobManager address, beginning registration
61855 [                                ] DefaultJobLeaderService [flink-pekko.actor.default-dispatcher-9] INFO  Resolved JobManager address, beginning registration
61855 [                                ] DefaultJobLeaderService [flink-pekko.actor.default-dispatcher-7] INFO  Successful registration at job manager pekko://flink/user/rpc/jobmanager_339 for job 24d7ce2f9e101babc2c6910dba10733a.
61855 [                                ] DefaultJobLeaderService [flink-pekko.actor.default-dispatcher-8] INFO  Successful registration at job manager pekko://flink/user/rpc/jobmanager_339 for job 24d7ce2f9e101babc2c6910dba10733a.
61855 [                                ] TaskExecutor [flink-pekko.actor.default-dispatcher-8] INFO  Establish JobManager connection for job 24d7ce2f9e101babc2c6910dba10733a.
61855 [                                ] TaskExecutor [flink-pekko.actor.default-dispatcher-7] INFO  Establish JobManager connection for job 24d7ce2f9e101babc2c6910dba10733a.
61855 [                                ] TaskExecutor [flink-pekko.actor.default-dispatcher-7] INFO  Offer reserved slots to the leader of job 24d7ce2f9e101babc2c6910dba10733a.
61855 [                                ] TaskExecutor [flink-pekko.actor.default-dispatcher-8] INFO  Offer reserved slots to the leader of job 24d7ce2f9e101babc2c6910dba10733a.
61855 [                                ] DefaultJobLeaderService [flink-pekko.actor.default-dispatcher-9] INFO  Successful registration at job manager pekko://flink/user/rpc/jobmanager_339 for job 24d7ce2f9e101babc2c6910dba10733a.
61855 [                                ] TaskExecutor [flink-pekko.actor.default-dispatcher-9] INFO  Establish JobManager connection for job 24d7ce2f9e101babc2c6910dba10733a.
61855 [                                ] TaskExecutor [flink-pekko.actor.default-dispatcher-9] INFO  Offer reserved slots to the leader of job 24d7ce2f9e101babc2c6910dba10733a.
61855 [24d7ce2f9e101babc2c6910dba10733a] TaskSlotTableImpl [flink-pekko.actor.default-dispatcher-9] INFO  Activate slot 9e0967f6d5da79d38a17285ec77c7f7a.
61855 [24d7ce2f9e101babc2c6910dba10733a] TaskSlotTableImpl [flink-pekko.actor.default-dispatcher-9] INFO  Activate slot 13e8449892c7dcd93c7f8d624e057863.
61855 [24d7ce2f9e101babc2c6910dba10733a] TaskSlotTableImpl [flink-pekko.actor.default-dispatcher-9] INFO  Activate slot fbab4985c069f212b78e2f6e35bf8468.
61855 [24d7ce2f9e101babc2c6910dba10733a] TaskSlotTableImpl [flink-pekko.actor.default-dispatcher-9] INFO  Activate slot a5aca8ae1d49f3a0b9655aad231e85ea.
61855 [24d7ce2f9e101babc2c6910dba10733a] ExecutionGraph [flink-pekko.actor.default-dispatcher-8] INFO  Source: source0 -> input-filter0 -> input-counter0 (1/3) (cdee96a471091d0f988b73c94fbccfad_3e9b902627593008a6d790e9aeca7953_0_0) switched from SCHEDULED to DEPLOYING.
61855 [24d7ce2f9e101babc2c6910dba10733a] ExecutionGraph [flink-pekko.actor.default-dispatcher-8] INFO  Deploying Source: source0 -> input-filter0 -> input-counter0 (1/3) (attempt #0) with attempt id cdee96a471091d0f988b73c94fbccfad_3e9b902627593008a6d790e9aeca7953_0_0 and vertex id 3e9b902627593008a6d790e9aeca7953_0 to de350408-224a-44d8-aba9-4987965487ad @ localhost (dataPort=64565) with allocation id 3fdf29fbfb0f93ff5f424cd1637271b2
61855 [24d7ce2f9e101babc2c6910dba10733a] ExecutionGraph [flink-pekko.actor.default-dispatcher-8] INFO  Source: source0 -> input-filter0 -> input-counter0 (2/3) (cdee96a471091d0f988b73c94fbccfad_3e9b902627593008a6d790e9aeca7953_1_0) switched from SCHEDULED to DEPLOYING.
61855 [24d7ce2f9e101babc2c6910dba10733a] ExecutionGraph [flink-pekko.actor.default-dispatcher-8] INFO  Deploying Source: source0 -> input-filter0 -> input-counter0 (2/3) (attempt #0) with attempt id cdee96a471091d0f988b73c94fbccfad_3e9b902627593008a6d790e9aeca7953_1_0 and vertex id 3e9b902627593008a6d790e9aeca7953_1 to 530dd288-427b-4e09-a3d3-e8318b6892d9 @ localhost (dataPort=64564) with allocation id a5aca8ae1d49f3a0b9655aad231e85ea
61855 [24d7ce2f9e101babc2c6910dba10733a] ExecutionGraph [flink-pekko.actor.default-dispatcher-8] INFO  Source: source0 -> input-filter0 -> input-counter0 (3/3) (cdee96a471091d0f988b73c94fbccfad_3e9b902627593008a6d790e9aeca7953_2_0) switched from SCHEDULED to DEPLOYING.
61855 [24d7ce2f9e101babc2c6910dba10733a] ExecutionGraph [flink-pekko.actor.default-dispatcher-8] INFO  Deploying Source: source0 -> input-filter0 -> input-counter0 (3/3) (attempt #0) with attempt id cdee96a471091d0f988b73c94fbccfad_3e9b902627593008a6d790e9aeca7953_2_0 and vertex id 3e9b902627593008a6d790e9aeca7953_2 to 44d6814a-3d49-482e-b31f-42fe9ab35959 @ localhost (dataPort=64566) with allocation id 9e0967f6d5da79d38a17285ec77c7f7a
61855 [24d7ce2f9e101babc2c6910dba10733a] ExecutionGraph [flink-pekko.actor.default-dispatcher-8] INFO  global0 (1/3) (cdee96a471091d0f988b73c94fbccfad_4eca6edb63b17eb77deb9de060a699d1_0_0) switched from SCHEDULED to DEPLOYING.
61855 [24d7ce2f9e101babc2c6910dba10733a] ExecutionGraph [flink-pekko.actor.default-dispatcher-8] INFO  Deploying global0 (1/3) (attempt #0) with attempt id cdee96a471091d0f988b73c94fbccfad_4eca6edb63b17eb77deb9de060a699d1_0_0 and vertex id 4eca6edb63b17eb77deb9de060a699d1_0 to de350408-224a-44d8-aba9-4987965487ad @ localhost (dataPort=64565) with allocation id 3fdf29fbfb0f93ff5f424cd1637271b2
61855 [24d7ce2f9e101babc2c6910dba10733a] ExecutionGraph [flink-pekko.actor.default-dispatcher-8] INFO  global0 (2/3) (cdee96a471091d0f988b73c94fbccfad_4eca6edb63b17eb77deb9de060a699d1_1_0) switched from SCHEDULED to DEPLOYING.
61855 [24d7ce2f9e101babc2c6910dba10733a] ExecutionGraph [flink-pekko.actor.default-dispatcher-8] INFO  Deploying global0 (2/3) (attempt #0) with attempt id cdee96a471091d0f988b73c94fbccfad_4eca6edb63b17eb77deb9de060a699d1_1_0 and vertex id 4eca6edb63b17eb77deb9de060a699d1_1 to 530dd288-427b-4e09-a3d3-e8318b6892d9 @ localhost (dataPort=64564) with allocation id a5aca8ae1d49f3a0b9655aad231e85ea
61855 [24d7ce2f9e101babc2c6910dba10733a] ExecutionGraph [flink-pekko.actor.default-dispatcher-8] INFO  global0 (3/3) (cdee96a471091d0f988b73c94fbccfad_4eca6edb63b17eb77deb9de060a699d1_2_0) switched from SCHEDULED to DEPLOYING.
61855 [24d7ce2f9e101babc2c6910dba10733a] ExecutionGraph [flink-pekko.actor.default-dispatcher-8] INFO  Deploying global0 (3/3) (attempt #0) with attempt id cdee96a471091d0f988b73c94fbccfad_4eca6edb63b17eb77deb9de060a699d1_2_0 and vertex id 4eca6edb63b17eb77deb9de060a699d1_2 to 44d6814a-3d49-482e-b31f-42fe9ab35959 @ localhost (dataPort=64566) with allocation id 9e0967f6d5da79d38a17285ec77c7f7a
61855 [24d7ce2f9e101babc2c6910dba10733a] ExecutionGraph [flink-pekko.actor.default-dispatcher-8] INFO  rebalance0 (1/4) (cdee96a471091d0f988b73c94fbccfad_25a6d73fce56b9559bed0247061e93e0_0_0) switched from SCHEDULED to DEPLOYING.
61855 [24d7ce2f9e101babc2c6910dba10733a] ExecutionGraph [flink-pekko.actor.default-dispatcher-8] INFO  Deploying rebalance0 (1/4) (attempt #0) with attempt id cdee96a471091d0f988b73c94fbccfad_25a6d73fce56b9559bed0247061e93e0_0_0 and vertex id 25a6d73fce56b9559bed0247061e93e0_0 to de350408-224a-44d8-aba9-4987965487ad @ localhost (dataPort=64565) with allocation id 3fdf29fbfb0f93ff5f424cd1637271b2
61855 [24d7ce2f9e101babc2c6910dba10733a] ExecutionGraph [flink-pekko.actor.default-dispatcher-8] INFO  rebalance0 (2/4) (cdee96a471091d0f988b73c94fbccfad_25a6d73fce56b9559bed0247061e93e0_1_0) switched from SCHEDULED to DEPLOYING.
61855 [24d7ce2f9e101babc2c6910dba10733a] ExecutionGraph [flink-pekko.actor.default-dispatcher-8] INFO  Deploying rebalance0 (2/4) (attempt #0) with attempt id cdee96a471091d0f988b73c94fbccfad_25a6d73fce56b9559bed0247061e93e0_1_0 and vertex id 25a6d73fce56b9559bed0247061e93e0_1 to 530dd288-427b-4e09-a3d3-e8318b6892d9 @ localhost (dataPort=64564) with allocation id a5aca8ae1d49f3a0b9655aad231e85ea
61855 [24d7ce2f9e101babc2c6910dba10733a] ExecutionGraph [flink-pekko.actor.default-dispatcher-8] INFO  rebalance0 (3/4) (cdee96a471091d0f988b73c94fbccfad_25a6d73fce56b9559bed0247061e93e0_2_0) switched from SCHEDULED to DEPLOYING.
61855 [24d7ce2f9e101babc2c6910dba10733a] ExecutionGraph [flink-pekko.actor.default-dispatcher-8] INFO  Deploying rebalance0 (3/4) (attempt #0) with attempt id cdee96a471091d0f988b73c94fbccfad_25a6d73fce56b9559bed0247061e93e0_2_0 and vertex id 25a6d73fce56b9559bed0247061e93e0_2 to 44d6814a-3d49-482e-b31f-42fe9ab35959 @ localhost (dataPort=64566) with allocation id 9e0967f6d5da79d38a17285ec77c7f7a
61856 [24d7ce2f9e101babc2c6910dba10733a] ExecutionGraph [flink-pekko.actor.default-dispatcher-8] INFO  rebalance0 (4/4) (cdee96a471091d0f988b73c94fbccfad_25a6d73fce56b9559bed0247061e93e0_3_0) switched from SCHEDULED to DEPLOYING.
61856 [24d7ce2f9e101babc2c6910dba10733a] ExecutionGraph [flink-pekko.actor.default-dispatcher-8] INFO  Deploying rebalance0 (4/4) (attempt #0) with attempt id cdee96a471091d0f988b73c94fbccfad_25a6d73fce56b9559bed0247061e93e0_3_0 and vertex id 25a6d73fce56b9559bed0247061e93e0_3 to 530dd288-427b-4e09-a3d3-e8318b6892d9 @ localhost (dataPort=64564) with allocation id fbab4985c069f212b78e2f6e35bf8468
61856 [24d7ce2f9e101babc2c6910dba10733a] ExecutionGraph [flink-pekko.actor.default-dispatcher-8] INFO  upscale0 (1/6) (cdee96a471091d0f988b73c94fbccfad_7559af08559a2c7079a359b85b7edab5_0_0) switched from SCHEDULED to DEPLOYING.
61856 [24d7ce2f9e101babc2c6910dba10733a] ExecutionGraph [flink-pekko.actor.default-dispatcher-8] INFO  Deploying upscale0 (1/6) (attempt #0) with attempt id cdee96a471091d0f988b73c94fbccfad_7559af08559a2c7079a359b85b7edab5_0_0 and vertex id 7559af08559a2c7079a359b85b7edab5_0 to de350408-224a-44d8-aba9-4987965487ad @ localhost (dataPort=64565) with allocation id 3fdf29fbfb0f93ff5f424cd1637271b2
61856 [24d7ce2f9e101babc2c6910dba10733a] ExecutionGraph [flink-pekko.actor.default-dispatcher-8] INFO  upscale0 (2/6) (cdee96a471091d0f988b73c94fbccfad_7559af08559a2c7079a359b85b7edab5_1_0) switched from SCHEDULED to DEPLOYING.
61856 [24d7ce2f9e101babc2c6910dba10733a] ExecutionGraph [flink-pekko.actor.default-dispatcher-8] INFO  Deploying upscale0 (2/6) (attempt #0) with attempt id cdee96a471091d0f988b73c94fbccfad_7559af08559a2c7079a359b85b7edab5_1_0 and vertex id 7559af08559a2c7079a359b85b7edab5_1 to 530dd288-427b-4e09-a3d3-e8318b6892d9 @ localhost (dataPort=64564) with allocation id a5aca8ae1d49f3a0b9655aad231e85ea
61856 [24d7ce2f9e101babc2c6910dba10733a] ExecutionGraph [flink-pekko.actor.default-dispatcher-8] INFO  upscale0 (3/6) (cdee96a471091d0f988b73c94fbccfad_7559af08559a2c7079a359b85b7edab5_2_0) switched from SCHEDULED to DEPLOYING.
61856 [24d7ce2f9e101babc2c6910dba10733a] ExecutionGraph [flink-pekko.actor.default-dispatcher-8] INFO  Deploying upscale0 (3/6) (attempt #0) with attempt id cdee96a471091d0f988b73c94fbccfad_7559af08559a2c7079a359b85b7edab5_2_0 and vertex id 7559af08559a2c7079a359b85b7edab5_2 to 44d6814a-3d49-482e-b31f-42fe9ab35959 @ localhost (dataPort=64566) with allocation id 9e0967f6d5da79d38a17285ec77c7f7a
61856 [24d7ce2f9e101babc2c6910dba10733a] ExecutionGraph [flink-pekko.actor.default-dispatcher-8] INFO  upscale0 (4/6) (cdee96a471091d0f988b73c94fbccfad_7559af08559a2c7079a359b85b7edab5_3_0) switched from SCHEDULED to DEPLOYING.
61856 [24d7ce2f9e101babc2c6910dba10733a] ExecutionGraph [flink-pekko.actor.default-dispatcher-8] INFO  Deploying upscale0 (4/6) (attempt #0) with attempt id cdee96a471091d0f988b73c94fbccfad_7559af08559a2c7079a359b85b7edab5_3_0 and vertex id 7559af08559a2c7079a359b85b7edab5_3 to 530dd288-427b-4e09-a3d3-e8318b6892d9 @ localhost (dataPort=64564) with allocation id fbab4985c069f212b78e2f6e35bf8468
61856 [24d7ce2f9e101babc2c6910dba10733a] ExecutionGraph [flink-pekko.actor.default-dispatcher-8] INFO  upscale0 (5/6) (cdee96a471091d0f988b73c94fbccfad_7559af08559a2c7079a359b85b7edab5_4_0) switched from SCHEDULED to DEPLOYING.
61856 [24d7ce2f9e101babc2c6910dba10733a] ExecutionGraph [flink-pekko.actor.default-dispatcher-8] INFO  Deploying upscale0 (5/6) (attempt #0) with attempt id cdee96a471091d0f988b73c94fbccfad_7559af08559a2c7079a359b85b7edab5_4_0 and vertex id 7559af08559a2c7079a359b85b7edab5_4 to 44d6814a-3d49-482e-b31f-42fe9ab35959 @ localhost (dataPort=64566) with allocation id 13e8449892c7dcd93c7f8d624e057863
61856 [24d7ce2f9e101babc2c6910dba10733a] ExecutionGraph [flink-pekko.actor.default-dispatcher-8] INFO  upscale0 (6/6) (cdee96a471091d0f988b73c94fbccfad_7559af08559a2c7079a359b85b7edab5_5_0) switched from SCHEDULED to DEPLOYING.
61856 [24d7ce2f9e101babc2c6910dba10733a] ExecutionGraph [flink-pekko.actor.default-dispatcher-8] INFO  Deploying upscale0 (6/6) (attempt #0) with attempt id cdee96a471091d0f988b73c94fbccfad_7559af08559a2c7079a359b85b7edab5_5_0 and vertex id 7559af08559a2c7079a359b85b7edab5_5 to de350408-224a-44d8-aba9-4987965487ad @ localhost (dataPort=64565) with allocation id dcebff2ce097ca1304fb4de9cabd03c6
61856 [24d7ce2f9e101babc2c6910dba10733a] ExecutionGraph [flink-pekko.actor.default-dispatcher-8] INFO  downscale0 (1/4) (cdee96a471091d0f988b73c94fbccfad_579c351891399448b6165717925f2b21_0_0) switched from SCHEDULED to DEPLOYING.
61856 [24d7ce2f9e101babc2c6910dba10733a] ExecutionGraph [flink-pekko.actor.default-dispatcher-8] INFO  Deploying downscale0 (1/4) (attempt #0) with attempt id cdee96a471091d0f988b73c94fbccfad_579c351891399448b6165717925f2b21_0_0 and vertex id 579c351891399448b6165717925f2b21_0 to de350408-224a-44d8-aba9-4987965487ad @ localhost (dataPort=64565) with allocation id 3fdf29fbfb0f93ff5f424cd1637271b2
61856 [24d7ce2f9e101babc2c6910dba10733a] ExecutionGraph [flink-pekko.actor.default-dispatcher-8] INFO  downscale0 (2/4) (cdee96a471091d0f988b73c94fbccfad_579c351891399448b6165717925f2b21_1_0) switched from SCHEDULED to DEPLOYING.
61856 [24d7ce2f9e101babc2c6910dba10733a] ExecutionGraph [flink-pekko.actor.default-dispatcher-8] INFO  Deploying downscale0 (2/4) (attempt #0) with attempt id cdee96a471091d0f988b73c94fbccfad_579c351891399448b6165717925f2b21_1_0 and vertex id 579c351891399448b6165717925f2b21_1 to 530dd288-427b-4e09-a3d3-e8318b6892d9 @ localhost (dataPort=64564) with allocation id a5aca8ae1d49f3a0b9655aad231e85ea
61856 [24d7ce2f9e101babc2c6910dba10733a] ExecutionGraph [flink-pekko.actor.default-dispatcher-8] INFO  downscale0 (3/4) (cdee96a471091d0f988b73c94fbccfad_579c351891399448b6165717925f2b21_2_0) switched from SCHEDULED to DEPLOYING.
61856 [24d7ce2f9e101babc2c6910dba10733a] ExecutionGraph [flink-pekko.actor.default-dispatcher-8] INFO  Deploying downscale0 (3/4) (attempt #0) with attempt id cdee96a471091d0f988b73c94fbccfad_579c351891399448b6165717925f2b21_2_0 and vertex id 579c351891399448b6165717925f2b21_2 to 44d6814a-3d49-482e-b31f-42fe9ab35959 @ localhost (dataPort=64566) with allocation id 9e0967f6d5da79d38a17285ec77c7f7a
61856 [24d7ce2f9e101babc2c6910dba10733a] ExecutionGraph [flink-pekko.actor.default-dispatcher-8] INFO  downscale0 (4/4) (cdee96a471091d0f988b73c94fbccfad_579c351891399448b6165717925f2b21_3_0) switched from SCHEDULED to DEPLOYING.
61856 [24d7ce2f9e101babc2c6910dba10733a] ExecutionGraph [flink-pekko.actor.default-dispatcher-8] INFO  Deploying downscale0 (4/4) (attempt #0) with attempt id cdee96a471091d0f988b73c94fbccfad_579c351891399448b6165717925f2b21_3_0 and vertex id 579c351891399448b6165717925f2b21_3 to 530dd288-427b-4e09-a3d3-e8318b6892d9 @ localhost (dataPort=64564) with allocation id fbab4985c069f212b78e2f6e35bf8468
61856 [24d7ce2f9e101babc2c6910dba10733a] ExecutionGraph [flink-pekko.actor.default-dispatcher-8] INFO  keyby0 (1/3) (cdee96a471091d0f988b73c94fbccfad_e32648f4a493dd25fdd7d9c66c500390_0_0) switched from SCHEDULED to DEPLOYING.
61856 [24d7ce2f9e101babc2c6910dba10733a] ExecutionGraph [flink-pekko.actor.default-dispatcher-8] INFO  Deploying keyby0 (1/3) (attempt #0) with attempt id cdee96a471091d0f988b73c94fbccfad_e32648f4a493dd25fdd7d9c66c500390_0_0 and vertex id e32648f4a493dd25fdd7d9c66c500390_0 to de350408-224a-44d8-aba9-4987965487ad @ localhost (dataPort=64565) with allocation id 3fdf29fbfb0f93ff5f424cd1637271b2
61856 [24d7ce2f9e101babc2c6910dba10733a] ExecutionGraph [flink-pekko.actor.default-dispatcher-8] INFO  keyby0 (2/3) (cdee96a471091d0f988b73c94fbccfad_e32648f4a493dd25fdd7d9c66c500390_1_0) switched from SCHEDULED to DEPLOYING.
61856 [24d7ce2f9e101babc2c6910dba10733a] ExecutionGraph [flink-pekko.actor.default-dispatcher-8] INFO  Deploying keyby0 (2/3) (attempt #0) with attempt id cdee96a471091d0f988b73c94fbccfad_e32648f4a493dd25fdd7d9c66c500390_1_0 and vertex id e32648f4a493dd25fdd7d9c66c500390_1 to 530dd288-427b-4e09-a3d3-e8318b6892d9 @ localhost (dataPort=64564) with allocation id a5aca8ae1d49f3a0b9655aad231e85ea
61856 [24d7ce2f9e101babc2c6910dba10733a] ExecutionGraph [flink-pekko.actor.default-dispatcher-8] INFO  keyby0 (3/3) (cdee96a471091d0f988b73c94fbccfad_e32648f4a493dd25fdd7d9c66c500390_2_0) switched from SCHEDULED to DEPLOYING.
61856 [24d7ce2f9e101babc2c6910dba10733a] ExecutionGraph [flink-pekko.actor.default-dispatcher-8] INFO  Deploying keyby0 (3/3) (attempt #0) with attempt id cdee96a471091d0f988b73c94fbccfad_e32648f4a493dd25fdd7d9c66c500390_2_0 and vertex id e32648f4a493dd25fdd7d9c66c500390_2 to 44d6814a-3d49-482e-b31f-42fe9ab35959 @ localhost (dataPort=64566) with allocation id 9e0967f6d5da79d38a17285ec77c7f7a
61856 [24d7ce2f9e101babc2c6910dba10733a] ExecutionGraph [flink-pekko.actor.default-dispatcher-8] INFO  rescale0 (1/4) (cdee96a471091d0f988b73c94fbccfad_7b4c6fe4c6df355e1ed86e978ba4a96e_0_0) switched from SCHEDULED to DEPLOYING.
61856 [24d7ce2f9e101babc2c6910dba10733a] ExecutionGraph [flink-pekko.actor.default-dispatcher-8] INFO  Deploying rescale0 (1/4) (attempt #0) with attempt id cdee96a471091d0f988b73c94fbccfad_7b4c6fe4c6df355e1ed86e978ba4a96e_0_0 and vertex id 7b4c6fe4c6df355e1ed86e978ba4a96e_0 to de350408-224a-44d8-aba9-4987965487ad @ localhost (dataPort=64565) with allocation id 3fdf29fbfb0f93ff5f424cd1637271b2
61856 [24d7ce2f9e101babc2c6910dba10733a] ExecutionGraph [flink-pekko.actor.default-dispatcher-8] INFO  rescale0 (2/4) (cdee96a471091d0f988b73c94fbccfad_7b4c6fe4c6df355e1ed86e978ba4a96e_1_0) switched from SCHEDULED to DEPLOYING.
61856 [24d7ce2f9e101babc2c6910dba10733a] ExecutionGraph [flink-pekko.actor.default-dispatcher-8] INFO  Deploying rescale0 (2/4) (attempt #0) with attempt id cdee96a471091d0f988b73c94fbccfad_7b4c6fe4c6df355e1ed86e978ba4a96e_1_0 and vertex id 7b4c6fe4c6df355e1ed86e978ba4a96e_1 to 530dd288-427b-4e09-a3d3-e8318b6892d9 @ localhost (dataPort=64564) with allocation id fbab4985c069f212b78e2f6e35bf8468
61856 [24d7ce2f9e101babc2c6910dba10733a] ExecutionGraph [flink-pekko.actor.default-dispatcher-8] INFO  rescale0 (3/4) (cdee96a471091d0f988b73c94fbccfad_7b4c6fe4c6df355e1ed86e978ba4a96e_2_0) switched from SCHEDULED to DEPLOYING.
61856 [24d7ce2f9e101babc2c6910dba10733a] ExecutionGraph [flink-pekko.actor.default-dispatcher-8] INFO  Deploying rescale0 (3/4) (attempt #0) with attempt id cdee96a471091d0f988b73c94fbccfad_7b4c6fe4c6df355e1ed86e978ba4a96e_2_0 and vertex id 7b4c6fe4c6df355e1ed86e978ba4a96e_2 to 530dd288-427b-4e09-a3d3-e8318b6892d9 @ localhost (dataPort=64564) with allocation id a5aca8ae1d49f3a0b9655aad231e85ea
61856 [24d7ce2f9e101babc2c6910dba10733a] ExecutionGraph [flink-pekko.actor.default-dispatcher-8] INFO  rescale0 (4/4) (cdee96a471091d0f988b73c94fbccfad_7b4c6fe4c6df355e1ed86e978ba4a96e_3_0) switched from SCHEDULED to DEPLOYING.
61856 [24d7ce2f9e101babc2c6910dba10733a] ExecutionGraph [flink-pekko.actor.default-dispatcher-8] INFO  Deploying rescale0 (4/4) (attempt #0) with attempt id cdee96a471091d0f988b73c94fbccfad_7b4c6fe4c6df355e1ed86e978ba4a96e_3_0 and vertex id 7b4c6fe4c6df355e1ed86e978ba4a96e_3 to 44d6814a-3d49-482e-b31f-42fe9ab35959 @ localhost (dataPort=64566) with allocation id 9e0967f6d5da79d38a17285ec77c7f7a
61856 [24d7ce2f9e101babc2c6910dba10733a] ExecutionGraph [flink-pekko.actor.default-dispatcher-8] INFO  failing-map (1/3) (cdee96a471091d0f988b73c94fbccfad_b8c789ec3a44294cb45da029ffe0e6fd_0_0) switched from SCHEDULED to DEPLOYING.
61856 [24d7ce2f9e101babc2c6910dba10733a] ExecutionGraph [flink-pekko.actor.default-dispatcher-8] INFO  Deploying failing-map (1/3) (attempt #0) with attempt id cdee96a471091d0f988b73c94fbccfad_b8c789ec3a44294cb45da029ffe0e6fd_0_0 and vertex id b8c789ec3a44294cb45da029ffe0e6fd_0 to de350408-224a-44d8-aba9-4987965487ad @ localhost (dataPort=64565) with allocation id 3fdf29fbfb0f93ff5f424cd1637271b2
61856 [24d7ce2f9e101babc2c6910dba10733a] ExecutionGraph [flink-pekko.actor.default-dispatcher-8] INFO  failing-map (2/3) (cdee96a471091d0f988b73c94fbccfad_b8c789ec3a44294cb45da029ffe0e6fd_1_0) switched from SCHEDULED to DEPLOYING.
61856 [24d7ce2f9e101babc2c6910dba10733a] ExecutionGraph [flink-pekko.actor.default-dispatcher-8] INFO  Deploying failing-map (2/3) (attempt #0) with attempt id cdee96a471091d0f988b73c94fbccfad_b8c789ec3a44294cb45da029ffe0e6fd_1_0 and vertex id b8c789ec3a44294cb45da029ffe0e6fd_1 to 530dd288-427b-4e09-a3d3-e8318b6892d9 @ localhost (dataPort=64564) with allocation id fbab4985c069f212b78e2f6e35bf8468
61856 [24d7ce2f9e101babc2c6910dba10733a] ExecutionGraph [flink-pekko.actor.default-dispatcher-8] INFO  failing-map (3/3) (cdee96a471091d0f988b73c94fbccfad_b8c789ec3a44294cb45da029ffe0e6fd_2_0) switched from SCHEDULED to DEPLOYING.
61856 [24d7ce2f9e101babc2c6910dba10733a] ExecutionGraph [flink-pekko.actor.default-dispatcher-8] INFO  Deploying failing-map (3/3) (attempt #0) with attempt id cdee96a471091d0f988b73c94fbccfad_b8c789ec3a44294cb45da029ffe0e6fd_2_0 and vertex id b8c789ec3a44294cb45da029ffe0e6fd_2 to 530dd288-427b-4e09-a3d3-e8318b6892d9 @ localhost (dataPort=64564) with allocation id a5aca8ae1d49f3a0b9655aad231e85ea
61856 [24d7ce2f9e101babc2c6910dba10733a] ExecutionGraph [flink-pekko.actor.default-dispatcher-8] INFO  Sink: sink (1/1) (cdee96a471091d0f988b73c94fbccfad_2e588ce1c86a9d46e2e85186773ce4fd_0_0) switched from SCHEDULED to DEPLOYING.
61856 [24d7ce2f9e101babc2c6910dba10733a] ExecutionGraph [flink-pekko.actor.default-dispatcher-8] INFO  Deploying Sink: sink (1/1) (attempt #0) with attempt id cdee96a471091d0f988b73c94fbccfad_2e588ce1c86a9d46e2e85186773ce4fd_0_0 and vertex id 2e588ce1c86a9d46e2e85186773ce4fd_0 to de350408-224a-44d8-aba9-4987965487ad @ localhost (dataPort=64565) with allocation id 3fdf29fbfb0f93ff5f424cd1637271b2
61856 [24d7ce2f9e101babc2c6910dba10733a] TaskSlotTableImpl [flink-pekko.actor.default-dispatcher-9] INFO  Activate slot dcebff2ce097ca1304fb4de9cabd03c6.
61856 [24d7ce2f9e101babc2c6910dba10733a] TaskSlotTableImpl [flink-pekko.actor.default-dispatcher-9] INFO  Activate slot 3fdf29fbfb0f93ff5f424cd1637271b2.
61856 [24d7ce2f9e101babc2c6910dba10733a] TaskSlotTableImpl [flink-pekko.actor.default-dispatcher-7] INFO  Activate slot a5aca8ae1d49f3a0b9655aad231e85ea.
61856 [24d7ce2f9e101babc2c6910dba10733a] TaskSlotTableImpl [flink-pekko.actor.default-dispatcher-9] INFO  Activate slot 9e0967f6d5da79d38a17285ec77c7f7a.
61856 [24d7ce2f9e101babc2c6910dba10733a] TaskSlotTableImpl [flink-pekko.actor.default-dispatcher-5] INFO  Activate slot 3fdf29fbfb0f93ff5f424cd1637271b2.
61856 [24d7ce2f9e101babc2c6910dba10733a] TaskExecutorFileMergingManager [flink-pekko.actor.default-dispatcher-7] INFO  Registered new file merging snapshot manager for job 24d7ce2f9e101babc2c6910dba10733a.
61856 [24d7ce2f9e101babc2c6910dba10733a] TaskExecutorFileMergingManager [flink-pekko.actor.default-dispatcher-5] INFO  Registered new file merging snapshot manager for job 24d7ce2f9e101babc2c6910dba10733a.
61856 [24d7ce2f9e101babc2c6910dba10733a] StateChangelogStorageLoader [flink-pekko.actor.default-dispatcher-7] INFO  Creating a changelog storage with name 'filesystem'.
61856 [24d7ce2f9e101babc2c6910dba10733a] StateChangelogStorageLoader [flink-pekko.actor.default-dispatcher-5] INFO  Creating a changelog storage with name 'filesystem'.
61856 [24d7ce2f9e101babc2c6910dba10733a] TaskExecutorFileMergingManager [flink-pekko.actor.default-dispatcher-9] INFO  Registered new file merging snapshot manager for job 24d7ce2f9e101babc2c6910dba10733a.
61856 [24d7ce2f9e101babc2c6910dba10733a] StateChangelogStorageLoader [flink-pekko.actor.default-dispatcher-9] INFO  Creating a changelog storage with name 'filesystem'.
61856 [24d7ce2f9e101babc2c6910dba10733a] TaskExecutorChannelStateExecutorFactoryManager [flink-pekko.actor.default-dispatcher-9] INFO  Creating the channel state executor factory for job id 24d7ce2f9e101babc2c6910dba10733a
61856 [24d7ce2f9e101babc2c6910dba10733a] TaskExecutorChannelStateExecutorFactoryManager [flink-pekko.actor.default-dispatcher-5] INFO  Creating the channel state executor factory for job id 24d7ce2f9e101babc2c6910dba10733a
61856 [24d7ce2f9e101babc2c6910dba10733a] TaskExecutorChannelStateExecutorFactoryManager [flink-pekko.actor.default-dispatcher-7] INFO  Creating the channel state executor factory for job id 24d7ce2f9e101babc2c6910dba10733a
61856 [24d7ce2f9e101babc2c6910dba10733a] TaskExecutor [flink-pekko.actor.default-dispatcher-9] INFO  Received task Source: source0 -> input-filter0 -> input-counter0 (3/3)#0 (cdee96a471091d0f988b73c94fbccfad_3e9b902627593008a6d790e9aeca7953_2_0), deploy into slot with allocation id 9e0967f6d5da79d38a17285ec77c7f7a.
61856 [24d7ce2f9e101babc2c6910dba10733a] TaskExecutor [flink-pekko.actor.default-dispatcher-5] INFO  Received task Source: source0 -> input-filter0 -> input-counter0 (1/3)#0 (cdee96a471091d0f988b73c94fbccfad_3e9b902627593008a6d790e9aeca7953_0_0), deploy into slot with allocation id 3fdf29fbfb0f93ff5f424cd1637271b2.
61856 [24d7ce2f9e101babc2c6910dba10733a] TaskExecutor [flink-pekko.actor.default-dispatcher-7] INFO  Received task Source: source0 -> input-filter0 -> input-counter0 (2/3)#0 (cdee96a471091d0f988b73c94fbccfad_3e9b902627593008a6d790e9aeca7953_1_0), deploy into slot with allocation id a5aca8ae1d49f3a0b9655aad231e85ea.
61856 [24d7ce2f9e101babc2c6910dba10733a] TaskSlotTableImpl [flink-pekko.actor.default-dispatcher-9] INFO  Activate slot 9e0967f6d5da79d38a17285ec77c7f7a.
61856 [24d7ce2f9e101babc2c6910dba10733a] Task [Source: source0 -> input-filter0 -> input-counter0 (3/3)#0] INFO  Source: source0 -> input-filter0 -> input-counter0 (3/3)#0 (cdee96a471091d0f988b73c94fbccfad_3e9b902627593008a6d790e9aeca7953_2_0) switched from CREATED to DEPLOYING.
61856 [24d7ce2f9e101babc2c6910dba10733a] TaskSlotTableImpl [flink-pekko.actor.default-dispatcher-7] INFO  Activate slot a5aca8ae1d49f3a0b9655aad231e85ea.
61856 [24d7ce2f9e101babc2c6910dba10733a] Task [Source: source0 -> input-filter0 -> input-counter0 (2/3)#0] INFO  Source: source0 -> input-filter0 -> input-counter0 (2/3)#0 (cdee96a471091d0f988b73c94fbccfad_3e9b902627593008a6d790e9aeca7953_1_0) switched from CREATED to DEPLOYING.
61857 [24d7ce2f9e101babc2c6910dba10733a] Task [Source: source0 -> input-filter0 -> input-counter0 (1/3)#0] INFO  Source: source0 -> input-filter0 -> input-counter0 (1/3)#0 (cdee96a471091d0f988b73c94fbccfad_3e9b902627593008a6d790e9aeca7953_0_0) switched from CREATED to DEPLOYING.
61857 [24d7ce2f9e101babc2c6910dba10733a] TaskSlotTableImpl [flink-pekko.actor.default-dispatcher-5] INFO  Activate slot 3fdf29fbfb0f93ff5f424cd1637271b2.
61857 [24d7ce2f9e101babc2c6910dba10733a] Task [Source: source0 -> input-filter0 -> input-counter0 (1/3)#0] INFO  Loading JAR files for task Source: source0 -> input-filter0 -> input-counter0 (1/3)#0 (cdee96a471091d0f988b73c94fbccfad_3e9b902627593008a6d790e9aeca7953_0_0) [DEPLOYING].
61857 [24d7ce2f9e101babc2c6910dba10733a] Task [Source: source0 -> input-filter0 -> input-counter0 (2/3)#0] INFO  Loading JAR files for task Source: source0 -> input-filter0 -> input-counter0 (2/3)#0 (cdee96a471091d0f988b73c94fbccfad_3e9b902627593008a6d790e9aeca7953_1_0) [DEPLOYING].
61857 [24d7ce2f9e101babc2c6910dba10733a] Task [Source: source0 -> input-filter0 -> input-counter0 (3/3)#0] INFO  Loading JAR files for task Source: source0 -> input-filter0 -> input-counter0 (3/3)#0 (cdee96a471091d0f988b73c94fbccfad_3e9b902627593008a6d790e9aeca7953_2_0) [DEPLOYING].
61857 [24d7ce2f9e101babc2c6910dba10733a] TaskExecutor [flink-pekko.actor.default-dispatcher-9] INFO  Received task global0 (3/3)#0 (cdee96a471091d0f988b73c94fbccfad_4eca6edb63b17eb77deb9de060a699d1_2_0), deploy into slot with allocation id 9e0967f6d5da79d38a17285ec77c7f7a.
61857 [24d7ce2f9e101babc2c6910dba10733a] TaskExecutor [flink-pekko.actor.default-dispatcher-7] INFO  Received task global0 (2/3)#0 (cdee96a471091d0f988b73c94fbccfad_4eca6edb63b17eb77deb9de060a699d1_1_0), deploy into slot with allocation id a5aca8ae1d49f3a0b9655aad231e85ea.
61857 [24d7ce2f9e101babc2c6910dba10733a] TaskSlotTableImpl [flink-pekko.actor.default-dispatcher-9] INFO  Activate slot 9e0967f6d5da79d38a17285ec77c7f7a.
61857 [24d7ce2f9e101babc2c6910dba10733a] Task [global0 (3/3)#0] INFO  global0 (3/3)#0 (cdee96a471091d0f988b73c94fbccfad_4eca6edb63b17eb77deb9de060a699d1_2_0) switched from CREATED to DEPLOYING.
61857 [24d7ce2f9e101babc2c6910dba10733a] Task [global0 (3/3)#0] INFO  Loading JAR files for task global0 (3/3)#0 (cdee96a471091d0f988b73c94fbccfad_4eca6edb63b17eb77deb9de060a699d1_2_0) [DEPLOYING].
61857 [24d7ce2f9e101babc2c6910dba10733a] TaskSlotTableImpl [flink-pekko.actor.default-dispatcher-7] INFO  Activate slot a5aca8ae1d49f3a0b9655aad231e85ea.
61857 [24d7ce2f9e101babc2c6910dba10733a] Task [global0 (2/3)#0] INFO  global0 (2/3)#0 (cdee96a471091d0f988b73c94fbccfad_4eca6edb63b17eb77deb9de060a699d1_1_0) switched from CREATED to DEPLOYING.
61857 [24d7ce2f9e101babc2c6910dba10733a] Task [global0 (2/3)#0] INFO  Loading JAR files for task global0 (2/3)#0 (cdee96a471091d0f988b73c94fbccfad_4eca6edb63b17eb77deb9de060a699d1_1_0) [DEPLOYING].
61857 [24d7ce2f9e101babc2c6910dba10733a] TaskExecutor [flink-pekko.actor.default-dispatcher-5] INFO  Received task global0 (1/3)#0 (cdee96a471091d0f988b73c94fbccfad_4eca6edb63b17eb77deb9de060a699d1_0_0), deploy into slot with allocation id 3fdf29fbfb0f93ff5f424cd1637271b2.
61857 [24d7ce2f9e101babc2c6910dba10733a] TaskSlotTableImpl [flink-pekko.actor.default-dispatcher-5] INFO  Activate slot 3fdf29fbfb0f93ff5f424cd1637271b2.
61857 [24d7ce2f9e101babc2c6910dba10733a] Task [global0 (1/3)#0] INFO  global0 (1/3)#0 (cdee96a471091d0f988b73c94fbccfad_4eca6edb63b17eb77deb9de060a699d1_0_0) switched from CREATED to DEPLOYING.
61857 [24d7ce2f9e101babc2c6910dba10733a] Task [global0 (1/3)#0] INFO  Loading JAR files for task global0 (1/3)#0 (cdee96a471091d0f988b73c94fbccfad_4eca6edb63b17eb77deb9de060a699d1_0_0) [DEPLOYING].
61857 [24d7ce2f9e101babc2c6910dba10733a] TaskExecutor [flink-pekko.actor.default-dispatcher-9] INFO  Received task rebalance0 (3/4)#0 (cdee96a471091d0f988b73c94fbccfad_25a6d73fce56b9559bed0247061e93e0_2_0), deploy into slot with allocation id 9e0967f6d5da79d38a17285ec77c7f7a.
61857 [24d7ce2f9e101babc2c6910dba10733a] TaskExecutor [flink-pekko.actor.default-dispatcher-7] INFO  Received task rebalance0 (2/4)#0 (cdee96a471091d0f988b73c94fbccfad_25a6d73fce56b9559bed0247061e93e0_1_0), deploy into slot with allocation id a5aca8ae1d49f3a0b9655aad231e85ea.
61857 [24d7ce2f9e101babc2c6910dba10733a] TaskSlotTableImpl [flink-pekko.actor.default-dispatcher-9] INFO  Activate slot 9e0967f6d5da79d38a17285ec77c7f7a.
61857 [24d7ce2f9e101babc2c6910dba10733a] Task [rebalance0 (3/4)#0] INFO  rebalance0 (3/4)#0 (cdee96a471091d0f988b73c94fbccfad_25a6d73fce56b9559bed0247061e93e0_2_0) switched from CREATED to DEPLOYING.
61857 [24d7ce2f9e101babc2c6910dba10733a] Task [rebalance0 (3/4)#0] INFO  Loading JAR files for task rebalance0 (3/4)#0 (cdee96a471091d0f988b73c94fbccfad_25a6d73fce56b9559bed0247061e93e0_2_0) [DEPLOYING].
61857 [24d7ce2f9e101babc2c6910dba10733a] TaskSlotTableImpl [flink-pekko.actor.default-dispatcher-7] INFO  Activate slot fbab4985c069f212b78e2f6e35bf8468.
61857 [24d7ce2f9e101babc2c6910dba10733a] Task [rebalance0 (2/4)#0] INFO  rebalance0 (2/4)#0 (cdee96a471091d0f988b73c94fbccfad_25a6d73fce56b9559bed0247061e93e0_1_0) switched from CREATED to DEPLOYING.
61857 [24d7ce2f9e101babc2c6910dba10733a] Task [rebalance0 (2/4)#0] INFO  Loading JAR files for task rebalance0 (2/4)#0 (cdee96a471091d0f988b73c94fbccfad_25a6d73fce56b9559bed0247061e93e0_1_0) [DEPLOYING].
61857 [24d7ce2f9e101babc2c6910dba10733a] TaskExecutor [flink-pekko.actor.default-dispatcher-5] INFO  Received task rebalance0 (1/4)#0 (cdee96a471091d0f988b73c94fbccfad_25a6d73fce56b9559bed0247061e93e0_0_0), deploy into slot with allocation id 3fdf29fbfb0f93ff5f424cd1637271b2.
61857 [24d7ce2f9e101babc2c6910dba10733a] StreamTask [global0 (2/3)#0] INFO  State backend is set to heap memory org.apache.flink.runtime.state.hashmap.HashMapStateBackend@44c98389
61857 [24d7ce2f9e101babc2c6910dba10733a] StateBackendLoader [global0 (2/3)#0] INFO  State backend loader loads the state backend as HashMapStateBackend
61857 [24d7ce2f9e101babc2c6910dba10733a] StreamTask [global0 (2/3)#0] INFO  Checkpoint storage is set to 'filesystem': (checkpoints "file:/var/folders/m8/q6f016tn6cl2cp86hfq331_w0000gp/T/junit-4734462783579597589/junit13142933359846577828")
61857 [24d7ce2f9e101babc2c6910dba10733a] StreamTask [rebalance0 (3/4)#0] INFO  State backend is set to heap memory org.apache.flink.runtime.state.hashmap.HashMapStateBackend@26756de2
61857 [24d7ce2f9e101babc2c6910dba10733a] StateBackendLoader [rebalance0 (3/4)#0] INFO  State backend loader loads the state backend as HashMapStateBackend
61857 [24d7ce2f9e101babc2c6910dba10733a] StreamTask [rebalance0 (3/4)#0] INFO  Checkpoint storage is set to 'filesystem': (checkpoints "file:/var/folders/m8/q6f016tn6cl2cp86hfq331_w0000gp/T/junit-4734462783579597589/junit13142933359846577828")
61857 [24d7ce2f9e101babc2c6910dba10733a] StreamTask [Source: source0 -> input-filter0 -> input-counter0 (1/3)#0] INFO  State backend is set to heap memory org.apache.flink.runtime.state.hashmap.HashMapStateBackend@39cc4bff
61857 [24d7ce2f9e101babc2c6910dba10733a] StateBackendLoader [Source: source0 -> input-filter0 -> input-counter0 (1/3)#0] INFO  State backend loader loads the state backend as HashMapStateBackend
61857 [24d7ce2f9e101babc2c6910dba10733a] StreamTask [Source: source0 -> input-filter0 -> input-counter0 (1/3)#0] INFO  Checkpoint storage is set to 'filesystem': (checkpoints "file:/var/folders/m8/q6f016tn6cl2cp86hfq331_w0000gp/T/junit-4734462783579597589/junit13142933359846577828")
61857 [24d7ce2f9e101babc2c6910dba10733a] StreamTask [Source: source0 -> input-filter0 -> input-counter0 (3/3)#0] INFO  State backend is set to heap memory org.apache.flink.runtime.state.hashmap.HashMapStateBackend@2c62c0dc
61857 [24d7ce2f9e101babc2c6910dba10733a] StateBackendLoader [Source: source0 -> input-filter0 -> input-counter0 (3/3)#0] INFO  State backend loader loads the state backend as HashMapStateBackend
61857 [24d7ce2f9e101babc2c6910dba10733a] StreamTask [Source: source0 -> input-filter0 -> input-counter0 (3/3)#0] INFO  Checkpoint storage is set to 'filesystem': (checkpoints "file:/var/folders/m8/q6f016tn6cl2cp86hfq331_w0000gp/T/junit-4734462783579597589/junit13142933359846577828")
61857 [24d7ce2f9e101babc2c6910dba10733a] TaskExecutor [flink-pekko.actor.default-dispatcher-9] INFO  Received task upscale0 (3/6)#0 (cdee96a471091d0f988b73c94fbccfad_7559af08559a2c7079a359b85b7edab5_2_0), deploy into slot with allocation id 9e0967f6d5da79d38a17285ec77c7f7a.
61857 [24d7ce2f9e101babc2c6910dba10733a] TaskExecutor [flink-pekko.actor.default-dispatcher-7] INFO  Received task rebalance0 (4/4)#0 (cdee96a471091d0f988b73c94fbccfad_25a6d73fce56b9559bed0247061e93e0_3_0), deploy into slot with allocation id fbab4985c069f212b78e2f6e35bf8468.
61858 [24d7ce2f9e101babc2c6910dba10733a] StreamTask [Source: source0 -> input-filter0 -> input-counter0 (2/3)#0] INFO  State backend is set to heap memory org.apache.flink.runtime.state.hashmap.HashMapStateBackend@2f9fb2f1
61858 [24d7ce2f9e101babc2c6910dba10733a] StateBackendLoader [Source: source0 -> input-filter0 -> input-counter0 (2/3)#0] INFO  State backend loader loads the state backend as HashMapStateBackend
61858 [24d7ce2f9e101babc2c6910dba10733a] StreamTask [Source: source0 -> input-filter0 -> input-counter0 (2/3)#0] INFO  Checkpoint storage is set to 'filesystem': (checkpoints "file:/var/folders/m8/q6f016tn6cl2cp86hfq331_w0000gp/T/junit-4734462783579597589/junit13142933359846577828")
61858 [24d7ce2f9e101babc2c6910dba10733a] FileMergingSnapshotManager [global0 (2/3)#0] INFO  Created a directory file:/var/folders/m8/q6f016tn6cl2cp86hfq331_w0000gp/T/junit-4734462783579597589/junit13142933359846577828/24d7ce2f9e101babc2c6910dba10733a/taskowned/job_24d7ce2f9e101babc2c6910dba10733a_tm_530dd288-427b-4e09-a3d3-e8318b6892d9 for checkpoint file-merging.
61858 [24d7ce2f9e101babc2c6910dba10733a] FileMergingSnapshotManager [Source: source0 -> input-filter0 -> input-counter0 (1/3)#0] INFO  Created a directory file:/var/folders/m8/q6f016tn6cl2cp86hfq331_w0000gp/T/junit-4734462783579597589/junit13142933359846577828/24d7ce2f9e101babc2c6910dba10733a/taskowned/job_24d7ce2f9e101babc2c6910dba10733a_tm_de350408-224a-44d8-aba9-4987965487ad for checkpoint file-merging.
61858 [24d7ce2f9e101babc2c6910dba10733a] FileMergingSnapshotManager [rebalance0 (3/4)#0] INFO  Created a directory file:/var/folders/m8/q6f016tn6cl2cp86hfq331_w0000gp/T/junit-4734462783579597589/junit13142933359846577828/24d7ce2f9e101babc2c6910dba10733a/taskowned/job_24d7ce2f9e101babc2c6910dba10733a_tm_44d6814a-3d49-482e-b31f-42fe9ab35959 for checkpoint file-merging.
61858 [24d7ce2f9e101babc2c6910dba10733a] StreamTask [global0 (3/3)#0] INFO  State backend is set to heap memory org.apache.flink.runtime.state.hashmap.HashMapStateBackend@5ff39a2e
61858 [24d7ce2f9e101babc2c6910dba10733a] StateBackendLoader [global0 (3/3)#0] INFO  State backend loader loads the state backend as HashMapStateBackend
61858 [24d7ce2f9e101babc2c6910dba10733a] StreamTask [global0 (3/3)#0] INFO  Checkpoint storage is set to 'filesystem': (checkpoints "file:/var/folders/m8/q6f016tn6cl2cp86hfq331_w0000gp/T/junit-4734462783579597589/junit13142933359846577828")
61858 [24d7ce2f9e101babc2c6910dba10733a] StreamTask [rebalance0 (2/4)#0] INFO  State backend is set to heap memory org.apache.flink.runtime.state.hashmap.HashMapStateBackend@50bc28c8
61858 [24d7ce2f9e101babc2c6910dba10733a] StateBackendLoader [rebalance0 (2/4)#0] INFO  State backend loader loads the state backend as HashMapStateBackend
61858 [24d7ce2f9e101babc2c6910dba10733a] StreamTask [rebalance0 (2/4)#0] INFO  Checkpoint storage is set to 'filesystem': (checkpoints "file:/var/folders/m8/q6f016tn6cl2cp86hfq331_w0000gp/T/junit-4734462783579597589/junit13142933359846577828")
61858 [24d7ce2f9e101babc2c6910dba10733a] FileMergingSnapshotManager [global0 (2/3)#0] INFO  Created a directory file:/var/folders/m8/q6f016tn6cl2cp86hfq331_w0000gp/T/junit-4734462783579597589/junit13142933359846577828/24d7ce2f9e101babc2c6910dba10733a/shared/job_24d7ce2f9e101babc2c6910dba10733a_op_4eca6edb63b17eb77deb9de060a699d1_1_3 for checkpoint file-merging.
61858 [24d7ce2f9e101babc2c6910dba10733a] FileMergingSnapshotManager [Source: source0 -> input-filter0 -> input-counter0 (1/3)#0] INFO  Created a directory file:/var/folders/m8/q6f016tn6cl2cp86hfq331_w0000gp/T/junit-4734462783579597589/junit13142933359846577828/24d7ce2f9e101babc2c6910dba10733a/shared/job_24d7ce2f9e101babc2c6910dba10733a_op_3e9b902627593008a6d790e9aeca7953_0_3 for checkpoint file-merging.
61858 [24d7ce2f9e101babc2c6910dba10733a] FileMergingSnapshotManager [rebalance0 (3/4)#0] INFO  Created a directory file:/var/folders/m8/q6f016tn6cl2cp86hfq331_w0000gp/T/junit-4734462783579597589/junit13142933359846577828/24d7ce2f9e101babc2c6910dba10733a/shared/job_24d7ce2f9e101babc2c6910dba10733a_op_25a6d73fce56b9559bed0247061e93e0_2_4 for checkpoint file-merging.
61858 [24d7ce2f9e101babc2c6910dba10733a] Task [rebalance0 (1/4)#0] INFO  rebalance0 (1/4)#0 (cdee96a471091d0f988b73c94fbccfad_25a6d73fce56b9559bed0247061e93e0_0_0) switched from CREATED to DEPLOYING.
61858 [24d7ce2f9e101babc2c6910dba10733a] FileMergingSnapshotManager [Source: source0 -> input-filter0 -> input-counter0 (2/3)#0] INFO  Created a directory file:/var/folders/m8/q6f016tn6cl2cp86hfq331_w0000gp/T/junit-4734462783579597589/junit13142933359846577828/24d7ce2f9e101babc2c6910dba10733a/shared/job_24d7ce2f9e101babc2c6910dba10733a_op_3e9b902627593008a6d790e9aeca7953_1_3 for checkpoint file-merging.
61858 [24d7ce2f9e101babc2c6910dba10733a] FileMergingSnapshotManager [global0 (3/3)#0] INFO  Created a directory file:/var/folders/m8/q6f016tn6cl2cp86hfq331_w0000gp/T/junit-4734462783579597589/junit13142933359846577828/24d7ce2f9e101babc2c6910dba10733a/shared/job_24d7ce2f9e101babc2c6910dba10733a_op_4eca6edb63b17eb77deb9de060a699d1_2_3 for checkpoint file-merging.
61858 [24d7ce2f9e101babc2c6910dba10733a] Task [rebalance0 (1/4)#0] INFO  Loading JAR files for task rebalance0 (1/4)#0 (cdee96a471091d0f988b73c94fbccfad_25a6d73fce56b9559bed0247061e93e0_0_0) [DEPLOYING].
61858 [24d7ce2f9e101babc2c6910dba10733a] TaskSlotTableImpl [flink-pekko.actor.default-dispatcher-5] INFO  Activate slot 3fdf29fbfb0f93ff5f424cd1637271b2.
61858 [24d7ce2f9e101babc2c6910dba10733a] StreamTask [global0 (1/3)#0] INFO  State backend is set to heap memory org.apache.flink.runtime.state.hashmap.HashMapStateBackend@8036dea
61858 [24d7ce2f9e101babc2c6910dba10733a] StateBackendLoader [global0 (1/3)#0] INFO  State backend loader loads the state backend as HashMapStateBackend
61858 [24d7ce2f9e101babc2c6910dba10733a] StreamTask [global0 (1/3)#0] INFO  Checkpoint storage is set to 'filesystem': (checkpoints "file:/var/folders/m8/q6f016tn6cl2cp86hfq331_w0000gp/T/junit-4734462783579597589/junit13142933359846577828")
61858 [24d7ce2f9e101babc2c6910dba10733a] FileMergingSnapshotManager [Source: source0 -> input-filter0 -> input-counter0 (3/3)#0] INFO  Created a directory file:/var/folders/m8/q6f016tn6cl2cp86hfq331_w0000gp/T/junit-4734462783579597589/junit13142933359846577828/24d7ce2f9e101babc2c6910dba10733a/shared/job_24d7ce2f9e101babc2c6910dba10733a_op_3e9b902627593008a6d790e9aeca7953_2_3 for checkpoint file-merging.
61858 [24d7ce2f9e101babc2c6910dba10733a] FileMergingSnapshotManager [rebalance0 (2/4)#0] INFO  Created a directory file:/var/folders/m8/q6f016tn6cl2cp86hfq331_w0000gp/T/junit-4734462783579597589/junit13142933359846577828/24d7ce2f9e101babc2c6910dba10733a/shared/job_24d7ce2f9e101babc2c6910dba10733a_op_25a6d73fce56b9559bed0247061e93e0_1_4 for checkpoint file-merging.
61858 [24d7ce2f9e101babc2c6910dba10733a] Task [global0 (2/3)#0] INFO  global0 (2/3)#0 (cdee96a471091d0f988b73c94fbccfad_4eca6edb63b17eb77deb9de060a699d1_1_0) switched from DEPLOYING to INITIALIZING.
61858 [24d7ce2f9e101babc2c6910dba10733a] Task [rebalance0 (2/4)#0] INFO  rebalance0 (2/4)#0 (cdee96a471091d0f988b73c94fbccfad_25a6d73fce56b9559bed0247061e93e0_1_0) switched from DEPLOYING to INITIALIZING.
61858 [24d7ce2f9e101babc2c6910dba10733a] FileMergingSnapshotManager [global0 (1/3)#0] INFO  Created a directory file:/var/folders/m8/q6f016tn6cl2cp86hfq331_w0000gp/T/junit-4734462783579597589/junit13142933359846577828/24d7ce2f9e101babc2c6910dba10733a/shared/job_24d7ce2f9e101babc2c6910dba10733a_op_4eca6edb63b17eb77deb9de060a699d1_0_3 for checkpoint file-merging.
61858 [24d7ce2f9e101babc2c6910dba10733a] ExecutionGraph [flink-pekko.actor.default-dispatcher-8] INFO  global0 (2/3) (cdee96a471091d0f988b73c94fbccfad_4eca6edb63b17eb77deb9de060a699d1_1_0) switched from DEPLOYING to INITIALIZING.
61858 [24d7ce2f9e101babc2c6910dba10733a] Task [Source: source0 -> input-filter0 -> input-counter0 (2/3)#0] INFO  Source: source0 -> input-filter0 -> input-counter0 (2/3)#0 (cdee96a471091d0f988b73c94fbccfad_3e9b902627593008a6d790e9aeca7953_1_0) switched from DEPLOYING to INITIALIZING.
61858 [24d7ce2f9e101babc2c6910dba10733a] ExecutionGraph [flink-pekko.actor.default-dispatcher-8] INFO  rebalance0 (2/4) (cdee96a471091d0f988b73c94fbccfad_25a6d73fce56b9559bed0247061e93e0_1_0) switched from DEPLOYING to INITIALIZING.
61858 [24d7ce2f9e101babc2c6910dba10733a] ExecutionGraph [flink-pekko.actor.default-dispatcher-8] INFO  Source: source0 -> input-filter0 -> input-counter0 (2/3) (cdee96a471091d0f988b73c94fbccfad_3e9b902627593008a6d790e9aeca7953_1_0) switched from DEPLOYING to INITIALIZING.
61858 [24d7ce2f9e101babc2c6910dba10733a] Task [Source: source0 -> input-filter0 -> input-counter0 (1/3)#0] INFO  Source: source0 -> input-filter0 -> input-counter0 (1/3)#0 (cdee96a471091d0f988b73c94fbccfad_3e9b902627593008a6d790e9aeca7953_0_0) switched from DEPLOYING to INITIALIZING.
61858 [24d7ce2f9e101babc2c6910dba10733a] ExecutionGraph [flink-pekko.actor.default-dispatcher-8] INFO  Source: source0 -> input-filter0 -> input-counter0 (1/3) (cdee96a471091d0f988b73c94fbccfad_3e9b902627593008a6d790e9aeca7953_0_0) switched from DEPLOYING to INITIALIZING.
61858 [24d7ce2f9e101babc2c6910dba10733a] Task [global0 (1/3)#0] INFO  global0 (1/3)#0 (cdee96a471091d0f988b73c94fbccfad_4eca6edb63b17eb77deb9de060a699d1_0_0) switched from DEPLOYING to INITIALIZING.
61858 [24d7ce2f9e101babc2c6910dba10733a] Task [rebalance0 (3/4)#0] INFO  rebalance0 (3/4)#0 (cdee96a471091d0f988b73c94fbccfad_25a6d73fce56b9559bed0247061e93e0_2_0) switched from DEPLOYING to INITIALIZING.
61858 [24d7ce2f9e101babc2c6910dba10733a] ExecutionGraph [flink-pekko.actor.default-dispatcher-8] INFO  global0 (1/3) (cdee96a471091d0f988b73c94fbccfad_4eca6edb63b17eb77deb9de060a699d1_0_0) switched from DEPLOYING to INITIALIZING.
61858 [24d7ce2f9e101babc2c6910dba10733a] Task [global0 (3/3)#0] INFO  global0 (3/3)#0 (cdee96a471091d0f988b73c94fbccfad_4eca6edb63b17eb77deb9de060a699d1_2_0) switched from DEPLOYING to INITIALIZING.
61858 [24d7ce2f9e101babc2c6910dba10733a] ExecutionGraph [flink-pekko.actor.default-dispatcher-8] INFO  rebalance0 (3/4) (cdee96a471091d0f988b73c94fbccfad_25a6d73fce56b9559bed0247061e93e0_2_0) switched from DEPLOYING to INITIALIZING.
61858 [24d7ce2f9e101babc2c6910dba10733a] ExecutionGraph [flink-pekko.actor.default-dispatcher-8] INFO  global0 (3/3) (cdee96a471091d0f988b73c94fbccfad_4eca6edb63b17eb77deb9de060a699d1_2_0) switched from DEPLOYING to INITIALIZING.
61858 [24d7ce2f9e101babc2c6910dba10733a] Task [Source: source0 -> input-filter0 -> input-counter0 (3/3)#0] INFO  Source: source0 -> input-filter0 -> input-counter0 (3/3)#0 (cdee96a471091d0f988b73c94fbccfad_3e9b902627593008a6d790e9aeca7953_2_0) switched from DEPLOYING to INITIALIZING.
61858 [24d7ce2f9e101babc2c6910dba10733a] TaskSlotTableImpl [flink-pekko.actor.default-dispatcher-7] INFO  Activate slot a5aca8ae1d49f3a0b9655aad231e85ea.
61858 [24d7ce2f9e101babc2c6910dba10733a] TaskExecutor [flink-pekko.actor.default-dispatcher-5] INFO  Received task upscale0 (1/6)#0 (cdee96a471091d0f988b73c94fbccfad_7559af08559a2c7079a359b85b7edab5_0_0), deploy into slot with allocation id 3fdf29fbfb0f93ff5f424cd1637271b2.
61858 [24d7ce2f9e101babc2c6910dba10733a] Task [rebalance0 (4/4)#0] INFO  rebalance0 (4/4)#0 (cdee96a471091d0f988b73c94fbccfad_25a6d73fce56b9559bed0247061e93e0_3_0) switched from CREATED to DEPLOYING.
61858 [24d7ce2f9e101babc2c6910dba10733a] Task [rebalance0 (4/4)#0] INFO  Loading JAR files for task rebalance0 (4/4)#0 (cdee96a471091d0f988b73c94fbccfad_25a6d73fce56b9559bed0247061e93e0_3_0) [DEPLOYING].
61858 [24d7ce2f9e101babc2c6910dba10733a] ExecutionGraph [flink-pekko.actor.default-dispatcher-8] INFO  Source: source0 -> input-filter0 -> input-counter0 (3/3) (cdee96a471091d0f988b73c94fbccfad_3e9b902627593008a6d790e9aeca7953_2_0) switched from DEPLOYING to INITIALIZING.
61858 [24d7ce2f9e101babc2c6910dba10733a] Task [upscale0 (3/6)#0] INFO  upscale0 (3/6)#0 (cdee96a471091d0f988b73c94fbccfad_7559af08559a2c7079a359b85b7edab5_2_0) switched from CREATED to DEPLOYING.
61858 [24d7ce2f9e101babc2c6910dba10733a] TaskSlotTableImpl [flink-pekko.actor.default-dispatcher-9] INFO  Activate slot 13e8449892c7dcd93c7f8d624e057863.
61858 [24d7ce2f9e101babc2c6910dba10733a] Task [upscale0 (3/6)#0] INFO  Loading JAR files for task upscale0 (3/6)#0 (cdee96a471091d0f988b73c94fbccfad_7559af08559a2c7079a359b85b7edab5_2_0) [DEPLOYING].
61858 [24d7ce2f9e101babc2c6910dba10733a] StateBackendLoader [global0 (2/3)#0] INFO  State backend is set to heap memory org.apache.flink.runtime.state.hashmap.HashMapStateBackend@5c857844
61858 [24d7ce2f9e101babc2c6910dba10733a] StateBackendLoader [rebalance0 (2/4)#0] INFO  State backend is set to heap memory org.apache.flink.runtime.state.hashmap.HashMapStateBackend@68edd00b
61858 [24d7ce2f9e101babc2c6910dba10733a] StateBackendLoader [global0 (1/3)#0] INFO  State backend is set to heap memory org.apache.flink.runtime.state.hashmap.HashMapStateBackend@68cca7cd
61858 [24d7ce2f9e101babc2c6910dba10733a] AbstractStreamOperator [Source: source0 -> input-filter0 -> input-counter0 (2/3)#0] INFO  Switch mode from null to OUTPUT_NOT_INITIALIZED after 1779494868214 ms, currentMaxDesiredWatermark=9223372036854775807, latestWatermark=-9223372036854775808, oldestWatermark=-9223372036854775808
61858 [24d7ce2f9e101babc2c6910dba10733a] AbstractStreamOperator [Source: source0 -> input-filter0 -> input-counter0 (2/3)#0] INFO  SourceOperator initialized, wait for 1st checkpoint: false
61858 [24d7ce2f9e101babc2c6910dba10733a] StateBackendLoader [global0 (3/3)#0] INFO  State backend is set to heap memory org.apache.flink.runtime.state.hashmap.HashMapStateBackend@26fdb007
61858 [24d7ce2f9e101babc2c6910dba10733a] StateBackendLoader [Source: source0 -> input-filter0 -> input-counter0 (2/3)#0] INFO  State backend is set to heap memory org.apache.flink.runtime.state.hashmap.HashMapStateBackend@303aa6ef
61858 [24d7ce2f9e101babc2c6910dba10733a] TaskSlotTableImpl [flink-pekko.actor.default-dispatcher-5] INFO  Activate slot 3fdf29fbfb0f93ff5f424cd1637271b2.
61858 [24d7ce2f9e101babc2c6910dba10733a] Task [upscale0 (1/6)#0] INFO  upscale0 (1/6)#0 (cdee96a471091d0f988b73c94fbccfad_7559af08559a2c7079a359b85b7edab5_0_0) switched from CREATED to DEPLOYING.
61858 [24d7ce2f9e101babc2c6910dba10733a] Task [upscale0 (1/6)#0] INFO  Loading JAR files for task upscale0 (1/6)#0 (cdee96a471091d0f988b73c94fbccfad_7559af08559a2c7079a359b85b7edab5_0_0) [DEPLOYING].
61859 [24d7ce2f9e101babc2c6910dba10733a] TaskExecutor [flink-pekko.actor.default-dispatcher-7] INFO  Received task upscale0 (2/6)#0 (cdee96a471091d0f988b73c94fbccfad_7559af08559a2c7079a359b85b7edab5_1_0), deploy into slot with allocation id a5aca8ae1d49f3a0b9655aad231e85ea.
61859 [24d7ce2f9e101babc2c6910dba10733a] StreamTask [rebalance0 (1/4)#0] INFO  State backend is set to heap memory org.apache.flink.runtime.state.hashmap.HashMapStateBackend@7fd0ffc8
61859 [24d7ce2f9e101babc2c6910dba10733a] StateBackendLoader [rebalance0 (1/4)#0] INFO  State backend loader loads the state backend as HashMapStateBackend
61859 [24d7ce2f9e101babc2c6910dba10733a] StreamTask [rebalance0 (1/4)#0] INFO  Checkpoint storage is set to 'filesystem': (checkpoints "file:/var/folders/m8/q6f016tn6cl2cp86hfq331_w0000gp/T/junit-4734462783579597589/junit13142933359846577828")
61859 [24d7ce2f9e101babc2c6910dba10733a] TaskSlotTableImpl [flink-pekko.actor.default-dispatcher-7] INFO  Activate slot fbab4985c069f212b78e2f6e35bf8468.
61859 [24d7ce2f9e101babc2c6910dba10733a] Task [upscale0 (2/6)#0] INFO  upscale0 (2/6)#0 (cdee96a471091d0f988b73c94fbccfad_7559af08559a2c7079a359b85b7edab5_1_0) switched from CREATED to DEPLOYING.
61859 [24d7ce2f9e101babc2c6910dba10733a] Task [upscale0 (2/6)#0] INFO  Loading JAR files for task upscale0 (2/6)#0 (cdee96a471091d0f988b73c94fbccfad_7559af08559a2c7079a359b85b7edab5_1_0) [DEPLOYING].
61859 [24d7ce2f9e101babc2c6910dba10733a] TaskExecutor [flink-pekko.actor.default-dispatcher-9] INFO  Received task upscale0 (5/6)#0 (cdee96a471091d0f988b73c94fbccfad_7559af08559a2c7079a359b85b7edab5_4_0), deploy into slot with allocation id 13e8449892c7dcd93c7f8d624e057863.
61859 [24d7ce2f9e101babc2c6910dba10733a] AbstractStreamOperator [Source: source0 -> input-filter0 -> input-counter0 (3/3)#0] INFO  Switch mode from null to OUTPUT_NOT_INITIALIZED after 1779494868215 ms, currentMaxDesiredWatermark=9223372036854775807, latestWatermark=-9223372036854775808, oldestWatermark=-9223372036854775808
61859 [24d7ce2f9e101babc2c6910dba10733a] StateBackendLoader [rebalance0 (3/4)#0] INFO  State backend is set to heap memory org.apache.flink.runtime.state.hashmap.HashMapStateBackend@7bf378c1
61859 [24d7ce2f9e101babc2c6910dba10733a] AbstractStreamOperator [Source: source0 -> input-filter0 -> input-counter0 (3/3)#0] INFO  SourceOperator initialized, wait for 1st checkpoint: false
61859 [24d7ce2f9e101babc2c6910dba10733a] AbstractStreamOperator [Source: source0 -> input-filter0 -> input-counter0 (1/3)#0] INFO  Switch mode from null to OUTPUT_NOT_INITIALIZED after 1779494868215 ms, currentMaxDesiredWatermark=9223372036854775807, latestWatermark=-9223372036854775808, oldestWatermark=-9223372036854775808
61859 [24d7ce2f9e101babc2c6910dba10733a] AbstractStreamOperator [Source: source0 -> input-filter0 -> input-counter0 (1/3)#0] INFO  SourceOperator initialized, wait for 1st checkpoint: false
61859 [24d7ce2f9e101babc2c6910dba10733a] FileMergingSnapshotManager [rebalance0 (1/4)#0] INFO  Created a directory file:/var/folders/m8/q6f016tn6cl2cp86hfq331_w0000gp/T/junit-4734462783579597589/junit13142933359846577828/24d7ce2f9e101babc2c6910dba10733a/shared/job_24d7ce2f9e101babc2c6910dba10733a_op_25a6d73fce56b9559bed0247061e93e0_0_4 for checkpoint file-merging.
61859 [24d7ce2f9e101babc2c6910dba10733a] StateBackendLoader [Source: source0 -> input-filter0 -> input-counter0 (2/3)#0] INFO  State backend is set to heap memory org.apache.flink.runtime.state.hashmap.HashMapStateBackend@461c0bab
61859 [24d7ce2f9e101babc2c6910dba10733a] Task [rebalance0 (1/4)#0] INFO  rebalance0 (1/4)#0 (cdee96a471091d0f988b73c94fbccfad_25a6d73fce56b9559bed0247061e93e0_0_0) switched from DEPLOYING to INITIALIZING.
61859 [24d7ce2f9e101babc2c6910dba10733a] StateBackendLoader [Source: source0 -> input-filter0 -> input-counter0 (2/3)#0] INFO  State backend is set to heap memory org.apache.flink.runtime.state.hashmap.HashMapStateBackend@9005be2
61859 [24d7ce2f9e101babc2c6910dba10733a] StateBackendLoader [Source: source0 -> input-filter0 -> input-counter0 (1/3)#0] INFO  State backend is set to heap memory org.apache.flink.runtime.state.hashmap.HashMapStateBackend@5be09a62
61859 [24d7ce2f9e101babc2c6910dba10733a] TaskExecutor [flink-pekko.actor.default-dispatcher-5] INFO  Received task downscale0 (1/4)#0 (cdee96a471091d0f988b73c94fbccfad_579c351891399448b6165717925f2b21_0_0), deploy into slot with allocation id 3fdf29fbfb0f93ff5f424cd1637271b2.
61859 [24d7ce2f9e101babc2c6910dba10733a] ExecutionGraph [flink-pekko.actor.default-dispatcher-8] INFO  rebalance0 (1/4) (cdee96a471091d0f988b73c94fbccfad_25a6d73fce56b9559bed0247061e93e0_0_0) switched from DEPLOYING to INITIALIZING.
61859 [24d7ce2f9e101babc2c6910dba10733a] StateBackendLoader [Source: source0 -> input-filter0 -> input-counter0 (3/3)#0] INFO  State backend is set to heap memory org.apache.flink.runtime.state.hashmap.HashMapStateBackend@141ccd0c
61859 [24d7ce2f9e101babc2c6910dba10733a] Task [global0 (3/3)#0] INFO  global0 (3/3)#0 (cdee96a471091d0f988b73c94fbccfad_4eca6edb63b17eb77deb9de060a699d1_2_0) switched from INITIALIZING to RUNNING.
61859 [24d7ce2f9e101babc2c6910dba10733a] StateBackendLoader [rebalance0 (1/4)#0] INFO  State backend is set to heap memory org.apache.flink.runtime.state.hashmap.HashMapStateBackend@69785a38
61859 [24d7ce2f9e101babc2c6910dba10733a] TaskExecutor [flink-pekko.actor.default-dispatcher-7] INFO  Received task upscale0 (4/6)#0 (cdee96a471091d0f988b73c94fbccfad_7559af08559a2c7079a359b85b7edab5_3_0), deploy into slot with allocation id fbab4985c069f212b78e2f6e35bf8468.
61859 [24d7ce2f9e101babc2c6910dba10733a] StreamTask [upscale0 (3/6)#0] INFO  State backend is set to heap memory org.apache.flink.runtime.state.hashmap.HashMapStateBackend@10615623
61859 [24d7ce2f9e101babc2c6910dba10733a] StateBackendLoader [upscale0 (3/6)#0] INFO  State backend loader loads the state backend as HashMapStateBackend
61859 [24d7ce2f9e101babc2c6910dba10733a] StreamTask [rebalance0 (4/4)#0] INFO  State backend is set to heap memory org.apache.flink.runtime.state.hashmap.HashMapStateBackend@328b1655
61859 [24d7ce2f9e101babc2c6910dba10733a] StateBackendLoader [rebalance0 (4/4)#0] INFO  State backend loader loads the state backend as HashMapStateBackend
61859 [24d7ce2f9e101babc2c6910dba10733a] StreamTask [rebalance0 (4/4)#0] INFO  Checkpoint storage is set to 'filesystem': (checkpoints "file:/var/folders/m8/q6f016tn6cl2cp86hfq331_w0000gp/T/junit-4734462783579597589/junit13142933359846577828")
61859 [24d7ce2f9e101babc2c6910dba10733a] StreamTask [upscale0 (3/6)#0] INFO  Checkpoint storage is set to 'filesystem': (checkpoints "file:/var/folders/m8/q6f016tn6cl2cp86hfq331_w0000gp/T/junit-4734462783579597589/junit13142933359846577828")
61859 [24d7ce2f9e101babc2c6910dba10733a] Task [global0 (2/3)#0] INFO  global0 (2/3)#0 (cdee96a471091d0f988b73c94fbccfad_4eca6edb63b17eb77deb9de060a699d1_1_0) switched from INITIALIZING to RUNNING.
61859 [24d7ce2f9e101babc2c6910dba10733a] FileMergingSnapshotManager [rebalance0 (4/4)#0] INFO  Created a directory file:/var/folders/m8/q6f016tn6cl2cp86hfq331_w0000gp/T/junit-4734462783579597589/junit13142933359846577828/24d7ce2f9e101babc2c6910dba10733a/shared/job_24d7ce2f9e101babc2c6910dba10733a_op_25a6d73fce56b9559bed0247061e93e0_3_4 for checkpoint file-merging.
61859 [24d7ce2f9e101babc2c6910dba10733a] TaskSlotTableImpl [flink-pekko.actor.default-dispatcher-7] INFO  Activate slot a5aca8ae1d49f3a0b9655aad231e85ea.
61859 [24d7ce2f9e101babc2c6910dba10733a] Task [upscale0 (4/6)#0] INFO  upscale0 (4/6)#0 (cdee96a471091d0f988b73c94fbccfad_7559af08559a2c7079a359b85b7edab5_3_0) switched from CREATED to DEPLOYING.
61859 [24d7ce2f9e101babc2c6910dba10733a] Task [rebalance0 (4/4)#0] INFO  rebalance0 (4/4)#0 (cdee96a471091d0f988b73c94fbccfad_25a6d73fce56b9559bed0247061e93e0_3_0) switched from DEPLOYING to INITIALIZING.
61859 [24d7ce2f9e101babc2c6910dba10733a] Task [upscale0 (4/6)#0] INFO  Loading JAR files for task upscale0 (4/6)#0 (cdee96a471091d0f988b73c94fbccfad_7559af08559a2c7079a359b85b7edab5_3_0) [DEPLOYING].
61859 [24d7ce2f9e101babc2c6910dba10733a] FileMergingSnapshotManager [upscale0 (3/6)#0] INFO  Created a directory file:/var/folders/m8/q6f016tn6cl2cp86hfq331_w0000gp/T/junit-4734462783579597589/junit13142933359846577828/24d7ce2f9e101babc2c6910dba10733a/shared/job_24d7ce2f9e101babc2c6910dba10733a_op_7559af08559a2c7079a359b85b7edab5_2_6 for checkpoint file-merging.
61859 [24d7ce2f9e101babc2c6910dba10733a] AbstractStreamOperator [Source: source0 -> input-filter0 -> input-counter0 (2/3)#0] INFO  Restoring state for 2 split(s) to reader.
61859 [24d7ce2f9e101babc2c6910dba10733a] Task [upscale0 (3/6)#0] INFO  upscale0 (3/6)#0 (cdee96a471091d0f988b73c94fbccfad_7559af08559a2c7079a359b85b7edab5_2_0) switched from DEPLOYING to INITIALIZING.
61859 [24d7ce2f9e101babc2c6910dba10733a] UnalignedCheckpointTestBase [Source: source0 -> input-filter0 -> input-counter0 (2/3)#0] INFO  Added splits [LongSplit{increment=7, nextNumber=161388}, LongSplit{increment=7, nextNumber=161732}], finishing=false, pumping until null @ 1 subtask (0 attempt)
61859 [24d7ce2f9e101babc2c6910dba10733a] ExecutionGraph [flink-pekko.actor.default-dispatcher-8] INFO  global0 (3/3) (cdee96a471091d0f988b73c94fbccfad_4eca6edb63b17eb77deb9de060a699d1_2_0) switched from INITIALIZING to RUNNING.
61859 [24d7ce2f9e101babc2c6910dba10733a] Task [rebalance0 (2/4)#0] INFO  rebalance0 (2/4)#0 (cdee96a471091d0f988b73c94fbccfad_25a6d73fce56b9559bed0247061e93e0_1_0) switched from INITIALIZING to RUNNING.
61859 [24d7ce2f9e101babc2c6910dba10733a] StateBackendLoader [Source: source0 -> input-filter0 -> input-counter0 (1/3)#0] INFO  State backend is set to heap memory org.apache.flink.runtime.state.hashmap.HashMapStateBackend@7888e84
61859 [24d7ce2f9e101babc2c6910dba10733a] StateBackendLoader [Source: source0 -> input-filter0 -> input-counter0 (3/3)#0] INFO  State backend is set to heap memory org.apache.flink.runtime.state.hashmap.HashMapStateBackend@7d8106e4
61859 [24d7ce2f9e101babc2c6910dba10733a] StateBackendLoader [Source: source0 -> input-filter0 -> input-counter0 (3/3)#0] INFO  State backend is set to heap memory org.apache.flink.runtime.state.hashmap.HashMapStateBackend@721f7fbf
61859 [24d7ce2f9e101babc2c6910dba10733a] StateBackendLoader [Source: source0 -> input-filter0 -> input-counter0 (1/3)#0] INFO  State backend is set to heap memory org.apache.flink.runtime.state.hashmap.HashMapStateBackend@4595367f
61859 [24d7ce2f9e101babc2c6910dba10733a] StateBackendLoader [upscale0 (3/6)#0] INFO  State backend is set to heap memory org.apache.flink.runtime.state.hashmap.HashMapStateBackend@7582a503
61859 [24d7ce2f9e101babc2c6910dba10733a] StateBackendLoader [rebalance0 (4/4)#0] INFO  State backend is set to heap memory org.apache.flink.runtime.state.hashmap.HashMapStateBackend@61708c47
61860 [24d7ce2f9e101babc2c6910dba10733a] StreamTask [upscale0 (2/6)#0] INFO  State backend is set to heap memory org.apache.flink.runtime.state.hashmap.HashMapStateBackend@51c7c160
61860 [24d7ce2f9e101babc2c6910dba10733a] StateBackendLoader [upscale0 (2/6)#0] INFO  State backend loader loads the state backend as HashMapStateBackend
61860 [24d7ce2f9e101babc2c6910dba10733a] StreamTask [upscale0 (2/6)#0] INFO  Checkpoint storage is set to 'filesystem': (checkpoints "file:/var/folders/m8/q6f016tn6cl2cp86hfq331_w0000gp/T/junit-4734462783579597589/junit13142933359846577828")
61860 [24d7ce2f9e101babc2c6910dba10733a] TaskExecutor [flink-pekko.actor.default-dispatcher-7] INFO  Received task keyby0 (2/3)#0 (cdee96a471091d0f988b73c94fbccfad_e32648f4a493dd25fdd7d9c66c500390_1_0), deploy into slot with allocation id a5aca8ae1d49f3a0b9655aad231e85ea.
61860 [24d7ce2f9e101babc2c6910dba10733a] AbstractStreamOperator [Source: source0 -> input-filter0 -> input-counter0 (3/3)#0] INFO  Restoring state for 2 split(s) to reader.
61860 [24d7ce2f9e101babc2c6910dba10733a] UnalignedCheckpointTestBase [Source: source0 -> input-filter0 -> input-counter0 (3/3)#0] INFO  Added splits [LongSplit{increment=7, nextNumber=169042}, LongSplit{increment=7, nextNumber=171687}], finishing=false, pumping until null @ 2 subtask (0 attempt)
61860 [24d7ce2f9e101babc2c6910dba10733a] FileMergingSnapshotManager [upscale0 (2/6)#0] INFO  Created a directory file:/var/folders/m8/q6f016tn6cl2cp86hfq331_w0000gp/T/junit-4734462783579597589/junit13142933359846577828/24d7ce2f9e101babc2c6910dba10733a/shared/job_24d7ce2f9e101babc2c6910dba10733a_op_7559af08559a2c7079a359b85b7edab5_1_6 for checkpoint file-merging.
61860 [24d7ce2f9e101babc2c6910dba10733a] Task [upscale0 (2/6)#0] INFO  upscale0 (2/6)#0 (cdee96a471091d0f988b73c94fbccfad_7559af08559a2c7079a359b85b7edab5_1_0) switched from DEPLOYING to INITIALIZING.
61860 [24d7ce2f9e101babc2c6910dba10733a] StateBackendLoader [upscale0 (2/6)#0] INFO  State backend is set to heap memory org.apache.flink.runtime.state.hashmap.HashMapStateBackend@118b8937
61860 [24d7ce2f9e101babc2c6910dba10733a] Task [rebalance0 (1/4)#0] INFO  rebalance0 (1/4)#0 (cdee96a471091d0f988b73c94fbccfad_25a6d73fce56b9559bed0247061e93e0_0_0) switched from INITIALIZING to RUNNING.
61860 [24d7ce2f9e101babc2c6910dba10733a] TaskSlotTableImpl [flink-pekko.actor.default-dispatcher-5] INFO  Activate slot 3fdf29fbfb0f93ff5f424cd1637271b2.
61860 [24d7ce2f9e101babc2c6910dba10733a] Task [downscale0 (1/4)#0] INFO  downscale0 (1/4)#0 (cdee96a471091d0f988b73c94fbccfad_579c351891399448b6165717925f2b21_0_0) switched from CREATED to DEPLOYING.
61860 [24d7ce2f9e101babc2c6910dba10733a] Task [downscale0 (1/4)#0] INFO  Loading JAR files for task downscale0 (1/4)#0 (cdee96a471091d0f988b73c94fbccfad_579c351891399448b6165717925f2b21_0_0) [DEPLOYING].
61860 [24d7ce2f9e101babc2c6910dba10733a] StreamTask [upscale0 (1/6)#0] INFO  State backend is set to heap memory org.apache.flink.runtime.state.hashmap.HashMapStateBackend@279ffc2c
61860 [24d7ce2f9e101babc2c6910dba10733a] StateBackendLoader [upscale0 (1/6)#0] INFO  State backend loader loads the state backend as HashMapStateBackend
61860 [24d7ce2f9e101babc2c6910dba10733a] StreamTask [upscale0 (1/6)#0] INFO  Checkpoint storage is set to 'filesystem': (checkpoints "file:/var/folders/m8/q6f016tn6cl2cp86hfq331_w0000gp/T/junit-4734462783579597589/junit13142933359846577828")
61860 [24d7ce2f9e101babc2c6910dba10733a] TaskSlotTableImpl [flink-pekko.actor.default-dispatcher-9] INFO  Activate slot 9e0967f6d5da79d38a17285ec77c7f7a.
61860 [24d7ce2f9e101babc2c6910dba10733a] Task [upscale0 (5/6)#0] INFO  upscale0 (5/6)#0 (cdee96a471091d0f988b73c94fbccfad_7559af08559a2c7079a359b85b7edab5_4_0) switched from CREATED to DEPLOYING.
61860 [24d7ce2f9e101babc2c6910dba10733a] Task [upscale0 (5/6)#0] INFO  Loading JAR files for task upscale0 (5/6)#0 (cdee96a471091d0f988b73c94fbccfad_7559af08559a2c7079a359b85b7edab5_4_0) [DEPLOYING].
61860 [24d7ce2f9e101babc2c6910dba10733a] FileMergingSnapshotManager [upscale0 (1/6)#0] INFO  Created a directory file:/var/folders/m8/q6f016tn6cl2cp86hfq331_w0000gp/T/junit-4734462783579597589/junit13142933359846577828/24d7ce2f9e101babc2c6910dba10733a/shared/job_24d7ce2f9e101babc2c6910dba10733a_op_7559af08559a2c7079a359b85b7edab5_0_6 for checkpoint file-merging.
61861 [24d7ce2f9e101babc2c6910dba10733a] Task [upscale0 (1/6)#0] INFO  upscale0 (1/6)#0 (cdee96a471091d0f988b73c94fbccfad_7559af08559a2c7079a359b85b7edab5_0_0) switched from DEPLOYING to INITIALIZING.
61861 [24d7ce2f9e101babc2c6910dba10733a] Task [rebalance0 (4/4)#0] INFO  rebalance0 (4/4)#0 (cdee96a471091d0f988b73c94fbccfad_25a6d73fce56b9559bed0247061e93e0_3_0) switched from INITIALIZING to RUNNING.
61861 [24d7ce2f9e101babc2c6910dba10733a] StateBackendLoader [upscale0 (1/6)#0] INFO  State backend is set to heap memory org.apache.flink.runtime.state.hashmap.HashMapStateBackend@4d18e1d5
61861 [24d7ce2f9e101babc2c6910dba10733a] TaskExecutor [flink-pekko.actor.default-dispatcher-5] INFO  Received task keyby0 (1/3)#0 (cdee96a471091d0f988b73c94fbccfad_e32648f4a493dd25fdd7d9c66c500390_0_0), deploy into slot with allocation id 3fdf29fbfb0f93ff5f424cd1637271b2.
61861 [24d7ce2f9e101babc2c6910dba10733a] AbstractStreamOperator [Source: source0 -> input-filter0 -> input-counter0 (1/3)#0] INFO  Restoring state for 3 split(s) to reader.
61861 [24d7ce2f9e101babc2c6910dba10733a] StreamTask [downscale0 (1/4)#0] INFO  State backend is set to heap memory org.apache.flink.runtime.state.hashmap.HashMapStateBackend@586ad648
61861 [24d7ce2f9e101babc2c6910dba10733a] StateBackendLoader [downscale0 (1/4)#0] INFO  State backend loader loads the state backend as HashMapStateBackend
61861 [24d7ce2f9e101babc2c6910dba10733a] UnalignedCheckpointTestBase [Source: source0 -> input-filter0 -> input-counter0 (1/3)#0] INFO  Added splits [LongSplit{increment=7, nextNumber=239624}, LongSplit{increment=7, nextNumber=169633}, LongSplit{increment=7, nextNumber=258686}], finishing=false, pumping until null @ 0 subtask (0 attempt)
61861 [24d7ce2f9e101babc2c6910dba10733a] StreamTask [downscale0 (1/4)#0] INFO  Checkpoint storage is set to 'filesystem': (checkpoints "file:/var/folders/m8/q6f016tn6cl2cp86hfq331_w0000gp/T/junit-4734462783579597589/junit13142933359846577828")
61861 [24d7ce2f9e101babc2c6910dba10733a] Task [global0 (1/3)#0] INFO  global0 (1/3)#0 (cdee96a471091d0f988b73c94fbccfad_4eca6edb63b17eb77deb9de060a699d1_0_0) switched from INITIALIZING to RUNNING.
61861 [24d7ce2f9e101babc2c6910dba10733a] FileMergingSnapshotManager [downscale0 (1/4)#0] INFO  Created a directory file:/var/folders/m8/q6f016tn6cl2cp86hfq331_w0000gp/T/junit-4734462783579597589/junit13142933359846577828/24d7ce2f9e101babc2c6910dba10733a/shared/job_24d7ce2f9e101babc2c6910dba10733a_op_579c351891399448b6165717925f2b21_0_4 for checkpoint file-merging.
61861 [24d7ce2f9e101babc2c6910dba10733a] TaskExecutor [flink-pekko.actor.default-dispatcher-9] INFO  Received task rescale0 (4/4)#0 (cdee96a471091d0f988b73c94fbccfad_7b4c6fe4c6df355e1ed86e978ba4a96e_3_0), deploy into slot with allocation id 9e0967f6d5da79d38a17285ec77c7f7a.
61861 [24d7ce2f9e101babc2c6910dba10733a] Task [downscale0 (1/4)#0] INFO  downscale0 (1/4)#0 (cdee96a471091d0f988b73c94fbccfad_579c351891399448b6165717925f2b21_0_0) switched from DEPLOYING to INITIALIZING.
61861 [24d7ce2f9e101babc2c6910dba10733a] TaskSlotTableImpl [flink-pekko.actor.default-dispatcher-9] INFO  Activate slot 9e0967f6d5da79d38a17285ec77c7f7a.
61861 [24d7ce2f9e101babc2c6910dba10733a] Task [rescale0 (4/4)#0] INFO  rescale0 (4/4)#0 (cdee96a471091d0f988b73c94fbccfad_7b4c6fe4c6df355e1ed86e978ba4a96e_3_0) switched from CREATED to DEPLOYING.
61861 [24d7ce2f9e101babc2c6910dba10733a] Task [rescale0 (4/4)#0] INFO  Loading JAR files for task rescale0 (4/4)#0 (cdee96a471091d0f988b73c94fbccfad_7b4c6fe4c6df355e1ed86e978ba4a96e_3_0) [DEPLOYING].
61861 [24d7ce2f9e101babc2c6910dba10733a] StateBackendLoader [downscale0 (1/4)#0] INFO  State backend is set to heap memory org.apache.flink.runtime.state.hashmap.HashMapStateBackend@9d3eda
61861 [24d7ce2f9e101babc2c6910dba10733a] TaskSlotTableImpl [flink-pekko.actor.default-dispatcher-7] INFO  Activate slot fbab4985c069f212b78e2f6e35bf8468.
61861 [24d7ce2f9e101babc2c6910dba10733a] Task [keyby0 (2/3)#0] INFO  keyby0 (2/3)#0 (cdee96a471091d0f988b73c94fbccfad_e32648f4a493dd25fdd7d9c66c500390_1_0) switched from CREATED to DEPLOYING.
61861 [24d7ce2f9e101babc2c6910dba10733a] Task [keyby0 (2/3)#0] INFO  Loading JAR files for task keyby0 (2/3)#0 (cdee96a471091d0f988b73c94fbccfad_e32648f4a493dd25fdd7d9c66c500390_1_0) [DEPLOYING].
61861 [24d7ce2f9e101babc2c6910dba10733a] Task [rebalance0 (3/4)#0] INFO  rebalance0 (3/4)#0 (cdee96a471091d0f988b73c94fbccfad_25a6d73fce56b9559bed0247061e93e0_2_0) switched from INITIALIZING to RUNNING.
61861 [24d7ce2f9e101babc2c6910dba10733a] TaskExecutor [flink-pekko.actor.default-dispatcher-9] INFO  Received task keyby0 (3/3)#0 (cdee96a471091d0f988b73c94fbccfad_e32648f4a493dd25fdd7d9c66c500390_2_0), deploy into slot with allocation id 9e0967f6d5da79d38a17285ec77c7f7a.
61861 [24d7ce2f9e101babc2c6910dba10733a] TaskExecutor [flink-pekko.actor.default-dispatcher-7] INFO  Received task rescale0 (2/4)#0 (cdee96a471091d0f988b73c94fbccfad_7b4c6fe4c6df355e1ed86e978ba4a96e_1_0), deploy into slot with allocation id fbab4985c069f212b78e2f6e35bf8468.
61862 [24d7ce2f9e101babc2c6910dba10733a] StreamTask [upscale0 (4/6)#0] INFO  State backend is set to heap memory org.apache.flink.runtime.state.hashmap.HashMapStateBackend@690ea65d
61862 [24d7ce2f9e101babc2c6910dba10733a] StateBackendLoader [upscale0 (4/6)#0] INFO  State backend loader loads the state backend as HashMapStateBackend
61862 [24d7ce2f9e101babc2c6910dba10733a] StreamTask [upscale0 (4/6)#0] INFO  Checkpoint storage is set to 'filesystem': (checkpoints "file:/var/folders/m8/q6f016tn6cl2cp86hfq331_w0000gp/T/junit-4734462783579597589/junit13142933359846577828")
61862 [24d7ce2f9e101babc2c6910dba10733a] FileMergingSnapshotManager [upscale0 (4/6)#0] INFO  Created a directory file:/var/folders/m8/q6f016tn6cl2cp86hfq331_w0000gp/T/junit-4734462783579597589/junit13142933359846577828/24d7ce2f9e101babc2c6910dba10733a/shared/job_24d7ce2f9e101babc2c6910dba10733a_op_7559af08559a2c7079a359b85b7edab5_3_6 for checkpoint file-merging.
61862 [24d7ce2f9e101babc2c6910dba10733a] ExecutionGraph [flink-pekko.actor.default-dispatcher-8] INFO  global0 (2/3) (cdee96a471091d0f988b73c94fbccfad_4eca6edb63b17eb77deb9de060a699d1_1_0) switched from INITIALIZING to RUNNING.
61862 [24d7ce2f9e101babc2c6910dba10733a] ExecutionGraph [flink-pekko.actor.default-dispatcher-8] INFO  rebalance0 (4/4) (cdee96a471091d0f988b73c94fbccfad_25a6d73fce56b9559bed0247061e93e0_3_0) switched from DEPLOYING to INITIALIZING.
61862 [24d7ce2f9e101babc2c6910dba10733a] ExecutionGraph [flink-pekko.actor.default-dispatcher-8] INFO  upscale0 (3/6) (cdee96a471091d0f988b73c94fbccfad_7559af08559a2c7079a359b85b7edab5_2_0) switched from DEPLOYING to INITIALIZING.
61862 [24d7ce2f9e101babc2c6910dba10733a] SourceCoordinator [SourceCoordinator-Source: source0] INFO  Source Source: source0 registering reader for parallel task 1 (#0) @ 
61862 [24d7ce2f9e101babc2c6910dba10733a] CheckpointFailureManager [Checkpoint Timer] INFO  Failed to trigger checkpoint for job 24d7ce2f9e101babc2c6910dba10733a since Checkpoint triggering task Source: source0 -> input-filter0 -> input-counter0 (1/3) of job 24d7ce2f9e101babc2c6910dba10733a is not being executed at the moment. Aborting checkpoint. Failure reason: Not all required tasks are currently running..
61862 [24d7ce2f9e101babc2c6910dba10733a] ExecutionGraph [flink-pekko.actor.default-dispatcher-8] INFO  rebalance0 (2/4) (cdee96a471091d0f988b73c94fbccfad_25a6d73fce56b9559bed0247061e93e0_1_0) switched from INITIALIZING to RUNNING.
61862 [24d7ce2f9e101babc2c6910dba10733a] ExecutionGraph [flink-pekko.actor.default-dispatcher-8] INFO  upscale0 (2/6) (cdee96a471091d0f988b73c94fbccfad_7559af08559a2c7079a359b85b7edab5_1_0) switched from DEPLOYING to INITIALIZING.
61862 [24d7ce2f9e101babc2c6910dba10733a] SourceCoordinator [SourceCoordinator-Source: source0] INFO  Source Source: source0 registering reader for parallel task 2 (#0) @ 
61862 [24d7ce2f9e101babc2c6910dba10733a] Task [upscale0 (4/6)#0] INFO  upscale0 (4/6)#0 (cdee96a471091d0f988b73c94fbccfad_7559af08559a2c7079a359b85b7edab5_3_0) switched from DEPLOYING to INITIALIZING.
61862 [24d7ce2f9e101babc2c6910dba10733a] TaskSlotTableImpl [flink-pekko.actor.default-dispatcher-7] INFO  Activate slot a5aca8ae1d49f3a0b9655aad231e85ea.
61862 [24d7ce2f9e101babc2c6910dba10733a] Task [rescale0 (2/4)#0] INFO  rescale0 (2/4)#0 (cdee96a471091d0f988b73c94fbccfad_7b4c6fe4c6df355e1ed86e978ba4a96e_1_0) switched from CREATED to DEPLOYING.
61862 [24d7ce2f9e101babc2c6910dba10733a] Task [rescale0 (2/4)#0] INFO  Loading JAR files for task rescale0 (2/4)#0 (cdee96a471091d0f988b73c94fbccfad_7b4c6fe4c6df355e1ed86e978ba4a96e_1_0) [DEPLOYING].
61862 [24d7ce2f9e101babc2c6910dba10733a] StreamTask [keyby0 (2/3)#0] INFO  State backend is set to heap memory org.apache.flink.runtime.state.hashmap.HashMapStateBackend@47357c9f
61862 [24d7ce2f9e101babc2c6910dba10733a] StateBackendLoader [keyby0 (2/3)#0] INFO  State backend loader loads the state backend as HashMapStateBackend
61862 [24d7ce2f9e101babc2c6910dba10733a] StateBackendLoader [upscale0 (4/6)#0] INFO  State backend is set to heap memory org.apache.flink.runtime.state.hashmap.HashMapStateBackend@37969e13
61862 [24d7ce2f9e101babc2c6910dba10733a] StreamTask [keyby0 (2/3)#0] INFO  Checkpoint storage is set to 'filesystem': (checkpoints "file:/var/folders/m8/q6f016tn6cl2cp86hfq331_w0000gp/T/junit-4734462783579597589/junit13142933359846577828")
61862 [24d7ce2f9e101babc2c6910dba10733a] Task [keyby0 (3/3)#0] INFO  keyby0 (3/3)#0 (cdee96a471091d0f988b73c94fbccfad_e32648f4a493dd25fdd7d9c66c500390_2_0) switched from CREATED to DEPLOYING.
61862 [24d7ce2f9e101babc2c6910dba10733a] Task [keyby0 (3/3)#0] INFO  Loading JAR files for task keyby0 (3/3)#0 (cdee96a471091d0f988b73c94fbccfad_e32648f4a493dd25fdd7d9c66c500390_2_0) [DEPLOYING].
61862 [24d7ce2f9e101babc2c6910dba10733a] TaskSlotTableImpl [flink-pekko.actor.default-dispatcher-9] INFO  Activate slot 9e0967f6d5da79d38a17285ec77c7f7a.
61862 [24d7ce2f9e101babc2c6910dba10733a] FileMergingSnapshotManager [keyby0 (2/3)#0] INFO  Created a directory file:/var/folders/m8/q6f016tn6cl2cp86hfq331_w0000gp/T/junit-4734462783579597589/junit13142933359846577828/24d7ce2f9e101babc2c6910dba10733a/shared/job_24d7ce2f9e101babc2c6910dba10733a_op_e32648f4a493dd25fdd7d9c66c500390_1_3 for checkpoint file-merging.
61862 [24d7ce2f9e101babc2c6910dba10733a] StreamTask [rescale0 (4/4)#0] INFO  State backend is set to heap memory org.apache.flink.runtime.state.hashmap.HashMapStateBackend@345f3485
61862 [24d7ce2f9e101babc2c6910dba10733a] StateBackendLoader [rescale0 (4/4)#0] INFO  State backend loader loads the state backend as HashMapStateBackend
61862 [24d7ce2f9e101babc2c6910dba10733a] Task [keyby0 (2/3)#0] INFO  keyby0 (2/3)#0 (cdee96a471091d0f988b73c94fbccfad_e32648f4a493dd25fdd7d9c66c500390_1_0) switched from DEPLOYING to INITIALIZING.
61862 [24d7ce2f9e101babc2c6910dba10733a] TaskExecutor [flink-pekko.actor.default-dispatcher-7] INFO  Received task rescale0 (3/4)#0 (cdee96a471091d0f988b73c94fbccfad_7b4c6fe4c6df355e1ed86e978ba4a96e_2_0), deploy into slot with allocation id a5aca8ae1d49f3a0b9655aad231e85ea.
61862 [24d7ce2f9e101babc2c6910dba10733a] StreamTask [rescale0 (4/4)#0] INFO  Checkpoint storage is set to 'filesystem': (checkpoints "file:/var/folders/m8/q6f016tn6cl2cp86hfq331_w0000gp/T/junit-4734462783579597589/junit13142933359846577828")
61863 [24d7ce2f9e101babc2c6910dba10733a] Task [Source: source0 -> input-filter0 -> input-counter0 (3/3)#0] INFO  Source: source0 -> input-filter0 -> input-counter0 (3/3)#0 (cdee96a471091d0f988b73c94fbccfad_3e9b902627593008a6d790e9aeca7953_2_0) switched from INITIALIZING to RUNNING.
61863 [24d7ce2f9e101babc2c6910dba10733a] FileMergingSnapshotManager [rescale0 (4/4)#0] INFO  Created a directory file:/var/folders/m8/q6f016tn6cl2cp86hfq331_w0000gp/T/junit-4734462783579597589/junit13142933359846577828/24d7ce2f9e101babc2c6910dba10733a/shared/job_24d7ce2f9e101babc2c6910dba10733a_op_7b4c6fe4c6df355e1ed86e978ba4a96e_3_4 for checkpoint file-merging.
61863 [24d7ce2f9e101babc2c6910dba10733a] Task [rescale0 (4/4)#0] INFO  rescale0 (4/4)#0 (cdee96a471091d0f988b73c94fbccfad_7b4c6fe4c6df355e1ed86e978ba4a96e_3_0) switched from DEPLOYING to INITIALIZING.
61863 [24d7ce2f9e101babc2c6910dba10733a] StateBackendLoader [keyby0 (2/3)#0] INFO  State backend is set to heap memory org.apache.flink.runtime.state.hashmap.HashMapStateBackend@1b5cb5ea
61863 [24d7ce2f9e101babc2c6910dba10733a] StateBackendLoader [rescale0 (4/4)#0] INFO  State backend is set to heap memory org.apache.flink.runtime.state.hashmap.HashMapStateBackend@58a0dcc4
61863 [24d7ce2f9e101babc2c6910dba10733a] HeapRestoreOperation [keyby0 (2/3)#0] INFO  Starting to restore from state handle: KeyGroupsStateHandle{groupRangeOffsets=KeyGroupRangeOffsets{keyGroupRange=KeyGroupRange{startKeyGroup=43, endKeyGroup=54}}, stateHandle=Segment File State: file:/var/folders/m8/q6f016tn6cl2cp86hfq331_w0000gp/T/junit-4734462783579597589/junit13986449793460021045/e2f0affed90bb4580c88f6e4db7d5c6b/taskowned/job_e2f0affed90bb4580c88f6e4db7d5c6b_tm_851c89e8-2e40-4759-9ebc-c952f3b10787/f634973e-bece-4d1f-85b9-78996d11e2aa [Starting Position: 36453, 751 bytes]}.
61863 [24d7ce2f9e101babc2c6910dba10733a] TaskSlotTableImpl [flink-pekko.actor.default-dispatcher-5] INFO  Activate slot 3fdf29fbfb0f93ff5f424cd1637271b2.
61863 [24d7ce2f9e101babc2c6910dba10733a] Task [keyby0 (1/3)#0] INFO  keyby0 (1/3)#0 (cdee96a471091d0f988b73c94fbccfad_e32648f4a493dd25fdd7d9c66c500390_0_0) switched from CREATED to DEPLOYING.
61863 [24d7ce2f9e101babc2c6910dba10733a] Task [keyby0 (1/3)#0] INFO  Loading JAR files for task keyby0 (1/3)#0 (cdee96a471091d0f988b73c94fbccfad_e32648f4a493dd25fdd7d9c66c500390_0_0) [DEPLOYING].
61863 [24d7ce2f9e101babc2c6910dba10733a] TaskExecutor [flink-pekko.actor.default-dispatcher-9] INFO  Received task downscale0 (3/4)#0 (cdee96a471091d0f988b73c94fbccfad_579c351891399448b6165717925f2b21_2_0), deploy into slot with allocation id 9e0967f6d5da79d38a17285ec77c7f7a.
61863 [24d7ce2f9e101babc2c6910dba10733a] StreamTask [upscale0 (5/6)#0] INFO  State backend is set to heap memory org.apache.flink.runtime.state.hashmap.HashMapStateBackend@34670437
61863 [24d7ce2f9e101babc2c6910dba10733a] StateBackendLoader [upscale0 (5/6)#0] INFO  State backend loader loads the state backend as HashMapStateBackend
61863 [24d7ce2f9e101babc2c6910dba10733a] StreamTask [upscale0 (5/6)#0] INFO  Checkpoint storage is set to 'filesystem': (checkpoints "file:/var/folders/m8/q6f016tn6cl2cp86hfq331_w0000gp/T/junit-4734462783579597589/junit13142933359846577828")
61863 [24d7ce2f9e101babc2c6910dba10733a] TaskExecutor [flink-pekko.actor.default-dispatcher-5] INFO  Received task rescale0 (1/4)#0 (cdee96a471091d0f988b73c94fbccfad_7b4c6fe4c6df355e1ed86e978ba4a96e_0_0), deploy into slot with allocation id 3fdf29fbfb0f93ff5f424cd1637271b2.
61863 [24d7ce2f9e101babc2c6910dba10733a] StreamTask [keyby0 (1/3)#0] INFO  State backend is set to heap memory org.apache.flink.runtime.state.hashmap.HashMapStateBackend@4227cba0
61863 [24d7ce2f9e101babc2c6910dba10733a] StateBackendLoader [keyby0 (1/3)#0] INFO  State backend loader loads the state backend as HashMapStateBackend
61863 [24d7ce2f9e101babc2c6910dba10733a] HeapRestoreOperation [keyby0 (2/3)#0] INFO  Finished restoring from state handle: KeyGroupsStateHandle{groupRangeOffsets=KeyGroupRangeOffsets{keyGroupRange=KeyGroupRange{startKeyGroup=43, endKeyGroup=54}}, stateHandle=Segment File State: file:/var/folders/m8/q6f016tn6cl2cp86hfq331_w0000gp/T/junit-4734462783579597589/junit13986449793460021045/e2f0affed90bb4580c88f6e4db7d5c6b/taskowned/job_e2f0affed90bb4580c88f6e4db7d5c6b_tm_851c89e8-2e40-4759-9ebc-c952f3b10787/f634973e-bece-4d1f-85b9-78996d11e2aa [Starting Position: 36453, 751 bytes]}.
61863 [24d7ce2f9e101babc2c6910dba10733a] StreamTask [keyby0 (1/3)#0] INFO  Checkpoint storage is set to 'filesystem': (checkpoints "file:/var/folders/m8/q6f016tn6cl2cp86hfq331_w0000gp/T/junit-4734462783579597589/junit13142933359846577828")
61863 [24d7ce2f9e101babc2c6910dba10733a] HeapRestoreOperation [keyby0 (2/3)#0] INFO  Starting to restore from state handle: KeyGroupsStateHandle{groupRangeOffsets=KeyGroupRangeOffsets{keyGroupRange=KeyGroupRange{startKeyGroup=55, endKeyGroup=73}}, stateHandle=Segment File State: file:/var/folders/m8/q6f016tn6cl2cp86hfq331_w0000gp/T/junit-4734462783579597589/junit13986449793460021045/e2f0affed90bb4580c88f6e4db7d5c6b/taskowned/job_e2f0affed90bb4580c88f6e4db7d5c6b_tm_851c89e8-2e40-4759-9ebc-c952f3b10787/8239e594-01d9-420d-960f-68d307014408 [Starting Position: 0, 778 bytes]}.
61863 [24d7ce2f9e101babc2c6910dba10733a] FileMergingSnapshotManager [upscale0 (5/6)#0] INFO  Created a directory file:/var/folders/m8/q6f016tn6cl2cp86hfq331_w0000gp/T/junit-4734462783579597589/junit13142933359846577828/24d7ce2f9e101babc2c6910dba10733a/shared/job_24d7ce2f9e101babc2c6910dba10733a_op_7559af08559a2c7079a359b85b7edab5_4_6 for checkpoint file-merging.
61863 [24d7ce2f9e101babc2c6910dba10733a] Task [downscale0 (3/4)#0] INFO  downscale0 (3/4)#0 (cdee96a471091d0f988b73c94fbccfad_579c351891399448b6165717925f2b21_2_0) switched from CREATED to DEPLOYING.
61863 [24d7ce2f9e101babc2c6910dba10733a] Task [downscale0 (3/4)#0] INFO  Loading JAR files for task downscale0 (3/4)#0 (cdee96a471091d0f988b73c94fbccfad_579c351891399448b6165717925f2b21_2_0) [DEPLOYING].
61863 [24d7ce2f9e101babc2c6910dba10733a] FileMergingSnapshotManager [keyby0 (1/3)#0] INFO  Created a directory file:/var/folders/m8/q6f016tn6cl2cp86hfq331_w0000gp/T/junit-4734462783579597589/junit13142933359846577828/24d7ce2f9e101babc2c6910dba10733a/shared/job_24d7ce2f9e101babc2c6910dba10733a_op_e32648f4a493dd25fdd7d9c66c500390_0_3 for checkpoint file-merging.
61863 [24d7ce2f9e101babc2c6910dba10733a] Task [upscale0 (3/6)#0] INFO  upscale0 (3/6)#0 (cdee96a471091d0f988b73c94fbccfad_7559af08559a2c7079a359b85b7edab5_2_0) switched from INITIALIZING to RUNNING.
61863 [24d7ce2f9e101babc2c6910dba10733a] Task [Source: source0 -> input-filter0 -> input-counter0 (1/3)#0] INFO  Source: source0 -> input-filter0 -> input-counter0 (1/3)#0 (cdee96a471091d0f988b73c94fbccfad_3e9b902627593008a6d790e9aeca7953_0_0) switched from INITIALIZING to RUNNING.
61864 [24d7ce2f9e101babc2c6910dba10733a] HeapRestoreOperation [keyby0 (2/3)#0] INFO  Finished restoring from state handle: KeyGroupsStateHandle{groupRangeOffsets=KeyGroupRangeOffsets{keyGroupRange=KeyGroupRange{startKeyGroup=55, endKeyGroup=73}}, stateHandle=Segment File State: file:/var/folders/m8/q6f016tn6cl2cp86hfq331_w0000gp/T/junit-4734462783579597589/junit13986449793460021045/e2f0affed90bb4580c88f6e4db7d5c6b/taskowned/job_e2f0affed90bb4580c88f6e4db7d5c6b_tm_851c89e8-2e40-4759-9ebc-c952f3b10787/8239e594-01d9-420d-960f-68d307014408 [Starting Position: 0, 778 bytes]}.
61864 [24d7ce2f9e101babc2c6910dba10733a] HeapRestoreOperation [keyby0 (2/3)#0] INFO  Starting to restore from state handle: KeyGroupsStateHandle{groupRangeOffsets=KeyGroupRangeOffsets{keyGroupRange=KeyGroupRange{startKeyGroup=74, endKeyGroup=85}}, stateHandle=Segment File State: file:/var/folders/m8/q6f016tn6cl2cp86hfq331_w0000gp/T/junit-4734462783579597589/junit13986449793460021045/e2f0affed90bb4580c88f6e4db7d5c6b/taskowned/job_e2f0affed90bb4580c88f6e4db7d5c6b_tm_0aab3875-4873-4632-a356-5359d33c98fa/eceae780-cf97-48a7-9a2c-d056a484a642 [Starting Position: 201, 785 bytes]}.
61864 [24d7ce2f9e101babc2c6910dba10733a] Task [rescale0 (3/4)#0] INFO  rescale0 (3/4)#0 (cdee96a471091d0f988b73c94fbccfad_7b4c6fe4c6df355e1ed86e978ba4a96e_2_0) switched from CREATED to DEPLOYING.
61864 [24d7ce2f9e101babc2c6910dba10733a] Task [rescale0 (3/4)#0] INFO  Loading JAR files for task rescale0 (3/4)#0 (cdee96a471091d0f988b73c94fbccfad_7b4c6fe4c6df355e1ed86e978ba4a96e_2_0) [DEPLOYING].
61864 [24d7ce2f9e101babc2c6910dba10733a] TaskSlotTableImpl [flink-pekko.actor.default-dispatcher-7] INFO  Activate slot a5aca8ae1d49f3a0b9655aad231e85ea.
61864 [24d7ce2f9e101babc2c6910dba10733a] AbstractStreamOperator [Source: source0 -> input-filter0 -> input-counter0 (3/3)#0] INFO  Switch mode from OUTPUT_NOT_INITIALIZED to READING after 5 ms, currentMaxDesiredWatermark=9223372036854775807, latestWatermark=-9223372036854775808, oldestWatermark=-9223372036854775808
61864 [24d7ce2f9e101babc2c6910dba10733a] HeapRestoreOperation [keyby0 (2/3)#0] INFO  Finished restoring from state handle: KeyGroupsStateHandle{groupRangeOffsets=KeyGroupRangeOffsets{keyGroupRange=KeyGroupRange{startKeyGroup=74, endKeyGroup=85}}, stateHandle=Segment File State: file:/var/folders/m8/q6f016tn6cl2cp86hfq331_w0000gp/T/junit-4734462783579597589/junit13986449793460021045/e2f0affed90bb4580c88f6e4db7d5c6b/taskowned/job_e2f0affed90bb4580c88f6e4db7d5c6b_tm_0aab3875-4873-4632-a356-5359d33c98fa/eceae780-cf97-48a7-9a2c-d056a484a642 [Starting Position: 201, 785 bytes]}.
61864 [24d7ce2f9e101babc2c6910dba10733a] HeapKeyedStateBackendBuilder [keyby0 (2/3)#0] INFO  Finished to build heap keyed state-backend.
61864 [24d7ce2f9e101babc2c6910dba10733a] HeapKeyedStateBackend [keyby0 (2/3)#0] INFO  Initializing heap keyed state backend with stream factory.
61864 [24d7ce2f9e101babc2c6910dba10733a] StreamTask [keyby0 (3/3)#0] INFO  State backend is set to heap memory org.apache.flink.runtime.state.hashmap.HashMapStateBackend@36bd1502
61864 [24d7ce2f9e101babc2c6910dba10733a] StateBackendLoader [keyby0 (3/3)#0] INFO  State backend loader loads the state backend as HashMapStateBackend
61864 [24d7ce2f9e101babc2c6910dba10733a] StreamTask [keyby0 (3/3)#0] INFO  Checkpoint storage is set to 'filesystem': (checkpoints "file:/var/folders/m8/q6f016tn6cl2cp86hfq331_w0000gp/T/junit-4734462783579597589/junit13142933359846577828")
61864 [24d7ce2f9e101babc2c6910dba10733a] FileMergingSnapshotManager [keyby0 (3/3)#0] INFO  Created a directory file:/var/folders/m8/q6f016tn6cl2cp86hfq331_w0000gp/T/junit-4734462783579597589/junit13142933359846577828/24d7ce2f9e101babc2c6910dba10733a/shared/job_24d7ce2f9e101babc2c6910dba10733a_op_e32648f4a493dd25fdd7d9c66c500390_2_3 for checkpoint file-merging.
61864 [24d7ce2f9e101babc2c6910dba10733a] StreamTask [rescale0 (2/4)#0] INFO  State backend is set to heap memory org.apache.flink.runtime.state.hashmap.HashMapStateBackend@58f790b5
61864 [24d7ce2f9e101babc2c6910dba10733a] StateBackendLoader [rescale0 (2/4)#0] INFO  State backend loader loads the state backend as HashMapStateBackend
61864 [24d7ce2f9e101babc2c6910dba10733a] StreamTask [rescale0 (2/4)#0] INFO  Checkpoint storage is set to 'filesystem': (checkpoints "file:/var/folders/m8/q6f016tn6cl2cp86hfq331_w0000gp/T/junit-4734462783579597589/junit13142933359846577828")
61864 [24d7ce2f9e101babc2c6910dba10733a] FileMergingSnapshotManager [rescale0 (2/4)#0] INFO  Created a directory file:/var/folders/m8/q6f016tn6cl2cp86hfq331_w0000gp/T/junit-4734462783579597589/junit13142933359846577828/24d7ce2f9e101babc2c6910dba10733a/shared/job_24d7ce2f9e101babc2c6910dba10733a_op_7b4c6fe4c6df355e1ed86e978ba4a96e_1_4 for checkpoint file-merging.
61864 [24d7ce2f9e101babc2c6910dba10733a] ExecutionGraph [flink-pekko.actor.default-dispatcher-8] INFO  rebalance0 (1/4) (cdee96a471091d0f988b73c94fbccfad_25a6d73fce56b9559bed0247061e93e0_0_0) switched from INITIALIZING to RUNNING.
61864 [24d7ce2f9e101babc2c6910dba10733a] Task [rescale0 (2/4)#0] INFO  rescale0 (2/4)#0 (cdee96a471091d0f988b73c94fbccfad_7b4c6fe4c6df355e1ed86e978ba4a96e_1_0) switched from DEPLOYING to INITIALIZING.
61864 [24d7ce2f9e101babc2c6910dba10733a] ExecutionGraph [flink-pekko.actor.default-dispatcher-8] INFO  upscale0 (1/6) (cdee96a471091d0f988b73c94fbccfad_7559af08559a2c7079a359b85b7edab5_0_0) switched from DEPLOYING to INITIALIZING.
61864 [24d7ce2f9e101babc2c6910dba10733a] TaskExecutor [flink-pekko.actor.default-dispatcher-7] INFO  Received task downscale0 (2/4)#0 (cdee96a471091d0f988b73c94fbccfad_579c351891399448b6165717925f2b21_1_0), deploy into slot with allocation id a5aca8ae1d49f3a0b9655aad231e85ea.
61865 [24d7ce2f9e101babc2c6910dba10733a] Task [Source: source0 -> input-filter0 -> input-counter0 (2/3)#0] INFO  Source: source0 -> input-filter0 -> input-counter0 (2/3)#0 (cdee96a471091d0f988b73c94fbccfad_3e9b902627593008a6d790e9aeca7953_1_0) switched from INITIALIZING to RUNNING.
61865 [24d7ce2f9e101babc2c6910dba10733a] StateBackendLoader [rescale0 (2/4)#0] INFO  State backend is set to heap memory org.apache.flink.runtime.state.hashmap.HashMapStateBackend@2b8f34ae
61865 [24d7ce2f9e101babc2c6910dba10733a] AbstractStreamOperator [Source: source0 -> input-filter0 -> input-counter0 (2/3)#0] INFO  Switch mode from OUTPUT_NOT_INITIALIZED to READING after 7 ms, currentMaxDesiredWatermark=9223372036854775807, latestWatermark=-9223372036854775808, oldestWatermark=-9223372036854775808
61865 [24d7ce2f9e101babc2c6910dba10733a] Task [rescale0 (2/4)#0] INFO  rescale0 (2/4)#0 (cdee96a471091d0f988b73c94fbccfad_7b4c6fe4c6df355e1ed86e978ba4a96e_1_0) switched from INITIALIZING to RUNNING.
61865 [24d7ce2f9e101babc2c6910dba10733a] ExecutionGraph [flink-pekko.actor.default-dispatcher-8] INFO  rebalance0 (4/4) (cdee96a471091d0f988b73c94fbccfad_25a6d73fce56b9559bed0247061e93e0_3_0) switched from INITIALIZING to RUNNING.
61865 [24d7ce2f9e101babc2c6910dba10733a] TaskSlotTableImpl [flink-pekko.actor.default-dispatcher-7] INFO  Activate slot fbab4985c069f212b78e2f6e35bf8468.
61865 [24d7ce2f9e101babc2c6910dba10733a] SourceCoordinator [SourceCoordinator-Source: source0] INFO  Source Source: source0 registering reader for parallel task 0 (#0) @ 
61865 [24d7ce2f9e101babc2c6910dba10733a] Task [downscale0 (2/4)#0] INFO  downscale0 (2/4)#0 (cdee96a471091d0f988b73c94fbccfad_579c351891399448b6165717925f2b21_1_0) switched from CREATED to DEPLOYING.
61865 [24d7ce2f9e101babc2c6910dba10733a] Task [downscale0 (2/4)#0] INFO  Loading JAR files for task downscale0 (2/4)#0 (cdee96a471091d0f988b73c94fbccfad_579c351891399448b6165717925f2b21_1_0) [DEPLOYING].
61866 [24d7ce2f9e101babc2c6910dba10733a] TaskExecutor [flink-pekko.actor.default-dispatcher-7] INFO  Received task failing-map (2/3)#0 (cdee96a471091d0f988b73c94fbccfad_b8c789ec3a44294cb45da029ffe0e6fd_1_0), deploy into slot with allocation id fbab4985c069f212b78e2f6e35bf8468.
61866 [24d7ce2f9e101babc2c6910dba10733a] StreamTask [rescale0 (3/4)#0] INFO  State backend is set to heap memory org.apache.flink.runtime.state.hashmap.HashMapStateBackend@50930019
61866 [24d7ce2f9e101babc2c6910dba10733a] StateBackendLoader [rescale0 (3/4)#0] INFO  State backend loader loads the state backend as HashMapStateBackend
61866 [24d7ce2f9e101babc2c6910dba10733a] StreamTask [rescale0 (3/4)#0] INFO  Checkpoint storage is set to 'filesystem': (checkpoints "file:/var/folders/m8/q6f016tn6cl2cp86hfq331_w0000gp/T/junit-4734462783579597589/junit13142933359846577828")
61866 [24d7ce2f9e101babc2c6910dba10733a] FileMergingSnapshotManager [rescale0 (3/4)#0] INFO  Created a directory file:/var/folders/m8/q6f016tn6cl2cp86hfq331_w0000gp/T/junit-4734462783579597589/junit13142933359846577828/24d7ce2f9e101babc2c6910dba10733a/shared/job_24d7ce2f9e101babc2c6910dba10733a_op_7b4c6fe4c6df355e1ed86e978ba4a96e_2_4 for checkpoint file-merging.
61866 [24d7ce2f9e101babc2c6910dba10733a] Task [rescale0 (3/4)#0] INFO  rescale0 (3/4)#0 (cdee96a471091d0f988b73c94fbccfad_7b4c6fe4c6df355e1ed86e978ba4a96e_2_0) switched from DEPLOYING to INITIALIZING.
61866 [24d7ce2f9e101babc2c6910dba10733a] Task [upscale0 (4/6)#0] INFO  upscale0 (4/6)#0 (cdee96a471091d0f988b73c94fbccfad_7559af08559a2c7079a359b85b7edab5_3_0) switched from INITIALIZING to RUNNING.
61866 [24d7ce2f9e101babc2c6910dba10733a] StreamTask [downscale0 (3/4)#0] INFO  State backend is set to heap memory org.apache.flink.runtime.state.hashmap.HashMapStateBackend@21acf7d1
61866 [24d7ce2f9e101babc2c6910dba10733a] StateBackendLoader [downscale0 (3/4)#0] INFO  State backend loader loads the state backend as HashMapStateBackend
61866 [24d7ce2f9e101babc2c6910dba10733a] Task [upscale0 (1/6)#0] INFO  upscale0 (1/6)#0 (cdee96a471091d0f988b73c94fbccfad_7559af08559a2c7079a359b85b7edab5_0_0) switched from INITIALIZING to RUNNING.
61866 [24d7ce2f9e101babc2c6910dba10733a] StreamTask [downscale0 (3/4)#0] INFO  Checkpoint storage is set to 'filesystem': (checkpoints "file:/var/folders/m8/q6f016tn6cl2cp86hfq331_w0000gp/T/junit-4734462783579597589/junit13142933359846577828")
61866 [24d7ce2f9e101babc2c6910dba10733a] StateBackendLoader [rescale0 (3/4)#0] INFO  State backend is set to heap memory org.apache.flink.runtime.state.hashmap.HashMapStateBackend@5009bc93
61866 [24d7ce2f9e101babc2c6910dba10733a] FileMergingSnapshotManager [downscale0 (3/4)#0] INFO  Created a directory file:/var/folders/m8/q6f016tn6cl2cp86hfq331_w0000gp/T/junit-4734462783579597589/junit13142933359846577828/24d7ce2f9e101babc2c6910dba10733a/shared/job_24d7ce2f9e101babc2c6910dba10733a_op_579c351891399448b6165717925f2b21_2_4 for checkpoint file-merging.
61867 [24d7ce2f9e101babc2c6910dba10733a] AbstractStreamOperator [Source: source0 -> input-filter0 -> input-counter0 (1/3)#0] INFO  Switch mode from OUTPUT_NOT_INITIALIZED to READING after 8 ms, currentMaxDesiredWatermark=9223372036854775807, latestWatermark=-9223372036854775808, oldestWatermark=-9223372036854775808
61867 [24d7ce2f9e101babc2c6910dba10733a] Task [upscale0 (2/6)#0] INFO  upscale0 (2/6)#0 (cdee96a471091d0f988b73c94fbccfad_7559af08559a2c7079a359b85b7edab5_1_0) switched from INITIALIZING to RUNNING.
61867 [24d7ce2f9e101babc2c6910dba10733a] Task [rescale0 (4/4)#0] INFO  rescale0 (4/4)#0 (cdee96a471091d0f988b73c94fbccfad_7b4c6fe4c6df355e1ed86e978ba4a96e_3_0) switched from INITIALIZING to RUNNING.
61867 [24d7ce2f9e101babc2c6910dba10733a] Task [downscale0 (1/4)#0] INFO  downscale0 (1/4)#0 (cdee96a471091d0f988b73c94fbccfad_579c351891399448b6165717925f2b21_0_0) switched from INITIALIZING to RUNNING.
61867 [24d7ce2f9e101babc2c6910dba10733a] Task [keyby0 (1/3)#0] INFO  keyby0 (1/3)#0 (cdee96a471091d0f988b73c94fbccfad_e32648f4a493dd25fdd7d9c66c500390_0_0) switched from DEPLOYING to INITIALIZING.
61867 [24d7ce2f9e101babc2c6910dba10733a] Task [upscale0 (2/6)#0] WARN  upscale0 (2/6)#0 (cdee96a471091d0f988b73c94fbccfad_7559af08559a2c7079a359b85b7edab5_1_0) switched from RUNNING to FAILED with failure cause:
java.lang.IllegalArgumentException: Stream corrupted. Cannot find the header abcdeafc00000000 in the value 201fdabcd
	at org.apache.flink.test.checkpointing.UnalignedCheckpointTestBase.checkHeader(UnalignedCheckpointTestBase.java:1205)
	at org.apache.flink.test.checkpointing.UnalignedCheckpointRescaleITCase$Topology.lambda$createSourcePipeline$d77cc068$3(UnalignedCheckpointRescaleITCase.java:491)
	at org.apache.flink.streaming.api.operators.StreamMap.processElement(StreamMap.java:37)
	at org.apache.flink.streaming.runtime.tasks.OneInputStreamTask$StreamTaskNetworkOutput.emitRecord(OneInputStreamTask.java:252)
	at org.apache.flink.streaming.runtime.io.AbstractStreamTaskNetworkInput.processElement(AbstractStreamTaskNetworkInput.java:213)
	at org.apache.flink.streaming.runtime.io.AbstractStreamTaskNetworkInput.emitNext(AbstractStreamTaskNetworkInput.java:170)
	at org.apache.flink.streaming.runtime.io.StreamOneInputProcessor.processInput(StreamOneInputProcessor.java:65)
	at org.apache.flink.streaming.runtime.tasks.StreamTask.processInput(StreamTask.java:672)
	at org.apache.flink.streaming.runtime.tasks.mailbox.MailboxProcessor.runMailboxLoop(MailboxProcessor.java:231)
	at org.apache.flink.streaming.runtime.tasks.StreamTask.runMailboxLoop(StreamTask.java:1201)
	at org.apache.flink.streaming.runtime.tasks.StreamTask.invoke(StreamTask.java:1138)
	at org.apache.flink.runtime.taskmanager.Task.runWithSystemExitMonitoring(Task.java:987)
	at org.apache.flink.runtime.taskmanager.Task.restoreAndInvoke(Task.java:969)
	at org.apache.flink.runtime.taskmanager.Task.doRun(Task.java:774)
	at org.apache.flink.runtime.taskmanager.Task.run(Task.java:579)
	at java.base/java.lang.Thread.run(Thread.java:829)
61867 [24d7ce2f9e101babc2c6910dba10733a] StateBackendLoader [keyby0 (1/3)#0] INFO  State backend is set to heap memory org.apache.flink.runtime.state.hashmap.HashMapStateBackend@1d4b11e2
61867 [24d7ce2f9e101babc2c6910dba10733a] Task [upscale0 (5/6)#0] INFO  upscale0 (5/6)#0 (cdee96a471091d0f988b73c94fbccfad_7559af08559a2c7079a359b85b7edab5_4_0) switched from DEPLOYING to INITIALIZING.
61867 [24d7ce2f9e101babc2c6910dba10733a] Task [downscale0 (3/4)#0] INFO  downscale0 (3/4)#0 (cdee96a471091d0f988b73c94fbccfad_579c351891399448b6165717925f2b21_2_0) switched from DEPLOYING to INITIALIZING.
61867 [24d7ce2f9e101babc2c6910dba10733a] Task [keyby0 (3/3)#0] INFO  keyby0 (3/3)#0 (cdee96a471091d0f988b73c94fbccfad_e32648f4a493dd25fdd7d9c66c500390_2_0) switched from DEPLOYING to INITIALIZING.
61867 [24d7ce2f9e101babc2c6910dba10733a] HeapRestoreOperation [keyby0 (1/3)#0] INFO  Starting to restore from state handle: KeyGroupsStateHandle{groupRangeOffsets=KeyGroupRangeOffsets{keyGroupRange=KeyGroupRange{startKeyGroup=0, endKeyGroup=18}}, stateHandle=Segment File State: file:/var/folders/m8/q6f016tn6cl2cp86hfq331_w0000gp/T/junit-4734462783579597589/junit13986449793460021045/e2f0affed90bb4580c88f6e4db7d5c6b/taskowned/job_e2f0affed90bb4580c88f6e4db7d5c6b_tm_5df2bd91-da4a-4832-bb2f-2477c2111d51/98aea5ac-eb56-4474-ae31-e9bdf329d6a1 [Starting Position: 0, 778 bytes]}.
61867 [24d7ce2f9e101babc2c6910dba10733a] StateBackendLoader [upscale0 (5/6)#0] INFO  State backend is set to heap memory org.apache.flink.runtime.state.hashmap.HashMapStateBackend@e78b0a
61868 [24d7ce2f9e101babc2c6910dba10733a] StateBackendLoader [downscale0 (3/4)#0] INFO  State backend is set to heap memory org.apache.flink.runtime.state.hashmap.HashMapStateBackend@65e633a9
61868 [24d7ce2f9e101babc2c6910dba10733a] TaskSlotTableImpl [flink-pekko.actor.default-dispatcher-5] INFO  Activate slot dcebff2ce097ca1304fb4de9cabd03c6.
61868 [24d7ce2f9e101babc2c6910dba10733a] Task [upscale0 (2/6)#0] INFO  Freeing task resources for upscale0 (2/6)#0 (cdee96a471091d0f988b73c94fbccfad_7559af08559a2c7079a359b85b7edab5_1_0).
61868 [24d7ce2f9e101babc2c6910dba10733a] Task [rescale0 (1/4)#0] INFO  rescale0 (1/4)#0 (cdee96a471091d0f988b73c94fbccfad_7b4c6fe4c6df355e1ed86e978ba4a96e_0_0) switched from CREATED to DEPLOYING.
61868 [24d7ce2f9e101babc2c6910dba10733a] Task [rescale0 (1/4)#0] INFO  Loading JAR files for task rescale0 (1/4)#0 (cdee96a471091d0f988b73c94fbccfad_7b4c6fe4c6df355e1ed86e978ba4a96e_0_0) [DEPLOYING].
61868 [24d7ce2f9e101babc2c6910dba10733a] StateBackendLoader [keyby0 (3/3)#0] INFO  State backend is set to heap memory org.apache.flink.runtime.state.hashmap.HashMapStateBackend@209d456e
61868 [24d7ce2f9e101babc2c6910dba10733a] HeapRestoreOperation [keyby0 (3/3)#0] INFO  Starting to restore from state handle: KeyGroupsStateHandle{groupRangeOffsets=KeyGroupRangeOffsets{keyGroupRange=KeyGroupRange{startKeyGroup=86, endKeyGroup=91}, offsets=[640, 718, 728, 755, 765, 775]}, stateHandle=Segment File State: file:/var/folders/m8/q6f016tn6cl2cp86hfq331_w0000gp/T/junit-4734462783579597589/junit13986449793460021045/e2f0affed90bb4580c88f6e4db7d5c6b/taskowned/job_e2f0affed90bb4580c88f6e4db7d5c6b_tm_0aab3875-4873-4632-a356-5359d33c98fa/eceae780-cf97-48a7-9a2c-d056a484a642 [Starting Position: 201, 785 bytes]}.
61868 [24d7ce2f9e101babc2c6910dba10733a] HeapRestoreOperation [keyby0 (1/3)#0] INFO  Finished restoring from state handle: KeyGroupsStateHandle{groupRangeOffsets=KeyGroupRangeOffsets{keyGroupRange=KeyGroupRange{startKeyGroup=0, endKeyGroup=18}}, stateHandle=Segment File State: file:/var/folders/m8/q6f016tn6cl2cp86hfq331_w0000gp/T/junit-4734462783579597589/junit13986449793460021045/e2f0affed90bb4580c88f6e4db7d5c6b/taskowned/job_e2f0affed90bb4580c88f6e4db7d5c6b_tm_5df2bd91-da4a-4832-bb2f-2477c2111d51/98aea5ac-eb56-4474-ae31-e9bdf329d6a1 [Starting Position: 0, 778 bytes]}.
61868 [24d7ce2f9e101babc2c6910dba10733a] HeapRestoreOperation [keyby0 (1/3)#0] INFO  Starting to restore from state handle: KeyGroupsStateHandle{groupRangeOffsets=KeyGroupRangeOffsets{keyGroupRange=KeyGroupRange{startKeyGroup=19, endKeyGroup=36}}, stateHandle=Segment File State: file:/var/folders/m8/q6f016tn6cl2cp86hfq331_w0000gp/T/junit-4734462783579597589/junit13986449793460021045/e2f0affed90bb4580c88f6e4db7d5c6b/taskowned/job_e2f0affed90bb4580c88f6e4db7d5c6b_tm_5df2bd91-da4a-4832-bb2f-2477c2111d51/5ea031cb-0d90-4b55-b4eb-f41a85f9a869 [Starting Position: 104479, 853 bytes]}.
61868 [24d7ce2f9e101babc2c6910dba10733a] TaskExecutor [flink-pekko.actor.default-dispatcher-5] INFO  Received task upscale0 (6/6)#0 (cdee96a471091d0f988b73c94fbccfad_7559af08559a2c7079a359b85b7edab5_5_0), deploy into slot with allocation id dcebff2ce097ca1304fb4de9cabd03c6.
61868 [24d7ce2f9e101babc2c6910dba10733a] Task [keyby0 (2/3)#0] INFO  keyby0 (2/3)#0 (cdee96a471091d0f988b73c94fbccfad_e32648f4a493dd25fdd7d9c66c500390_1_0) switched from INITIALIZING to RUNNING.
61869 [24d7ce2f9e101babc2c6910dba10733a] HeapRestoreOperation [keyby0 (3/3)#0] INFO  Finished restoring from state handle: KeyGroupsStateHandle{groupRangeOffsets=KeyGroupRangeOffsets{keyGroupRange=KeyGroupRange{startKeyGroup=86, endKeyGroup=91}, offsets=[640, 718, 728, 755, 765, 775]}, stateHandle=Segment File State: file:/var/folders/m8/q6f016tn6cl2cp86hfq331_w0000gp/T/junit-4734462783579597589/junit13986449793460021045/e2f0affed90bb4580c88f6e4db7d5c6b/taskowned/job_e2f0affed90bb4580c88f6e4db7d5c6b_tm_0aab3875-4873-4632-a356-5359d33c98fa/eceae780-cf97-48a7-9a2c-d056a484a642 [Starting Position: 201, 785 bytes]}.
61869 [24d7ce2f9e101babc2c6910dba10733a] HeapRestoreOperation [keyby0 (3/3)#0] INFO  Starting to restore from state handle: KeyGroupsStateHandle{groupRangeOffsets=KeyGroupRangeOffsets{keyGroupRange=KeyGroupRange{startKeyGroup=92, endKeyGroup=109}}, stateHandle=Segment File State: file:/var/folders/m8/q6f016tn6cl2cp86hfq331_w0000gp/T/junit-4734462783579597589/junit13986449793460021045/e2f0affed90bb4580c88f6e4db7d5c6b/taskowned/job_e2f0affed90bb4580c88f6e4db7d5c6b_tm_0aab3875-4873-4632-a356-5359d33c98fa/b4fcfedf-7ced-4f7f-ae21-77f7aa2db994 [Starting Position: 67023, 734 bytes]}.
61869 [24d7ce2f9e101babc2c6910dba10733a] Task [rescale0 (3/4)#0] INFO  rescale0 (3/4)#0 (cdee96a471091d0f988b73c94fbccfad_7b4c6fe4c6df355e1ed86e978ba4a96e_2_0) switched from INITIALIZING to RUNNING.
61869 [24d7ce2f9e101babc2c6910dba10733a] StreamTask [downscale0 (2/4)#0] INFO  State backend is set to heap memory org.apache.flink.runtime.state.hashmap.HashMapStateBackend@96b7b77
61869 [24d7ce2f9e101babc2c6910dba10733a] StateBackendLoader [downscale0 (2/4)#0] INFO  State backend loader loads the state backend as HashMapStateBackend
61869 [24d7ce2f9e101babc2c6910dba10733a] StreamTask [downscale0 (2/4)#0] INFO  Checkpoint storage is set to 'filesystem': (checkpoints "file:/var/folders/m8/q6f016tn6cl2cp86hfq331_w0000gp/T/junit-4734462783579597589/junit13142933359846577828")
61869 [24d7ce2f9e101babc2c6910dba10733a] HeapRestoreOperation [keyby0 (1/3)#0] INFO  Finished restoring from state handle: KeyGroupsStateHandle{groupRangeOffsets=KeyGroupRangeOffsets{keyGroupRange=KeyGroupRange{startKeyGroup=19, endKeyGroup=36}}, stateHandle=Segment File State: file:/var/folders/m8/q6f016tn6cl2cp86hfq331_w0000gp/T/junit-4734462783579597589/junit13986449793460021045/e2f0affed90bb4580c88f6e4db7d5c6b/taskowned/job_e2f0affed90bb4580c88f6e4db7d5c6b_tm_5df2bd91-da4a-4832-bb2f-2477c2111d51/5ea031cb-0d90-4b55-b4eb-f41a85f9a869 [Starting Position: 104479, 853 bytes]}.
61869 [24d7ce2f9e101babc2c6910dba10733a] HeapRestoreOperation [keyby0 (1/3)#0] INFO  Starting to restore from state handle: KeyGroupsStateHandle{groupRangeOffsets=KeyGroupRangeOffsets{keyGroupRange=KeyGroupRange{startKeyGroup=37, endKeyGroup=42}, offsets=[367, 394, 404, 414, 424, 434]}, stateHandle=Segment File State: file:/var/folders/m8/q6f016tn6cl2cp86hfq331_w0000gp/T/junit-4734462783579597589/junit13986449793460021045/e2f0affed90bb4580c88f6e4db7d5c6b/taskowned/job_e2f0affed90bb4580c88f6e4db7d5c6b_tm_851c89e8-2e40-4759-9ebc-c952f3b10787/f634973e-bece-4d1f-85b9-78996d11e2aa [Starting Position: 36453, 751 bytes]}.
61869 [24d7ce2f9e101babc2c6910dba10733a] HeapRestoreOperation [keyby0 (3/3)#0] INFO  Finished restoring from state handle: KeyGroupsStateHandle{groupRangeOffsets=KeyGroupRangeOffsets{keyGroupRange=KeyGroupRange{startKeyGroup=92, endKeyGroup=109}}, stateHandle=Segment File State: file:/var/folders/m8/q6f016tn6cl2cp86hfq331_w0000gp/T/junit-4734462783579597589/junit13986449793460021045/e2f0affed90bb4580c88f6e4db7d5c6b/taskowned/job_e2f0affed90bb4580c88f6e4db7d5c6b_tm_0aab3875-4873-4632-a356-5359d33c98fa/b4fcfedf-7ced-4f7f-ae21-77f7aa2db994 [Starting Position: 67023, 734 bytes]}.
61869 [24d7ce2f9e101babc2c6910dba10733a] HeapRestoreOperation [keyby0 (3/3)#0] INFO  Starting to restore from state handle: KeyGroupsStateHandle{groupRangeOffsets=KeyGroupRangeOffsets{keyGroupRange=KeyGroupRange{startKeyGroup=110, endKeyGroup=127}}, stateHandle=Segment File State: file:/var/folders/m8/q6f016tn6cl2cp86hfq331_w0000gp/T/junit-4734462783579597589/junit13986449793460021045/e2f0affed90bb4580c88f6e4db7d5c6b/taskowned/job_e2f0affed90bb4580c88f6e4db7d5c6b_tm_851c89e8-2e40-4759-9ebc-c952f3b10787/43580175-2094-4043-a2b6-4a2ac4059a99 [Starting Position: 0, 870 bytes]}.
61869 [24d7ce2f9e101babc2c6910dba10733a] FileMergingSnapshotManager [downscale0 (2/4)#0] INFO  Created a directory file:/var/folders/m8/q6f016tn6cl2cp86hfq331_w0000gp/T/junit-4734462783579597589/junit13142933359846577828/24d7ce2f9e101babc2c6910dba10733a/shared/job_24d7ce2f9e101babc2c6910dba10733a_op_579c351891399448b6165717925f2b21_1_4 for checkpoint file-merging.
61869 [24d7ce2f9e101babc2c6910dba10733a] Task [downscale0 (2/4)#0] INFO  downscale0 (2/4)#0 (cdee96a471091d0f988b73c94fbccfad_579c351891399448b6165717925f2b21_1_0) switched from DEPLOYING to INITIALIZING.
61869 [24d7ce2f9e101babc2c6910dba10733a] HeapRestoreOperation [keyby0 (1/3)#0] INFO  Finished restoring from state handle: KeyGroupsStateHandle{groupRangeOffsets=KeyGroupRangeOffsets{keyGroupRange=KeyGroupRange{startKeyGroup=37, endKeyGroup=42}, offsets=[367, 394, 404, 414, 424, 434]}, stateHandle=Segment File State: file:/var/folders/m8/q6f016tn6cl2cp86hfq331_w0000gp/T/junit-4734462783579597589/junit13986449793460021045/e2f0affed90bb4580c88f6e4db7d5c6b/taskowned/job_e2f0affed90bb4580c88f6e4db7d5c6b_tm_851c89e8-2e40-4759-9ebc-c952f3b10787/f634973e-bece-4d1f-85b9-78996d11e2aa [Starting Position: 36453, 751 bytes]}.
61869 [24d7ce2f9e101babc2c6910dba10733a] HeapKeyedStateBackendBuilder [keyby0 (1/3)#0] INFO  Finished to build heap keyed state-backend.
61869 [24d7ce2f9e101babc2c6910dba10733a] HeapKeyedStateBackend [keyby0 (1/3)#0] INFO  Initializing heap keyed state backend with stream factory.
61870 [24d7ce2f9e101babc2c6910dba10733a] TaskSlotTableImpl [flink-pekko.actor.default-dispatcher-7] INFO  Activate slot fbab4985c069f212b78e2f6e35bf8468.
61870 [24d7ce2f9e101babc2c6910dba10733a] Task [failing-map (2/3)#0] INFO  failing-map (2/3)#0 (cdee96a471091d0f988b73c94fbccfad_b8c789ec3a44294cb45da029ffe0e6fd_1_0) switched from CREATED to DEPLOYING.
61870 [24d7ce2f9e101babc2c6910dba10733a] Task [failing-map (2/3)#0] INFO  Loading JAR files for task failing-map (2/3)#0 (cdee96a471091d0f988b73c94fbccfad_b8c789ec3a44294cb45da029ffe0e6fd_1_0) [DEPLOYING].
61870 [24d7ce2f9e101babc2c6910dba10733a] StateBackendLoader [downscale0 (2/4)#0] INFO  State backend is set to heap memory org.apache.flink.runtime.state.hashmap.HashMapStateBackend@d9e4ee4
61870 [24d7ce2f9e101babc2c6910dba10733a] HeapRestoreOperation [keyby0 (3/3)#0] INFO  Finished restoring from state handle: KeyGroupsStateHandle{groupRangeOffsets=KeyGroupRangeOffsets{keyGroupRange=KeyGroupRange{startKeyGroup=110, endKeyGroup=127}}, stateHandle=Segment File State: file:/var/folders/m8/q6f016tn6cl2cp86hfq331_w0000gp/T/junit-4734462783579597589/junit13986449793460021045/e2f0affed90bb4580c88f6e4db7d5c6b/taskowned/job_e2f0affed90bb4580c88f6e4db7d5c6b_tm_851c89e8-2e40-4759-9ebc-c952f3b10787/43580175-2094-4043-a2b6-4a2ac4059a99 [Starting Position: 0, 870 bytes]}.
61870 [24d7ce2f9e101babc2c6910dba10733a] HeapKeyedStateBackendBuilder [keyby0 (3/3)#0] INFO  Finished to build heap keyed state-backend.
61870 [24d7ce2f9e101babc2c6910dba10733a] HeapKeyedStateBackend [keyby0 (3/3)#0] INFO  Initializing heap keyed state backend with stream factory.
61870 [24d7ce2f9e101babc2c6910dba10733a] ExecutionGraph [flink-pekko.actor.default-dispatcher-8] INFO  global0 (1/3) (cdee96a471091d0f988b73c94fbccfad_4eca6edb63b17eb77deb9de060a699d1_0_0) switched from INITIALIZING to RUNNING.
61870 [24d7ce2f9e101babc2c6910dba10733a] ExecutionGraph [flink-pekko.actor.default-dispatcher-8] INFO  downscale0 (1/4) (cdee96a471091d0f988b73c94fbccfad_579c351891399448b6165717925f2b21_0_0) switched from DEPLOYING to INITIALIZING.
61870 [24d7ce2f9e101babc2c6910dba10733a] StreamTask [failing-map (2/3)#0] INFO  State backend is set to heap memory org.apache.flink.runtime.state.hashmap.HashMapStateBackend@1dcc18f6
61870 [24d7ce2f9e101babc2c6910dba10733a] StateBackendLoader [failing-map (2/3)#0] INFO  State backend loader loads the state backend as HashMapStateBackend
61870 [24d7ce2f9e101babc2c6910dba10733a] StreamTask [failing-map (2/3)#0] INFO  Checkpoint storage is set to 'filesystem': (checkpoints "file:/var/folders/m8/q6f016tn6cl2cp86hfq331_w0000gp/T/junit-4734462783579597589/junit13142933359846577828")
61870 [24d7ce2f9e101babc2c6910dba10733a] FileMergingSnapshotManager [failing-map (2/3)#0] INFO  Created a directory file:/var/folders/m8/q6f016tn6cl2cp86hfq331_w0000gp/T/junit-4734462783579597589/junit13142933359846577828/24d7ce2f9e101babc2c6910dba10733a/shared/job_24d7ce2f9e101babc2c6910dba10733a_op_b8c789ec3a44294cb45da029ffe0e6fd_1_3 for checkpoint file-merging.
61870 [24d7ce2f9e101babc2c6910dba10733a] TaskExecutor [flink-pekko.actor.default-dispatcher-7] INFO  Received task downscale0 (4/4)#0 (cdee96a471091d0f988b73c94fbccfad_579c351891399448b6165717925f2b21_3_0), deploy into slot with allocation id fbab4985c069f212b78e2f6e35bf8468.
61870 [24d7ce2f9e101babc2c6910dba10733a] ExecutionGraph [flink-pekko.actor.default-dispatcher-8] INFO  rebalance0 (3/4) (cdee96a471091d0f988b73c94fbccfad_25a6d73fce56b9559bed0247061e93e0_2_0) switched from INITIALIZING to RUNNING.
61870 [24d7ce2f9e101babc2c6910dba10733a] ExecutionGraph [flink-pekko.actor.default-dispatcher-8] INFO  upscale0 (4/6) (cdee96a471091d0f988b73c94fbccfad_7559af08559a2c7079a359b85b7edab5_3_0) switched from DEPLOYING to INITIALIZING.
61870 [24d7ce2f9e101babc2c6910dba10733a] ExecutionGraph [flink-pekko.actor.default-dispatcher-8] INFO  keyby0 (2/3) (cdee96a471091d0f988b73c94fbccfad_e32648f4a493dd25fdd7d9c66c500390_1_0) switched from DEPLOYING to INITIALIZING.
61871 [24d7ce2f9e101babc2c6910dba10733a] Task [upscale0 (5/6)#0] INFO  upscale0 (5/6)#0 (cdee96a471091d0f988b73c94fbccfad_7559af08559a2c7079a359b85b7edab5_4_0) switched from INITIALIZING to RUNNING.
61872 [24d7ce2f9e101babc2c6910dba10733a] TaskSlotTableImpl [flink-pekko.actor.default-dispatcher-5] INFO  Activate slot 3fdf29fbfb0f93ff5f424cd1637271b2.
61872 [24d7ce2f9e101babc2c6910dba10733a] Task [upscale0 (6/6)#0] INFO  upscale0 (6/6)#0 (cdee96a471091d0f988b73c94fbccfad_7559af08559a2c7079a359b85b7edab5_5_0) switched from CREATED to DEPLOYING.
61872 [24d7ce2f9e101babc2c6910dba10733a] Task [upscale0 (6/6)#0] INFO  Loading JAR files for task upscale0 (6/6)#0 (cdee96a471091d0f988b73c94fbccfad_7559af08559a2c7079a359b85b7edab5_5_0) [DEPLOYING].
61872 [24d7ce2f9e101babc2c6910dba10733a] TaskExecutor [flink-pekko.actor.default-dispatcher-5] INFO  Received task failing-map (1/3)#0 (cdee96a471091d0f988b73c94fbccfad_b8c789ec3a44294cb45da029ffe0e6fd_0_0), deploy into slot with allocation id 3fdf29fbfb0f93ff5f424cd1637271b2.
61872 [24d7ce2f9e101babc2c6910dba10733a] TaskSlotTableImpl [flink-pekko.actor.default-dispatcher-5] INFO  Activate slot 3fdf29fbfb0f93ff5f424cd1637271b2.
61872 [24d7ce2f9e101babc2c6910dba10733a] Task [failing-map (1/3)#0] INFO  failing-map (1/3)#0 (cdee96a471091d0f988b73c94fbccfad_b8c789ec3a44294cb45da029ffe0e6fd_0_0) switched from CREATED to DEPLOYING.
61872 [24d7ce2f9e101babc2c6910dba10733a] Task [failing-map (1/3)#0] INFO  Loading JAR files for task failing-map (1/3)#0 (cdee96a471091d0f988b73c94fbccfad_b8c789ec3a44294cb45da029ffe0e6fd_0_0) [DEPLOYING].
61872 [24d7ce2f9e101babc2c6910dba10733a] Task [downscale0 (3/4)#0] INFO  downscale0 (3/4)#0 (cdee96a471091d0f988b73c94fbccfad_579c351891399448b6165717925f2b21_2_0) switched from INITIALIZING to RUNNING.
61872 [24d7ce2f9e101babc2c6910dba10733a] StreamTask [upscale0 (6/6)#0] INFO  State backend is set to heap memory org.apache.flink.runtime.state.hashmap.HashMapStateBackend@633a87f2
61872 [24d7ce2f9e101babc2c6910dba10733a] StateBackendLoader [upscale0 (6/6)#0] INFO  State backend loader loads the state backend as HashMapStateBackend
61872 [24d7ce2f9e101babc2c6910dba10733a] StreamTask [upscale0 (6/6)#0] INFO  Checkpoint storage is set to 'filesystem': (checkpoints "file:/var/folders/m8/q6f016tn6cl2cp86hfq331_w0000gp/T/junit-4734462783579597589/junit13142933359846577828")
61873 [24d7ce2f9e101babc2c6910dba10733a] StreamTask [failing-map (1/3)#0] INFO  State backend is set to heap memory org.apache.flink.runtime.state.hashmap.HashMapStateBackend@3b04f8ad
61873 [24d7ce2f9e101babc2c6910dba10733a] StateBackendLoader [failing-map (1/3)#0] INFO  State backend loader loads the state backend as HashMapStateBackend
61873 [24d7ce2f9e101babc2c6910dba10733a] StreamTask [failing-map (1/3)#0] INFO  Checkpoint storage is set to 'filesystem': (checkpoints "file:/var/folders/m8/q6f016tn6cl2cp86hfq331_w0000gp/T/junit-4734462783579597589/junit13142933359846577828")
61873 [24d7ce2f9e101babc2c6910dba10733a] FileMergingSnapshotManager [upscale0 (6/6)#0] INFO  Created a directory file:/var/folders/m8/q6f016tn6cl2cp86hfq331_w0000gp/T/junit-4734462783579597589/junit13142933359846577828/24d7ce2f9e101babc2c6910dba10733a/shared/job_24d7ce2f9e101babc2c6910dba10733a_op_7559af08559a2c7079a359b85b7edab5_5_6 for checkpoint file-merging.
61873 [24d7ce2f9e101babc2c6910dba10733a] Task [upscale0 (6/6)#0] INFO  upscale0 (6/6)#0 (cdee96a471091d0f988b73c94fbccfad_7559af08559a2c7079a359b85b7edab5_5_0) switched from DEPLOYING to INITIALIZING.
61873 [24d7ce2f9e101babc2c6910dba10733a] StreamTask [rescale0 (1/4)#0] INFO  State backend is set to heap memory org.apache.flink.runtime.state.hashmap.HashMapStateBackend@4f0b4b34
61873 [24d7ce2f9e101babc2c6910dba10733a] StateBackendLoader [rescale0 (1/4)#0] INFO  State backend loader loads the state backend as HashMapStateBackend
61873 [24d7ce2f9e101babc2c6910dba10733a] StreamTask [rescale0 (1/4)#0] INFO  Checkpoint storage is set to 'filesystem': (checkpoints "file:/var/folders/m8/q6f016tn6cl2cp86hfq331_w0000gp/T/junit-4734462783579597589/junit13142933359846577828")
61873 [24d7ce2f9e101babc2c6910dba10733a] FileMergingSnapshotManager [rescale0 (1/4)#0] INFO  Created a directory file:/var/folders/m8/q6f016tn6cl2cp86hfq331_w0000gp/T/junit-4734462783579597589/junit13142933359846577828/24d7ce2f9e101babc2c6910dba10733a/shared/job_24d7ce2f9e101babc2c6910dba10733a_op_7b4c6fe4c6df355e1ed86e978ba4a96e_0_4 for checkpoint file-merging.
61873 [24d7ce2f9e101babc2c6910dba10733a] Task [rescale0 (1/4)#0] INFO  rescale0 (1/4)#0 (cdee96a471091d0f988b73c94fbccfad_7b4c6fe4c6df355e1ed86e978ba4a96e_0_0) switched from DEPLOYING to INITIALIZING.
61873 [24d7ce2f9e101babc2c6910dba10733a] FileMergingSnapshotManager [failing-map (1/3)#0] INFO  Created a directory file:/var/folders/m8/q6f016tn6cl2cp86hfq331_w0000gp/T/junit-4734462783579597589/junit13142933359846577828/24d7ce2f9e101babc2c6910dba10733a/shared/job_24d7ce2f9e101babc2c6910dba10733a_op_b8c789ec3a44294cb45da029ffe0e6fd_0_3 for checkpoint file-merging.
61873 [24d7ce2f9e101babc2c6910dba10733a] Task [failing-map (1/3)#0] INFO  failing-map (1/3)#0 (cdee96a471091d0f988b73c94fbccfad_b8c789ec3a44294cb45da029ffe0e6fd_0_0) switched from DEPLOYING to INITIALIZING.
61873 [24d7ce2f9e101babc2c6910dba10733a] TaskExecutor [flink-pekko.actor.default-dispatcher-5] INFO  Received task Sink: sink (1/1)#0 (cdee96a471091d0f988b73c94fbccfad_2e588ce1c86a9d46e2e85186773ce4fd_0_0), deploy into slot with allocation id 3fdf29fbfb0f93ff5f424cd1637271b2.
61873 [24d7ce2f9e101babc2c6910dba10733a] StateBackendLoader [upscale0 (6/6)#0] INFO  State backend is set to heap memory org.apache.flink.runtime.state.hashmap.HashMapStateBackend@74a0b58a
61873 [24d7ce2f9e101babc2c6910dba10733a] Task [keyby0 (1/3)#0] INFO  keyby0 (1/3)#0 (cdee96a471091d0f988b73c94fbccfad_e32648f4a493dd25fdd7d9c66c500390_0_0) switched from INITIALIZING to RUNNING.
61873 [24d7ce2f9e101babc2c6910dba10733a] StateBackendLoader [rescale0 (1/4)#0] INFO  State backend is set to heap memory org.apache.flink.runtime.state.hashmap.HashMapStateBackend@643cde3f
61873 [24d7ce2f9e101babc2c6910dba10733a] Task [Sink: sink (1/1)#0] INFO  Sink: sink (1/1)#0 (cdee96a471091d0f988b73c94fbccfad_2e588ce1c86a9d46e2e85186773ce4fd_0_0) switched from CREATED to DEPLOYING.
61873 [24d7ce2f9e101babc2c6910dba10733a] Task [Sink: sink (1/1)#0] INFO  Loading JAR files for task Sink: sink (1/1)#0 (cdee96a471091d0f988b73c94fbccfad_2e588ce1c86a9d46e2e85186773ce4fd_0_0) [DEPLOYING].
61873 [24d7ce2f9e101babc2c6910dba10733a] StreamTask [Sink: sink (1/1)#0] INFO  State backend is set to heap memory org.apache.flink.runtime.state.hashmap.HashMapStateBackend@76fcf1b1
61873 [24d7ce2f9e101babc2c6910dba10733a] StateBackendLoader [Sink: sink (1/1)#0] INFO  State backend loader loads the state backend as HashMapStateBackend
61873 [24d7ce2f9e101babc2c6910dba10733a] StreamTask [Sink: sink (1/1)#0] INFO  Checkpoint storage is set to 'filesystem': (checkpoints "file:/var/folders/m8/q6f016tn6cl2cp86hfq331_w0000gp/T/junit-4734462783579597589/junit13142933359846577828")
61873 [24d7ce2f9e101babc2c6910dba10733a] Task [upscale0 (5/6)#0] WARN  upscale0 (5/6)#0 (cdee96a471091d0f988b73c94fbccfad_7559af08559a2c7079a359b85b7edab5_4_0) switched from RUNNING to FAILED with failure cause:
java.lang.IllegalArgumentException: Stream corrupted. Cannot find the header abcdeafc00000000 in the value 20f66abcd
	at org.apache.flink.test.checkpointing.UnalignedCheckpointTestBase.checkHeader(UnalignedCheckpointTestBase.java:1205)
	at org.apache.flink.test.checkpointing.UnalignedCheckpointRescaleITCase$Topology.lambda$createSourcePipeline$d77cc068$3(UnalignedCheckpointRescaleITCase.java:491)
	at org.apache.flink.streaming.api.operators.StreamMap.processElement(StreamMap.java:37)
	at org.apache.flink.streaming.runtime.tasks.OneInputStreamTask$StreamTaskNetworkOutput.emitRecord(OneInputStreamTask.java:252)
	at org.apache.flink.streaming.runtime.io.AbstractStreamTaskNetworkInput.processElement(AbstractStreamTaskNetworkInput.java:213)
	at org.apache.flink.streaming.runtime.io.AbstractStreamTaskNetworkInput.emitNext(AbstractStreamTaskNetworkInput.java:170)
	at org.apache.flink.streaming.runtime.io.StreamOneInputProcessor.processInput(StreamOneInputProcessor.java:65)
	at org.apache.flink.streaming.runtime.tasks.StreamTask.processInput(StreamTask.java:672)
	at org.apache.flink.streaming.runtime.tasks.mailbox.MailboxProcessor.runMailboxLoop(MailboxProcessor.java:231)
	at org.apache.flink.streaming.runtime.tasks.StreamTask.runMailboxLoop(StreamTask.java:1201)
	at org.apache.flink.streaming.runtime.tasks.StreamTask.invoke(StreamTask.java:1138)
	at org.apache.flink.runtime.taskmanager.Task.runWithSystemExitMonitoring(Task.java:987)
	at org.apache.flink.runtime.taskmanager.Task.restoreAndInvoke(Task.java:969)
	at org.apache.flink.runtime.taskmanager.Task.doRun(Task.java:774)
	at org.apache.flink.runtime.taskmanager.Task.run(Task.java:579)
	at java.base/java.lang.Thread.run(Thread.java:829)
61873 [24d7ce2f9e101babc2c6910dba10733a] FileMergingSnapshotManager [Sink: sink (1/1)#0] INFO  Created a directory file:/var/folders/m8/q6f016tn6cl2cp86hfq331_w0000gp/T/junit-4734462783579597589/junit13142933359846577828/24d7ce2f9e101babc2c6910dba10733a/shared/job_24d7ce2f9e101babc2c6910dba10733a_op_2e588ce1c86a9d46e2e85186773ce4fd_0_1 for checkpoint file-merging.
61873 [24d7ce2f9e101babc2c6910dba10733a] Task [keyby0 (3/3)#0] INFO  keyby0 (3/3)#0 (cdee96a471091d0f988b73c94fbccfad_e32648f4a493dd25fdd7d9c66c500390_2_0) switched from INITIALIZING to RUNNING.
61873 [24d7ce2f9e101babc2c6910dba10733a] Task [Sink: sink (1/1)#0] INFO  Sink: sink (1/1)#0 (cdee96a471091d0f988b73c94fbccfad_2e588ce1c86a9d46e2e85186773ce4fd_0_0) switched from DEPLOYING to INITIALIZING.
61873 [24d7ce2f9e101babc2c6910dba10733a] ExecutionGraph [flink-pekko.actor.default-dispatcher-8] INFO  Source: source0 -> input-filter0 -> input-counter0 (3/3) (cdee96a471091d0f988b73c94fbccfad_3e9b902627593008a6d790e9aeca7953_2_0) switched from INITIALIZING to RUNNING.
61874 [24d7ce2f9e101babc2c6910dba10733a] ExecutionGraph [flink-pekko.actor.default-dispatcher-8] INFO  rescale0 (4/4) (cdee96a471091d0f988b73c94fbccfad_7b4c6fe4c6df355e1ed86e978ba4a96e_3_0) switched from DEPLOYING to INITIALIZING.
61874 [24d7ce2f9e101babc2c6910dba10733a] StateBackendLoader [Sink: sink (1/1)#0] INFO  State backend is set to heap memory org.apache.flink.runtime.state.hashmap.HashMapStateBackend@4c625988
61874 [24d7ce2f9e101babc2c6910dba10733a] StateBackendLoader [failing-map (1/3)#0] INFO  State backend is set to heap memory org.apache.flink.runtime.state.hashmap.HashMapStateBackend@fcb105b
61874 [24d7ce2f9e101babc2c6910dba10733a] Task [downscale0 (2/4)#0] INFO  downscale0 (2/4)#0 (cdee96a471091d0f988b73c94fbccfad_579c351891399448b6165717925f2b21_1_0) switched from INITIALIZING to RUNNING.
61874 [24d7ce2f9e101babc2c6910dba10733a] Task [upscale0 (5/6)#0] INFO  Freeing task resources for upscale0 (5/6)#0 (cdee96a471091d0f988b73c94fbccfad_7559af08559a2c7079a359b85b7edab5_4_0).
61874 [24d7ce2f9e101babc2c6910dba10733a] ExecutionGraph [flink-pekko.actor.default-dispatcher-8] INFO  upscale0 (3/6) (cdee96a471091d0f988b73c94fbccfad_7559af08559a2c7079a359b85b7edab5_2_0) switched from INITIALIZING to RUNNING.
61874 [                                ] TaskExecutor [flink-pekko.actor.default-dispatcher-9] INFO  Un-registering task and sending final execution state FAILED to JobManager for task upscale0 (5/6)#0 cdee96a471091d0f988b73c94fbccfad_7559af08559a2c7079a359b85b7edab5_4_0.
61874 [24d7ce2f9e101babc2c6910dba10733a] KryoSerializer [Sink: sink (1/1)#0] INFO  Legacy kryo serializer scala extensions are not available.
61874 [24d7ce2f9e101babc2c6910dba10733a] KryoSerializer [Sink: sink (1/1)#0] INFO  Kryo serializer scala extensions are not available.
61874 [24d7ce2f9e101babc2c6910dba10733a] KryoSerializer [failing-map (1/3)#0] INFO  Legacy kryo serializer scala extensions are not available.
61874 [24d7ce2f9e101babc2c6910dba10733a] KryoSerializer [failing-map (1/3)#0] INFO  Kryo serializer scala extensions are not available.
61875 [24d7ce2f9e101babc2c6910dba10733a] Task [failing-map (2/3)#0] INFO  failing-map (2/3)#0 (cdee96a471091d0f988b73c94fbccfad_b8c789ec3a44294cb45da029ffe0e6fd_1_0) switched from DEPLOYING to INITIALIZING.
61875 [24d7ce2f9e101babc2c6910dba10733a] TaskSlotTableImpl [flink-pekko.actor.default-dispatcher-7] INFO  Activate slot a5aca8ae1d49f3a0b9655aad231e85ea.
61875 [24d7ce2f9e101babc2c6910dba10733a] Task [downscale0 (4/4)#0] INFO  downscale0 (4/4)#0 (cdee96a471091d0f988b73c94fbccfad_579c351891399448b6165717925f2b21_3_0) switched from CREATED to DEPLOYING.
61875 [24d7ce2f9e101babc2c6910dba10733a] StateBackendLoader [failing-map (2/3)#0] INFO  State backend is set to heap memory org.apache.flink.runtime.state.hashmap.HashMapStateBackend@75040748
61875 [24d7ce2f9e101babc2c6910dba10733a] ExecutionGraph [flink-pekko.actor.default-dispatcher-8] INFO  Source: source0 -> input-filter0 -> input-counter0 (1/3) (cdee96a471091d0f988b73c94fbccfad_3e9b902627593008a6d790e9aeca7953_0_0) switched from INITIALIZING to RUNNING.
61875 [24d7ce2f9e101babc2c6910dba10733a] Task [downscale0 (4/4)#0] INFO  Loading JAR files for task downscale0 (4/4)#0 (cdee96a471091d0f988b73c94fbccfad_579c351891399448b6165717925f2b21_3_0) [DEPLOYING].
61875 [24d7ce2f9e101babc2c6910dba10733a] ExecutionGraph [flink-pekko.actor.default-dispatcher-8] INFO  rescale0 (2/4) (cdee96a471091d0f988b73c94fbccfad_7b4c6fe4c6df355e1ed86e978ba4a96e_1_0) switched from DEPLOYING to INITIALIZING.
61875 [24d7ce2f9e101babc2c6910dba10733a] Task [rescale0 (1/4)#0] INFO  rescale0 (1/4)#0 (cdee96a471091d0f988b73c94fbccfad_7b4c6fe4c6df355e1ed86e978ba4a96e_0_0) switched from INITIALIZING to RUNNING.
61876 [24d7ce2f9e101babc2c6910dba10733a] StreamTask [downscale0 (4/4)#0] INFO  State backend is set to heap memory org.apache.flink.runtime.state.hashmap.HashMapStateBackend@458b25a1
61876 [24d7ce2f9e101babc2c6910dba10733a] StateBackendLoader [downscale0 (4/4)#0] INFO  State backend loader loads the state backend as HashMapStateBackend
61876 [24d7ce2f9e101babc2c6910dba10733a] StreamTask [downscale0 (4/4)#0] INFO  Checkpoint storage is set to 'filesystem': (checkpoints "file:/var/folders/m8/q6f016tn6cl2cp86hfq331_w0000gp/T/junit-4734462783579597589/junit13142933359846577828")
61876 [24d7ce2f9e101babc2c6910dba10733a] ExecutionGraph [flink-pekko.actor.default-dispatcher-8] INFO  Source: source0 -> input-filter0 -> input-counter0 (2/3) (cdee96a471091d0f988b73c94fbccfad_3e9b902627593008a6d790e9aeca7953_1_0) switched from INITIALIZING to RUNNING.
61876 [24d7ce2f9e101babc2c6910dba10733a] ExecutionGraph [flink-pekko.actor.default-dispatcher-8] INFO  rescale0 (2/4) (cdee96a471091d0f988b73c94fbccfad_7b4c6fe4c6df355e1ed86e978ba4a96e_1_0) switched from INITIALIZING to RUNNING.
61876 [24d7ce2f9e101babc2c6910dba10733a] FileMergingSnapshotManager [downscale0 (4/4)#0] INFO  Created a directory file:/var/folders/m8/q6f016tn6cl2cp86hfq331_w0000gp/T/junit-4734462783579597589/junit13142933359846577828/24d7ce2f9e101babc2c6910dba10733a/shared/job_24d7ce2f9e101babc2c6910dba10733a_op_579c351891399448b6165717925f2b21_3_4 for checkpoint file-merging.
61876 [24d7ce2f9e101babc2c6910dba10733a] Task [downscale0 (4/4)#0] INFO  downscale0 (4/4)#0 (cdee96a471091d0f988b73c94fbccfad_579c351891399448b6165717925f2b21_3_0) switched from DEPLOYING to INITIALIZING.
61876 [24d7ce2f9e101babc2c6910dba10733a] ExecutionGraph [flink-pekko.actor.default-dispatcher-8] INFO  rescale0 (3/4) (cdee96a471091d0f988b73c94fbccfad_7b4c6fe4c6df355e1ed86e978ba4a96e_2_0) switched from DEPLOYING to INITIALIZING.
61876 [24d7ce2f9e101babc2c6910dba10733a] TaskExecutor [flink-pekko.actor.default-dispatcher-7] INFO  Received task failing-map (3/3)#0 (cdee96a471091d0f988b73c94fbccfad_b8c789ec3a44294cb45da029ffe0e6fd_2_0), deploy into slot with allocation id a5aca8ae1d49f3a0b9655aad231e85ea.
61876 [24d7ce2f9e101babc2c6910dba10733a] ExecutionGraph [flink-pekko.actor.default-dispatcher-8] INFO  upscale0 (4/6) (cdee96a471091d0f988b73c94fbccfad_7559af08559a2c7079a359b85b7edab5_3_0) switched from INITIALIZING to RUNNING.
61876 [24d7ce2f9e101babc2c6910dba10733a] ExecutionGraph [flink-pekko.actor.default-dispatcher-8] INFO  upscale0 (1/6) (cdee96a471091d0f988b73c94fbccfad_7559af08559a2c7079a359b85b7edab5_0_0) switched from INITIALIZING to RUNNING.
61876 [24d7ce2f9e101babc2c6910dba10733a] ExecutionGraph [flink-pekko.actor.default-dispatcher-8] INFO  upscale0 (2/6) (cdee96a471091d0f988b73c94fbccfad_7559af08559a2c7079a359b85b7edab5_1_0) switched from INITIALIZING to RUNNING.
61876 [24d7ce2f9e101babc2c6910dba10733a] ExecutionGraph [flink-pekko.actor.default-dispatcher-8] INFO  rescale0 (4/4) (cdee96a471091d0f988b73c94fbccfad_7b4c6fe4c6df355e1ed86e978ba4a96e_3_0) switched from INITIALIZING to RUNNING.
61876 [24d7ce2f9e101babc2c6910dba10733a] ExecutionGraph [flink-pekko.actor.default-dispatcher-8] INFO  downscale0 (1/4) (cdee96a471091d0f988b73c94fbccfad_579c351891399448b6165717925f2b21_0_0) switched from INITIALIZING to RUNNING.
61876 [24d7ce2f9e101babc2c6910dba10733a] ExecutionGraph [flink-pekko.actor.default-dispatcher-8] INFO  keyby0 (1/3) (cdee96a471091d0f988b73c94fbccfad_e32648f4a493dd25fdd7d9c66c500390_0_0) switched from DEPLOYING to INITIALIZING.
61876 [24d7ce2f9e101babc2c6910dba10733a] ExecutionGraph [flink-pekko.actor.default-dispatcher-8] INFO  upscale0 (5/6) (cdee96a471091d0f988b73c94fbccfad_7559af08559a2c7079a359b85b7edab5_4_0) switched from DEPLOYING to INITIALIZING.
61876 [24d7ce2f9e101babc2c6910dba10733a] ExecutionGraph [flink-pekko.actor.default-dispatcher-8] INFO  downscale0 (3/4) (cdee96a471091d0f988b73c94fbccfad_579c351891399448b6165717925f2b21_2_0) switched from DEPLOYING to INITIALIZING.
61876 [24d7ce2f9e101babc2c6910dba10733a] ExecutionGraph [flink-pekko.actor.default-dispatcher-8] INFO  keyby0 (3/3) (cdee96a471091d0f988b73c94fbccfad_e32648f4a493dd25fdd7d9c66c500390_2_0) switched from DEPLOYING to INITIALIZING.
61876 [24d7ce2f9e101babc2c6910dba10733a] ExecutionGraph [flink-pekko.actor.default-dispatcher-8] INFO  keyby0 (2/3) (cdee96a471091d0f988b73c94fbccfad_e32648f4a493dd25fdd7d9c66c500390_1_0) switched from INITIALIZING to RUNNING.
61876 [24d7ce2f9e101babc2c6910dba10733a] ExecutionGraph [flink-pekko.actor.default-dispatcher-8] INFO  rescale0 (3/4) (cdee96a471091d0f988b73c94fbccfad_7b4c6fe4c6df355e1ed86e978ba4a96e_2_0) switched from INITIALIZING to RUNNING.
61876 [24d7ce2f9e101babc2c6910dba10733a] ExecutionGraph [flink-pekko.actor.default-dispatcher-8] INFO  downscale0 (2/4) (cdee96a471091d0f988b73c94fbccfad_579c351891399448b6165717925f2b21_1_0) switched from DEPLOYING to INITIALIZING.
61876 [24d7ce2f9e101babc2c6910dba10733a] ExecutionGraph [flink-pekko.actor.default-dispatcher-8] INFO  upscale0 (5/6) (cdee96a471091d0f988b73c94fbccfad_7559af08559a2c7079a359b85b7edab5_4_0) switched from INITIALIZING to RUNNING.
61876 [24d7ce2f9e101babc2c6910dba10733a] ExecutionGraph [flink-pekko.actor.default-dispatcher-8] INFO  downscale0 (3/4) (cdee96a471091d0f988b73c94fbccfad_579c351891399448b6165717925f2b21_2_0) switched from INITIALIZING to RUNNING.
61876 [24d7ce2f9e101babc2c6910dba10733a] ExecutionGraph [flink-pekko.actor.default-dispatcher-8] INFO  upscale0 (6/6) (cdee96a471091d0f988b73c94fbccfad_7559af08559a2c7079a359b85b7edab5_5_0) switched from DEPLOYING to INITIALIZING.
61876 [24d7ce2f9e101babc2c6910dba10733a] ExecutionGraph [flink-pekko.actor.default-dispatcher-8] INFO  rescale0 (1/4) (cdee96a471091d0f988b73c94fbccfad_7b4c6fe4c6df355e1ed86e978ba4a96e_0_0) switched from DEPLOYING to INITIALIZING.
61876 [24d7ce2f9e101babc2c6910dba10733a] ExecutionGraph [flink-pekko.actor.default-dispatcher-8] INFO  failing-map (1/3) (cdee96a471091d0f988b73c94fbccfad_b8c789ec3a44294cb45da029ffe0e6fd_0_0) switched from DEPLOYING to INITIALIZING.
61876 [24d7ce2f9e101babc2c6910dba10733a] ExecutionGraph [flink-pekko.actor.default-dispatcher-8] INFO  keyby0 (1/3) (cdee96a471091d0f988b73c94fbccfad_e32648f4a493dd25fdd7d9c66c500390_0_0) switched from INITIALIZING to RUNNING.
61876 [24d7ce2f9e101babc2c6910dba10733a] ExecutionGraph [flink-pekko.actor.default-dispatcher-8] INFO  keyby0 (3/3) (cdee96a471091d0f988b73c94fbccfad_e32648f4a493dd25fdd7d9c66c500390_2_0) switched from INITIALIZING to RUNNING.
61876 [24d7ce2f9e101babc2c6910dba10733a] ExecutionGraph [flink-pekko.actor.default-dispatcher-8] INFO  Sink: sink (1/1) (cdee96a471091d0f988b73c94fbccfad_2e588ce1c86a9d46e2e85186773ce4fd_0_0) switched from DEPLOYING to INITIALIZING.
61876 [24d7ce2f9e101babc2c6910dba10733a] ExecutionGraph [flink-pekko.actor.default-dispatcher-8] INFO  downscale0 (2/4) (cdee96a471091d0f988b73c94fbccfad_579c351891399448b6165717925f2b21_1_0) switched from INITIALIZING to RUNNING.
61876 [24d7ce2f9e101babc2c6910dba10733a] ExecutionGraph [flink-pekko.actor.default-dispatcher-8] INFO  upscale0 (5/6) (cdee96a471091d0f988b73c94fbccfad_7559af08559a2c7079a359b85b7edab5_4_0) switched from RUNNING to FAILED on 44d6814a-3d49-482e-b31f-42fe9ab35959 @ localhost (dataPort=64566).
java.lang.IllegalArgumentException: Stream corrupted. Cannot find the header abcdeafc00000000 in the value 20f66abcd
	at org.apache.flink.test.checkpointing.UnalignedCheckpointTestBase.checkHeader(UnalignedCheckpointTestBase.java:1205)
	at org.apache.flink.test.checkpointing.UnalignedCheckpointRescaleITCase$Topology.lambda$createSourcePipeline$d77cc068$3(UnalignedCheckpointRescaleITCase.java:491)
	at org.apache.flink.streaming.api.operators.StreamMap.processElement(StreamMap.java:37)
	at org.apache.flink.streaming.runtime.tasks.OneInputStreamTask$StreamTaskNetworkOutput.emitRecord(OneInputStreamTask.java:252)
	at org.apache.flink.streaming.runtime.io.AbstractStreamTaskNetworkInput.processElement(AbstractStreamTaskNetworkInput.java:213)
	at org.apache.flink.streaming.runtime.io.AbstractStreamTaskNetworkInput.emitNext(AbstractStreamTaskNetworkInput.java:170)
	at org.apache.flink.streaming.runtime.io.StreamOneInputProcessor.processInput(StreamOneInputProcessor.java:65)
	at org.apache.flink.streaming.runtime.tasks.StreamTask.processInput(StreamTask.java:672)
	at org.apache.flink.streaming.runtime.tasks.mailbox.MailboxProcessor.runMailboxLoop(MailboxProcessor.java:231)
	at org.apache.flink.streaming.runtime.tasks.StreamTask.runMailboxLoop(StreamTask.java:1201)
	at org.apache.flink.streaming.runtime.tasks.StreamTask.invoke(StreamTask.java:1138)
	at org.apache.flink.runtime.taskmanager.Task.runWithSystemExitMonitoring(Task.java:987)
	at org.apache.flink.runtime.taskmanager.Task.restoreAndInvoke(Task.java:969)
	at org.apache.flink.runtime.taskmanager.Task.doRun(Task.java:774)
	at org.apache.flink.runtime.taskmanager.Task.run(Task.java:579)
	at java.base/java.lang.Thread.run(Thread.java:829)
61876 [24d7ce2f9e101babc2c6910dba10733a] ExecutionGraph [flink-pekko.actor.default-dispatcher-8] INFO  Job Flink Streaming Job (24d7ce2f9e101babc2c6910dba10733a) switched from state RUNNING to FAILING.
org.apache.flink.runtime.JobException: Recovery is suppressed by FixedDelayRestartBackoffTimeStrategy(maxNumberRestartAttempts=0, backoffTimeMS=100)
	at org.apache.flink.runtime.executiongraph.failover.ExecutionFailureHandler.handleFailure(ExecutionFailureHandler.java:213)
	at org.apache.flink.runtime.executiongraph.failover.ExecutionFailureHandler.handleFailureAndReport(ExecutionFailureHandler.java:163)
	at org.apache.flink.runtime.executiongraph.failover.ExecutionFailureHandler.getFailureHandlingResult(ExecutionFailureHandler.java:118)
	at org.apache.flink.runtime.scheduler.DefaultScheduler.recordTaskFailure(DefaultScheduler.java:300)
	at org.apache.flink.runtime.scheduler.DefaultScheduler.handleTaskFailure(DefaultScheduler.java:291)
	at org.apache.flink.runtime.scheduler.DefaultScheduler.onTaskFailed(DefaultScheduler.java:284)
	at org.apache.flink.runtime.scheduler.SchedulerBase.onTaskExecutionStateUpdate(SchedulerBase.java:836)
	at org.apache.flink.runtime.scheduler.SchedulerBase.updateTaskExecutionState(SchedulerBase.java:813)
	at org.apache.flink.runtime.scheduler.SchedulerNG.updateTaskExecutionState(SchedulerNG.java:90)
	at org.apache.flink.runtime.jobmaster.JobMaster.updateTaskExecutionState(JobMaster.java:543)
	at jdk.internal.reflect.GeneratedMethodAccessor33.invoke(Unknown Source)
	at java.base/jdk.internal.reflect.DelegatingMethodAccessorImpl.invoke(DelegatingMethodAccessorImpl.java:43)
	at java.base/java.lang.reflect.Method.invoke(Method.java:566)
	at org.apache.flink.runtime.rpc.pekko.PekkoRpcActor.lambda$handleRpcInvocation$1(PekkoRpcActor.java:318)
	at org.apache.flink.runtime.concurrent.ClassLoadingUtils.runWithContextClassLoader(ClassLoadingUtils.java:83)
	at org.apache.flink.runtime.rpc.pekko.PekkoRpcActor.handleRpcInvocation(PekkoRpcActor.java:316)
	at org.apache.flink.runtime.rpc.pekko.PekkoRpcActor.handleRpcMessage(PekkoRpcActor.java:229)
	at org.apache.flink.runtime.rpc.pekko.FencedPekkoRpcActor.handleRpcMessage(FencedPekkoRpcActor.java:88)
	at org.apache.flink.runtime.rpc.pekko.PekkoRpcActor.handleMessage(PekkoRpcActor.java:174)
	at org.apache.pekko.japi.pf.UnitCaseStatement.apply(CaseStatements.scala:37)
	at org.apache.pekko.japi.pf.UnitCaseStatement.apply(CaseStatements.scala:33)
	at scala.PartialFunction.applyOrElse(PartialFunction.scala:127)
	at scala.PartialFunction.applyOrElse$(PartialFunction.scala:126)
	at org.apache.pekko.japi.pf.UnitCaseStatement.applyOrElse(CaseStatements.scala:33)
	at scala.PartialFunction$OrElse.applyOrElse(PartialFunction.scala:175)
	at scala.PartialFunction$OrElse.applyOrElse(PartialFunction.scala:176)
	at scala.PartialFunction$OrElse.applyOrElse(PartialFunction.scala:176)
	at org.apache.pekko.actor.Actor.aroundReceive(Actor.scala:547)
	at org.apache.pekko.actor.Actor.aroundReceive$(Actor.scala:545)
	at org.apache.pekko.actor.AbstractActor.aroundReceive(AbstractActor.scala:229)
	at org.apache.pekko.actor.ActorCell.receiveMessage(ActorCell.scala:590)
	at org.apache.pekko.actor.ActorCell.invoke(ActorCell.scala:557)
	at org.apache.pekko.dispatch.Mailbox.processMailbox(Mailbox.scala:273)
	at org.apache.pekko.dispatch.Mailbox.run(Mailbox.scala:234)
	at org.apache.pekko.dispatch.Mailbox.exec(Mailbox.scala:246)
	at java.base/java.util.concurrent.ForkJoinTask.doExec(ForkJoinTask.java:290)
	at java.base/java.util.concurrent.ForkJoinPool$WorkQueue.topLevelExec(ForkJoinPool.java:1020)
	at java.base/java.util.concurrent.ForkJoinPool.scan(ForkJoinPool.java:1656)
	at java.base/java.util.concurrent.ForkJoinPool.runWorker(ForkJoinPool.java:1594)
	at java.base/java.util.concurrent.ForkJoinWorkerThread.run(ForkJoinWorkerThread.java:183)
Caused by: java.lang.IllegalArgumentException: Stream corrupted. Cannot find the header abcdeafc00000000 in the value 20f66abcd
	at org.apache.flink.test.checkpointing.UnalignedCheckpointTestBase.checkHeader(UnalignedCheckpointTestBase.java:1205)
	at org.apache.flink.test.checkpointing.UnalignedCheckpointRescaleITCase$Topology.lambda$createSourcePipeline$d77cc068$3(UnalignedCheckpointRescaleITCase.java:491)
	at org.apache.flink.streaming.api.operators.StreamMap.processElement(StreamMap.java:37)
	at org.apache.flink.streaming.runtime.tasks.OneInputStreamTask$StreamTaskNetworkOutput.emitRecord(OneInputStreamTask.java:252)
	at org.apache.flink.streaming.runtime.io.AbstractStreamTaskNetworkInput.processElement(AbstractStreamTaskNetworkInput.java:213)
	at org.apache.flink.streaming.runtime.io.AbstractStreamTaskNetworkInput.emitNext(AbstractStreamTaskNetworkInput.java:170)
	at org.apache.flink.streaming.runtime.io.StreamOneInputProcessor.processInput(StreamOneInputProcessor.java:65)
	at org.apache.flink.streaming.runtime.tasks.StreamTask.processInput(StreamTask.java:672)
	at org.apache.flink.streaming.runtime.tasks.mailbox.MailboxProcessor.runMailboxLoop(MailboxProcessor.java:231)
	at org.apache.flink.streaming.runtime.tasks.StreamTask.runMailboxLoop(StreamTask.java:1201)
	at org.apache.flink.streaming.runtime.tasks.StreamTask.invoke(StreamTask.java:1138)
	at org.apache.flink.runtime.taskmanager.Task.runWithSystemExitMonitoring(Task.java:987)
	at org.apache.flink.runtime.taskmanager.Task.restoreAndInvoke(Task.java:969)
	at org.apache.flink.runtime.taskmanager.Task.doRun(Task.java:774)
	at org.apache.flink.runtime.taskmanager.Task.run(Task.java:579)
	at java.base/java.lang.Thread.run(Thread.java:829)
61876 [24d7ce2f9e101babc2c6910dba10733a] ExecutionGraph [flink-pekko.actor.default-dispatcher-8] INFO  Source: source0 -> input-filter0 -> input-counter0 (1/3) (cdee96a471091d0f988b73c94fbccfad_3e9b902627593008a6d790e9aeca7953_0_0) switched from RUNNING to CANCELING.
61876 [24d7ce2f9e101babc2c6910dba10733a] ExecutionGraph [flink-pekko.actor.default-dispatcher-8] INFO  Source: source0 -> input-filter0 -> input-counter0 (2/3) (cdee96a471091d0f988b73c94fbccfad_3e9b902627593008a6d790e9aeca7953_1_0) switched from RUNNING to CANCELING.
61877 [24d7ce2f9e101babc2c6910dba10733a] ExecutionGraph [flink-pekko.actor.default-dispatcher-8] INFO  Source: source0 -> input-filter0 -> input-counter0 (3/3) (cdee96a471091d0f988b73c94fbccfad_3e9b902627593008a6d790e9aeca7953_2_0) switched from RUNNING to CANCELING.
61877 [24d7ce2f9e101babc2c6910dba10733a] ExecutionGraph [flink-pekko.actor.default-dispatcher-8] INFO  global0 (1/3) (cdee96a471091d0f988b73c94fbccfad_4eca6edb63b17eb77deb9de060a699d1_0_0) switched from RUNNING to CANCELING.
61877 [24d7ce2f9e101babc2c6910dba10733a] ExecutionGraph [flink-pekko.actor.default-dispatcher-8] INFO  global0 (2/3) (cdee96a471091d0f988b73c94fbccfad_4eca6edb63b17eb77deb9de060a699d1_1_0) switched from RUNNING to CANCELING.
61877 [24d7ce2f9e101babc2c6910dba10733a] Task [flink-pekko.actor.default-dispatcher-5] INFO  Attempting to cancel task Source: source0 -> input-filter0 -> input-counter0 (1/3)#0 (cdee96a471091d0f988b73c94fbccfad_3e9b902627593008a6d790e9aeca7953_0_0).
61877 [24d7ce2f9e101babc2c6910dba10733a] Task [flink-pekko.actor.default-dispatcher-9] INFO  Attempting to cancel task Source: source0 -> input-filter0 -> input-counter0 (3/3)#0 (cdee96a471091d0f988b73c94fbccfad_3e9b902627593008a6d790e9aeca7953_2_0).
61877 [24d7ce2f9e101babc2c6910dba10733a] ExecutionGraph [flink-pekko.actor.default-dispatcher-8] INFO  global0 (3/3) (cdee96a471091d0f988b73c94fbccfad_4eca6edb63b17eb77deb9de060a699d1_2_0) switched from RUNNING to CANCELING.
61877 [24d7ce2f9e101babc2c6910dba10733a] Task [flink-pekko.actor.default-dispatcher-9] INFO  Source: source0 -> input-filter0 -> input-counter0 (3/3)#0 (cdee96a471091d0f988b73c94fbccfad_3e9b902627593008a6d790e9aeca7953_2_0) switched from RUNNING to CANCELING.
61877 [24d7ce2f9e101babc2c6910dba10733a] Task [flink-pekko.actor.default-dispatcher-5] INFO  Source: source0 -> input-filter0 -> input-counter0 (1/3)#0 (cdee96a471091d0f988b73c94fbccfad_3e9b902627593008a6d790e9aeca7953_0_0) switched from RUNNING to CANCELING.
61877 [24d7ce2f9e101babc2c6910dba10733a] Task [flink-pekko.actor.default-dispatcher-9] INFO  Triggering cancellation of task code Source: source0 -> input-filter0 -> input-counter0 (3/3)#0 (cdee96a471091d0f988b73c94fbccfad_3e9b902627593008a6d790e9aeca7953_2_0).
61877 [24d7ce2f9e101babc2c6910dba10733a] Task [flink-pekko.actor.default-dispatcher-5] INFO  Triggering cancellation of task code Source: source0 -> input-filter0 -> input-counter0 (1/3)#0 (cdee96a471091d0f988b73c94fbccfad_3e9b902627593008a6d790e9aeca7953_0_0).
61877 [24d7ce2f9e101babc2c6910dba10733a] ExecutionGraph [flink-pekko.actor.default-dispatcher-8] INFO  rebalance0 (1/4) (cdee96a471091d0f988b73c94fbccfad_25a6d73fce56b9559bed0247061e93e0_0_0) switched from RUNNING to CANCELING.
61877 [24d7ce2f9e101babc2c6910dba10733a] ExecutionGraph [flink-pekko.actor.default-dispatcher-8] INFO  rebalance0 (2/4) (cdee96a471091d0f988b73c94fbccfad_25a6d73fce56b9559bed0247061e93e0_1_0) switched from RUNNING to CANCELING.
61877 [24d7ce2f9e101babc2c6910dba10733a] ExecutionGraph [flink-pekko.actor.default-dispatcher-8] INFO  rebalance0 (3/4) (cdee96a471091d0f988b73c94fbccfad_25a6d73fce56b9559bed0247061e93e0_2_0) switched from RUNNING to CANCELING.
61877 [24d7ce2f9e101babc2c6910dba10733a] ExecutionGraph [flink-pekko.actor.default-dispatcher-8] INFO  rebalance0 (4/4) (cdee96a471091d0f988b73c94fbccfad_25a6d73fce56b9559bed0247061e93e0_3_0) switched from RUNNING to CANCELING.
61877 [24d7ce2f9e101babc2c6910dba10733a] StateBackendLoader [downscale0 (4/4)#0] INFO  State backend is set to heap memory org.apache.flink.runtime.state.hashmap.HashMapStateBackend@62449af7
61877 [24d7ce2f9e101babc2c6910dba10733a] ExecutionGraph [flink-pekko.actor.default-dispatcher-8] INFO  upscale0 (1/6) (cdee96a471091d0f988b73c94fbccfad_7559af08559a2c7079a359b85b7edab5_0_0) switched from RUNNING to CANCELING.
61877 [24d7ce2f9e101babc2c6910dba10733a] ExecutionGraph [flink-pekko.actor.default-dispatcher-8] INFO  upscale0 (2/6) (cdee96a471091d0f988b73c94fbccfad_7559af08559a2c7079a359b85b7edab5_1_0) switched from RUNNING to CANCELING.
61877 [24d7ce2f9e101babc2c6910dba10733a] ExecutionGraph [flink-pekko.actor.default-dispatcher-8] INFO  upscale0 (3/6) (cdee96a471091d0f988b73c94fbccfad_7559af08559a2c7079a359b85b7edab5_2_0) switched from RUNNING to CANCELING.
61877 [24d7ce2f9e101babc2c6910dba10733a] ExecutionGraph [flink-pekko.actor.default-dispatcher-8] INFO  upscale0 (4/6) (cdee96a471091d0f988b73c94fbccfad_7559af08559a2c7079a359b85b7edab5_3_0) switched from RUNNING to CANCELING.
61877 [24d7ce2f9e101babc2c6910dba10733a] Task [failing-map (3/3)#0] INFO  failing-map (3/3)#0 (cdee96a471091d0f988b73c94fbccfad_b8c789ec3a44294cb45da029ffe0e6fd_2_0) switched from CREATED to DEPLOYING.
61877 [                                ] TaskExecutor [flink-pekko.actor.default-dispatcher-7] INFO  Un-registering task and sending final execution state FAILED to JobManager for task upscale0 (2/6)#0 cdee96a471091d0f988b73c94fbccfad_7559af08559a2c7079a359b85b7edab5_1_0.
61877 [24d7ce2f9e101babc2c6910dba10733a] Task [failing-map (3/3)#0] INFO  Loading JAR files for task failing-map (3/3)#0 (cdee96a471091d0f988b73c94fbccfad_b8c789ec3a44294cb45da029ffe0e6fd_2_0) [DEPLOYING].
61877 [24d7ce2f9e101babc2c6910dba10733a] ExecutionGraph [flink-pekko.actor.default-dispatcher-8] INFO  upscale0 (6/6) (cdee96a471091d0f988b73c94fbccfad_7559af08559a2c7079a359b85b7edab5_5_0) switched from INITIALIZING to CANCELING.
61877 [24d7ce2f9e101babc2c6910dba10733a] ExecutionGraph [flink-pekko.actor.default-dispatcher-8] INFO  downscale0 (1/4) (cdee96a471091d0f988b73c94fbccfad_579c351891399448b6165717925f2b21_0_0) switched from RUNNING to CANCELING.
61877 [24d7ce2f9e101babc2c6910dba10733a] ExecutionGraph [flink-pekko.actor.default-dispatcher-8] INFO  downscale0 (2/4) (cdee96a471091d0f988b73c94fbccfad_579c351891399448b6165717925f2b21_1_0) switched from RUNNING to CANCELING.
61877 [24d7ce2f9e101babc2c6910dba10733a] Task [flink-pekko.actor.default-dispatcher-7] INFO  Attempting to cancel task Source: source0 -> input-filter0 -> input-counter0 (2/3)#0 (cdee96a471091d0f988b73c94fbccfad_3e9b902627593008a6d790e9aeca7953_1_0).
61877 [24d7ce2f9e101babc2c6910dba10733a] Task [flink-pekko.actor.default-dispatcher-7] INFO  Source: source0 -> input-filter0 -> input-counter0 (2/3)#0 (cdee96a471091d0f988b73c94fbccfad_3e9b902627593008a6d790e9aeca7953_1_0) switched from RUNNING to CANCELING.
61877 [24d7ce2f9e101babc2c6910dba10733a] ExecutionGraph [flink-pekko.actor.default-dispatcher-8] INFO  downscale0 (3/4) (cdee96a471091d0f988b73c94fbccfad_579c351891399448b6165717925f2b21_2_0) switched from RUNNING to CANCELING.
61877 [24d7ce2f9e101babc2c6910dba10733a] Task [flink-pekko.actor.default-dispatcher-7] INFO  Triggering cancellation of task code Source: source0 -> input-filter0 -> input-counter0 (2/3)#0 (cdee96a471091d0f988b73c94fbccfad_3e9b902627593008a6d790e9aeca7953_1_0).
61877 [24d7ce2f9e101babc2c6910dba10733a] ExecutionGraph [flink-pekko.actor.default-dispatcher-8] INFO  downscale0 (4/4) (cdee96a471091d0f988b73c94fbccfad_579c351891399448b6165717925f2b21_3_0) switched from DEPLOYING to CANCELING.
61877 [24d7ce2f9e101babc2c6910dba10733a] ExecutionGraph [flink-pekko.actor.default-dispatcher-8] INFO  keyby0 (1/3) (cdee96a471091d0f988b73c94fbccfad_e32648f4a493dd25fdd7d9c66c500390_0_0) switched from RUNNING to CANCELING.
61877 [24d7ce2f9e101babc2c6910dba10733a] ExecutionGraph [flink-pekko.actor.default-dispatcher-8] INFO  keyby0 (2/3) (cdee96a471091d0f988b73c94fbccfad_e32648f4a493dd25fdd7d9c66c500390_1_0) switched from RUNNING to CANCELING.
61877 [24d7ce2f9e101babc2c6910dba10733a] ExecutionGraph [flink-pekko.actor.default-dispatcher-8] INFO  keyby0 (3/3) (cdee96a471091d0f988b73c94fbccfad_e32648f4a493dd25fdd7d9c66c500390_2_0) switched from RUNNING to CANCELING.
61877 [24d7ce2f9e101babc2c6910dba10733a] ExecutionGraph [flink-pekko.actor.default-dispatcher-8] INFO  rescale0 (1/4) (cdee96a471091d0f988b73c94fbccfad_7b4c6fe4c6df355e1ed86e978ba4a96e_0_0) switched from INITIALIZING to CANCELING.
61877 [24d7ce2f9e101babc2c6910dba10733a] ExecutionGraph [flink-pekko.actor.default-dispatcher-8] INFO  rescale0 (2/4) (cdee96a471091d0f988b73c94fbccfad_7b4c6fe4c6df355e1ed86e978ba4a96e_1_0) switched from RUNNING to CANCELING.
61877 [24d7ce2f9e101babc2c6910dba10733a] ExecutionGraph [flink-pekko.actor.default-dispatcher-8] INFO  rescale0 (3/4) (cdee96a471091d0f988b73c94fbccfad_7b4c6fe4c6df355e1ed86e978ba4a96e_2_0) switched from RUNNING to CANCELING.
61877 [24d7ce2f9e101babc2c6910dba10733a] ExecutionGraph [flink-pekko.actor.default-dispatcher-8] INFO  rescale0 (4/4) (cdee96a471091d0f988b73c94fbccfad_7b4c6fe4c6df355e1ed86e978ba4a96e_3_0) switched from RUNNING to CANCELING.
61877 [24d7ce2f9e101babc2c6910dba10733a] ExecutionGraph [flink-pekko.actor.default-dispatcher-8] INFO  failing-map (1/3) (cdee96a471091d0f988b73c94fbccfad_b8c789ec3a44294cb45da029ffe0e6fd_0_0) switched from INITIALIZING to CANCELING.
61877 [24d7ce2f9e101babc2c6910dba10733a] ExecutionGraph [flink-pekko.actor.default-dispatcher-8] INFO  failing-map (2/3) (cdee96a471091d0f988b73c94fbccfad_b8c789ec3a44294cb45da029ffe0e6fd_1_0) switched from DEPLOYING to CANCELING.
61877 [24d7ce2f9e101babc2c6910dba10733a] ExecutionGraph [flink-pekko.actor.default-dispatcher-8] INFO  failing-map (3/3) (cdee96a471091d0f988b73c94fbccfad_b8c789ec3a44294cb45da029ffe0e6fd_2_0) switched from DEPLOYING to CANCELING.
61877 [24d7ce2f9e101babc2c6910dba10733a] ExecutionGraph [flink-pekko.actor.default-dispatcher-8] INFO  Sink: sink (1/1) (cdee96a471091d0f988b73c94fbccfad_2e588ce1c86a9d46e2e85186773ce4fd_0_0) switched from INITIALIZING to CANCELING.
61877 [24d7ce2f9e101babc2c6910dba10733a] ExecutionGraph [flink-pekko.actor.default-dispatcher-8] INFO  upscale0 (2/6) (cdee96a471091d0f988b73c94fbccfad_7559af08559a2c7079a359b85b7edab5_1_0) switched from CANCELING to CANCELED.
61877 [24d7ce2f9e101babc2c6910dba10733a] ExecutionGraph [flink-pekko.actor.default-dispatcher-8] INFO  Discarding the results produced by task execution cdee96a471091d0f988b73c94fbccfad_7559af08559a2c7079a359b85b7edab5_1_0.
61877 [24d7ce2f9e101babc2c6910dba10733a] ExecutionGraph [flink-pekko.actor.default-dispatcher-8] INFO  Discarding the results produced by task execution cdee96a471091d0f988b73c94fbccfad_7559af08559a2c7079a359b85b7edab5_1_0.
61877 [24d7ce2f9e101babc2c6910dba10733a] Task [Source: source0 -> input-filter0 -> input-counter0 (3/3)#0] INFO  Source: source0 -> input-filter0 -> input-counter0 (3/3)#0 (cdee96a471091d0f988b73c94fbccfad_3e9b902627593008a6d790e9aeca7953_2_0) switched from CANCELING to CANCELED.
61877 [24d7ce2f9e101babc2c6910dba10733a] Task [flink-pekko.actor.default-dispatcher-9] INFO  Attempting to cancel task global0 (3/3)#0 (cdee96a471091d0f988b73c94fbccfad_4eca6edb63b17eb77deb9de060a699d1_2_0).
61877 [24d7ce2f9e101babc2c6910dba10733a] Task [flink-pekko.actor.default-dispatcher-9] INFO  global0 (3/3)#0 (cdee96a471091d0f988b73c94fbccfad_4eca6edb63b17eb77deb9de060a699d1_2_0) switched from RUNNING to CANCELING.
61877 [24d7ce2f9e101babc2c6910dba10733a] Task [flink-pekko.actor.default-dispatcher-9] INFO  Triggering cancellation of task code global0 (3/3)#0 (cdee96a471091d0f988b73c94fbccfad_4eca6edb63b17eb77deb9de060a699d1_2_0).
61878 [24d7ce2f9e101babc2c6910dba10733a] Task [upscale0 (6/6)#0] INFO  upscale0 (6/6)#0 (cdee96a471091d0f988b73c94fbccfad_7559af08559a2c7079a359b85b7edab5_5_0) switched from INITIALIZING to RUNNING.
61878 [24d7ce2f9e101babc2c6910dba10733a] Task [Source: source0 -> input-filter0 -> input-counter0 (1/3)#0] INFO  Source: source0 -> input-filter0 -> input-counter0 (1/3)#0 (cdee96a471091d0f988b73c94fbccfad_3e9b902627593008a6d790e9aeca7953_0_0) switched from CANCELING to CANCELED.
61878 [24d7ce2f9e101babc2c6910dba10733a] Task [Source: source0 -> input-filter0 -> input-counter0 (3/3)#0] INFO  Freeing task resources for Source: source0 -> input-filter0 -> input-counter0 (3/3)#0 (cdee96a471091d0f988b73c94fbccfad_3e9b902627593008a6d790e9aeca7953_2_0).
61878 [24d7ce2f9e101babc2c6910dba10733a] Task [flink-pekko.actor.default-dispatcher-5] INFO  Attempting to cancel task global0 (1/3)#0 (cdee96a471091d0f988b73c94fbccfad_4eca6edb63b17eb77deb9de060a699d1_0_0).
61878 [24d7ce2f9e101babc2c6910dba10733a] Task [flink-pekko.actor.default-dispatcher-5] INFO  global0 (1/3)#0 (cdee96a471091d0f988b73c94fbccfad_4eca6edb63b17eb77deb9de060a699d1_0_0) switched from RUNNING to CANCELING.
61878 [24d7ce2f9e101babc2c6910dba10733a] Task [flink-pekko.actor.default-dispatcher-5] INFO  Triggering cancellation of task code global0 (1/3)#0 (cdee96a471091d0f988b73c94fbccfad_4eca6edb63b17eb77deb9de060a699d1_0_0).
61878 [24d7ce2f9e101babc2c6910dba10733a] Task [Source: source0 -> input-filter0 -> input-counter0 (1/3)#0] INFO  Freeing task resources for Source: source0 -> input-filter0 -> input-counter0 (1/3)#0 (cdee96a471091d0f988b73c94fbccfad_3e9b902627593008a6d790e9aeca7953_0_0).
61878 [24d7ce2f9e101babc2c6910dba10733a] Task [global0 (1/3)#0] INFO  global0 (1/3)#0 (cdee96a471091d0f988b73c94fbccfad_4eca6edb63b17eb77deb9de060a699d1_0_0) switched from CANCELING to CANCELED.
61878 [24d7ce2f9e101babc2c6910dba10733a] Task [global0 (3/3)#0] INFO  global0 (3/3)#0 (cdee96a471091d0f988b73c94fbccfad_4eca6edb63b17eb77deb9de060a699d1_2_0) switched from CANCELING to CANCELED.
61879 [24d7ce2f9e101babc2c6910dba10733a] StreamTask [failing-map (3/3)#0] INFO  State backend is set to heap memory org.apache.flink.runtime.state.hashmap.HashMapStateBackend@500452d1
61879 [24d7ce2f9e101babc2c6910dba10733a] StateBackendLoader [failing-map (3/3)#0] INFO  State backend loader loads the state backend as HashMapStateBackend
61879 [24d7ce2f9e101babc2c6910dba10733a] Task [global0 (1/3)#0] INFO  Freeing task resources for global0 (1/3)#0 (cdee96a471091d0f988b73c94fbccfad_4eca6edb63b17eb77deb9de060a699d1_0_0).
61879 [24d7ce2f9e101babc2c6910dba10733a] StreamTask [failing-map (3/3)#0] INFO  Checkpoint storage is set to 'filesystem': (checkpoints "file:/var/folders/m8/q6f016tn6cl2cp86hfq331_w0000gp/T/junit-4734462783579597589/junit13142933359846577828")
61879 [24d7ce2f9e101babc2c6910dba10733a] Task [global0 (3/3)#0] INFO  Freeing task resources for global0 (3/3)#0 (cdee96a471091d0f988b73c94fbccfad_4eca6edb63b17eb77deb9de060a699d1_2_0).
61879 [24d7ce2f9e101babc2c6910dba10733a] FileMergingSnapshotManager [failing-map (3/3)#0] INFO  Created a directory file:/var/folders/m8/q6f016tn6cl2cp86hfq331_w0000gp/T/junit-4734462783579597589/junit13142933359846577828/24d7ce2f9e101babc2c6910dba10733a/shared/job_24d7ce2f9e101babc2c6910dba10733a_op_b8c789ec3a44294cb45da029ffe0e6fd_2_3 for checkpoint file-merging.
61879 [24d7ce2f9e101babc2c6910dba10733a] Task [failing-map (3/3)#0] INFO  failing-map (3/3)#0 (cdee96a471091d0f988b73c94fbccfad_b8c789ec3a44294cb45da029ffe0e6fd_2_0) switched from DEPLOYING to INITIALIZING.
61879 [24d7ce2f9e101babc2c6910dba10733a] Task [flink-pekko.actor.default-dispatcher-7] INFO  Attempting to cancel task global0 (2/3)#0 (cdee96a471091d0f988b73c94fbccfad_4eca6edb63b17eb77deb9de060a699d1_1_0).
61879 [24d7ce2f9e101babc2c6910dba10733a] Task [flink-pekko.actor.default-dispatcher-7] INFO  global0 (2/3)#0 (cdee96a471091d0f988b73c94fbccfad_4eca6edb63b17eb77deb9de060a699d1_1_0) switched from RUNNING to CANCELING.
61879 [24d7ce2f9e101babc2c6910dba10733a] Task [flink-pekko.actor.default-dispatcher-7] INFO  Triggering cancellation of task code global0 (2/3)#0 (cdee96a471091d0f988b73c94fbccfad_4eca6edb63b17eb77deb9de060a699d1_1_0).
61879 [24d7ce2f9e101babc2c6910dba10733a] Task [Source: source0 -> input-filter0 -> input-counter0 (2/3)#0] INFO  Source: source0 -> input-filter0 -> input-counter0 (2/3)#0 (cdee96a471091d0f988b73c94fbccfad_3e9b902627593008a6d790e9aeca7953_1_0) switched from CANCELING to CANCELED.
61879 [24d7ce2f9e101babc2c6910dba10733a] Task [global0 (2/3)#0] INFO  global0 (2/3)#0 (cdee96a471091d0f988b73c94fbccfad_4eca6edb63b17eb77deb9de060a699d1_1_0) switched from CANCELING to CANCELED.
61879 [24d7ce2f9e101babc2c6910dba10733a] StateBackendLoader [failing-map (3/3)#0] INFO  State backend is set to heap memory org.apache.flink.runtime.state.hashmap.HashMapStateBackend@6201009a
61879 [24d7ce2f9e101babc2c6910dba10733a] Task [Source: source0 -> input-filter0 -> input-counter0 (2/3)#0] INFO  Freeing task resources for Source: source0 -> input-filter0 -> input-counter0 (2/3)#0 (cdee96a471091d0f988b73c94fbccfad_3e9b902627593008a6d790e9aeca7953_1_0).
61879 [24d7ce2f9e101babc2c6910dba10733a] Task [flink-pekko.actor.default-dispatcher-9] INFO  Attempting to cancel task rebalance0 (3/4)#0 (cdee96a471091d0f988b73c94fbccfad_25a6d73fce56b9559bed0247061e93e0_2_0).
61879 [24d7ce2f9e101babc2c6910dba10733a] Task [flink-pekko.actor.default-dispatcher-9] INFO  rebalance0 (3/4)#0 (cdee96a471091d0f988b73c94fbccfad_25a6d73fce56b9559bed0247061e93e0_2_0) switched from RUNNING to CANCELING.
61879 [24d7ce2f9e101babc2c6910dba10733a] Task [flink-pekko.actor.default-dispatcher-9] INFO  Triggering cancellation of task code rebalance0 (3/4)#0 (cdee96a471091d0f988b73c94fbccfad_25a6d73fce56b9559bed0247061e93e0_2_0).
61879 [24d7ce2f9e101babc2c6910dba10733a] Task [global0 (2/3)#0] INFO  Freeing task resources for global0 (2/3)#0 (cdee96a471091d0f988b73c94fbccfad_4eca6edb63b17eb77deb9de060a699d1_1_0).
61880 [24d7ce2f9e101babc2c6910dba10733a] Task [flink-pekko.actor.default-dispatcher-5] INFO  Attempting to cancel task rebalance0 (1/4)#0 (cdee96a471091d0f988b73c94fbccfad_25a6d73fce56b9559bed0247061e93e0_0_0).
61880 [24d7ce2f9e101babc2c6910dba10733a] Task [flink-pekko.actor.default-dispatcher-5] INFO  rebalance0 (1/4)#0 (cdee96a471091d0f988b73c94fbccfad_25a6d73fce56b9559bed0247061e93e0_0_0) switched from RUNNING to CANCELING.
61880 [24d7ce2f9e101babc2c6910dba10733a] Task [flink-pekko.actor.default-dispatcher-5] INFO  Triggering cancellation of task code rebalance0 (1/4)#0 (cdee96a471091d0f988b73c94fbccfad_25a6d73fce56b9559bed0247061e93e0_0_0).
61880 [24d7ce2f9e101babc2c6910dba10733a] Task [rebalance0 (1/4)#0] INFO  rebalance0 (1/4)#0 (cdee96a471091d0f988b73c94fbccfad_25a6d73fce56b9559bed0247061e93e0_0_0) switched from CANCELING to CANCELED.
61880 [24d7ce2f9e101babc2c6910dba10733a] Task [failing-map (2/3)#0] INFO  failing-map (2/3)#0 (cdee96a471091d0f988b73c94fbccfad_b8c789ec3a44294cb45da029ffe0e6fd_1_0) switched from INITIALIZING to RUNNING.
61880 [24d7ce2f9e101babc2c6910dba10733a] Task [failing-map (1/3)#0] INFO  failing-map (1/3)#0 (cdee96a471091d0f988b73c94fbccfad_b8c789ec3a44294cb45da029ffe0e6fd_0_0) switched from INITIALIZING to RUNNING.
61880 [24d7ce2f9e101babc2c6910dba10733a] Task [rebalance0 (1/4)#0] INFO  Freeing task resources for rebalance0 (1/4)#0 (cdee96a471091d0f988b73c94fbccfad_25a6d73fce56b9559bed0247061e93e0_0_0).
61881 [24d7ce2f9e101babc2c6910dba10733a] Task [failing-map (2/3)#0] WARN  failing-map (2/3)#0 (cdee96a471091d0f988b73c94fbccfad_b8c789ec3a44294cb45da029ffe0e6fd_1_0) switched from RUNNING to FAILED with failure cause:
java.lang.IllegalArgumentException: Stream corrupted. Cannot find the header abcdeafc00000000 in the value abcdea0000001100
	at org.apache.flink.test.checkpointing.UnalignedCheckpointTestBase.checkHeader(UnalignedCheckpointTestBase.java:1205)
	at org.apache.flink.test.checkpointing.UnalignedCheckpointTestBase.withoutHeader(UnalignedCheckpointTestBase.java:1195)
	at org.apache.flink.test.checkpointing.UnalignedCheckpointTestBase$FailingMapper.map(UnalignedCheckpointTestBase.java:938)
	at org.apache.flink.streaming.api.operators.StreamMap.processElement(StreamMap.java:37)
	at org.apache.flink.streaming.runtime.tasks.OneInputStreamTask$StreamTaskNetworkOutput.emitRecord(OneInputStreamTask.java:252)
	at org.apache.flink.streaming.runtime.io.AbstractStreamTaskNetworkInput.processElement(AbstractStreamTaskNetworkInput.java:213)
	at org.apache.flink.streaming.runtime.io.AbstractStreamTaskNetworkInput.emitNext(AbstractStreamTaskNetworkInput.java:170)
	at org.apache.flink.streaming.runtime.io.StreamOneInputProcessor.processInput(StreamOneInputProcessor.java:65)
	at org.apache.flink.streaming.runtime.tasks.StreamTask.processInput(StreamTask.java:672)
	at org.apache.flink.streaming.runtime.tasks.mailbox.MailboxProcessor.runMailboxLoop(MailboxProcessor.java:231)
	at org.apache.flink.streaming.runtime.tasks.StreamTask.runMailboxLoop(StreamTask.java:1201)
	at org.apache.flink.streaming.runtime.tasks.StreamTask.invoke(StreamTask.java:1138)
	at org.apache.flink.runtime.taskmanager.Task.runWithSystemExitMonitoring(Task.java:987)
	at org.apache.flink.runtime.taskmanager.Task.restoreAndInvoke(Task.java:969)
	at org.apache.flink.runtime.taskmanager.Task.doRun(Task.java:774)
	at org.apache.flink.runtime.taskmanager.Task.run(Task.java:579)
	at java.base/java.lang.Thread.run(Thread.java:829)
61881 [24d7ce2f9e101babc2c6910dba10733a] Task [failing-map (2/3)#0] INFO  Freeing task resources for failing-map (2/3)#0 (cdee96a471091d0f988b73c94fbccfad_b8c789ec3a44294cb45da029ffe0e6fd_1_0).
61881 [24d7ce2f9e101babc2c6910dba10733a] Task [rebalance0 (3/4)#0] INFO  rebalance0 (3/4)#0 (cdee96a471091d0f988b73c94fbccfad_25a6d73fce56b9559bed0247061e93e0_2_0) switched from CANCELING to CANCELED.
61881 [24d7ce2f9e101babc2c6910dba10733a] Task [flink-pekko.actor.default-dispatcher-9] INFO  Attempting to cancel task upscale0 (3/6)#0 (cdee96a471091d0f988b73c94fbccfad_7559af08559a2c7079a359b85b7edab5_2_0).
61881 [24d7ce2f9e101babc2c6910dba10733a] Task [flink-pekko.actor.default-dispatcher-9] INFO  upscale0 (3/6)#0 (cdee96a471091d0f988b73c94fbccfad_7559af08559a2c7079a359b85b7edab5_2_0) switched from RUNNING to CANCELING.
61881 [24d7ce2f9e101babc2c6910dba10733a] Task [flink-pekko.actor.default-dispatcher-9] INFO  Triggering cancellation of task code upscale0 (3/6)#0 (cdee96a471091d0f988b73c94fbccfad_7559af08559a2c7079a359b85b7edab5_2_0).
61881 [24d7ce2f9e101babc2c6910dba10733a] Task [rebalance0 (3/4)#0] INFO  Freeing task resources for rebalance0 (3/4)#0 (cdee96a471091d0f988b73c94fbccfad_25a6d73fce56b9559bed0247061e93e0_2_0).
61882 [24d7ce2f9e101babc2c6910dba10733a] Task [downscale0 (4/4)#0] INFO  downscale0 (4/4)#0 (cdee96a471091d0f988b73c94fbccfad_579c351891399448b6165717925f2b21_3_0) switched from INITIALIZING to RUNNING.
61882 [24d7ce2f9e101babc2c6910dba10733a] Task [flink-pekko.actor.default-dispatcher-7] INFO  Attempting to cancel task rebalance0 (2/4)#0 (cdee96a471091d0f988b73c94fbccfad_25a6d73fce56b9559bed0247061e93e0_1_0).
61882 [24d7ce2f9e101babc2c6910dba10733a] Task [flink-pekko.actor.default-dispatcher-7] INFO  rebalance0 (2/4)#0 (cdee96a471091d0f988b73c94fbccfad_25a6d73fce56b9559bed0247061e93e0_1_0) switched from RUNNING to CANCELING.
61882 [24d7ce2f9e101babc2c6910dba10733a] Task [flink-pekko.actor.default-dispatcher-7] INFO  Triggering cancellation of task code rebalance0 (2/4)#0 (cdee96a471091d0f988b73c94fbccfad_25a6d73fce56b9559bed0247061e93e0_1_0).
61882 [24d7ce2f9e101babc2c6910dba10733a] Task [upscale0 (3/6)#0] INFO  upscale0 (3/6)#0 (cdee96a471091d0f988b73c94fbccfad_7559af08559a2c7079a359b85b7edab5_2_0) switched from CANCELING to CANCELED.
61882 [24d7ce2f9e101babc2c6910dba10733a] Task [flink-pekko.actor.default-dispatcher-9] INFO  Attempting to cancel task downscale0 (3/4)#0 (cdee96a471091d0f988b73c94fbccfad_579c351891399448b6165717925f2b21_2_0).
61882 [24d7ce2f9e101babc2c6910dba10733a] Task [flink-pekko.actor.default-dispatcher-9] INFO  downscale0 (3/4)#0 (cdee96a471091d0f988b73c94fbccfad_579c351891399448b6165717925f2b21_2_0) switched from RUNNING to CANCELING.
61882 [24d7ce2f9e101babc2c6910dba10733a] Task [flink-pekko.actor.default-dispatcher-9] INFO  Triggering cancellation of task code downscale0 (3/4)#0 (cdee96a471091d0f988b73c94fbccfad_579c351891399448b6165717925f2b21_2_0).
61882 [24d7ce2f9e101babc2c6910dba10733a] Task [upscale0 (3/6)#0] INFO  Freeing task resources for upscale0 (3/6)#0 (cdee96a471091d0f988b73c94fbccfad_7559af08559a2c7079a359b85b7edab5_2_0).
61882 [24d7ce2f9e101babc2c6910dba10733a] Task [downscale0 (3/4)#0] INFO  downscale0 (3/4)#0 (cdee96a471091d0f988b73c94fbccfad_579c351891399448b6165717925f2b21_2_0) switched from CANCELING to CANCELED.
61883 [24d7ce2f9e101babc2c6910dba10733a] Task [flink-pekko.actor.default-dispatcher-9] INFO  Attempting to cancel task keyby0 (3/3)#0 (cdee96a471091d0f988b73c94fbccfad_e32648f4a493dd25fdd7d9c66c500390_2_0).
61883 [24d7ce2f9e101babc2c6910dba10733a] Task [flink-pekko.actor.default-dispatcher-9] INFO  keyby0 (3/3)#0 (cdee96a471091d0f988b73c94fbccfad_e32648f4a493dd25fdd7d9c66c500390_2_0) switched from RUNNING to CANCELING.
61883 [24d7ce2f9e101babc2c6910dba10733a] Task [flink-pekko.actor.default-dispatcher-9] INFO  Triggering cancellation of task code keyby0 (3/3)#0 (cdee96a471091d0f988b73c94fbccfad_e32648f4a493dd25fdd7d9c66c500390_2_0).
61883 [24d7ce2f9e101babc2c6910dba10733a] Task [downscale0 (3/4)#0] INFO  Freeing task resources for downscale0 (3/4)#0 (cdee96a471091d0f988b73c94fbccfad_579c351891399448b6165717925f2b21_2_0).
61883 [24d7ce2f9e101babc2c6910dba10733a] Task [keyby0 (3/3)#0] INFO  keyby0 (3/3)#0 (cdee96a471091d0f988b73c94fbccfad_e32648f4a493dd25fdd7d9c66c500390_2_0) switched from CANCELING to CANCELED.
61883 [24d7ce2f9e101babc2c6910dba10733a] Task [flink-pekko.actor.default-dispatcher-9] INFO  Attempting to cancel task rescale0 (4/4)#0 (cdee96a471091d0f988b73c94fbccfad_7b4c6fe4c6df355e1ed86e978ba4a96e_3_0).
61883 [24d7ce2f9e101babc2c6910dba10733a] Task [flink-pekko.actor.default-dispatcher-9] INFO  rescale0 (4/4)#0 (cdee96a471091d0f988b73c94fbccfad_7b4c6fe4c6df355e1ed86e978ba4a96e_3_0) switched from RUNNING to CANCELING.
61883 [24d7ce2f9e101babc2c6910dba10733a] Task [flink-pekko.actor.default-dispatcher-9] INFO  Triggering cancellation of task code rescale0 (4/4)#0 (cdee96a471091d0f988b73c94fbccfad_7b4c6fe4c6df355e1ed86e978ba4a96e_3_0).
61883 [24d7ce2f9e101babc2c6910dba10733a] Task [flink-pekko.actor.default-dispatcher-5] INFO  Attempting to cancel task upscale0 (1/6)#0 (cdee96a471091d0f988b73c94fbccfad_7559af08559a2c7079a359b85b7edab5_0_0).
61883 [24d7ce2f9e101babc2c6910dba10733a] Task [flink-pekko.actor.default-dispatcher-5] INFO  upscale0 (1/6)#0 (cdee96a471091d0f988b73c94fbccfad_7559af08559a2c7079a359b85b7edab5_0_0) switched from RUNNING to CANCELING.
61883 [24d7ce2f9e101babc2c6910dba10733a] Task [flink-pekko.actor.default-dispatcher-5] INFO  Triggering cancellation of task code upscale0 (1/6)#0 (cdee96a471091d0f988b73c94fbccfad_7559af08559a2c7079a359b85b7edab5_0_0).
61883 [24d7ce2f9e101babc2c6910dba10733a] Task [keyby0 (3/3)#0] INFO  Freeing task resources for keyby0 (3/3)#0 (cdee96a471091d0f988b73c94fbccfad_e32648f4a493dd25fdd7d9c66c500390_2_0).
61883 [24d7ce2f9e101babc2c6910dba10733a] ChannelStateWriteRequestExecutorImpl [Channel state writer] INFO  discarding 1 drained requests
61883 [24d7ce2f9e101babc2c6910dba10733a] Task [upscale0 (1/6)#0] INFO  upscale0 (1/6)#0 (cdee96a471091d0f988b73c94fbccfad_7559af08559a2c7079a359b85b7edab5_0_0) switched from CANCELING to CANCELED.
61884 [24d7ce2f9e101babc2c6910dba10733a] Task [upscale0 (1/6)#0] INFO  Freeing task resources for upscale0 (1/6)#0 (cdee96a471091d0f988b73c94fbccfad_7559af08559a2c7079a359b85b7edab5_0_0).
61884 [24d7ce2f9e101babc2c6910dba10733a] Task [failing-map (3/3)#0] INFO  failing-map (3/3)#0 (cdee96a471091d0f988b73c94fbccfad_b8c789ec3a44294cb45da029ffe0e6fd_2_0) switched from INITIALIZING to RUNNING.
61884 [24d7ce2f9e101babc2c6910dba10733a] Task [flink-pekko.actor.default-dispatcher-5] INFO  Attempting to cancel task upscale0 (6/6)#0 (cdee96a471091d0f988b73c94fbccfad_7559af08559a2c7079a359b85b7edab5_5_0).
61884 [24d7ce2f9e101babc2c6910dba10733a] Task [flink-pekko.actor.default-dispatcher-5] INFO  upscale0 (6/6)#0 (cdee96a471091d0f988b73c94fbccfad_7559af08559a2c7079a359b85b7edab5_5_0) switched from RUNNING to CANCELING.
61884 [24d7ce2f9e101babc2c6910dba10733a] Task [flink-pekko.actor.default-dispatcher-5] INFO  Triggering cancellation of task code upscale0 (6/6)#0 (cdee96a471091d0f988b73c94fbccfad_7559af08559a2c7079a359b85b7edab5_5_0).
61885 [24d7ce2f9e101babc2c6910dba10733a] Task [rescale0 (4/4)#0] INFO  rescale0 (4/4)#0 (cdee96a471091d0f988b73c94fbccfad_7b4c6fe4c6df355e1ed86e978ba4a96e_3_0) switched from CANCELING to CANCELED.
61885 [24d7ce2f9e101babc2c6910dba10733a] Task [rebalance0 (2/4)#0] INFO  rebalance0 (2/4)#0 (cdee96a471091d0f988b73c94fbccfad_25a6d73fce56b9559bed0247061e93e0_1_0) switched from CANCELING to CANCELED.
61885 [24d7ce2f9e101babc2c6910dba10733a] Task [rescale0 (4/4)#0] INFO  Freeing task resources for rescale0 (4/4)#0 (cdee96a471091d0f988b73c94fbccfad_7b4c6fe4c6df355e1ed86e978ba4a96e_3_0).
61885 [24d7ce2f9e101babc2c6910dba10733a] ChannelStateWriteRequestExecutorImpl [Channel state writer] INFO  discarding 1 drained requests
61885 [24d7ce2f9e101babc2c6910dba10733a] Task [rebalance0 (2/4)#0] INFO  Freeing task resources for rebalance0 (2/4)#0 (cdee96a471091d0f988b73c94fbccfad_25a6d73fce56b9559bed0247061e93e0_1_0).
61885 [24d7ce2f9e101babc2c6910dba10733a] Task [flink-pekko.actor.default-dispatcher-7] INFO  Attempting to cancel task rebalance0 (4/4)#0 (cdee96a471091d0f988b73c94fbccfad_25a6d73fce56b9559bed0247061e93e0_3_0).
61885 [24d7ce2f9e101babc2c6910dba10733a] Task [flink-pekko.actor.default-dispatcher-7] INFO  rebalance0 (4/4)#0 (cdee96a471091d0f988b73c94fbccfad_25a6d73fce56b9559bed0247061e93e0_3_0) switched from RUNNING to CANCELING.
61885 [24d7ce2f9e101babc2c6910dba10733a] Task [flink-pekko.actor.default-dispatcher-7] INFO  Triggering cancellation of task code rebalance0 (4/4)#0 (cdee96a471091d0f988b73c94fbccfad_25a6d73fce56b9559bed0247061e93e0_3_0).
61885 [24d7ce2f9e101babc2c6910dba10733a] Task [rebalance0 (4/4)#0] INFO  rebalance0 (4/4)#0 (cdee96a471091d0f988b73c94fbccfad_25a6d73fce56b9559bed0247061e93e0_3_0) switched from CANCELING to CANCELED.
61886 [24d7ce2f9e101babc2c6910dba10733a] Task [flink-pekko.actor.default-dispatcher-7] INFO  Attempting to cancel task upscale0 (4/6)#0 (cdee96a471091d0f988b73c94fbccfad_7559af08559a2c7079a359b85b7edab5_3_0).
61886 [24d7ce2f9e101babc2c6910dba10733a] Task [flink-pekko.actor.default-dispatcher-7] INFO  upscale0 (4/6)#0 (cdee96a471091d0f988b73c94fbccfad_7559af08559a2c7079a359b85b7edab5_3_0) switched from RUNNING to CANCELING.
61886 [24d7ce2f9e101babc2c6910dba10733a] Task [flink-pekko.actor.default-dispatcher-7] INFO  Triggering cancellation of task code upscale0 (4/6)#0 (cdee96a471091d0f988b73c94fbccfad_7559af08559a2c7079a359b85b7edab5_3_0).
61886 [24d7ce2f9e101babc2c6910dba10733a] Task [rebalance0 (4/4)#0] INFO  Freeing task resources for rebalance0 (4/4)#0 (cdee96a471091d0f988b73c94fbccfad_25a6d73fce56b9559bed0247061e93e0_3_0).
61886 [                                ] TaskExecutor [flink-pekko.actor.default-dispatcher-9] INFO  Un-registering task and sending final execution state CANCELED to JobManager for task Source: source0 -> input-filter0 -> input-counter0 (3/3)#0 cdee96a471091d0f988b73c94fbccfad_3e9b902627593008a6d790e9aeca7953_2_0.
61886 [24d7ce2f9e101babc2c6910dba10733a] ChannelStateWriteRequestExecutorImpl [Channel state writer] INFO  discarding 1 drained requests
61886 [24d7ce2f9e101babc2c6910dba10733a] Task [upscale0 (6/6)#0] INFO  upscale0 (6/6)#0 (cdee96a471091d0f988b73c94fbccfad_7559af08559a2c7079a359b85b7edab5_5_0) switched from CANCELING to CANCELED.
61886 [                                ] TaskExecutor [flink-pekko.actor.default-dispatcher-9] INFO  Un-registering task and sending final execution state CANCELED to JobManager for task global0 (3/3)#0 cdee96a471091d0f988b73c94fbccfad_4eca6edb63b17eb77deb9de060a699d1_2_0.
61886 [                                ] TaskExecutor [flink-pekko.actor.default-dispatcher-9] INFO  Un-registering task and sending final execution state CANCELED to JobManager for task rebalance0 (3/4)#0 cdee96a471091d0f988b73c94fbccfad_25a6d73fce56b9559bed0247061e93e0_2_0.
61886 [24d7ce2f9e101babc2c6910dba10733a] ExecutionGraph [flink-pekko.actor.default-dispatcher-8] INFO  Source: source0 -> input-filter0 -> input-counter0 (3/3) (cdee96a471091d0f988b73c94fbccfad_3e9b902627593008a6d790e9aeca7953_2_0) switched from CANCELING to CANCELED.
61886 [                                ] TaskExecutor [flink-pekko.actor.default-dispatcher-9] INFO  Un-registering task and sending final execution state CANCELED to JobManager for task upscale0 (3/6)#0 cdee96a471091d0f988b73c94fbccfad_7559af08559a2c7079a359b85b7edab5_2_0.
61886 [                                ] TaskExecutor [flink-pekko.actor.default-dispatcher-9] INFO  Un-registering task and sending final execution state CANCELED to JobManager for task downscale0 (3/4)#0 cdee96a471091d0f988b73c94fbccfad_579c351891399448b6165717925f2b21_2_0.
61886 [                                ] TaskExecutor [flink-pekko.actor.default-dispatcher-9] INFO  Un-registering task and sending final execution state CANCELED to JobManager for task keyby0 (3/3)#0 cdee96a471091d0f988b73c94fbccfad_e32648f4a493dd25fdd7d9c66c500390_2_0.
61886 [                                ] TaskExecutor [flink-pekko.actor.default-dispatcher-9] INFO  Un-registering task and sending final execution state CANCELED to JobManager for task rescale0 (4/4)#0 cdee96a471091d0f988b73c94fbccfad_7b4c6fe4c6df355e1ed86e978ba4a96e_3_0.
61886 [24d7ce2f9e101babc2c6910dba10733a] ExecutionGraph [flink-pekko.actor.default-dispatcher-8] INFO  global0 (3/3) (cdee96a471091d0f988b73c94fbccfad_4eca6edb63b17eb77deb9de060a699d1_2_0) switched from CANCELING to CANCELED.
61886 [24d7ce2f9e101babc2c6910dba10733a] Task [flink-pekko.actor.default-dispatcher-5] INFO  Attempting to cancel task downscale0 (1/4)#0 (cdee96a471091d0f988b73c94fbccfad_579c351891399448b6165717925f2b21_0_0).
61886 [24d7ce2f9e101babc2c6910dba10733a] ExecutionGraph [flink-pekko.actor.default-dispatcher-8] INFO  rebalance0 (3/4) (cdee96a471091d0f988b73c94fbccfad_25a6d73fce56b9559bed0247061e93e0_2_0) switched from CANCELING to CANCELED.
61886 [24d7ce2f9e101babc2c6910dba10733a] Task [flink-pekko.actor.default-dispatcher-5] INFO  downscale0 (1/4)#0 (cdee96a471091d0f988b73c94fbccfad_579c351891399448b6165717925f2b21_0_0) switched from RUNNING to CANCELING.
61886 [24d7ce2f9e101babc2c6910dba10733a] Task [flink-pekko.actor.default-dispatcher-5] INFO  Triggering cancellation of task code downscale0 (1/4)#0 (cdee96a471091d0f988b73c94fbccfad_579c351891399448b6165717925f2b21_0_0).
61886 [24d7ce2f9e101babc2c6910dba10733a] ExecutionGraph [flink-pekko.actor.default-dispatcher-8] INFO  upscale0 (3/6) (cdee96a471091d0f988b73c94fbccfad_7559af08559a2c7079a359b85b7edab5_2_0) switched from CANCELING to CANCELED.
61886 [24d7ce2f9e101babc2c6910dba10733a] ExecutionGraph [flink-pekko.actor.default-dispatcher-8] INFO  downscale0 (3/4) (cdee96a471091d0f988b73c94fbccfad_579c351891399448b6165717925f2b21_2_0) switched from CANCELING to CANCELED.
61886 [24d7ce2f9e101babc2c6910dba10733a] ExecutionGraph [flink-pekko.actor.default-dispatcher-8] INFO  keyby0 (3/3) (cdee96a471091d0f988b73c94fbccfad_e32648f4a493dd25fdd7d9c66c500390_2_0) switched from CANCELING to CANCELED.
61886 [24d7ce2f9e101babc2c6910dba10733a] ExecutionGraph [flink-pekko.actor.default-dispatcher-8] INFO  rescale0 (4/4) (cdee96a471091d0f988b73c94fbccfad_7b4c6fe4c6df355e1ed86e978ba4a96e_3_0) switched from CANCELING to CANCELED.
61886 [24d7ce2f9e101babc2c6910dba10733a] Task [downscale0 (1/4)#0] INFO  downscale0 (1/4)#0 (cdee96a471091d0f988b73c94fbccfad_579c351891399448b6165717925f2b21_0_0) switched from CANCELING to CANCELED.
61886 [24d7ce2f9e101babc2c6910dba10733a] Task [upscale0 (6/6)#0] INFO  Freeing task resources for upscale0 (6/6)#0 (cdee96a471091d0f988b73c94fbccfad_7559af08559a2c7079a359b85b7edab5_5_0).
61887 [24d7ce2f9e101babc2c6910dba10733a] Task [upscale0 (4/6)#0] INFO  upscale0 (4/6)#0 (cdee96a471091d0f988b73c94fbccfad_7559af08559a2c7079a359b85b7edab5_3_0) switched from CANCELING to CANCELED.
61887 [24d7ce2f9e101babc2c6910dba10733a] Task [downscale0 (1/4)#0] INFO  Freeing task resources for downscale0 (1/4)#0 (cdee96a471091d0f988b73c94fbccfad_579c351891399448b6165717925f2b21_0_0).
61887 [24d7ce2f9e101babc2c6910dba10733a] ChannelStateWriteRequestExecutorImpl [Channel state writer] INFO  discarding 1 drained requests
61887 [24d7ce2f9e101babc2c6910dba10733a] Task [upscale0 (4/6)#0] INFO  Freeing task resources for upscale0 (4/6)#0 (cdee96a471091d0f988b73c94fbccfad_7559af08559a2c7079a359b85b7edab5_3_0).
61887 [24d7ce2f9e101babc2c6910dba10733a] Task [flink-pekko.actor.default-dispatcher-7] INFO  Attempting to cancel task downscale0 (2/4)#0 (cdee96a471091d0f988b73c94fbccfad_579c351891399448b6165717925f2b21_1_0).
61887 [24d7ce2f9e101babc2c6910dba10733a] Task [flink-pekko.actor.default-dispatcher-7] INFO  downscale0 (2/4)#0 (cdee96a471091d0f988b73c94fbccfad_579c351891399448b6165717925f2b21_1_0) switched from RUNNING to CANCELING.
61887 [24d7ce2f9e101babc2c6910dba10733a] Task [flink-pekko.actor.default-dispatcher-7] INFO  Triggering cancellation of task code downscale0 (2/4)#0 (cdee96a471091d0f988b73c94fbccfad_579c351891399448b6165717925f2b21_1_0).
61888 [24d7ce2f9e101babc2c6910dba10733a] Task [downscale0 (2/4)#0] INFO  downscale0 (2/4)#0 (cdee96a471091d0f988b73c94fbccfad_579c351891399448b6165717925f2b21_1_0) switched from CANCELING to CANCELED.
61888 [24d7ce2f9e101babc2c6910dba10733a] Task [flink-pekko.actor.default-dispatcher-5] INFO  Attempting to cancel task keyby0 (1/3)#0 (cdee96a471091d0f988b73c94fbccfad_e32648f4a493dd25fdd7d9c66c500390_0_0).
61888 [24d7ce2f9e101babc2c6910dba10733a] Task [flink-pekko.actor.default-dispatcher-5] INFO  keyby0 (1/3)#0 (cdee96a471091d0f988b73c94fbccfad_e32648f4a493dd25fdd7d9c66c500390_0_0) switched from RUNNING to CANCELING.
61888 [24d7ce2f9e101babc2c6910dba10733a] Task [flink-pekko.actor.default-dispatcher-5] INFO  Triggering cancellation of task code keyby0 (1/3)#0 (cdee96a471091d0f988b73c94fbccfad_e32648f4a493dd25fdd7d9c66c500390_0_0).
61888 [24d7ce2f9e101babc2c6910dba10733a] Task [keyby0 (1/3)#0] INFO  keyby0 (1/3)#0 (cdee96a471091d0f988b73c94fbccfad_e32648f4a493dd25fdd7d9c66c500390_0_0) switched from CANCELING to CANCELED.
61888 [24d7ce2f9e101babc2c6910dba10733a] Task [downscale0 (2/4)#0] INFO  Freeing task resources for downscale0 (2/4)#0 (cdee96a471091d0f988b73c94fbccfad_579c351891399448b6165717925f2b21_1_0).
61888 [24d7ce2f9e101babc2c6910dba10733a] Task [keyby0 (1/3)#0] INFO  Freeing task resources for keyby0 (1/3)#0 (cdee96a471091d0f988b73c94fbccfad_e32648f4a493dd25fdd7d9c66c500390_0_0).
61888 [24d7ce2f9e101babc2c6910dba10733a] Task [flink-pekko.actor.default-dispatcher-7] INFO  Attempting to cancel task downscale0 (4/4)#0 (cdee96a471091d0f988b73c94fbccfad_579c351891399448b6165717925f2b21_3_0).
61888 [24d7ce2f9e101babc2c6910dba10733a] Task [flink-pekko.actor.default-dispatcher-7] INFO  downscale0 (4/4)#0 (cdee96a471091d0f988b73c94fbccfad_579c351891399448b6165717925f2b21_3_0) switched from RUNNING to CANCELING.
61888 [24d7ce2f9e101babc2c6910dba10733a] Task [flink-pekko.actor.default-dispatcher-7] INFO  Triggering cancellation of task code downscale0 (4/4)#0 (cdee96a471091d0f988b73c94fbccfad_579c351891399448b6165717925f2b21_3_0).
61889 [24d7ce2f9e101babc2c6910dba10733a] Task [flink-pekko.actor.default-dispatcher-5] INFO  Attempting to cancel task rescale0 (1/4)#0 (cdee96a471091d0f988b73c94fbccfad_7b4c6fe4c6df355e1ed86e978ba4a96e_0_0).
61889 [24d7ce2f9e101babc2c6910dba10733a] Task [flink-pekko.actor.default-dispatcher-5] INFO  rescale0 (1/4)#0 (cdee96a471091d0f988b73c94fbccfad_7b4c6fe4c6df355e1ed86e978ba4a96e_0_0) switched from RUNNING to CANCELING.
61889 [24d7ce2f9e101babc2c6910dba10733a] Task [flink-pekko.actor.default-dispatcher-5] INFO  Triggering cancellation of task code rescale0 (1/4)#0 (cdee96a471091d0f988b73c94fbccfad_7b4c6fe4c6df355e1ed86e978ba4a96e_0_0).
61889 [24d7ce2f9e101babc2c6910dba10733a] Task [downscale0 (4/4)#0] INFO  downscale0 (4/4)#0 (cdee96a471091d0f988b73c94fbccfad_579c351891399448b6165717925f2b21_3_0) switched from CANCELING to CANCELED.
61889 [24d7ce2f9e101babc2c6910dba10733a] Task [rescale0 (1/4)#0] INFO  rescale0 (1/4)#0 (cdee96a471091d0f988b73c94fbccfad_7b4c6fe4c6df355e1ed86e978ba4a96e_0_0) switched from CANCELING to CANCELED.
61889 [24d7ce2f9e101babc2c6910dba10733a] Task [downscale0 (4/4)#0] INFO  Freeing task resources for downscale0 (4/4)#0 (cdee96a471091d0f988b73c94fbccfad_579c351891399448b6165717925f2b21_3_0).
61889 [24d7ce2f9e101babc2c6910dba10733a] Task [flink-pekko.actor.default-dispatcher-7] INFO  Attempting to cancel task keyby0 (2/3)#0 (cdee96a471091d0f988b73c94fbccfad_e32648f4a493dd25fdd7d9c66c500390_1_0).
61889 [24d7ce2f9e101babc2c6910dba10733a] Task [flink-pekko.actor.default-dispatcher-7] INFO  keyby0 (2/3)#0 (cdee96a471091d0f988b73c94fbccfad_e32648f4a493dd25fdd7d9c66c500390_1_0) switched from RUNNING to CANCELING.
61889 [24d7ce2f9e101babc2c6910dba10733a] Task [flink-pekko.actor.default-dispatcher-7] INFO  Triggering cancellation of task code keyby0 (2/3)#0 (cdee96a471091d0f988b73c94fbccfad_e32648f4a493dd25fdd7d9c66c500390_1_0).
61889 [24d7ce2f9e101babc2c6910dba10733a] Task [rescale0 (1/4)#0] INFO  Freeing task resources for rescale0 (1/4)#0 (cdee96a471091d0f988b73c94fbccfad_7b4c6fe4c6df355e1ed86e978ba4a96e_0_0).
61889 [24d7ce2f9e101babc2c6910dba10733a] Task [keyby0 (2/3)#0] INFO  keyby0 (2/3)#0 (cdee96a471091d0f988b73c94fbccfad_e32648f4a493dd25fdd7d9c66c500390_1_0) switched from CANCELING to CANCELED.
61890 [24d7ce2f9e101babc2c6910dba10733a] Task [flink-pekko.actor.default-dispatcher-7] INFO  Attempting to cancel task rescale0 (2/4)#0 (cdee96a471091d0f988b73c94fbccfad_7b4c6fe4c6df355e1ed86e978ba4a96e_1_0).
61890 [24d7ce2f9e101babc2c6910dba10733a] Task [flink-pekko.actor.default-dispatcher-7] INFO  rescale0 (2/4)#0 (cdee96a471091d0f988b73c94fbccfad_7b4c6fe4c6df355e1ed86e978ba4a96e_1_0) switched from RUNNING to CANCELING.
61890 [24d7ce2f9e101babc2c6910dba10733a] Task [flink-pekko.actor.default-dispatcher-7] INFO  Triggering cancellation of task code rescale0 (2/4)#0 (cdee96a471091d0f988b73c94fbccfad_7b4c6fe4c6df355e1ed86e978ba4a96e_1_0).
61890 [24d7ce2f9e101babc2c6910dba10733a] Task [keyby0 (2/3)#0] INFO  Freeing task resources for keyby0 (2/3)#0 (cdee96a471091d0f988b73c94fbccfad_e32648f4a493dd25fdd7d9c66c500390_1_0).
61890 [24d7ce2f9e101babc2c6910dba10733a] Task [flink-pekko.actor.default-dispatcher-5] INFO  Attempting to cancel task failing-map (1/3)#0 (cdee96a471091d0f988b73c94fbccfad_b8c789ec3a44294cb45da029ffe0e6fd_0_0).
61890 [24d7ce2f9e101babc2c6910dba10733a] Task [flink-pekko.actor.default-dispatcher-5] INFO  failing-map (1/3)#0 (cdee96a471091d0f988b73c94fbccfad_b8c789ec3a44294cb45da029ffe0e6fd_0_0) switched from RUNNING to CANCELING.
61890 [24d7ce2f9e101babc2c6910dba10733a] Task [flink-pekko.actor.default-dispatcher-5] INFO  Triggering cancellation of task code failing-map (1/3)#0 (cdee96a471091d0f988b73c94fbccfad_b8c789ec3a44294cb45da029ffe0e6fd_0_0).
61890 [24d7ce2f9e101babc2c6910dba10733a] Task [rescale0 (2/4)#0] INFO  rescale0 (2/4)#0 (cdee96a471091d0f988b73c94fbccfad_7b4c6fe4c6df355e1ed86e978ba4a96e_1_0) switched from CANCELING to CANCELED.
61890 [24d7ce2f9e101babc2c6910dba10733a] Task [failing-map (1/3)#0] INFO  failing-map (1/3)#0 (cdee96a471091d0f988b73c94fbccfad_b8c789ec3a44294cb45da029ffe0e6fd_0_0) switched from CANCELING to CANCELED.
61890 [24d7ce2f9e101babc2c6910dba10733a] Task [flink-pekko.actor.default-dispatcher-7] INFO  Attempting to cancel task rescale0 (3/4)#0 (cdee96a471091d0f988b73c94fbccfad_7b4c6fe4c6df355e1ed86e978ba4a96e_2_0).
61890 [24d7ce2f9e101babc2c6910dba10733a] Task [flink-pekko.actor.default-dispatcher-7] INFO  rescale0 (3/4)#0 (cdee96a471091d0f988b73c94fbccfad_7b4c6fe4c6df355e1ed86e978ba4a96e_2_0) switched from RUNNING to CANCELING.
61890 [24d7ce2f9e101babc2c6910dba10733a] Task [flink-pekko.actor.default-dispatcher-7] INFO  Triggering cancellation of task code rescale0 (3/4)#0 (cdee96a471091d0f988b73c94fbccfad_7b4c6fe4c6df355e1ed86e978ba4a96e_2_0).
61890 [24d7ce2f9e101babc2c6910dba10733a] Task [rescale0 (2/4)#0] INFO  Freeing task resources for rescale0 (2/4)#0 (cdee96a471091d0f988b73c94fbccfad_7b4c6fe4c6df355e1ed86e978ba4a96e_1_0).
61890 [24d7ce2f9e101babc2c6910dba10733a] Task [failing-map (1/3)#0] INFO  Freeing task resources for failing-map (1/3)#0 (cdee96a471091d0f988b73c94fbccfad_b8c789ec3a44294cb45da029ffe0e6fd_0_0).
61890 [24d7ce2f9e101babc2c6910dba10733a] Task [rescale0 (3/4)#0] INFO  rescale0 (3/4)#0 (cdee96a471091d0f988b73c94fbccfad_7b4c6fe4c6df355e1ed86e978ba4a96e_2_0) switched from CANCELING to CANCELED.
61891 [24d7ce2f9e101babc2c6910dba10733a] Task [flink-pekko.actor.default-dispatcher-5] INFO  Attempting to cancel task Sink: sink (1/1)#0 (cdee96a471091d0f988b73c94fbccfad_2e588ce1c86a9d46e2e85186773ce4fd_0_0).
61891 [24d7ce2f9e101babc2c6910dba10733a] Task [flink-pekko.actor.default-dispatcher-5] INFO  Sink: sink (1/1)#0 (cdee96a471091d0f988b73c94fbccfad_2e588ce1c86a9d46e2e85186773ce4fd_0_0) switched from INITIALIZING to CANCELING.
61891 [24d7ce2f9e101babc2c6910dba10733a] Task [flink-pekko.actor.default-dispatcher-5] INFO  Triggering cancellation of task code Sink: sink (1/1)#0 (cdee96a471091d0f988b73c94fbccfad_2e588ce1c86a9d46e2e85186773ce4fd_0_0).
61891 [24d7ce2f9e101babc2c6910dba10733a] Task [rescale0 (3/4)#0] INFO  Freeing task resources for rescale0 (3/4)#0 (cdee96a471091d0f988b73c94fbccfad_7b4c6fe4c6df355e1ed86e978ba4a96e_2_0).
61891 [24d7ce2f9e101babc2c6910dba10733a] ChannelStateWriteRequestExecutorImpl [Channel state writer] INFO  discarding 1 drained requests
61891 [24d7ce2f9e101babc2c6910dba10733a] Task [Sink: sink (1/1)#0] INFO  Sink: sink (1/1)#0 (cdee96a471091d0f988b73c94fbccfad_2e588ce1c86a9d46e2e85186773ce4fd_0_0) switched from CANCELING to CANCELED.
61891 [24d7ce2f9e101babc2c6910dba10733a] Task [flink-pekko.actor.default-dispatcher-5] INFO  Attempting to cancel task rescale0 (1/4)#0 (cdee96a471091d0f988b73c94fbccfad_7b4c6fe4c6df355e1ed86e978ba4a96e_0_0).
61891 [24d7ce2f9e101babc2c6910dba10733a] Task [flink-pekko.actor.default-dispatcher-5] INFO  Task rescale0 (1/4)#0 is already in state CANCELED
61891 [24d7ce2f9e101babc2c6910dba10733a] Task [flink-pekko.actor.default-dispatcher-5] INFO  Attempting to fail task externally rescale0 (1/4)#0 (cdee96a471091d0f988b73c94fbccfad_7b4c6fe4c6df355e1ed86e978ba4a96e_0_0).
61891 [24d7ce2f9e101babc2c6910dba10733a] Task [flink-pekko.actor.default-dispatcher-5] INFO  Task rescale0 (1/4)#0 is already in state CANCELED
61891 [24d7ce2f9e101babc2c6910dba10733a] Task [flink-pekko.actor.default-dispatcher-5] INFO  Attempting to cancel task upscale0 (6/6)#0 (cdee96a471091d0f988b73c94fbccfad_7559af08559a2c7079a359b85b7edab5_5_0).
61891 [24d7ce2f9e101babc2c6910dba10733a] Task [flink-pekko.actor.default-dispatcher-5] INFO  Task upscale0 (6/6)#0 is already in state CANCELED
61891 [24d7ce2f9e101babc2c6910dba10733a] Task [flink-pekko.actor.default-dispatcher-5] INFO  Attempting to fail task externally upscale0 (6/6)#0 (cdee96a471091d0f988b73c94fbccfad_7559af08559a2c7079a359b85b7edab5_5_0).
61891 [24d7ce2f9e101babc2c6910dba10733a] Task [Sink: sink (1/1)#0] ERROR FATAL - exception in exception handler of task Sink: sink (1/1)#0 (cdee96a471091d0f988b73c94fbccfad_2e588ce1c86a9d46e2e85186773ce4fd_0_0).
java.lang.NullPointerException
	at org.apache.flink.test.checkpointing.UnalignedCheckpointRescaleITCase$VerifyingSink.close(UnalignedCheckpointRescaleITCase.java:738)
	at org.apache.flink.api.common.functions.util.FunctionUtils.closeFunction(FunctionUtils.java:41)
	at org.apache.flink.streaming.api.operators.AbstractUdfStreamOperator.close(AbstractUdfStreamOperator.java:131)
	at org.apache.flink.streaming.runtime.tasks.StreamOperatorWrapper.close(StreamOperatorWrapper.java:163)
	at org.apache.flink.streaming.runtime.tasks.RegularOperatorChain.closeAllOperators(RegularOperatorChain.java:125)
	at org.apache.flink.streaming.runtime.tasks.StreamTask.closeAllOperators(StreamTask.java:1410)
	at org.apache.flink.util.IOUtils.closeAll(IOUtils.java:257)
	at org.apache.flink.core.fs.AutoCloseableRegistry.doClose(AutoCloseableRegistry.java:83)
	at org.apache.flink.util.AbstractAutoCloseableRegistry.close(AbstractAutoCloseableRegistry.java:127)
	at org.apache.flink.streaming.runtime.tasks.StreamTask.cleanUp(StreamTask.java:1314)
	at org.apache.flink.runtime.taskmanager.Task.lambda$restoreAndInvoke$2(Task.java:972)
	at org.apache.flink.runtime.taskmanager.Task.runWithSystemExitMonitoring(Task.java:987)
	at org.apache.flink.runtime.taskmanager.Task.lambda$restoreAndInvoke$3(Task.java:972)
	at org.apache.flink.util.IOUtils.closeAll(IOUtils.java:257)
	at org.apache.flink.core.fs.AutoCloseableRegistry.doClose(AutoCloseableRegistry.java:83)
	at org.apache.flink.util.AbstractAutoCloseableRegistry.close(AbstractAutoCloseableRegistry.java:127)
	at org.apache.flink.runtime.taskmanager.Task.doRun(Task.java:808)
	at org.apache.flink.runtime.taskmanager.Task.run(Task.java:579)
	at java.base/java.lang.Thread.run(Thread.java:829)
61891 [24d7ce2f9e101babc2c6910dba10733a] TaskExecutor [Sink: sink (1/1)#0] ERROR FATAL - exception in exception handler of task Sink: sink (1/1)#0 (cdee96a471091d0f988b73c94fbccfad_2e588ce1c86a9d46e2e85186773ce4fd_0_0).
java.lang.NullPointerException
	at org.apache.flink.test.checkpointing.UnalignedCheckpointRescaleITCase$VerifyingSink.close(UnalignedCheckpointRescaleITCase.java:738)
	at org.apache.flink.api.common.functions.util.FunctionUtils.closeFunction(FunctionUtils.java:41)
	at org.apache.flink.streaming.api.operators.AbstractUdfStreamOperator.close(AbstractUdfStreamOperator.java:131)
	at org.apache.flink.streaming.runtime.tasks.StreamOperatorWrapper.close(StreamOperatorWrapper.java:163)
	at org.apache.flink.streaming.runtime.tasks.RegularOperatorChain.closeAllOperators(RegularOperatorChain.java:125)
	at org.apache.flink.streaming.runtime.tasks.StreamTask.closeAllOperators(StreamTask.java:1410)
	at org.apache.flink.util.IOUtils.closeAll(IOUtils.java:257)
	at org.apache.flink.core.fs.AutoCloseableRegistry.doClose(AutoCloseableRegistry.java:83)
	at org.apache.flink.util.AbstractAutoCloseableRegistry.close(AbstractAutoCloseableRegistry.java:127)
	at org.apache.flink.streaming.runtime.tasks.StreamTask.cleanUp(StreamTask.java:1314)
	at org.apache.flink.runtime.taskmanager.Task.lambda$restoreAndInvoke$2(Task.java:972)
	at org.apache.flink.runtime.taskmanager.Task.runWithSystemExitMonitoring(Task.java:987)
	at org.apache.flink.runtime.taskmanager.Task.lambda$restoreAndInvoke$3(Task.java:972)
	at org.apache.flink.util.IOUtils.closeAll(IOUtils.java:257)
	at org.apache.flink.core.fs.AutoCloseableRegistry.doClose(AutoCloseableRegistry.java:83)
	at org.apache.flink.util.AbstractAutoCloseableRegistry.close(AbstractAutoCloseableRegistry.java:127)
	at org.apache.flink.runtime.taskmanager.Task.doRun(Task.java:808)
	at org.apache.flink.runtime.taskmanager.Task.run(Task.java:579)
	at java.base/java.lang.Thread.run(Thread.java:829)
61891 [24d7ce2f9e101babc2c6910dba10733a] Task [flink-pekko.actor.default-dispatcher-5] INFO  Task upscale0 (6/6)#0 is already in state CANCELED
61891 [24d7ce2f9e101babc2c6910dba10733a] MiniCluster [Sink: sink (1/1)#0] ERROR TaskManager #1 failed.
java.lang.NullPointerException
	at org.apache.flink.test.checkpointing.UnalignedCheckpointRescaleITCase$VerifyingSink.close(UnalignedCheckpointRescaleITCase.java:738)
	at org.apache.flink.api.common.functions.util.FunctionUtils.closeFunction(FunctionUtils.java:41)
	at org.apache.flink.streaming.api.operators.AbstractUdfStreamOperator.close(AbstractUdfStreamOperator.java:131)
	at org.apache.flink.streaming.runtime.tasks.StreamOperatorWrapper.close(StreamOperatorWrapper.java:163)
	at org.apache.flink.streaming.runtime.tasks.RegularOperatorChain.closeAllOperators(RegularOperatorChain.java:125)
	at org.apache.flink.streaming.runtime.tasks.StreamTask.closeAllOperators(StreamTask.java:1410)
	at org.apache.flink.util.IOUtils.closeAll(IOUtils.java:257)
	at org.apache.flink.core.fs.AutoCloseableRegistry.doClose(AutoCloseableRegistry.java:83)
	at org.apache.flink.util.AbstractAutoCloseableRegistry.close(AbstractAutoCloseableRegistry.java:127)
	at org.apache.flink.streaming.runtime.tasks.StreamTask.cleanUp(StreamTask.java:1314)
	at org.apache.flink.runtime.taskmanager.Task.lambda$restoreAndInvoke$2(Task.java:972)
	at org.apache.flink.runtime.taskmanager.Task.runWithSystemExitMonitoring(Task.java:987)
	at org.apache.flink.runtime.taskmanager.Task.lambda$restoreAndInvoke$3(Task.java:972)
	at org.apache.flink.util.IOUtils.closeAll(IOUtils.java:257)
	at org.apache.flink.core.fs.AutoCloseableRegistry.doClose(AutoCloseableRegistry.java:83)
	at org.apache.flink.util.AbstractAutoCloseableRegistry.close(AbstractAutoCloseableRegistry.java:127)
	at org.apache.flink.runtime.taskmanager.Task.doRun(Task.java:808)
	at org.apache.flink.runtime.taskmanager.Task.run(Task.java:579)
	at java.base/java.lang.Thread.run(Thread.java:829)
61891 [24d7ce2f9e101babc2c6910dba10733a] Task [Sink: sink (1/1)#0] INFO  Freeing task resources for Sink: sink (1/1)#0 (cdee96a471091d0f988b73c94fbccfad_2e588ce1c86a9d46e2e85186773ce4fd_0_0).
61891 [24d7ce2f9e101babc2c6910dba10733a] ChannelStateWriteRequestExecutorImpl [Channel state writer] INFO  discarding 1 drained requests
61891 [                                ] TaskExecutor [flink-pekko.actor.default-dispatcher-5] INFO  Un-registering task and sending final execution state CANCELED to JobManager for task Source: source0 -> input-filter0 -> input-counter0 (1/3)#0 cdee96a471091d0f988b73c94fbccfad_3e9b902627593008a6d790e9aeca7953_0_0.
61891 [                                ] TaskExecutor [flink-pekko.actor.default-dispatcher-8] INFO  Un-registering task and sending final execution state CANCELED to JobManager for task global0 (1/3)#0 cdee96a471091d0f988b73c94fbccfad_4eca6edb63b17eb77deb9de060a699d1_0_0.
61891 [24d7ce2f9e101babc2c6910dba10733a] Task [flink-pekko.actor.default-dispatcher-8] INFO  Attempting to cancel task failing-map (1/3)#0 (cdee96a471091d0f988b73c94fbccfad_b8c789ec3a44294cb45da029ffe0e6fd_0_0).
61891 [24d7ce2f9e101babc2c6910dba10733a] Task [flink-pekko.actor.default-dispatcher-8] INFO  Task failing-map (1/3)#0 is already in state CANCELED
61891 [24d7ce2f9e101babc2c6910dba10733a] Task [flink-pekko.actor.default-dispatcher-8] INFO  Attempting to fail task externally failing-map (1/3)#0 (cdee96a471091d0f988b73c94fbccfad_b8c789ec3a44294cb45da029ffe0e6fd_0_0).
61891 [24d7ce2f9e101babc2c6910dba10733a] Task [flink-pekko.actor.default-dispatcher-8] INFO  Task failing-map (1/3)#0 is already in state CANCELED
61891 [                                ] TaskExecutor [flink-pekko.actor.default-dispatcher-8] INFO  Un-registering task and sending final execution state CANCELED to JobManager for task rebalance0 (1/4)#0 cdee96a471091d0f988b73c94fbccfad_25a6d73fce56b9559bed0247061e93e0_0_0.
61891 [                                ] TaskExecutor [flink-pekko.actor.default-dispatcher-8] INFO  Un-registering task and sending final execution state CANCELED to JobManager for task upscale0 (1/6)#0 cdee96a471091d0f988b73c94fbccfad_7559af08559a2c7079a359b85b7edab5_0_0.
61891 [                                ] TaskExecutor [flink-pekko.actor.default-dispatcher-8] INFO  Un-registering task and sending final execution state CANCELED to JobManager for task upscale0 (6/6)#0 cdee96a471091d0f988b73c94fbccfad_7559af08559a2c7079a359b85b7edab5_5_0.
61891 [24d7ce2f9e101babc2c6910dba10733a] ExecutionGraph [flink-pekko.actor.default-dispatcher-9] INFO  Source: source0 -> input-filter0 -> input-counter0 (1/3) (cdee96a471091d0f988b73c94fbccfad_3e9b902627593008a6d790e9aeca7953_0_0) switched from CANCELING to CANCELED.
61891 [                                ] TaskExecutor [flink-pekko.actor.default-dispatcher-8] INFO  Un-registering task and sending final execution state CANCELED to JobManager for task downscale0 (1/4)#0 cdee96a471091d0f988b73c94fbccfad_579c351891399448b6165717925f2b21_0_0.
61891 [                                ] TaskExecutor [flink-pekko.actor.default-dispatcher-8] INFO  Un-registering task and sending final execution state CANCELED to JobManager for task keyby0 (1/3)#0 cdee96a471091d0f988b73c94fbccfad_e32648f4a493dd25fdd7d9c66c500390_0_0.
61891 [24d7ce2f9e101babc2c6910dba10733a] Task [flink-pekko.actor.default-dispatcher-7] INFO  Attempting to cancel task failing-map (2/3)#0 (cdee96a471091d0f988b73c94fbccfad_b8c789ec3a44294cb45da029ffe0e6fd_1_0).
61891 [24d7ce2f9e101babc2c6910dba10733a] Task [flink-pekko.actor.default-dispatcher-7] INFO  Task failing-map (2/3)#0 is already in state FAILED
61891 [24d7ce2f9e101babc2c6910dba10733a] Task [flink-pekko.actor.default-dispatcher-7] INFO  Attempting to cancel task failing-map (3/3)#0 (cdee96a471091d0f988b73c94fbccfad_b8c789ec3a44294cb45da029ffe0e6fd_2_0).
61891 [24d7ce2f9e101babc2c6910dba10733a] ExecutionGraph [flink-pekko.actor.default-dispatcher-9] INFO  global0 (1/3) (cdee96a471091d0f988b73c94fbccfad_4eca6edb63b17eb77deb9de060a699d1_0_0) switched from CANCELING to CANCELED.
61891 [24d7ce2f9e101babc2c6910dba10733a] Task [flink-pekko.actor.default-dispatcher-7] INFO  failing-map (3/3)#0 (cdee96a471091d0f988b73c94fbccfad_b8c789ec3a44294cb45da029ffe0e6fd_2_0) switched from RUNNING to CANCELING.
61891 [24d7ce2f9e101babc2c6910dba10733a] Task [flink-pekko.actor.default-dispatcher-7] INFO  Triggering cancellation of task code failing-map (3/3)#0 (cdee96a471091d0f988b73c94fbccfad_b8c789ec3a44294cb45da029ffe0e6fd_2_0).
61891 [24d7ce2f9e101babc2c6910dba10733a] ExecutionGraph [flink-pekko.actor.default-dispatcher-9] INFO  rebalance0 (1/4) (cdee96a471091d0f988b73c94fbccfad_25a6d73fce56b9559bed0247061e93e0_0_0) switched from CANCELING to CANCELED.
61891 [24d7ce2f9e101babc2c6910dba10733a] ExecutionGraph [flink-pekko.actor.default-dispatcher-9] INFO  upscale0 (1/6) (cdee96a471091d0f988b73c94fbccfad_7559af08559a2c7079a359b85b7edab5_0_0) switched from CANCELING to CANCELED.
61891 [                                ] TaskExecutor [flink-pekko.actor.default-dispatcher-8] INFO  Un-registering task and sending final execution state CANCELED to JobManager for task rescale0 (1/4)#0 cdee96a471091d0f988b73c94fbccfad_7b4c6fe4c6df355e1ed86e978ba4a96e_0_0.
61891 [24d7ce2f9e101babc2c6910dba10733a] ExecutionGraph [flink-pekko.actor.default-dispatcher-9] INFO  upscale0 (6/6) (cdee96a471091d0f988b73c94fbccfad_7559af08559a2c7079a359b85b7edab5_5_0) switched from CANCELING to CANCELED.
61891 [                                ] TaskExecutor [flink-pekko.actor.default-dispatcher-8] INFO  Un-registering task and sending final execution state CANCELED to JobManager for task failing-map (1/3)#0 cdee96a471091d0f988b73c94fbccfad_b8c789ec3a44294cb45da029ffe0e6fd_0_0.
61891 [                                ] TaskExecutor [flink-pekko.actor.default-dispatcher-8] INFO  Stopping TaskExecutor pekko://flink/user/rpc/taskmanager_335.
61891 [                                ] TaskExecutor [flink-pekko.actor.default-dispatcher-8] INFO  Close ResourceManager connection 8e5ceacf93c5e81405896ed065bb72c7.
61891 [24d7ce2f9e101babc2c6910dba10733a] ExecutionGraph [flink-pekko.actor.default-dispatcher-9] INFO  downscale0 (1/4) (cdee96a471091d0f988b73c94fbccfad_579c351891399448b6165717925f2b21_0_0) switched from CANCELING to CANCELED.
61891 [                                ] StandaloneResourceManager [flink-pekko.actor.default-dispatcher-5] INFO  Closing TaskExecutor connection de350408-224a-44d8-aba9-4987965487ad because: The TaskExecutor is shutting down.
61891 [                                ] FineGrainedSlotManager [flink-pekko.actor.default-dispatcher-5] INFO  Unregistering task executor 89559999f9040d710f614e8f8937b7f7 from the slot manager.
61891 [24d7ce2f9e101babc2c6910dba10733a] Task [failing-map (3/3)#0] INFO  failing-map (3/3)#0 (cdee96a471091d0f988b73c94fbccfad_b8c789ec3a44294cb45da029ffe0e6fd_2_0) switched from CANCELING to CANCELED.
61892 [                                ] TaskExecutor [flink-pekko.actor.default-dispatcher-8] INFO  Close JobManager connection for job 24d7ce2f9e101babc2c6910dba10733a.
61892 [24d7ce2f9e101babc2c6910dba10733a] DefaultSlotStatusSyncer [flink-pekko.actor.default-dispatcher-5] INFO  Freeing slot 3fdf29fbfb0f93ff5f424cd1637271b2.
61892 [24d7ce2f9e101babc2c6910dba10733a] ExecutionGraph [flink-pekko.actor.default-dispatcher-9] INFO  keyby0 (1/3) (cdee96a471091d0f988b73c94fbccfad_e32648f4a493dd25fdd7d9c66c500390_0_0) switched from CANCELING to CANCELED.
61891 [24d7ce2f9e101babc2c6910dba10733a] Task [flink-pekko.actor.default-dispatcher-7] INFO  Attempting to cancel task failing-map (2/3)#0 (cdee96a471091d0f988b73c94fbccfad_b8c789ec3a44294cb45da029ffe0e6fd_1_0).
61892 [24d7ce2f9e101babc2c6910dba10733a] Task [flink-pekko.actor.default-dispatcher-7] INFO  Task failing-map (2/3)#0 is already in state FAILED
61892 [24d7ce2f9e101babc2c6910dba10733a] Task [flink-pekko.actor.default-dispatcher-7] INFO  Attempting to cancel task downscale0 (4/4)#0 (cdee96a471091d0f988b73c94fbccfad_579c351891399448b6165717925f2b21_3_0).
61892 [24d7ce2f9e101babc2c6910dba10733a] Task [flink-pekko.actor.default-dispatcher-7] INFO  Task downscale0 (4/4)#0 is already in state CANCELED
61892 [24d7ce2f9e101babc2c6910dba10733a] DefaultSlotStatusSyncer [flink-pekko.actor.default-dispatcher-5] INFO  Freeing slot dcebff2ce097ca1304fb4de9cabd03c6.
61892 [24d7ce2f9e101babc2c6910dba10733a] ExecutionGraph [flink-pekko.actor.default-dispatcher-9] INFO  rescale0 (1/4) (cdee96a471091d0f988b73c94fbccfad_7b4c6fe4c6df355e1ed86e978ba4a96e_0_0) switched from CANCELING to CANCELED.
61892 [24d7ce2f9e101babc2c6910dba10733a] Task [flink-pekko.actor.default-dispatcher-8] INFO  Attempting to fail task externally Sink: sink (1/1)#0 (cdee96a471091d0f988b73c94fbccfad_2e588ce1c86a9d46e2e85186773ce4fd_0_0).
61892 [24d7ce2f9e101babc2c6910dba10733a] Task [flink-pekko.actor.default-dispatcher-8] INFO  Task Sink: sink (1/1)#0 is already in state CANCELED
61892 [24d7ce2f9e101babc2c6910dba10733a] ExecutionGraph [flink-pekko.actor.default-dispatcher-9] INFO  failing-map (1/3) (cdee96a471091d0f988b73c94fbccfad_b8c789ec3a44294cb45da029ffe0e6fd_0_0) switched from CANCELING to CANCELED.
61892 [24d7ce2f9e101babc2c6910dba10733a] Task [flink-pekko.actor.default-dispatcher-7] INFO  Attempting to fail task externally failing-map (2/3)#0 (cdee96a471091d0f988b73c94fbccfad_b8c789ec3a44294cb45da029ffe0e6fd_1_0).
61892 [24d7ce2f9e101babc2c6910dba10733a] ExecutionGraph [flink-pekko.actor.default-dispatcher-9] INFO  Sink: sink (1/1) (cdee96a471091d0f988b73c94fbccfad_2e588ce1c86a9d46e2e85186773ce4fd_0_0) switched from CANCELING to CANCELED.
61892 [24d7ce2f9e101babc2c6910dba10733a] Task [flink-pekko.actor.default-dispatcher-7] INFO  Task failing-map (2/3)#0 is already in state FAILED
61892 [24d7ce2f9e101babc2c6910dba10733a] ExecutionGraph [flink-pekko.actor.default-dispatcher-9] INFO  Discarding the results produced by task execution cdee96a471091d0f988b73c94fbccfad_2e588ce1c86a9d46e2e85186773ce4fd_0_0.
61892 [                                ] TaskExecutorStateChangelogStoragesManager [flink-pekko.actor.default-dispatcher-8] INFO  Shutting down TaskExecutorStateChangelogStoragesManager.
61892 [                                ] TaskExecutorChannelStateExecutorFactoryManager [flink-pekko.actor.default-dispatcher-8] INFO  Shutting down TaskExecutorChannelStateExecutorFactoryManager.
61892 [24d7ce2f9e101babc2c6910dba10733a] Task [flink-pekko.actor.default-dispatcher-7] INFO  Attempting to fail task externally downscale0 (4/4)#0 (cdee96a471091d0f988b73c94fbccfad_579c351891399448b6165717925f2b21_3_0).
61892 [                                ] TaskSlotTableImpl [flink-pekko.actor.default-dispatcher-8] INFO  Free slot TaskSlot(index:3, state:ALLOCATED, resource profile: ResourceProfile{taskHeapMemory=512.000gb (549755813888 bytes), taskOffHeapMemory=512.000gb (549755813888 bytes), managedMemory=40.000mb (41943040 bytes), networkMemory=16.000mb (16777216 bytes)}, allocationId: dcebff2ce097ca1304fb4de9cabd03c6, jobId: 24d7ce2f9e101babc2c6910dba10733a).
61892 [24d7ce2f9e101babc2c6910dba10733a] Task [flink-pekko.actor.default-dispatcher-7] INFO  Task downscale0 (4/4)#0 is already in state CANCELED
61892 [24d7ce2f9e101babc2c6910dba10733a] DefaultDeclarativeSlotPool [flink-pekko.actor.default-dispatcher-9] INFO  Releasing slot [3fdf29fbfb0f93ff5f424cd1637271b2].
61892 [24d7ce2f9e101babc2c6910dba10733a] Task [flink-pekko.actor.default-dispatcher-7] INFO  Attempting to cancel task failing-map (3/3)#0 (cdee96a471091d0f988b73c94fbccfad_b8c789ec3a44294cb45da029ffe0e6fd_2_0).
61892 [24d7ce2f9e101babc2c6910dba10733a] Task [flink-pekko.actor.default-dispatcher-7] INFO  Task failing-map (3/3)#0 is already in state CANCELED
61892 [24d7ce2f9e101babc2c6910dba10733a] Task [flink-pekko.actor.default-dispatcher-7] INFO  Attempting to fail task externally failing-map (3/3)#0 (cdee96a471091d0f988b73c94fbccfad_b8c789ec3a44294cb45da029ffe0e6fd_2_0).
61892 [24d7ce2f9e101babc2c6910dba10733a] Task [flink-pekko.actor.default-dispatcher-7] INFO  Task failing-map (3/3)#0 is already in state CANCELED
61892 [                                ] TaskExecutor [flink-pekko.actor.default-dispatcher-7] INFO  Un-registering task and sending final execution state CANCELED to JobManager for task Source: source0 -> input-filter0 -> input-counter0 (2/3)#0 cdee96a471091d0f988b73c94fbccfad_3e9b902627593008a6d790e9aeca7953_1_0.
61892 [                                ] TaskSlotTableImpl [flink-pekko.actor.default-dispatcher-8] INFO  Free slot TaskSlot(index:2, state:ALLOCATED, resource profile: ResourceProfile{taskHeapMemory=512.000gb (549755813888 bytes), taskOffHeapMemory=512.000gb (549755813888 bytes), managedMemory=40.000mb (41943040 bytes), networkMemory=16.000mb (16777216 bytes)}, allocationId: 3fdf29fbfb0f93ff5f424cd1637271b2, jobId: 24d7ce2f9e101babc2c6910dba10733a).
61892 [24d7ce2f9e101babc2c6910dba10733a] DefaultDeclarativeSlotPool [flink-pekko.actor.default-dispatcher-9] INFO  Releasing slot [dcebff2ce097ca1304fb4de9cabd03c6].
61892 [24d7ce2f9e101babc2c6910dba10733a] JobMaster [flink-pekko.actor.default-dispatcher-9] INFO  Disconnect TaskExecutor de350408-224a-44d8-aba9-4987965487ad because: The TaskExecutor is shutting down.
61892 [24d7ce2f9e101babc2c6910dba10733a] Task [failing-map (3/3)#0] INFO  Freeing task resources for failing-map (3/3)#0 (cdee96a471091d0f988b73c94fbccfad_b8c789ec3a44294cb45da029ffe0e6fd_2_0).
61893 [24d7ce2f9e101babc2c6910dba10733a] Task [flink-pekko.actor.default-dispatcher-8] INFO  Attempting to fail task externally Sink: sink (1/1)#0 (cdee96a471091d0f988b73c94fbccfad_2e588ce1c86a9d46e2e85186773ce4fd_0_0).
61893 [24d7ce2f9e101babc2c6910dba10733a] Task [flink-pekko.actor.default-dispatcher-8] INFO  Task Sink: sink (1/1)#0 is already in state CANCELED
61893 [                                ] TaskExecutor [flink-pekko.actor.default-dispatcher-7] INFO  Un-registering task and sending final execution state CANCELED to JobManager for task global0 (2/3)#0 cdee96a471091d0f988b73c94fbccfad_4eca6edb63b17eb77deb9de060a699d1_1_0.
61893 [24d7ce2f9e101babc2c6910dba10733a] ChannelStateWriteRequestExecutorImpl [Channel state writer] INFO  discarding 1 drained requests
61893 [24d7ce2f9e101babc2c6910dba10733a] ExecutionGraph [flink-pekko.actor.default-dispatcher-7] INFO  Source: source0 -> input-filter0 -> input-counter0 (2/3) (cdee96a471091d0f988b73c94fbccfad_3e9b902627593008a6d790e9aeca7953_1_0) switched from CANCELING to CANCELED.
61893 [24d7ce2f9e101babc2c6910dba10733a] Task [flink-pekko.actor.default-dispatcher-5] INFO  Attempting to cancel task failing-map (2/3)#0 (cdee96a471091d0f988b73c94fbccfad_b8c789ec3a44294cb45da029ffe0e6fd_1_0).
61893 [24d7ce2f9e101babc2c6910dba10733a] Task [flink-pekko.actor.default-dispatcher-5] INFO  Task failing-map (2/3)#0 is already in state FAILED
61893 [24d7ce2f9e101babc2c6910dba10733a] Task [flink-pekko.actor.default-dispatcher-5] INFO  Attempting to fail task externally failing-map (2/3)#0 (cdee96a471091d0f988b73c94fbccfad_b8c789ec3a44294cb45da029ffe0e6fd_1_0).
61893 [24d7ce2f9e101babc2c6910dba10733a] Task [flink-pekko.actor.default-dispatcher-5] INFO  Task failing-map (2/3)#0 is already in state FAILED
61893 [                                ] TaskExecutor [flink-pekko.actor.default-dispatcher-5] INFO  Un-registering task and sending final execution state FAILED to JobManager for task failing-map (2/3)#0 cdee96a471091d0f988b73c94fbccfad_b8c789ec3a44294cb45da029ffe0e6fd_1_0.
61893 [24d7ce2f9e101babc2c6910dba10733a] ExecutionGraph [flink-pekko.actor.default-dispatcher-7] INFO  global0 (2/3) (cdee96a471091d0f988b73c94fbccfad_4eca6edb63b17eb77deb9de060a699d1_1_0) switched from CANCELING to CANCELED.
61893 [                                ] TaskExecutor [flink-pekko.actor.default-dispatcher-8] INFO  Un-registering task and sending final execution state CANCELED to JobManager for task Sink: sink (1/1)#0 cdee96a471091d0f988b73c94fbccfad_2e588ce1c86a9d46e2e85186773ce4fd_0_0.
61893 [24d7ce2f9e101babc2c6910dba10733a] Task [flink-pekko.actor.default-dispatcher-5] INFO  Attempting to cancel task downscale0 (4/4)#0 (cdee96a471091d0f988b73c94fbccfad_579c351891399448b6165717925f2b21_3_0).
61893 [24d7ce2f9e101babc2c6910dba10733a] Task [flink-pekko.actor.default-dispatcher-5] INFO  Task downscale0 (4/4)#0 is already in state CANCELED
61893 [24d7ce2f9e101babc2c6910dba10733a] Task [flink-pekko.actor.default-dispatcher-5] INFO  Attempting to fail task externally downscale0 (4/4)#0 (cdee96a471091d0f988b73c94fbccfad_579c351891399448b6165717925f2b21_3_0).
61893 [24d7ce2f9e101babc2c6910dba10733a] Task [flink-pekko.actor.default-dispatcher-5] INFO  Task downscale0 (4/4)#0 is already in state CANCELED
61893 [24d7ce2f9e101babc2c6910dba10733a] Task [flink-pekko.actor.default-dispatcher-5] INFO  Attempting to cancel task failing-map (3/3)#0 (cdee96a471091d0f988b73c94fbccfad_b8c789ec3a44294cb45da029ffe0e6fd_2_0).
61893 [24d7ce2f9e101babc2c6910dba10733a] Task [flink-pekko.actor.default-dispatcher-5] INFO  Task failing-map (3/3)#0 is already in state CANCELED
61893 [24d7ce2f9e101babc2c6910dba10733a] Task [flink-pekko.actor.default-dispatcher-5] INFO  Attempting to fail task externally failing-map (3/3)#0 (cdee96a471091d0f988b73c94fbccfad_b8c789ec3a44294cb45da029ffe0e6fd_2_0).
61893 [24d7ce2f9e101babc2c6910dba10733a] Task [flink-pekko.actor.default-dispatcher-5] INFO  Task failing-map (3/3)#0 is already in state CANCELED
61893 [                                ] TaskExecutor [flink-pekko.actor.default-dispatcher-5] INFO  Un-registering task and sending final execution state CANCELED to JobManager for task rebalance0 (2/4)#0 cdee96a471091d0f988b73c94fbccfad_25a6d73fce56b9559bed0247061e93e0_1_0.
61893 [24d7ce2f9e101babc2c6910dba10733a] ExecutionGraph [flink-pekko.actor.default-dispatcher-9] INFO  failing-map (2/3) (cdee96a471091d0f988b73c94fbccfad_b8c789ec3a44294cb45da029ffe0e6fd_1_0) switched from CANCELING to CANCELED.
61893 [                                ] TaskExecutor [flink-pekko.actor.default-dispatcher-5] INFO  Un-registering task and sending final execution state CANCELED to JobManager for task rebalance0 (4/4)#0 cdee96a471091d0f988b73c94fbccfad_25a6d73fce56b9559bed0247061e93e0_3_0.
61893 [24d7ce2f9e101babc2c6910dba10733a] ExecutionGraph [flink-pekko.actor.default-dispatcher-9] INFO  Discarding the results produced by task execution cdee96a471091d0f988b73c94fbccfad_b8c789ec3a44294cb45da029ffe0e6fd_1_0.
61893 [24d7ce2f9e101babc2c6910dba10733a] ExecutionGraph [flink-pekko.actor.default-dispatcher-9] INFO  Discarding the results produced by task execution cdee96a471091d0f988b73c94fbccfad_b8c789ec3a44294cb45da029ffe0e6fd_1_0.
61893 [                                ] TaskExecutor [flink-pekko.actor.default-dispatcher-5] INFO  Un-registering task and sending final execution state CANCELED to JobManager for task upscale0 (4/6)#0 cdee96a471091d0f988b73c94fbccfad_7559af08559a2c7079a359b85b7edab5_3_0.
61893 [                                ] TaskExecutor [flink-pekko.actor.default-dispatcher-5] INFO  Un-registering task and sending final execution state CANCELED to JobManager for task downscale0 (2/4)#0 cdee96a471091d0f988b73c94fbccfad_579c351891399448b6165717925f2b21_1_0.
61893 [                                ] TaskExecutor [flink-pekko.actor.default-dispatcher-5] INFO  Un-registering task and sending final execution state CANCELED to JobManager for task downscale0 (4/4)#0 cdee96a471091d0f988b73c94fbccfad_579c351891399448b6165717925f2b21_3_0.
61893 [24d7ce2f9e101babc2c6910dba10733a] ExecutionGraph [flink-pekko.actor.default-dispatcher-9] INFO  rebalance0 (2/4) (cdee96a471091d0f988b73c94fbccfad_25a6d73fce56b9559bed0247061e93e0_1_0) switched from CANCELING to CANCELED.
61893 [                                ] TaskExecutor [flink-pekko.actor.default-dispatcher-5] INFO  Un-registering task and sending final execution state CANCELED to JobManager for task keyby0 (2/3)#0 cdee96a471091d0f988b73c94fbccfad_e32648f4a493dd25fdd7d9c66c500390_1_0.
61893 [                                ] TaskExecutor [flink-pekko.actor.default-dispatcher-5] INFO  Un-registering task and sending final execution state CANCELED to JobManager for task rescale0 (2/4)#0 cdee96a471091d0f988b73c94fbccfad_7b4c6fe4c6df355e1ed86e978ba4a96e_1_0.
61893 [24d7ce2f9e101babc2c6910dba10733a] ExecutionGraph [flink-pekko.actor.default-dispatcher-9] INFO  rebalance0 (4/4) (cdee96a471091d0f988b73c94fbccfad_25a6d73fce56b9559bed0247061e93e0_3_0) switched from CANCELING to CANCELED.
61893 [                                ] TaskExecutor [flink-pekko.actor.default-dispatcher-5] INFO  Un-registering task and sending final execution state CANCELED to JobManager for task rescale0 (3/4)#0 cdee96a471091d0f988b73c94fbccfad_7b4c6fe4c6df355e1ed86e978ba4a96e_2_0.
61893 [                                ] DefaultJobLeaderService [flink-pekko.actor.default-dispatcher-8] INFO  Stop job leader service.
61893 [                                ] TaskExecutorLocalStateStoresManager [flink-pekko.actor.default-dispatcher-8] INFO  Shutting down TaskExecutorLocalStateStoresManager.
61893 [24d7ce2f9e101babc2c6910dba10733a] ExecutionGraph [flink-pekko.actor.default-dispatcher-9] INFO  upscale0 (4/6) (cdee96a471091d0f988b73c94fbccfad_7559af08559a2c7079a359b85b7edab5_3_0) switched from CANCELING to CANCELED.
61893 [24d7ce2f9e101babc2c6910dba10733a] ExecutionGraph [flink-pekko.actor.default-dispatcher-9] INFO  downscale0 (2/4) (cdee96a471091d0f988b73c94fbccfad_579c351891399448b6165717925f2b21_1_0) switched from CANCELING to CANCELED.
61893 [24d7ce2f9e101babc2c6910dba10733a] ExecutionGraph [flink-pekko.actor.default-dispatcher-9] INFO  downscale0 (4/4) (cdee96a471091d0f988b73c94fbccfad_579c351891399448b6165717925f2b21_3_0) switched from CANCELING to CANCELED.
61893 [                                ] TaskExecutor [flink-pekko.actor.default-dispatcher-5] INFO  Un-registering task and sending final execution state CANCELED to JobManager for task failing-map (3/3)#0 cdee96a471091d0f988b73c94fbccfad_b8c789ec3a44294cb45da029ffe0e6fd_2_0.
61893 [24d7ce2f9e101babc2c6910dba10733a] ExecutionGraph [flink-pekko.actor.default-dispatcher-9] INFO  keyby0 (2/3) (cdee96a471091d0f988b73c94fbccfad_e32648f4a493dd25fdd7d9c66c500390_1_0) switched from CANCELING to CANCELED.
61893 [24d7ce2f9e101babc2c6910dba10733a] ExecutionGraph [flink-pekko.actor.default-dispatcher-9] INFO  rescale0 (2/4) (cdee96a471091d0f988b73c94fbccfad_7b4c6fe4c6df355e1ed86e978ba4a96e_1_0) switched from CANCELING to CANCELED.
61893 [24d7ce2f9e101babc2c6910dba10733a] ExecutionGraph [flink-pekko.actor.default-dispatcher-9] INFO  rescale0 (3/4) (cdee96a471091d0f988b73c94fbccfad_7b4c6fe4c6df355e1ed86e978ba4a96e_2_0) switched from CANCELING to CANCELED.
61893 [24d7ce2f9e101babc2c6910dba10733a] ExecutionGraph [flink-pekko.actor.default-dispatcher-9] INFO  failing-map (3/3) (cdee96a471091d0f988b73c94fbccfad_b8c789ec3a44294cb45da029ffe0e6fd_2_0) switched from CANCELING to CANCELED.
61893 [24d7ce2f9e101babc2c6910dba10733a] ExecutionGraph [flink-pekko.actor.default-dispatcher-9] INFO  Job Flink Streaming Job (24d7ce2f9e101babc2c6910dba10733a) switched from state FAILING to FAILED.
org.apache.flink.runtime.JobException: Recovery is suppressed by FixedDelayRestartBackoffTimeStrategy(maxNumberRestartAttempts=0, backoffTimeMS=100)
	at org.apache.flink.runtime.executiongraph.failover.ExecutionFailureHandler.handleFailure(ExecutionFailureHandler.java:213)
	at org.apache.flink.runtime.executiongraph.failover.ExecutionFailureHandler.handleFailureAndReport(ExecutionFailureHandler.java:163)
	at org.apache.flink.runtime.executiongraph.failover.ExecutionFailureHandler.getFailureHandlingResult(ExecutionFailureHandler.java:118)
	at org.apache.flink.runtime.scheduler.DefaultScheduler.recordTaskFailure(DefaultScheduler.java:300)
	at org.apache.flink.runtime.scheduler.DefaultScheduler.handleTaskFailure(DefaultScheduler.java:291)
	at org.apache.flink.runtime.scheduler.DefaultScheduler.onTaskFailed(DefaultScheduler.java:284)
	at org.apache.flink.runtime.scheduler.SchedulerBase.onTaskExecutionStateUpdate(SchedulerBase.java:836)
	at org.apache.flink.runtime.scheduler.SchedulerBase.updateTaskExecutionState(SchedulerBase.java:813)
	at org.apache.flink.runtime.scheduler.SchedulerNG.updateTaskExecutionState(SchedulerNG.java:90)
	at org.apache.flink.runtime.jobmaster.JobMaster.updateTaskExecutionState(JobMaster.java:543)
	at jdk.internal.reflect.GeneratedMethodAccessor33.invoke(Unknown Source)
	at java.base/jdk.internal.reflect.DelegatingMethodAccessorImpl.invoke(DelegatingMethodAccessorImpl.java:43)
	at java.base/java.lang.reflect.Method.invoke(Method.java:566)
	at org.apache.flink.runtime.rpc.pekko.PekkoRpcActor.lambda$handleRpcInvocation$1(PekkoRpcActor.java:318)
	at org.apache.flink.runtime.concurrent.ClassLoadingUtils.runWithContextClassLoader(ClassLoadingUtils.java:83)
	at org.apache.flink.runtime.rpc.pekko.PekkoRpcActor.handleRpcInvocation(PekkoRpcActor.java:316)
	at org.apache.flink.runtime.rpc.pekko.PekkoRpcActor.handleRpcMessage(PekkoRpcActor.java:229)
	at org.apache.flink.runtime.rpc.pekko.FencedPekkoRpcActor.handleRpcMessage(FencedPekkoRpcActor.java:88)
	at org.apache.flink.runtime.rpc.pekko.PekkoRpcActor.handleMessage(PekkoRpcActor.java:174)
	at org.apache.pekko.japi.pf.UnitCaseStatement.apply(CaseStatements.scala:37)
	at org.apache.pekko.japi.pf.UnitCaseStatement.apply(CaseStatements.scala:33)
	at scala.PartialFunction.applyOrElse(PartialFunction.scala:127)
	at scala.PartialFunction.applyOrElse$(PartialFunction.scala:126)
	at org.apache.pekko.japi.pf.UnitCaseStatement.applyOrElse(CaseStatements.scala:33)
	at scala.PartialFunction$OrElse.applyOrElse(PartialFunction.scala:175)
	at scala.PartialFunction$OrElse.applyOrElse(PartialFunction.scala:176)
	at scala.PartialFunction$OrElse.applyOrElse(PartialFunction.scala:176)
	at org.apache.pekko.actor.Actor.aroundReceive(Actor.scala:547)
	at org.apache.pekko.actor.Actor.aroundReceive$(Actor.scala:545)
	at org.apache.pekko.actor.AbstractActor.aroundReceive(AbstractActor.scala:229)
	at org.apache.pekko.actor.ActorCell.receiveMessage(ActorCell.scala:590)
	at org.apache.pekko.actor.ActorCell.invoke(ActorCell.scala:557)
	at org.apache.pekko.dispatch.Mailbox.processMailbox(Mailbox.scala:273)
	at org.apache.pekko.dispatch.Mailbox.run(Mailbox.scala:234)
	at org.apache.pekko.dispatch.Mailbox.exec(Mailbox.scala:246)
	at java.base/java.util.concurrent.ForkJoinTask.doExec(ForkJoinTask.java:290)
	at java.base/java.util.concurrent.ForkJoinPool$WorkQueue.topLevelExec(ForkJoinPool.java:1020)
	at java.base/java.util.concurrent.ForkJoinPool.scan(ForkJoinPool.java:1656)
	at java.base/java.util.concurrent.ForkJoinPool.runWorker(ForkJoinPool.java:1594)
	at java.base/java.util.concurrent.ForkJoinWorkerThread.run(ForkJoinWorkerThread.java:183)
Caused by: java.lang.IllegalArgumentException: Stream corrupted. Cannot find the header abcdeafc00000000 in the value 20f66abcd
	at org.apache.flink.test.checkpointing.UnalignedCheckpointTestBase.checkHeader(UnalignedCheckpointTestBase.java:1205)
	at org.apache.flink.test.checkpointing.UnalignedCheckpointRescaleITCase$Topology.lambda$createSourcePipeline$d77cc068$3(UnalignedCheckpointRescaleITCase.java:491)
	at org.apache.flink.streaming.api.operators.StreamMap.processElement(StreamMap.java:37)
	at org.apache.flink.streaming.runtime.tasks.OneInputStreamTask$StreamTaskNetworkOutput.emitRecord(OneInputStreamTask.java:252)
	at org.apache.flink.streaming.runtime.io.AbstractStreamTaskNetworkInput.processElement(AbstractStreamTaskNetworkInput.java:213)
	at org.apache.flink.streaming.runtime.io.AbstractStreamTaskNetworkInput.emitNext(AbstractStreamTaskNetworkInput.java:170)
	at org.apache.flink.streaming.runtime.io.StreamOneInputProcessor.processInput(StreamOneInputProcessor.java:65)
	at org.apache.flink.streaming.runtime.tasks.StreamTask.processInput(StreamTask.java:672)
	at org.apache.flink.streaming.runtime.tasks.mailbox.MailboxProcessor.runMailboxLoop(MailboxProcessor.java:231)
	at org.apache.flink.streaming.runtime.tasks.StreamTask.runMailboxLoop(StreamTask.java:1201)
	at org.apache.flink.streaming.runtime.tasks.StreamTask.invoke(StreamTask.java:1138)
	at org.apache.flink.runtime.taskmanager.Task.runWithSystemExitMonitoring(Task.java:987)
	at org.apache.flink.runtime.taskmanager.Task.restoreAndInvoke(Task.java:969)
	at org.apache.flink.runtime.taskmanager.Task.doRun(Task.java:774)
	at org.apache.flink.runtime.taskmanager.Task.run(Task.java:579)
	at java.base/java.lang.Thread.run(Thread.java:829)
61893 [24d7ce2f9e101babc2c6910dba10733a] CheckpointCoordinator [flink-pekko.actor.default-dispatcher-9] INFO  Stopping checkpoint coordinator for job 24d7ce2f9e101babc2c6910dba10733a.
61893 [                                ] SingleJobApplication [flink-pekko.actor.default-dispatcher-7] INFO  Application completed with job status FAILED
61893 [                                ] AbstractApplication [flink-pekko.actor.default-dispatcher-7] INFO  Application SingleJobApplication(Flink Streaming Job) (24d7ce2f9e101babc2c6910dba10733a) switched from state RUNNING to FAILING.
61893 [                                ] AbstractApplication [flink-pekko.actor.default-dispatcher-7] INFO  Application SingleJobApplication(Flink Streaming Job) (24d7ce2f9e101babc2c6910dba10733a) switched from state FAILING to FAILED.
61894 [24d7ce2f9e101babc2c6910dba10733a] StandaloneDispatcher [flink-pekko.actor.default-dispatcher-9] INFO  Job 24d7ce2f9e101babc2c6910dba10733a reached terminal state FAILED.
org.apache.flink.runtime.JobException: Recovery is suppressed by FixedDelayRestartBackoffTimeStrategy(maxNumberRestartAttempts=0, backoffTimeMS=100)
	at org.apache.flink.runtime.executiongraph.failover.ExecutionFailureHandler.handleFailure(ExecutionFailureHandler.java:213)
	at org.apache.flink.runtime.executiongraph.failover.ExecutionFailureHandler.handleFailureAndReport(ExecutionFailureHandler.java:163)
	at org.apache.flink.runtime.executiongraph.failover.ExecutionFailureHandler.getFailureHandlingResult(ExecutionFailureHandler.java:118)
	at org.apache.flink.runtime.scheduler.DefaultScheduler.recordTaskFailure(DefaultScheduler.java:300)
	at org.apache.flink.runtime.scheduler.DefaultScheduler.handleTaskFailure(DefaultScheduler.java:291)
	at org.apache.flink.runtime.scheduler.DefaultScheduler.onTaskFailed(DefaultScheduler.java:284)
	at org.apache.flink.runtime.scheduler.SchedulerBase.onTaskExecutionStateUpdate(SchedulerBase.java:836)
	at org.apache.flink.runtime.scheduler.SchedulerBase.updateTaskExecutionState(SchedulerBase.java:813)
	at org.apache.flink.runtime.scheduler.SchedulerNG.updateTaskExecutionState(SchedulerNG.java:90)
	at org.apache.flink.runtime.jobmaster.JobMaster.updateTaskExecutionState(JobMaster.java:543)
	at jdk.internal.reflect.GeneratedMethodAccessor33.invoke(Unknown Source)
	at java.base/jdk.internal.reflect.DelegatingMethodAccessorImpl.invoke(DelegatingMethodAccessorImpl.java:43)
	at java.base/java.lang.reflect.Method.invoke(Method.java:566)
	at org.apache.flink.runtime.rpc.pekko.PekkoRpcActor.lambda$handleRpcInvocation$1(PekkoRpcActor.java:318)
	at org.apache.flink.runtime.concurrent.ClassLoadingUtils.runWithContextClassLoader(ClassLoadingUtils.java:83)
	at org.apache.flink.runtime.rpc.pekko.PekkoRpcActor.handleRpcInvocation(PekkoRpcActor.java:316)
	at org.apache.flink.runtime.rpc.pekko.PekkoRpcActor.handleRpcMessage(PekkoRpcActor.java:229)
	at org.apache.flink.runtime.rpc.pekko.FencedPekkoRpcActor.handleRpcMessage(FencedPekkoRpcActor.java:88)
	at org.apache.flink.runtime.rpc.pekko.PekkoRpcActor.handleMessage(PekkoRpcActor.java:174)
	at org.apache.pekko.japi.pf.UnitCaseStatement.apply(CaseStatements.scala:37)
	at org.apache.pekko.japi.pf.UnitCaseStatement.apply(CaseStatements.scala:33)
	at scala.PartialFunction.applyOrElse(PartialFunction.scala:127)
	at scala.PartialFunction.applyOrElse$(PartialFunction.scala:126)
	at org.apache.pekko.japi.pf.UnitCaseStatement.applyOrElse(CaseStatements.scala:33)
	at scala.PartialFunction$OrElse.applyOrElse(PartialFunction.scala:175)
	at scala.PartialFunction$OrElse.applyOrElse(PartialFunction.scala:176)
	at scala.PartialFunction$OrElse.applyOrElse(PartialFunction.scala:176)
	at org.apache.pekko.actor.Actor.aroundReceive(Actor.scala:547)
	at org.apache.pekko.actor.Actor.aroundReceive$(Actor.scala:545)
	at org.apache.pekko.actor.AbstractActor.aroundReceive(AbstractActor.scala:229)
	at org.apache.pekko.actor.ActorCell.receiveMessage(ActorCell.scala:590)
	at org.apache.pekko.actor.ActorCell.invoke(ActorCell.scala:557)
	at org.apache.pekko.dispatch.Mailbox.processMailbox(Mailbox.scala:273)
	at org.apache.pekko.dispatch.Mailbox.run(Mailbox.scala:234)
	at org.apache.pekko.dispatch.Mailbox.exec(Mailbox.scala:246)
	at java.base/java.util.concurrent.ForkJoinTask.doExec(ForkJoinTask.java:290)
	at java.base/java.util.concurrent.ForkJoinPool$WorkQueue.topLevelExec(ForkJoinPool.java:1020)
	at java.base/java.util.concurrent.ForkJoinPool.scan(ForkJoinPool.java:1656)
	at java.base/java.util.concurrent.ForkJoinPool.runWorker(ForkJoinPool.java:1594)
	at java.base/java.util.concurrent.ForkJoinWorkerThread.run(ForkJoinWorkerThread.java:183)
Caused by: java.lang.IllegalArgumentException: Stream corrupted. Cannot find the header abcdeafc00000000 in the value 20f66abcd
	at org.apache.flink.test.checkpointing.UnalignedCheckpointTestBase.checkHeader(UnalignedCheckpointTestBase.java:1205)
	at org.apache.flink.test.checkpointing.UnalignedCheckpointRescaleITCase$Topology.lambda$createSourcePipeline$d77cc068$3(UnalignedCheckpointRescaleITCase.java:491)
	at org.apache.flink.streaming.api.operators.StreamMap.processElement(StreamMap.java:37)
	at org.apache.flink.streaming.runtime.tasks.OneInputStreamTask$StreamTaskNetworkOutput.emitRecord(OneInputStreamTask.java:252)
	at org.apache.flink.streaming.runtime.io.AbstractStreamTaskNetworkInput.processElement(AbstractStreamTaskNetworkInput.java:213)
	at org.apache.flink.streaming.runtime.io.AbstractStreamTaskNetworkInput.emitNext(AbstractStreamTaskNetworkInput.java:170)
	at org.apache.flink.streaming.runtime.io.StreamOneInputProcessor.processInput(StreamOneInputProcessor.java:65)
	at org.apache.flink.streaming.runtime.tasks.StreamTask.processInput(StreamTask.java:672)
	at org.apache.flink.streaming.runtime.tasks.mailbox.MailboxProcessor.runMailboxLoop(MailboxProcessor.java:231)
	at org.apache.flink.streaming.runtime.tasks.StreamTask.runMailboxLoop(StreamTask.java:1201)
	at org.apache.flink.streaming.runtime.tasks.StreamTask.invoke(StreamTask.java:1138)
	at org.apache.flink.runtime.taskmanager.Task.runWithSystemExitMonitoring(Task.java:987)
	at org.apache.flink.runtime.taskmanager.Task.restoreAndInvoke(Task.java:969)
	at org.apache.flink.runtime.taskmanager.Task.doRun(Task.java:774)
	at org.apache.flink.runtime.taskmanager.Task.run(Task.java:579)
	at java.base/java.lang.Thread.run(Thread.java:829)
61894 [                                ] StandaloneDispatcher [flink-pekko.actor.default-dispatcher-9] INFO  Archiving application (24d7ce2f9e101babc2c6910dba10733a) with terminal state FAILED.
61894 [24d7ce2f9e101babc2c6910dba10733a] JobMaster [flink-pekko.actor.default-dispatcher-5] INFO  Stopping the JobMaster for job 'Flink Streaming Job' (24d7ce2f9e101babc2c6910dba10733a).
61894 [                                ] FileChannelManagerImpl [flink-pekko.actor.default-dispatcher-8] INFO  FileChannelManager removed spill file directory /var/folders/m8/q6f016tn6cl2cp86hfq331_w0000gp/T/junit15106361403312670162/junit12079686805920442748/flink-io-ca95e7cb-33f4-4356-8cc0-b83cd6360370
61894 [                                ] NettyShuffleEnvironment [flink-pekko.actor.default-dispatcher-8] INFO  Shutting down the network environment and its components.
61894 [                                ] NettyClient [flink-pekko.actor.default-dispatcher-8] INFO  Successful shutdown (took 0 ms).
61894 [                                ] NettyServer [flink-pekko.actor.default-dispatcher-8] INFO  Successful shutdown (took 0 ms).
61894 [24d7ce2f9e101babc2c6910dba10733a] StandaloneCompletedCheckpointStore [flink-pekko.actor.default-dispatcher-5] INFO  Shutting down
61894 [24d7ce2f9e101babc2c6910dba10733a] SourceCoordinator [Thread-932] INFO  Closing SourceCoordinator for source Source: source0.
61894 [24d7ce2f9e101babc2c6910dba10733a] StandaloneCompletedCheckpointStore [flink-pekko.actor.default-dispatcher-5] INFO  Checkpoint with ID 5 at 'file:/var/folders/m8/q6f016tn6cl2cp86hfq331_w0000gp/T/junit-4734462783579597589/junit13986449793460021045/e2f0affed90bb4580c88f6e4db7d5c6b/chk-5' not discarded.
61894 [24d7ce2f9e101babc2c6910dba10733a] DefaultDeclarativeSlotPool [flink-pekko.actor.default-dispatcher-5] INFO  Releasing slot [13e8449892c7dcd93c7f8d624e057863].
61894 [                                ] FileChannelManagerImpl [flink-pekko.actor.default-dispatcher-8] INFO  FileChannelManager removed spill file directory /var/folders/m8/q6f016tn6cl2cp86hfq331_w0000gp/T/junit15106361403312670162/junit12079686805920442748/flink-netty-shuffle-9359b04a-3f5b-44db-9103-22fbebab363c
61894 [24d7ce2f9e101babc2c6910dba10733a] SourceCoordinator [Thread-932] INFO  Source coordinator for source Source: source0 closed.
61894 [                                ] KvStateService [flink-pekko.actor.default-dispatcher-8] INFO  Shutting down the kvState service and its components.
61894 [                                ] DefaultJobLeaderService [flink-pekko.actor.default-dispatcher-8] INFO  Stop job leader service.
61894 [24d7ce2f9e101babc2c6910dba10733a] DefaultDeclarativeSlotPool [flink-pekko.actor.default-dispatcher-5] INFO  Releasing slot [9e0967f6d5da79d38a17285ec77c7f7a].
61894 [24d7ce2f9e101babc2c6910dba10733a] JobMaster [flink-pekko.actor.default-dispatcher-5] INFO  Disconnect TaskExecutor 44d6814a-3d49-482e-b31f-42fe9ab35959 because: Stopping JobMaster for job 'Flink Streaming Job' (24d7ce2f9e101babc2c6910dba10733a).
61894 [24d7ce2f9e101babc2c6910dba10733a] DefaultDeclarativeSlotPool [flink-pekko.actor.default-dispatcher-5] INFO  Releasing slot [fbab4985c069f212b78e2f6e35bf8468].
61894 [24d7ce2f9e101babc2c6910dba10733a] TaskSlotTableImpl [flink-pekko.actor.default-dispatcher-9] INFO  Free slot TaskSlot(index:2, state:ACTIVE, resource profile: ResourceProfile{taskHeapMemory=512.000gb (549755813888 bytes), taskOffHeapMemory=512.000gb (549755813888 bytes), managedMemory=40.000mb (41943040 bytes), networkMemory=16.000mb (16777216 bytes)}, allocationId: 13e8449892c7dcd93c7f8d624e057863, jobId: 24d7ce2f9e101babc2c6910dba10733a).
61894 [24d7ce2f9e101babc2c6910dba10733a] DefaultDeclarativeSlotPool [flink-pekko.actor.default-dispatcher-5] INFO  Releasing slot [a5aca8ae1d49f3a0b9655aad231e85ea].
61894 [24d7ce2f9e101babc2c6910dba10733a] JobMaster [flink-pekko.actor.default-dispatcher-5] INFO  Disconnect TaskExecutor 530dd288-427b-4e09-a3d3-e8318b6892d9 because: Stopping JobMaster for job 'Flink Streaming Job' (24d7ce2f9e101babc2c6910dba10733a).
61894 [24d7ce2f9e101babc2c6910dba10733a] JobMaster [flink-pekko.actor.default-dispatcher-5] INFO  Close ResourceManager connection 8e5ceacf93c5e81405896ed065bb72c7: Stopping JobMaster for job 'Flink Streaming Job' (24d7ce2f9e101babc2c6910dba10733a).
61894 [24d7ce2f9e101babc2c6910dba10733a] TaskSlotTableImpl [flink-pekko.actor.default-dispatcher-7] INFO  Free slot TaskSlot(index:2, state:ACTIVE, resource profile: ResourceProfile{taskHeapMemory=512.000gb (549755813888 bytes), taskOffHeapMemory=512.000gb (549755813888 bytes), managedMemory=40.000mb (41943040 bytes), networkMemory=16.000mb (16777216 bytes)}, allocationId: fbab4985c069f212b78e2f6e35bf8468, jobId: 24d7ce2f9e101babc2c6910dba10733a).
61894 [24d7ce2f9e101babc2c6910dba10733a] StandaloneResourceManager [flink-pekko.actor.default-dispatcher-5] INFO  Disconnect job manager 8025c1308ee3f8cba7189df172be415e@pekko://flink/user/rpc/jobmanager_339 for job 24d7ce2f9e101babc2c6910dba10733a from the resource manager.
61895 [24d7ce2f9e101babc2c6910dba10733a] DefaultSlotStatusSyncer [flink-pekko.actor.default-dispatcher-5] INFO  Freeing slot 13e8449892c7dcd93c7f8d624e057863.
61895 [                                ] FileCache [flink-pekko.actor.default-dispatcher-8] INFO  removed file cache directory /var/folders/m8/q6f016tn6cl2cp86hfq331_w0000gp/T/junit15106361403312670162/junit12079686805920442748/flink-dist-cache-cdcbd214-c7ac-4eeb-b08e-fcb2110243af
61895 [                                ] TaskExecutor [flink-pekko.actor.default-dispatcher-8] INFO  Stopped TaskExecutor pekko://flink/user/rpc/taskmanager_335.
61895 [                                ] MiniClusterWithClientResource [ForkJoinPool-1-worker-19] INFO  Finalization triggered: Cluster shutdown is going to be initiated.
61895 [24d7ce2f9e101babc2c6910dba10733a] DefaultSlotStatusSyncer [flink-pekko.actor.default-dispatcher-5] INFO  Freeing slot fbab4985c069f212b78e2f6e35bf8468.
61895 [                                ] TaskExecutor [mini-cluster-io-thread-1] INFO  JobManager for job 24d7ce2f9e101babc2c6910dba10733a with leader id 8025c1308ee3f8cba7189df172be415e lost leadership.
61895 [                                ] TaskExecutor [mini-cluster-io-thread-4] INFO  JobManager for job 24d7ce2f9e101babc2c6910dba10733a with leader id 8025c1308ee3f8cba7189df172be415e lost leadership.
61895 [24d7ce2f9e101babc2c6910dba10733a] TaskSlotTableImpl [flink-pekko.actor.default-dispatcher-7] INFO  Free slot TaskSlot(index:3, state:ACTIVE, resource profile: ResourceProfile{taskHeapMemory=512.000gb (549755813888 bytes), taskOffHeapMemory=512.000gb (549755813888 bytes), managedMemory=40.000mb (41943040 bytes), networkMemory=16.000mb (16777216 bytes)}, allocationId: a5aca8ae1d49f3a0b9655aad231e85ea, jobId: 24d7ce2f9e101babc2c6910dba10733a).
61895 [24d7ce2f9e101babc2c6910dba10733a] TaskSlotTableImpl [flink-pekko.actor.default-dispatcher-9] INFO  Free slot TaskSlot(index:3, state:ACTIVE, resource profile: ResourceProfile{taskHeapMemory=512.000gb (549755813888 bytes), taskOffHeapMemory=512.000gb (549755813888 bytes), managedMemory=40.000mb (41943040 bytes), networkMemory=16.000mb (16777216 bytes)}, allocationId: 9e0967f6d5da79d38a17285ec77c7f7a, jobId: 24d7ce2f9e101babc2c6910dba10733a).
61895 [24d7ce2f9e101babc2c6910dba10733a] DefaultJobLeaderService [flink-pekko.actor.default-dispatcher-7] INFO  Remove job 24d7ce2f9e101babc2c6910dba10733a from job leader monitoring.
61895 [24d7ce2f9e101babc2c6910dba10733a] TaskExecutor [flink-pekko.actor.default-dispatcher-7] INFO  Close JobManager connection for job 24d7ce2f9e101babc2c6910dba10733a.
61895 [24d7ce2f9e101babc2c6910dba10733a] DefaultSlotStatusSyncer [flink-pekko.actor.default-dispatcher-8] INFO  Freeing slot a5aca8ae1d49f3a0b9655aad231e85ea.
61895 [24d7ce2f9e101babc2c6910dba10733a] DefaultJobLeaderService [flink-pekko.actor.default-dispatcher-9] INFO  Remove job 24d7ce2f9e101babc2c6910dba10733a from job leader monitoring.
61895 [24d7ce2f9e101babc2c6910dba10733a] TaskExecutor [flink-pekko.actor.default-dispatcher-9] INFO  Close JobManager connection for job 24d7ce2f9e101babc2c6910dba10733a.
61895 [24d7ce2f9e101babc2c6910dba10733a] DefaultSlotStatusSyncer [flink-pekko.actor.default-dispatcher-8] INFO  Freeing slot 9e0967f6d5da79d38a17285ec77c7f7a.
61895 [                                ] MiniCluster [ForkJoinPool-1-worker-19] INFO  Shutting down Flink Mini Cluster
61895 [                                ] DispatcherRestEndpoint [ForkJoinPool-1-worker-19] INFO  Shutting down rest endpoint.
61895 [                                ] TaskExecutor [flink-pekko.actor.default-dispatcher-7] INFO  Stopping TaskExecutor pekko://flink/user/rpc/taskmanager_334.
61895 [                                ] TaskExecutor [flink-pekko.actor.default-dispatcher-7] INFO  Close ResourceManager connection 8e5ceacf93c5e81405896ed065bb72c7.
61895 [                                ] TaskExecutorStateChangelogStoragesManager [flink-pekko.actor.default-dispatcher-7] INFO  Shutting down TaskExecutorStateChangelogStoragesManager.
61895 [                                ] TaskExecutorChannelStateExecutorFactoryManager [flink-pekko.actor.default-dispatcher-7] INFO  Shutting down TaskExecutorChannelStateExecutorFactoryManager.
61895 [                                ] StandaloneResourceManager [flink-pekko.actor.default-dispatcher-8] INFO  Closing TaskExecutor connection 530dd288-427b-4e09-a3d3-e8318b6892d9 because: The TaskExecutor is shutting down.
61895 [                                ] FineGrainedSlotManager [flink-pekko.actor.default-dispatcher-8] INFO  Unregistering task executor a8c137edf0643acea1d3880a79c18128 from the slot manager.
61895 [                                ] DefaultJobLeaderService [flink-pekko.actor.default-dispatcher-7] INFO  Stop job leader service.
61895 [                                ] TaskExecutorLocalStateStoresManager [flink-pekko.actor.default-dispatcher-7] INFO  Shutting down TaskExecutorLocalStateStoresManager.
61895 [                                ] TaskExecutor [flink-pekko.actor.default-dispatcher-9] INFO  Stopping TaskExecutor pekko://flink/user/rpc/taskmanager_336.
61895 [                                ] TaskExecutor [flink-pekko.actor.default-dispatcher-9] INFO  Close ResourceManager connection 8e5ceacf93c5e81405896ed065bb72c7.
61895 [                                ] TaskExecutorStateChangelogStoragesManager [flink-pekko.actor.default-dispatcher-9] INFO  Shutting down TaskExecutorStateChangelogStoragesManager.
61895 [                                ] TaskExecutorChannelStateExecutorFactoryManager [flink-pekko.actor.default-dispatcher-9] INFO  Shutting down TaskExecutorChannelStateExecutorFactoryManager.
61895 [                                ] StandaloneResourceManager [flink-pekko.actor.default-dispatcher-8] INFO  Closing TaskExecutor connection 44d6814a-3d49-482e-b31f-42fe9ab35959 because: The TaskExecutor is shutting down.
61895 [                                ] FineGrainedSlotManager [flink-pekko.actor.default-dispatcher-8] INFO  Unregistering task executor 66226aceb59453e11fe1951f37caab45 from the slot manager.
61895 [                                ] DefaultJobLeaderService [flink-pekko.actor.default-dispatcher-9] INFO  Stop job leader service.
61895 [                                ] TaskExecutorLocalStateStoresManager [flink-pekko.actor.default-dispatcher-9] INFO  Shutting down TaskExecutorLocalStateStoresManager.
61896 [                                ] FileChannelManagerImpl [flink-pekko.actor.default-dispatcher-7] INFO  FileChannelManager removed spill file directory /var/folders/m8/q6f016tn6cl2cp86hfq331_w0000gp/T/junit15106361403312670162/junit12079686805920442748/flink-io-3d983de5-f085-4b19-adb2-e069ac7909ca
61896 [                                ] NettyShuffleEnvironment [flink-pekko.actor.default-dispatcher-7] INFO  Shutting down the network environment and its components.
61896 [                                ] NettyClient [flink-pekko.actor.default-dispatcher-7] INFO  Successful shutdown (took 0 ms).
61896 [                                ] NettyServer [flink-pekko.actor.default-dispatcher-7] INFO  Successful shutdown (took 0 ms).
61897 [                                ] DispatcherRestEndpoint [ForkJoinPool.commonPool-worker-17] INFO  Removing cache directory /var/folders/m8/q6f016tn6cl2cp86hfq331_w0000gp/T/flink-web-ui
61897 [                                ] DispatcherRestEndpoint [ForkJoinPool.commonPool-worker-17] INFO  http://localhost:64567 lost leadership
61897 [                                ] FileChannelManagerImpl [flink-pekko.actor.default-dispatcher-9] INFO  FileChannelManager removed spill file directory /var/folders/m8/q6f016tn6cl2cp86hfq331_w0000gp/T/junit15106361403312670162/junit12079686805920442748/flink-io-58c4cee0-0d8a-48f4-8e55-83e1878ddfc7
61897 [                                ] NettyShuffleEnvironment [flink-pekko.actor.default-dispatcher-9] INFO  Shutting down the network environment and its components.
61897 [                                ] NettyClient [flink-pekko.actor.default-dispatcher-9] INFO  Successful shutdown (took 0 ms).
61897 [                                ] DispatcherRestEndpoint [ForkJoinPool.commonPool-worker-17] INFO  Shut down complete.
61897 [                                ] NettyServer [flink-pekko.actor.default-dispatcher-9] INFO  Successful shutdown (took 0 ms).
61897 [                                ] StandaloneResourceManager [flink-pekko.actor.default-dispatcher-8] INFO  Shut down cluster because application is in CANCELED, diagnostics DispatcherResourceManagerComponent has been closed..
61897 [                                ] DispatcherResourceManagerComponent [flink-pekko.actor.default-dispatcher-8] INFO  Closing components.
61897 [                                ] FileChannelManagerImpl [flink-pekko.actor.default-dispatcher-7] INFO  FileChannelManager removed spill file directory /var/folders/m8/q6f016tn6cl2cp86hfq331_w0000gp/T/junit15106361403312670162/junit12079686805920442748/flink-netty-shuffle-585289f5-a8a5-4e02-b8a5-5c1d2bf6a66b
61897 [                                ] KvStateService [flink-pekko.actor.default-dispatcher-7] INFO  Shutting down the kvState service and its components.
61897 [                                ] DefaultJobLeaderService [flink-pekko.actor.default-dispatcher-7] INFO  Stop job leader service.
61897 [                                ] SessionDispatcherLeaderProcess [flink-pekko.actor.default-dispatcher-8] INFO  Stopping SessionDispatcherLeaderProcess.
61897 [                                ] ResourceManagerServiceImpl [flink-pekko.actor.default-dispatcher-8] INFO  Stopping resource manager service.
61897 [                                ] StandaloneDispatcher [flink-pekko.actor.default-dispatcher-5] INFO  Stopping dispatcher pekko://flink/user/rpc/dispatcher_337.
61897 [                                ] StandaloneDispatcher [flink-pekko.actor.default-dispatcher-5] INFO  Stopping all currently running jobs of dispatcher pekko://flink/user/rpc/dispatcher_337.
61897 [                                ] StandaloneDispatcher [flink-pekko.actor.default-dispatcher-5] INFO  Stopping all currently running applications [] of dispatcher pekko://flink/user/rpc/dispatcher_337.
61897 [                                ] DefaultDelegationTokenManager [flink-pekko.actor.default-dispatcher-8] INFO  Stopping credential renewal
61897 [                                ] DefaultDelegationTokenManager [flink-pekko.actor.default-dispatcher-8] INFO  Stopped credential renewal
61897 [                                ] FineGrainedSlotManager [flink-pekko.actor.default-dispatcher-8] INFO  Closing the slot manager.
61897 [                                ] FineGrainedSlotManager [flink-pekko.actor.default-dispatcher-8] INFO  Suspending the slot manager.
61897 [                                ] FileCache [flink-pekko.actor.default-dispatcher-7] INFO  removed file cache directory /var/folders/m8/q6f016tn6cl2cp86hfq331_w0000gp/T/junit15106361403312670162/junit12079686805920442748/flink-dist-cache-21a71a2c-f5a4-49b4-89f4-37a543a1540b
61897 [                                ] TaskExecutor [flink-pekko.actor.default-dispatcher-7] INFO  Stopped TaskExecutor pekko://flink/user/rpc/taskmanager_334.
61897 [                                ] FileChannelManagerImpl [flink-pekko.actor.default-dispatcher-9] INFO  FileChannelManager removed spill file directory /var/folders/m8/q6f016tn6cl2cp86hfq331_w0000gp/T/junit15106361403312670162/junit12079686805920442748/flink-netty-shuffle-8fa900b4-8ce7-4ba4-8c5f-6280e3592474
61897 [                                ] KvStateService [flink-pekko.actor.default-dispatcher-9] INFO  Shutting down the kvState service and its components.
61897 [                                ] DefaultJobLeaderService [flink-pekko.actor.default-dispatcher-9] INFO  Stop job leader service.
61897 [                                ] FileCache [flink-pekko.actor.default-dispatcher-9] INFO  removed file cache directory /var/folders/m8/q6f016tn6cl2cp86hfq331_w0000gp/T/junit15106361403312670162/junit12079686805920442748/flink-dist-cache-d8a8c723-e5eb-411f-822f-d79f79653821
61897 [                                ] TaskExecutor [flink-pekko.actor.default-dispatcher-9] INFO  Stopped TaskExecutor pekko://flink/user/rpc/taskmanager_336.
61898 [                                ] StandaloneDispatcher [flink-pekko.actor.default-dispatcher-5] INFO  Stopped dispatcher pekko://flink/user/rpc/dispatcher_337.
61898 [                                ] PekkoRpcService [mini-cluster-io-thread-1] INFO  Stopping Pekko RPC service.
61898 [                                ] CoordinatedShutdown [flink-metrics-5] INFO  Running CoordinatedShutdown with reason [ActorSystemTerminateReason]
61905 [                                ] PekkoRpcService [flink-metrics-5] INFO  Stopping Pekko RPC service.
61906 [                                ] PekkoRpcService [flink-metrics-5] INFO  Stopped Pekko RPC service.
61906 [                                ] CoordinatedShutdown [flink-pekko.actor.default-dispatcher-5] INFO  Running CoordinatedShutdown with reason [ActorSystemTerminateReason]
61914 [                                ] PermanentBlobCache [flink-pekko.actor.default-dispatcher-5] INFO  Shutting down BLOB cache
61914 [                                ] TransientBlobCache [flink-pekko.actor.default-dispatcher-5] INFO  Shutting down BLOB cache
61914 [                                ] BlobServer [flink-pekko.actor.default-dispatcher-5] INFO  Stopped BLOB server at 0.0.0.0:64563
61914 [                                ] PekkoRpcService [flink-pekko.actor.default-dispatcher-5] INFO  Stopped Pekko RPC service.
61930 [                                ] TestLoggerExtension [ForkJoinPool-1-worker-19] ERROR 
--------------------------------------------------------------------------------
Test org.apache.flink.test.checkpointing.UnalignedCheckpointRescaleITCase.shouldRescaleUnalignedCheckpoint[downscale pipeline from 7 to 3, sourceSleepMs = 0] failed with:
org.opentest4j.AssertionFailedError: Graph is in globally terminal state (FAILED)
	at org.junit.jupiter.api.AssertionUtils.fail(AssertionUtils.java:42)
	at org.junit.jupiter.api.Assertions.fail(Assertions.java:150)
	at org.apache.flink.runtime.testutils.CommonTestUtils.lambda$waitForAllTaskRunning$3(CommonTestUtils.java:215)
	at org.apache.flink.runtime.testutils.CommonTestUtils.waitUntilCondition(CommonTestUtils.java:152)
	at org.apache.flink.runtime.testutils.CommonTestUtils.waitUntilCondition(CommonTestUtils.java:146)
	at org.apache.flink.runtime.testutils.CommonTestUtils.waitForAllTaskRunning(CommonTestUtils.java:210)
	at org.apache.flink.runtime.testutils.CommonTestUtils.waitForAllTaskRunning(CommonTestUtils.java:183)
	at org.apache.flink.test.checkpointing.UnalignedCheckpointTestBase.execute(UnalignedCheckpointTestBase.java:204)
	at org.apache.flink.test.checkpointing.UnalignedCheckpointRescaleITCase.shouldRescaleUnalignedCheckpoint(UnalignedCheckpointRescaleITCase.java:668)
	at jdk.internal.reflect.GeneratedMethodAccessor137.invoke(Unknown Source)
	at java.base/jdk.internal.reflect.DelegatingMethodAccessorImpl.invoke(DelegatingMethodAccessorImpl.java:43)
	at java.base/java.lang.reflect.Method.invoke(Method.java:566)
	at org.junit.platform.commons.util.ReflectionUtils.invokeMethod(ReflectionUtils.java:767)
	at org.junit.jupiter.engine.execution.MethodInvocation.proceed(MethodInvocation.java:60)
	at org.junit.jupiter.engine.execution.InvocationInterceptorChain$ValidatingInvocation.proceed(InvocationInterceptorChain.java:131)
	at org.junit.jupiter.engine.extension.TimeoutExtension.intercept(TimeoutExtension.java:156)
	at org.junit.jupiter.engine.extension.TimeoutExtension.interceptTestableMethod(TimeoutExtension.java:147)
	at org.junit.jupiter.engine.extension.TimeoutExtension.interceptTestTemplateMethod(TimeoutExtension.java:94)
	at org.junit.jupiter.engine.execution.InterceptingExecutableInvoker$ReflectiveInterceptorCall.lambda$ofVoidMethod$0(InterceptingExecutableInvoker.java:103)
	at org.junit.jupiter.engine.execution.InterceptingExecutableInvoker.lambda$invoke$0(InterceptingExecutableInvoker.java:93)
	at org.junit.jupiter.engine.execution.InvocationInterceptorChain$InterceptedInvocation.proceed(InvocationInterceptorChain.java:106)
	at org.junit.jupiter.engine.execution.InvocationInterceptorChain.proceed(InvocationInterceptorChain.java:64)
	at org.junit.jupiter.engine.execution.InvocationInterceptorChain.chainAndInvoke(InvocationInterceptorChain.java:45)
	at org.junit.jupiter.engine.execution.InvocationInterceptorChain.invoke(InvocationInterceptorChain.java:37)
	at org.junit.jupiter.engine.execution.InterceptingExecutableInvoker.invoke(InterceptingExecutableInvoker.java:92)
	at org.junit.jupiter.engine.execution.InterceptingExecutableInvoker.invoke(InterceptingExecutableInvoker.java:86)
	at org.junit.jupiter.engine.descriptor.TestMethodTestDescriptor.lambda$invokeTestMethod$8(TestMethodTestDescriptor.java:217)
	at org.junit.platform.engine.support.hierarchical.ThrowableCollector.execute(ThrowableCollector.java:73)
	at org.junit.jupiter.engine.descriptor.TestMethodTestDescriptor.invokeTestMethod(TestMethodTestDescriptor.java:213)
	at org.junit.jupiter.engine.descriptor.TestMethodTestDescriptor.execute(TestMethodTestDescriptor.java:138)
	at org.junit.jupiter.engine.descriptor.TestMethodTestDescriptor.execute(TestMethodTestDescriptor.java:68)
	at org.junit.platform.engine.support.hierarchical.NodeTestTask.lambda$executeRecursively$6(NodeTestTask.java:156)
	at org.junit.platform.engine.support.hierarchical.ThrowableCollector.execute(ThrowableCollector.java:73)
	at org.junit.platform.engine.support.hierarchical.NodeTestTask.lambda$executeRecursively$8(NodeTestTask.java:146)
	at org.junit.platform.engine.support.hierarchical.Node.around(Node.java:137)
	at org.junit.platform.engine.support.hierarchical.NodeTestTask.lambda$executeRecursively$9(NodeTestTask.java:144)
	at org.junit.platform.engine.support.hierarchical.ThrowableCollector.execute(ThrowableCollector.java:73)
	at org.junit.platform.engine.support.hierarchical.NodeTestTask.executeRecursively(NodeTestTask.java:143)
	at org.junit.platform.engine.support.hierarchical.NodeTestTask.execute(NodeTestTask.java:100)
	at org.junit.platform.engine.support.hierarchical.ForkJoinPoolHierarchicalTestExecutorService$ExclusiveTask.exec(ForkJoinPoolHierarchicalTestExecutorService.java:274)
	at org.junit.platform.engine.support.hierarchical.ForkJoinPoolHierarchicalTestExecutorService$ExclusiveTask.execSync(ForkJoinPoolHierarchicalTestExecutorService.java:247)
	at org.junit.platform.engine.support.hierarchical.ForkJoinPoolHierarchicalTestExecutorService.submit(ForkJoinPoolHierarchicalTestExecutorService.java:148)
	at org.junit.platform.engine.support.hierarchical.NodeTestTask$DefaultDynamicTestExecutor.execute(NodeTestTask.java:231)
	at org.junit.platform.engine.support.hierarchical.NodeTestTask$DefaultDynamicTestExecutor.execute(NodeTestTask.java:209)
	at org.junit.jupiter.engine.descriptor.TestTemplateTestDescriptor.execute(TestTemplateTestDescriptor.java:141)
	at org.junit.jupiter.engine.descriptor.TestTemplateTestDescriptor.lambda$execute$3(TestTemplateTestDescriptor.java:109)
	at java.base/java.util.stream.ForEachOps$ForEachOp$OfRef.accept(ForEachOps.java:183)
	at java.base/java.util.stream.ReferencePipeline$3$1.accept(ReferencePipeline.java:195)
	at java.base/java.util.stream.ReferencePipeline$2$1.accept(ReferencePipeline.java:177)
	at java.base/java.util.stream.ReferencePipeline$3$1.accept(ReferencePipeline.java:195)
	at java.base/java.util.stream.ForEachOps$ForEachOp$OfRef.accept(ForEachOps.java:183)
	at java.base/java.util.stream.ReferencePipeline$3$1.accept(ReferencePipeline.java:195)
	at java.base/java.util.Spliterators$ArraySpliterator.forEachRemaining(Spliterators.java:948)
	at java.base/java.util.stream.AbstractPipeline.copyInto(AbstractPipeline.java:484)
	at java.base/java.util.stream.AbstractPipeline.wrapAndCopyInto(AbstractPipeline.java:474)
	at java.base/java.util.stream.ForEachOps$ForEachOp.evaluateSequential(ForEachOps.java:150)
	at java.base/java.util.stream.ForEachOps$ForEachOp$OfRef.evaluateSequential(ForEachOps.java:173)
	at java.base/java.util.stream.AbstractPipeline.evaluate(AbstractPipeline.java:234)
	at java.base/java.util.stream.ReferencePipeline.forEach(ReferencePipeline.java:497)
	at java.base/java.util.stream.ReferencePipeline$7$1.accept(ReferencePipeline.java:274)
	at java.base/java.util.ArrayList$ArrayListSpliterator.forEachRemaining(ArrayList.java:1655)
	at java.base/java.util.stream.AbstractPipeline.copyInto(AbstractPipeline.java:484)
	at java.base/java.util.stream.AbstractPipeline.wrapAndCopyInto(AbstractPipeline.java:474)
	at java.base/java.util.stream.ForEachOps$ForEachOp.evaluateSequential(ForEachOps.java:150)
	at java.base/java.util.stream.ForEachOps$ForEachOp$OfRef.evaluateSequential(ForEachOps.java:173)
	at java.base/java.util.stream.AbstractPipeline.evaluate(AbstractPipeline.java:234)
	at java.base/java.util.stream.ReferencePipeline.forEach(ReferencePipeline.java:497)
	at org.junit.jupiter.engine.descriptor.TestTemplateTestDescriptor.execute(TestTemplateTestDescriptor.java:109)
	at org.junit.jupiter.engine.descriptor.TestTemplateTestDescriptor.execute(TestTemplateTestDescriptor.java:43)
	at org.junit.platform.engine.support.hierarchical.NodeTestTask.lambda$executeRecursively$6(NodeTestTask.java:156)
	at org.junit.platform.engine.support.hierarchical.ThrowableCollector.execute(ThrowableCollector.java:73)
	at org.junit.platform.engine.support.hierarchical.NodeTestTask.lambda$executeRecursively$8(NodeTestTask.java:146)
	at org.junit.platform.engine.support.hierarchical.Node.around(Node.java:137)
	at org.junit.platform.engine.support.hierarchical.NodeTestTask.lambda$executeRecursively$9(NodeTestTask.java:144)
	at org.junit.platform.engine.support.hierarchical.ThrowableCollector.execute(ThrowableCollector.java:73)
	at org.junit.platform.engine.support.hierarchical.NodeTestTask.executeRecursively(NodeTestTask.java:143)
	at org.junit.platform.engine.support.hierarchical.NodeTestTask.execute(NodeTestTask.java:100)
	at org.junit.platform.engine.support.hierarchical.ForkJoinPoolHierarchicalTestExecutorService$ExclusiveTask.exec(ForkJoinPoolHierarchicalTestExecutorService.java:274)
	at org.junit.platform.engine.support.hierarchical.ForkJoinPoolHierarchicalTestExecutorService$ExclusiveTask.execSync(ForkJoinPoolHierarchicalTestExecutorService.java:247)
	at org.junit.platform.engine.support.hierarchical.ForkJoinPoolHierarchicalTestExecutorService.invokeAll(ForkJoinPoolHierarchicalTestExecutorService.java:159)
	at org.junit.platform.engine.support.hierarchical.NodeTestTask.lambda$executeRecursively$6(NodeTestTask.java:160)
	at org.junit.platform.engine.support.hierarchical.ThrowableCollector.execute(ThrowableCollector.java:73)
	at org.junit.platform.engine.support.hierarchical.NodeTestTask.lambda$executeRecursively$8(NodeTestTask.java:146)
	at org.junit.platform.engine.support.hierarchical.Node.around(Node.java:137)
	at org.junit.platform.engine.support.hierarchical.NodeTestTask.lambda$executeRecursively$9(NodeTestTask.java:144)
	at org.junit.platform.engine.support.hierarchical.ThrowableCollector.execute(ThrowableCollector.java:73)
	at org.junit.platform.engine.support.hierarchical.NodeTestTask.executeRecursively(NodeTestTask.java:143)
	at org.junit.platform.engine.support.hierarchical.NodeTestTask.execute(NodeTestTask.java:100)
	at org.junit.platform.engine.support.hierarchical.ForkJoinPoolHierarchicalTestExecutorService$ExclusiveTask.exec(ForkJoinPoolHierarchicalTestExecutorService.java:274)
	at org.junit.platform.engine.support.hierarchical.ForkJoinPoolHierarchicalTestExecutorService$ExclusiveTask.execSync(ForkJoinPoolHierarchicalTestExecutorService.java:247)
	at org.junit.platform.engine.support.hierarchical.ForkJoinPoolHierarchicalTestExecutorService.executeSync(ForkJoinPoolHierarchicalTestExecutorService.java:194)
	at org.junit.platform.engine.support.hierarchical.ForkJoinPoolHierarchicalTestExecutorService.invokeAll(ForkJoinPoolHierarchicalTestExecutorService.java:166)
	at org.junit.platform.engine.support.hierarchical.NodeTestTask.lambda$executeRecursively$6(NodeTestTask.java:160)
	at org.junit.platform.engine.support.hierarchical.ThrowableCollector.execute(ThrowableCollector.java:73)
	at org.junit.platform.engine.support.hierarchical.NodeTestTask.lambda$executeRecursively$8(NodeTestTask.java:146)
	at org.junit.platform.engine.support.hierarchical.Node.around(Node.java:137)
	at org.junit.platform.engine.support.hierarchical.NodeTestTask.lambda$executeRecursively$9(NodeTestTask.java:144)
	at org.junit.platform.engine.support.hierarchical.ThrowableCollector.execute(ThrowableCollector.java:73)
	at org.junit.platform.engine.support.hierarchical.NodeTestTask.executeRecursively(NodeTestTask.java:143)
	at org.junit.platform.engine.support.hierarchical.NodeTestTask.execute(NodeTestTask.java:100)
	at org.junit.platform.engine.support.hierarchical.ForkJoinPoolHierarchicalTestExecutorService$ExclusiveTask.exec(ForkJoinPoolHierarchicalTestExecutorService.java:274)
	at java.base/java.util.concurrent.ForkJoinTask.doExec(ForkJoinTask.java:290)
	at java.base/java.util.concurrent.ForkJoinPool$WorkQueue.topLevelExec(ForkJoinPool.java:1020)
	at java.base/java.util.concurrent.ForkJoinPool.scan(ForkJoinPool.java:1656)
	at java.base/java.util.concurrent.ForkJoinPool.runWorker(ForkJoinPool.java:1594)
	at java.base/java.util.concurrent.ForkJoinWorkerThread.run(ForkJoinWorkerThread.java:183)
Caused by: org.apache.flink.runtime.JobException: org.apache.flink.runtime.JobException: Recovery is suppressed by FixedDelayRestartBackoffTimeStrategy(maxNumberRestartAttempts=0, backoffTimeMS=100)
	at org.apache.flink.runtime.executiongraph.failover.ExecutionFailureHandler.handleFailure(ExecutionFailureHandler.java:213)
	at org.apache.flink.runtime.executiongraph.failover.ExecutionFailureHandler.handleFailureAndReport(ExecutionFailureHandler.java:163)
	at org.apache.flink.runtime.executiongraph.failover.ExecutionFailureHandler.getFailureHandlingResult(ExecutionFailureHandler.java:118)
	at org.apache.flink.runtime.scheduler.DefaultScheduler.recordTaskFailure(DefaultScheduler.java:300)
	at org.apache.flink.runtime.scheduler.DefaultScheduler.handleTaskFailure(DefaultScheduler.java:291)
	at org.apache.flink.runtime.scheduler.DefaultScheduler.onTaskFailed(DefaultScheduler.java:284)
	at org.apache.flink.runtime.scheduler.SchedulerBase.onTaskExecutionStateUpdate(SchedulerBase.java:836)
	at org.apache.flink.runtime.scheduler.SchedulerBase.updateTaskExecutionState(SchedulerBase.java:813)
	at org.apache.flink.runtime.scheduler.SchedulerNG.updateTaskExecutionState(SchedulerNG.java:90)
	at org.apache.flink.runtime.jobmaster.JobMaster.updateTaskExecutionState(JobMaster.java:543)
	at jdk.internal.reflect.GeneratedMethodAccessor33.invoke(Unknown Source)
	at java.base/jdk.internal.reflect.DelegatingMethodAccessorImpl.invoke(DelegatingMethodAccessorImpl.java:43)
	at java.base/java.lang.reflect.Method.invoke(Method.java:566)
	at org.apache.flink.runtime.rpc.pekko.PekkoRpcActor.lambda$handleRpcInvocation$1(PekkoRpcActor.java:318)
	at org.apache.flink.runtime.concurrent.ClassLoadingUtils.runWithContextClassLoader(ClassLoadingUtils.java:83)
	at org.apache.flink.runtime.rpc.pekko.PekkoRpcActor.handleRpcInvocation(PekkoRpcActor.java:316)
	at org.apache.flink.runtime.rpc.pekko.PekkoRpcActor.handleRpcMessage(PekkoRpcActor.java:229)
	at org.apache.flink.runtime.rpc.pekko.FencedPekkoRpcActor.handleRpcMessage(FencedPekkoRpcActor.java:88)
	at org.apache.flink.runtime.rpc.pekko.PekkoRpcActor.handleMessage(PekkoRpcActor.java:174)
	at org.apache.pekko.japi.pf.UnitCaseStatement.apply(CaseStatements.scala:37)
	at org.apache.pekko.japi.pf.UnitCaseStatement.apply(CaseStatements.scala:33)
	at scala.PartialFunction.applyOrElse(PartialFunction.scala:127)
	at scala.PartialFunction.applyOrElse$(PartialFunction.scala:126)
	at org.apache.pekko.japi.pf.UnitCaseStatement.applyOrElse(CaseStatements.scala:33)
	at scala.PartialFunction$OrElse.applyOrElse(PartialFunction.scala:175)
	at scala.PartialFunction$OrElse.applyOrElse(PartialFunction.scala:176)
	at scala.PartialFunction$OrElse.applyOrElse(PartialFunction.scala:176)
	at org.apache.pekko.actor.Actor.aroundReceive(Actor.scala:547)
	at org.apache.pekko.actor.Actor.aroundReceive$(Actor.scala:545)
	at org.apache.pekko.actor.AbstractActor.aroundReceive(AbstractActor.scala:229)
	at org.apache.pekko.actor.ActorCell.receiveMessage(ActorCell.scala:590)
	at org.apache.pekko.actor.ActorCell.invoke(ActorCell.scala:557)
	at org.apache.pekko.dispatch.Mailbox.processMailbox(Mailbox.scala:273)
	at org.apache.pekko.dispatch.Mailbox.run(Mailbox.scala:234)
	at org.apache.pekko.dispatch.Mailbox.exec(Mailbox.scala:246)
	... 5 more
Caused by: java.lang.IllegalArgumentException: java.lang.IllegalArgumentException: Stream corrupted. Cannot find the header abcdeafc00000000 in the value 20f66abcd
	at org.apache.flink.test.checkpointing.UnalignedCheckpointTestBase.checkHeader(UnalignedCheckpointTestBase.java:1205)
	at org.apache.flink.test.checkpointing.UnalignedCheckpointRescaleITCase$Topology.lambda$createSourcePipeline$d77cc068$3(UnalignedCheckpointRescaleITCase.java:491)
	at org.apache.flink.streaming.api.operators.StreamMap.processElement(StreamMap.java:37)
	at org.apache.flink.streaming.runtime.tasks.OneInputStreamTask$StreamTaskNetworkOutput.emitRecord(OneInputStreamTask.java:252)
	at org.apache.flink.streaming.runtime.io.AbstractStreamTaskNetworkInput.processElement(AbstractStreamTaskNetworkInput.java:213)
	at org.apache.flink.streaming.runtime.io.AbstractStreamTaskNetworkInput.emitNext(AbstractStreamTaskNetworkInput.java:170)
	at org.apache.flink.streaming.runtime.io.StreamOneInputProcessor.processInput(StreamOneInputProcessor.java:65)
	at org.apache.flink.streaming.runtime.tasks.StreamTask.processInput(StreamTask.java:672)
	at org.apache.flink.streaming.runtime.tasks.mailbox.MailboxProcessor.runMailboxLoop(MailboxProcessor.java:231)
	at org.apache.flink.streaming.runtime.tasks.StreamTask.runMailboxLoop(StreamTask.java:1201)
	at org.apache.flink.streaming.runtime.tasks.StreamTask.invoke(StreamTask.java:1138)
	at org.apache.flink.runtime.taskmanager.Task.runWithSystemExitMonitoring(Task.java:987)
	at org.apache.flink.runtime.taskmanager.Task.restoreAndInvoke(Task.java:969)
	at org.apache.flink.runtime.taskmanager.Task.doRun(Task.java:774)
	at org.apache.flink.runtime.taskmanager.Task.run(Task.java:579)
	at java.base/java.lang.Thread.run(Thread.java:829)

================================================================================
