================================================================================
Test org.apache.flink.test.checkpointing.UnalignedCheckpointRescaleITCase.shouldRescaleUnalignedCheckpoint[downscale pipeline from 3 to 2, sourceSleepMs = 0] is running.
--------------------------------------------------------------------------------
58500 [                                ] PseudoRandomValueSelector [ForkJoinPool-1-worker-19] INFO  Randomly selected false for taskmanager.network.memory.buffer-debloat.enabled
58500 [                                ] TaskExecutorResourceUtils [ForkJoinPool-1-worker-19] INFO  The configuration option taskmanager.cpu.cores required for local execution is not set, setting it to the maximal possible value.
58500 [                                ] TaskExecutorResourceUtils [ForkJoinPool-1-worker-19] INFO  The configuration option taskmanager.memory.task.heap.size required for local execution is not set, setting it to the maximal possible value.
58500 [                                ] TaskExecutorResourceUtils [ForkJoinPool-1-worker-19] INFO  The configuration option taskmanager.memory.task.off-heap.size required for local execution is not set, setting it to the maximal possible value.
58500 [                                ] MiniCluster [ForkJoinPool-1-worker-19] INFO  Starting Flink Mini Cluster
58500 [                                ] MiniCluster [ForkJoinPool-1-worker-19] INFO  Starting Metrics Registry
58500 [                                ] MetricRegistryImpl [ForkJoinPool-1-worker-19] INFO  No metrics reporter configured, no metrics will be exposed/reported.
58500 [                                ] MetricRegistryImpl [ForkJoinPool-1-worker-19] INFO  No trace reporter configured, no traces will be exposed/reported.
58500 [                                ] MetricRegistryImpl [ForkJoinPool-1-worker-19] INFO  No event reporter configured, no events will be exposed/reported.
58500 [                                ] MiniCluster [ForkJoinPool-1-worker-19] INFO  Starting RPC Service(s)
58500 [                                ] PekkoRpcServiceUtils [ForkJoinPool-1-worker-19] INFO  Trying to start local actor system
58502 [                                ] Slf4jLogger [flink-pekko.actor.default-dispatcher-6] INFO  Slf4jLogger started
58503 [                                ] PekkoRpcServiceUtils [ForkJoinPool-1-worker-19] INFO  Actor system started at pekko://flink
58503 [                                ] PekkoRpcServiceUtils [ForkJoinPool-1-worker-19] INFO  Trying to start local actor system
58504 [                                ] Slf4jLogger [flink-metrics-5] INFO  Slf4jLogger started
58505 [                                ] PekkoRpcServiceUtils [ForkJoinPool-1-worker-19] INFO  Actor system started at pekko://flink-metrics
58505 [                                ] PekkoRpcService [ForkJoinPool-1-worker-19] INFO  Starting RPC endpoint for org.apache.flink.runtime.metrics.dump.MetricQueryService at pekko://flink-metrics/user/rpc/MetricQueryService .
58505 [                                ] DefaultDelegationTokenManager [ForkJoinPool-1-worker-19] INFO  Loading delegation token providers
58506 [                                ] HadoopFSDelegationTokenProvider [ForkJoinPool-1-worker-19] INFO  Hadoop FS is not available (not packaged with this application): NoClassDefFoundError : "org/apache/hadoop/hdfs/HdfsConfiguration".
58506 [                                ] DefaultDelegationTokenManager [ForkJoinPool-1-worker-19] INFO  Delegation token provider hadoopfs loaded and initialized
58506 [                                ] DefaultDelegationTokenManager [ForkJoinPool-1-worker-19] INFO  Delegation token provider hbase loaded and initialized
58506 [                                ] DefaultDelegationTokenManager [ForkJoinPool-1-worker-19] INFO  Delegation token provider test loaded and initialized
58506 [                                ] DefaultDelegationTokenManager [ForkJoinPool-1-worker-19] INFO  Delegation token provider throw loaded and initialized
58506 [                                ] DefaultDelegationTokenManager [ForkJoinPool-1-worker-19] INFO  Delegation token providers loaded successfully
58506 [                                ] DelegationTokenReceiverRepository [ForkJoinPool-1-worker-19] INFO  Loading delegation token receivers
58506 [                                ] DelegationTokenReceiverRepository [ForkJoinPool-1-worker-19] INFO  Delegation token receiver hadoopfs loaded and initialized
58506 [                                ] DelegationTokenReceiverRepository [ForkJoinPool-1-worker-19] INFO  Delegation token receiver hbase loaded and initialized
58506 [                                ] DelegationTokenReceiverRepository [ForkJoinPool-1-worker-19] INFO  Delegation token receiver test loaded and initialized
58506 [                                ] DelegationTokenReceiverRepository [ForkJoinPool-1-worker-19] INFO  Delegation token receiver throw loaded and initialized
58506 [                                ] DelegationTokenReceiverRepository [ForkJoinPool-1-worker-19] INFO  Delegation token receivers loaded successfully
58506 [                                ] DefaultDelegationTokenManager [ForkJoinPool-1-worker-19] INFO  Checking provider and receiver instances consistency
58506 [                                ] DefaultDelegationTokenManager [ForkJoinPool-1-worker-19] INFO  Provider and receiver instances are consistent
58506 [                                ] DefaultDelegationTokenManager [ForkJoinPool-1-worker-19] INFO  Obtaining delegation tokens
58506 [                                ] DefaultDelegationTokenManager [ForkJoinPool-1-worker-19] INFO  Delegation tokens obtained successfully
58506 [                                ] DefaultDelegationTokenManager [ForkJoinPool-1-worker-19] WARN  No tokens obtained so skipping notifications
58506 [                                ] DelegationTokenReceiverRepository [ForkJoinPool-1-worker-19] INFO  Loading delegation token receivers
58506 [                                ] DelegationTokenReceiverRepository [ForkJoinPool-1-worker-19] INFO  Delegation token receiver hadoopfs loaded and initialized
58506 [                                ] DelegationTokenReceiverRepository [ForkJoinPool-1-worker-19] INFO  Delegation token receiver hbase loaded and initialized
58506 [                                ] DelegationTokenReceiverRepository [ForkJoinPool-1-worker-19] INFO  Delegation token receiver test loaded and initialized
58506 [                                ] DelegationTokenReceiverRepository [ForkJoinPool-1-worker-19] INFO  Delegation token receiver throw loaded and initialized
58506 [                                ] DelegationTokenReceiverRepository [ForkJoinPool-1-worker-19] INFO  Delegation token receivers loaded successfully
58506 [                                ] BlobServer [ForkJoinPool-1-worker-19] INFO  Created BLOB server storage directory /var/folders/m8/q6f016tn6cl2cp86hfq331_w0000gp/T/junit7808560390333406207/junit12827901035184475028/minicluster_6acc0d9df9dca8b572595eb3c9e53ffe/blobStorage
58506 [                                ] BlobServer [ForkJoinPool-1-worker-19] INFO  Started BLOB server at 0.0.0.0:64532 - max concurrent requests: 50 - max backlog: 1000
58506 [                                ] PermanentBlobCache [ForkJoinPool-1-worker-19] INFO  Created BLOB cache storage directory /var/folders/m8/q6f016tn6cl2cp86hfq331_w0000gp/T/junit7808560390333406207/junit12827901035184475028/minicluster_6acc0d9df9dca8b572595eb3c9e53ffe/blobStorage
58507 [                                ] TransientBlobCache [ForkJoinPool-1-worker-19] INFO  Created BLOB cache storage directory /var/folders/m8/q6f016tn6cl2cp86hfq331_w0000gp/T/junit7808560390333406207/junit12827901035184475028/minicluster_6acc0d9df9dca8b572595eb3c9e53ffe/blobStorage
58507 [                                ] MiniCluster [ForkJoinPool-1-worker-19] INFO  Starting 3 TaskManager(s)
58507 [                                ] TaskManagerRunner [ForkJoinPool-1-worker-19] INFO  Starting TaskManager with ResourceID: 9bc16582-3f6d-4e4f-afcf-319b33647d65
58507 [                                ] TaskManagerServices [ForkJoinPool-1-worker-19] INFO  Temporary file directory '/var/folders/m8/q6f016tn6cl2cp86hfq331_w0000gp/T/junit7808560390333406207/junit12827901035184475028': total 926 GB, usable 259 GB (27.97% usable)
58507 [                                ] IOManager [ForkJoinPool-1-worker-19] INFO  Created a new FileChannelManager for spilling of task related data to disk (joins, sorting, ...). Used directories:
	/var/folders/m8/q6f016tn6cl2cp86hfq331_w0000gp/T/junit7808560390333406207/junit12827901035184475028/flink-io-b9293242-ebea-4886-89eb-62732c182a19
58507 [                                ] NettyConfig [ForkJoinPool-1-worker-19] INFO  NettyConfig [server address: localhost/127.0.0.1, server port range: 0, ssl enabled: false, memory segment size (bytes): 4096, number of server threads: 2 (manual), number of client threads: 2 (manual), server connect backlog: 0 (use Netty's default), client connect timeout (sec): 120, send/receive buffer size (bytes): 0 (use Netty's default)]
58508 [                                ] NettyShuffleServiceFactory [ForkJoinPool-1-worker-19] INFO  Created a new FileChannelManager for storing result partitions of BLOCKING shuffles. Used directories:
	/var/folders/m8/q6f016tn6cl2cp86hfq331_w0000gp/T/junit7808560390333406207/junit12827901035184475028/flink-netty-shuffle-b9a43d09-6871-47a8-8918-cf2c741ec631
58513 [                                ] NetworkBufferPool [ForkJoinPool-1-worker-19] INFO  Allocated 32 MB for network buffer pool (number of memory segments: 8192, bytes per segment: 4096).
58513 [                                ] NettyShuffleEnvironment [ForkJoinPool-1-worker-19] INFO  Starting the network environment and its components.
58513 [                                ] NettyClient [ForkJoinPool-1-worker-19] INFO  Transport type 'auto': using NIO.
58513 [                                ] NettyClient [ForkJoinPool-1-worker-19] INFO  Successful initialization (took 0 ms).
58513 [                                ] NettyServer [ForkJoinPool-1-worker-19] INFO  Transport type 'auto': using NIO.
58514 [                                ] NettyServer [ForkJoinPool-1-worker-19] INFO  Successful initialization (took 0 ms). Listening on SocketAddress /127.0.0.1:64533.
58514 [                                ] TaskManagerServices [ForkJoinPool-1-worker-19] INFO  TaskManager data connection initialized successfully; listening internally on port: 64533
58514 [                                ] KvStateService [ForkJoinPool-1-worker-19] INFO  Starting the kvState service and its components.
58514 [                                ] Configuration [ForkJoinPool-1-worker-19] INFO  Config uses fallback configuration key 'pekko.ask.timeout' instead of key 'taskmanager.slot.timeout'
58514 [                                ] PekkoRpcService [ForkJoinPool-1-worker-19] INFO  Starting RPC endpoint for org.apache.flink.runtime.taskexecutor.TaskExecutor at pekko://flink/user/rpc/taskmanager_316 .
58514 [                                ] DefaultJobLeaderService [flink-pekko.actor.default-dispatcher-6] INFO  Start job leader service.
58514 [                                ] FileCache [flink-pekko.actor.default-dispatcher-6] INFO  User file cache uses directory /var/folders/m8/q6f016tn6cl2cp86hfq331_w0000gp/T/junit7808560390333406207/junit12827901035184475028/flink-dist-cache-5719cf9c-bc2b-4286-a329-4a8db73bf2b4
58514 [                                ] TaskManagerRunner [ForkJoinPool-1-worker-19] INFO  Starting TaskManager with ResourceID: 0a92b9c5-783c-47d2-903d-046bd2e6f2f4
58514 [                                ] TaskManagerServices [ForkJoinPool-1-worker-19] INFO  Temporary file directory '/var/folders/m8/q6f016tn6cl2cp86hfq331_w0000gp/T/junit7808560390333406207/junit12827901035184475028': total 926 GB, usable 259 GB (27.97% usable)
58514 [                                ] IOManager [ForkJoinPool-1-worker-19] INFO  Created a new FileChannelManager for spilling of task related data to disk (joins, sorting, ...). Used directories:
	/var/folders/m8/q6f016tn6cl2cp86hfq331_w0000gp/T/junit7808560390333406207/junit12827901035184475028/flink-io-3707ff44-9d90-4d23-ba21-1b97f74d9b3c
58515 [                                ] NettyConfig [ForkJoinPool-1-worker-19] INFO  NettyConfig [server address: localhost/127.0.0.1, server port range: 0, ssl enabled: false, memory segment size (bytes): 4096, number of server threads: 2 (manual), number of client threads: 2 (manual), server connect backlog: 0 (use Netty's default), client connect timeout (sec): 120, send/receive buffer size (bytes): 0 (use Netty's default)]
58515 [                                ] NettyShuffleServiceFactory [ForkJoinPool-1-worker-19] INFO  Created a new FileChannelManager for storing result partitions of BLOCKING shuffles. Used directories:
	/var/folders/m8/q6f016tn6cl2cp86hfq331_w0000gp/T/junit7808560390333406207/junit12827901035184475028/flink-netty-shuffle-6b906ae8-ae84-4039-ab42-3d9a2be02e6e
58520 [                                ] NetworkBufferPool [ForkJoinPool-1-worker-19] INFO  Allocated 32 MB for network buffer pool (number of memory segments: 8192, bytes per segment: 4096).
58520 [                                ] NettyShuffleEnvironment [ForkJoinPool-1-worker-19] INFO  Starting the network environment and its components.
58520 [                                ] NettyClient [ForkJoinPool-1-worker-19] INFO  Transport type 'auto': using NIO.
58520 [                                ] NettyClient [ForkJoinPool-1-worker-19] INFO  Successful initialization (took 0 ms).
58520 [                                ] NettyServer [ForkJoinPool-1-worker-19] INFO  Transport type 'auto': using NIO.
58521 [                                ] NettyServer [ForkJoinPool-1-worker-19] INFO  Successful initialization (took 0 ms). Listening on SocketAddress /127.0.0.1:64534.
58521 [                                ] TaskManagerServices [ForkJoinPool-1-worker-19] INFO  TaskManager data connection initialized successfully; listening internally on port: 64534
58521 [                                ] KvStateService [ForkJoinPool-1-worker-19] INFO  Starting the kvState service and its components.
58521 [                                ] Configuration [ForkJoinPool-1-worker-19] INFO  Config uses fallback configuration key 'pekko.ask.timeout' instead of key 'taskmanager.slot.timeout'
58521 [                                ] PekkoRpcService [ForkJoinPool-1-worker-19] INFO  Starting RPC endpoint for org.apache.flink.runtime.taskexecutor.TaskExecutor at pekko://flink/user/rpc/taskmanager_317 .
58521 [                                ] DefaultJobLeaderService [flink-pekko.actor.default-dispatcher-6] INFO  Start job leader service.
58521 [                                ] FileCache [flink-pekko.actor.default-dispatcher-6] INFO  User file cache uses directory /var/folders/m8/q6f016tn6cl2cp86hfq331_w0000gp/T/junit7808560390333406207/junit12827901035184475028/flink-dist-cache-08271d6d-9600-4521-9d8b-a51ad1659a7a
58521 [                                ] TaskManagerRunner [ForkJoinPool-1-worker-19] INFO  Starting TaskManager with ResourceID: 8a3f18d0-1c09-4b6c-ba09-561e45eadde2
58521 [                                ] TaskManagerServices [ForkJoinPool-1-worker-19] INFO  Temporary file directory '/var/folders/m8/q6f016tn6cl2cp86hfq331_w0000gp/T/junit7808560390333406207/junit12827901035184475028': total 926 GB, usable 259 GB (27.97% usable)
58521 [                                ] IOManager [ForkJoinPool-1-worker-19] INFO  Created a new FileChannelManager for spilling of task related data to disk (joins, sorting, ...). Used directories:
	/var/folders/m8/q6f016tn6cl2cp86hfq331_w0000gp/T/junit7808560390333406207/junit12827901035184475028/flink-io-b46af35f-1607-4c63-86d3-3ea9c46a393c
58522 [                                ] NettyConfig [ForkJoinPool-1-worker-19] INFO  NettyConfig [server address: localhost/127.0.0.1, server port range: 0, ssl enabled: false, memory segment size (bytes): 4096, number of server threads: 2 (manual), number of client threads: 2 (manual), server connect backlog: 0 (use Netty's default), client connect timeout (sec): 120, send/receive buffer size (bytes): 0 (use Netty's default)]
58522 [                                ] NettyShuffleServiceFactory [ForkJoinPool-1-worker-19] INFO  Created a new FileChannelManager for storing result partitions of BLOCKING shuffles. Used directories:
	/var/folders/m8/q6f016tn6cl2cp86hfq331_w0000gp/T/junit7808560390333406207/junit12827901035184475028/flink-netty-shuffle-bb007cee-2959-473a-be08-3772b086188b
58527 [                                ] NetworkBufferPool [ForkJoinPool-1-worker-19] INFO  Allocated 32 MB for network buffer pool (number of memory segments: 8192, bytes per segment: 4096).
58527 [                                ] NettyShuffleEnvironment [ForkJoinPool-1-worker-19] INFO  Starting the network environment and its components.
58527 [                                ] NettyClient [ForkJoinPool-1-worker-19] INFO  Transport type 'auto': using NIO.
58527 [                                ] NettyClient [ForkJoinPool-1-worker-19] INFO  Successful initialization (took 0 ms).
58527 [                                ] NettyServer [ForkJoinPool-1-worker-19] INFO  Transport type 'auto': using NIO.
58527 [                                ] NettyServer [ForkJoinPool-1-worker-19] INFO  Successful initialization (took 0 ms). Listening on SocketAddress /127.0.0.1:64535.
58527 [                                ] TaskManagerServices [ForkJoinPool-1-worker-19] INFO  TaskManager data connection initialized successfully; listening internally on port: 64535
58527 [                                ] KvStateService [ForkJoinPool-1-worker-19] INFO  Starting the kvState service and its components.
58527 [                                ] Configuration [ForkJoinPool-1-worker-19] INFO  Config uses fallback configuration key 'pekko.ask.timeout' instead of key 'taskmanager.slot.timeout'
58527 [                                ] PekkoRpcService [ForkJoinPool-1-worker-19] INFO  Starting RPC endpoint for org.apache.flink.runtime.taskexecutor.TaskExecutor at pekko://flink/user/rpc/taskmanager_318 .
58527 [                                ] DefaultJobLeaderService [flink-pekko.actor.default-dispatcher-6] INFO  Start job leader service.
58528 [                                ] FileCache [flink-pekko.actor.default-dispatcher-6] INFO  User file cache uses directory /var/folders/m8/q6f016tn6cl2cp86hfq331_w0000gp/T/junit7808560390333406207/junit12827901035184475028/flink-dist-cache-898acbb2-41bf-4cef-8403-05fb6a23f9dd
58528 [                                ] DispatcherRestEndpoint [ForkJoinPool-1-worker-19] INFO  Starting rest endpoint.
58529 [                                ] WebMonitorUtils [ForkJoinPool-1-worker-19] WARN  Log file environment variable 'log.file' is not set.
58529 [                                ] WebMonitorUtils [ForkJoinPool-1-worker-19] WARN  JobManager log files are unavailable in the web dashboard. Log file location not found in environment variable 'log.file' or configuration key 'web.log.path'.
58529 [                                ] DispatcherRestEndpoint [ForkJoinPool-1-worker-19] INFO  Rest endpoint listening at localhost:64536
58529 [                                ] EmbeddedLeaderService [ForkJoinPool-1-worker-19] INFO  Proposing leadership to the contender that is registered under component ID 'rest_server'.
58529 [                                ] DispatcherRestEndpoint [ForkJoinPool-1-worker-19] INFO  Web frontend listening at http://localhost:64536.
58529 [                                ] DispatcherRestEndpoint [mini-cluster-io-thread-1] INFO  http://localhost:64536 was granted leadership with leaderSessionID=2c1b097e-b58d-40c0-9d4e-332324ae3a86
58529 [                                ] EmbeddedLeaderService [mini-cluster-io-thread-1] INFO  Received confirmation of leadership for leader http://localhost:64536 , session=2c1b097e-b58d-40c0-9d4e-332324ae3a86
58530 [                                ] EmbeddedLeaderService [ForkJoinPool-1-worker-19] INFO  Proposing leadership to the contender that is registered under component ID 'dispatcher'.
58530 [                                ] ResourceManagerServiceImpl [ForkJoinPool-1-worker-19] INFO  Starting resource manager service.
58530 [                                ] EmbeddedLeaderService [ForkJoinPool-1-worker-19] INFO  Proposing leadership to the contender that is registered under component ID 'resource_manager'.
58530 [                                ] DefaultDispatcherRunner [mini-cluster-io-thread-2] INFO  DefaultDispatcherRunner was granted leadership with leader id 6831b567-2697-4d8b-b0cc-69fcbe29ec85. Creating new DispatcherLeaderProcess.
58530 [                                ] SessionDispatcherLeaderProcess [mini-cluster-io-thread-2] INFO  Start SessionDispatcherLeaderProcess.
58530 [                                ] MiniCluster [ForkJoinPool-1-worker-19] INFO  Flink Mini Cluster started successfully
58530 [                                ] SessionDispatcherLeaderProcess [mini-cluster-io-thread-4] INFO  Recover all persisted job graphs that are not finished, yet.
58530 [                                ] SessionDispatcherLeaderProcess [mini-cluster-io-thread-4] INFO  Successfully recovered 0 persisted job graphs.
58530 [                                ] SessionDispatcherLeaderProcess [mini-cluster-io-thread-4] INFO  Recover all persisted applications that are not finished, yet.
58530 [                                ] SessionDispatcherLeaderProcess [mini-cluster-io-thread-4] INFO  Successfully recovered 0 persisted applications.
58530 [                                ] ResourceManagerServiceImpl [pool-685-thread-1] INFO  Resource manager service is granted leadership with session id 36cbc52f-21b0-4c32-aba4-91ed4a5cd177.
58530 [                                ] PekkoRpcService [mini-cluster-io-thread-4] INFO  Starting RPC endpoint for org.apache.flink.runtime.dispatcher.StandaloneDispatcher at pekko://flink/user/rpc/dispatcher_319 .
58530 [                                ] Configuration [ForkJoinPool-1-worker-19] INFO  Config uses fallback configuration key 'jobmanager.rpc.address' instead of key 'rest.address'
58530 [                                ] PekkoRpcService [pool-685-thread-1] INFO  Starting RPC endpoint for org.apache.flink.runtime.resourcemanager.StandaloneResourceManager at pekko://flink/user/rpc/resourcemanager_320 .
58530 [                                ] StandaloneResourceManager [flink-pekko.actor.default-dispatcher-6] INFO  Starting the resource manager.
58530 [                                ] FineGrainedSlotManager [flink-pekko.actor.default-dispatcher-6] INFO  Starting the slot manager.
58530 [                                ] PseudoRandomValueSelector [ForkJoinPool-1-worker-19] INFO  Randomly selected true for execution.checkpointing.unaligned.enabled
58530 [                                ] PseudoRandomValueSelector [ForkJoinPool-1-worker-19] INFO  Randomly selected PT2S for execution.checkpointing.aligned-checkpoint-timeout
58530 [                                ] PseudoRandomValueSelector [ForkJoinPool-1-worker-19] INFO  Randomly selected false for execution.checkpointing.cleaner.parallel-mode
58530 [                                ] PseudoRandomValueSelector [ForkJoinPool-1-worker-19] INFO  Randomly selected false for execution.checkpointing.unaligned.interruptible-timers.enabled
58530 [                                ] PseudoRandomValueSelector [ForkJoinPool-1-worker-19] INFO  Randomly selected true for execution.checkpointing.snapshot-compression
58530 [                                ] PseudoRandomValueSelector [ForkJoinPool-1-worker-19] INFO  Randomly selected true for execution.checkpointing.file-merging.enabled
58530 [                                ] PseudoRandomValueSelector [ForkJoinPool-1-worker-19] INFO  Randomly selected false for state.backend.rocksdb.use-ingest-db-restore-mode
58530 [                                ] PseudoRandomValueSelector [ForkJoinPool-1-worker-19] INFO  Randomly selected 0 for pipeline.watermark-alignment.buffer-size
58530 [                                ] PseudoRandomValueSelector [ForkJoinPool-1-worker-19] INFO  Randomly selected 1 for table.exec.unbounded-over.version
58530 [                                ] PseudoRandomValueSelector [ForkJoinPool-1-worker-19] INFO  Randomly selected MAP for table.exec.sink.upsert-materialize-strategy.type
58530 [                                ] DefaultDelegationTokenManager [flink-pekko.actor.default-dispatcher-6] INFO  Starting tokens update task
58530 [                                ] DefaultDelegationTokenManager [flink-pekko.actor.default-dispatcher-6] WARN  No tokens obtained so skipping notifications
58530 [                                ] DefaultDelegationTokenManager [flink-pekko.actor.default-dispatcher-6] WARN  Tokens update task not started because either no tokens obtained or none of the tokens specified its renewal date
58530 [                                ] EmbeddedLeaderService [mini-cluster-io-thread-2] INFO  Received confirmation of leadership for leader pekko://flink/user/rpc/resourcemanager_320 , session=36cbc52f-21b0-4c32-aba4-91ed4a5cd177
58530 [                                ] EmbeddedLeaderService [mini-cluster-io-thread-4] INFO  Received confirmation of leadership for leader pekko://flink/user/rpc/dispatcher_319 , session=6831b567-2697-4d8b-b0cc-69fcbe29ec85
58530 [                                ] TaskExecutor [flink-pekko.actor.default-dispatcher-6] INFO  Connecting to ResourceManager pekko://flink/user/rpc/resourcemanager_320(aba491ed4a5cd17736cbc52f21b04c32).
58530 [                                ] TaskExecutor [flink-pekko.actor.default-dispatcher-9] INFO  Connecting to ResourceManager pekko://flink/user/rpc/resourcemanager_320(aba491ed4a5cd17736cbc52f21b04c32).
58530 [                                ] TaskExecutor [flink-pekko.actor.default-dispatcher-8] INFO  Connecting to ResourceManager pekko://flink/user/rpc/resourcemanager_320(aba491ed4a5cd17736cbc52f21b04c32).
58530 [                                ] TaskExecutor [flink-pekko.actor.default-dispatcher-9] INFO  Resolved ResourceManager address, beginning registration
58530 [                                ] TaskExecutor [flink-pekko.actor.default-dispatcher-8] INFO  Resolved ResourceManager address, beginning registration
58530 [                                ] TaskExecutor [flink-pekko.actor.default-dispatcher-6] INFO  Resolved ResourceManager address, beginning registration
58530 [                                ] StandaloneResourceManager [flink-pekko.actor.default-dispatcher-6] INFO  Registering TaskManager with ResourceID 9bc16582-3f6d-4e4f-afcf-319b33647d65 (pekko://flink/user/rpc/taskmanager_316) at ResourceManager
58530 [                                ] StandaloneResourceManager [flink-pekko.actor.default-dispatcher-6] INFO  Registering TaskManager with ResourceID 8a3f18d0-1c09-4b6c-ba09-561e45eadde2 (pekko://flink/user/rpc/taskmanager_318) at ResourceManager
58530 [                                ] StandaloneResourceManager [flink-pekko.actor.default-dispatcher-6] INFO  Registering TaskManager with ResourceID 0a92b9c5-783c-47d2-903d-046bd2e6f2f4 (pekko://flink/user/rpc/taskmanager_317) at ResourceManager
58530 [                                ] TaskExecutor [flink-pekko.actor.default-dispatcher-9] INFO  Successful registration at resource manager pekko://flink/user/rpc/resourcemanager_320 under registration id 9054848edfc9227764656bad9c9538d5.
58530 [                                ] TaskExecutor [flink-pekko.actor.default-dispatcher-6] INFO  Successful registration at resource manager pekko://flink/user/rpc/resourcemanager_320 under registration id e0e4ad96a598b7e447d885c124882eb1.
58530 [                                ] TaskExecutor [flink-pekko.actor.default-dispatcher-10] INFO  Successful registration at resource manager pekko://flink/user/rpc/resourcemanager_320 under registration id b78a5c01fba5f0cec04de616b9690738.
58530 [                                ] FineGrainedSlotManager [flink-pekko.actor.default-dispatcher-8] INFO  Registering task executor 0a92b9c5-783c-47d2-903d-046bd2e6f2f4 under e0e4ad96a598b7e447d885c124882eb1 at the slot manager.
58530 [                                ] FineGrainedSlotManager [flink-pekko.actor.default-dispatcher-8] INFO  Registering task executor 9bc16582-3f6d-4e4f-afcf-319b33647d65 under b78a5c01fba5f0cec04de616b9690738 at the slot manager.
58530 [                                ] FineGrainedSlotManager [flink-pekko.actor.default-dispatcher-8] INFO  Registering task executor 8a3f18d0-1c09-4b6c-ba09-561e45eadde2 under 9054848edfc9227764656bad9c9538d5 at the slot manager.
Starting org.apache.flink.test.checkpointing.UnalignedCheckpointRescaleITCase#shouldRescaleUnalignedCheckpoint.
58532 [                                ] StandaloneDispatcher [flink-pekko.actor.default-dispatcher-6] INFO  Received application submission 'SingleJobApplication(Flink Streaming Job)' (72d2f2102094885a0a6022bf82208c93).
58532 [                                ] StandaloneDispatcher [flink-pekko.actor.default-dispatcher-6] INFO  Submitting application 'SingleJobApplication(Flink Streaming Job)' (72d2f2102094885a0a6022bf82208c93).
58532 [                                ] AbstractApplication [flink-pekko.actor.default-dispatcher-6] INFO  Application SingleJobApplication(Flink Streaming Job) (72d2f2102094885a0a6022bf82208c93) switched from state CREATED to RUNNING.
58532 [72d2f2102094885a0a6022bf82208c93] StandaloneDispatcher [flink-pekko.actor.default-dispatcher-6] INFO  Received job submission 'Flink Streaming Job' (72d2f2102094885a0a6022bf82208c93).
58532 [72d2f2102094885a0a6022bf82208c93] StandaloneDispatcher [flink-pekko.actor.default-dispatcher-6] INFO  Submitting job 'Flink Streaming Job' (72d2f2102094885a0a6022bf82208c93) with associated application (72d2f2102094885a0a6022bf82208c93).
58532 [72d2f2102094885a0a6022bf82208c93] EmbeddedLeaderService [flink-pekko.actor.default-dispatcher-6] INFO  Proposing leadership to the contender that is registered under component ID 'job-72d2f2102094885a0a6022bf82208c93'.
58532 [                                ] JobMasterServiceLeadershipRunner [mini-cluster-io-thread-2] INFO  JobMasterServiceLeadershipRunner for job 72d2f2102094885a0a6022bf82208c93 was granted leadership with leader id 8e8d0abd-6764-424e-9485-1ccc9a25d380. Creating new JobMasterServiceProcess.
58533 [72d2f2102094885a0a6022bf82208c93] PekkoRpcService [jobmanager-io-thread-1] INFO  Starting RPC endpoint for org.apache.flink.runtime.jobmaster.JobMaster at pekko://flink/user/rpc/jobmanager_321 .
58533 [72d2f2102094885a0a6022bf82208c93] JobMaster [jobmanager-io-thread-1] INFO  Initializing job 'Flink Streaming Job' (72d2f2102094885a0a6022bf82208c93).
58533 [72d2f2102094885a0a6022bf82208c93] JobMaster [jobmanager-io-thread-1] INFO  Using restart back off time strategy FixedDelayRestartBackoffTimeStrategy(maxNumberRestartAttempts=0, backoffTimeMS=100) for Flink Streaming Job (72d2f2102094885a0a6022bf82208c93).
58533 [72d2f2102094885a0a6022bf82208c93] ExecutionGraph [jobmanager-io-thread-1] INFO  Created execution graph bd67806bab9fab04288360ffc130ea03 for job 72d2f2102094885a0a6022bf82208c93.
58533 [72d2f2102094885a0a6022bf82208c93] JobMaster [jobmanager-io-thread-1] INFO  Running initialization on master for job Flink Streaming Job (72d2f2102094885a0a6022bf82208c93).
58533 [72d2f2102094885a0a6022bf82208c93] JobMaster [jobmanager-io-thread-1] INFO  Successfully ran initialization on master in 0 ms.
58533 [72d2f2102094885a0a6022bf82208c93] DefaultExecutionTopology [jobmanager-io-thread-1] INFO  Built 1 new pipelined regions in 0 ms, total 1 pipelined regions currently.
58533 [72d2f2102094885a0a6022bf82208c93] JobMaster [jobmanager-io-thread-1] INFO  State backend is set to heap memory org.apache.flink.runtime.state.hashmap.HashMapStateBackend@5bcaecd9
58533 [72d2f2102094885a0a6022bf82208c93] StateBackendLoader [jobmanager-io-thread-1] INFO  State backend loader loads the state backend as HashMapStateBackend
58533 [72d2f2102094885a0a6022bf82208c93] JobMaster [jobmanager-io-thread-1] INFO  Checkpoint storage is set to 'filesystem': (checkpoints "file:/var/folders/m8/q6f016tn6cl2cp86hfq331_w0000gp/T/junit-8228656632016441026/junit638187050990921127")
58534 [72d2f2102094885a0a6022bf82208c93] CheckpointCoordinator [jobmanager-io-thread-1] INFO  No checkpoint found during restore.
58534 [72d2f2102094885a0a6022bf82208c93] JobMaster [jobmanager-io-thread-1] INFO  Using failover strategy org.apache.flink.runtime.executiongraph.failover.RestartPipelinedRegionFailoverStrategy@1c736a45 for Flink Streaming Job (72d2f2102094885a0a6022bf82208c93).
58534 [72d2f2102094885a0a6022bf82208c93] EmbeddedLeaderService [jobmanager-io-thread-1] INFO  Received confirmation of leadership for leader pekko://flink/user/rpc/jobmanager_321 , session=8e8d0abd-6764-424e-9485-1ccc9a25d380
58534 [72d2f2102094885a0a6022bf82208c93] JobMaster [flink-pekko.actor.default-dispatcher-6] INFO  Starting execution of job 'Flink Streaming Job' (72d2f2102094885a0a6022bf82208c93) under job master id 94851ccc9a25d3808e8d0abd6764424e.
58534 [72d2f2102094885a0a6022bf82208c93] SourceCoordinator [flink-pekko.actor.default-dispatcher-6] INFO  Starting split enumerator for source Source: source0.
58534 [72d2f2102094885a0a6022bf82208c93] JobMaster [flink-pekko.actor.default-dispatcher-6] INFO  Starting scheduling with scheduling strategy [org.apache.flink.runtime.scheduler.strategy.PipelinedRegionSchedulingStrategy]
58534 [72d2f2102094885a0a6022bf82208c93] ExecutionGraph [flink-pekko.actor.default-dispatcher-6] INFO  Job Flink Streaming Job (72d2f2102094885a0a6022bf82208c93) switched from state CREATED to RUNNING.
58534 [72d2f2102094885a0a6022bf82208c93] ExecutionTrackingCheckpointCoordinatorDeActivator [flink-pekko.actor.default-dispatcher-6] INFO  Starting checkpoint scheduler
58534 [72d2f2102094885a0a6022bf82208c93] ExecutionGraph [flink-pekko.actor.default-dispatcher-6] INFO  Source: source0 -> input-filter0 -> input-counter0 (1/3) (bd67806bab9fab04288360ffc130ea03_3e9b902627593008a6d790e9aeca7953_0_0) switched from CREATED to SCHEDULED.
58534 [72d2f2102094885a0a6022bf82208c93] ExecutionTrackingCheckpointCoordinatorDeActivator [flink-pekko.actor.default-dispatcher-6] INFO  Stopping checkpoint scheduler, current job status: RUNNING
58534 [72d2f2102094885a0a6022bf82208c93] ExecutionGraph [flink-pekko.actor.default-dispatcher-6] INFO  Source: source0 -> input-filter0 -> input-counter0 (2/3) (bd67806bab9fab04288360ffc130ea03_3e9b902627593008a6d790e9aeca7953_1_0) switched from CREATED to SCHEDULED.
58534 [72d2f2102094885a0a6022bf82208c93] ExecutionGraph [flink-pekko.actor.default-dispatcher-6] INFO  Source: source0 -> input-filter0 -> input-counter0 (3/3) (bd67806bab9fab04288360ffc130ea03_3e9b902627593008a6d790e9aeca7953_2_0) switched from CREATED to SCHEDULED.
58534 [72d2f2102094885a0a6022bf82208c93] ExecutionGraph [flink-pekko.actor.default-dispatcher-6] INFO  global0 (1/3) (bd67806bab9fab04288360ffc130ea03_4eca6edb63b17eb77deb9de060a699d1_0_0) switched from CREATED to SCHEDULED.
58534 [72d2f2102094885a0a6022bf82208c93] ExecutionGraph [flink-pekko.actor.default-dispatcher-6] INFO  global0 (2/3) (bd67806bab9fab04288360ffc130ea03_4eca6edb63b17eb77deb9de060a699d1_1_0) switched from CREATED to SCHEDULED.
58534 [72d2f2102094885a0a6022bf82208c93] ExecutionGraph [flink-pekko.actor.default-dispatcher-6] INFO  global0 (3/3) (bd67806bab9fab04288360ffc130ea03_4eca6edb63b17eb77deb9de060a699d1_2_0) switched from CREATED to SCHEDULED.
58534 [72d2f2102094885a0a6022bf82208c93] ExecutionGraph [flink-pekko.actor.default-dispatcher-6] INFO  rebalance0 (1/4) (bd67806bab9fab04288360ffc130ea03_25a6d73fce56b9559bed0247061e93e0_0_0) switched from CREATED to SCHEDULED.
58534 [72d2f2102094885a0a6022bf82208c93] ExecutionGraph [flink-pekko.actor.default-dispatcher-6] INFO  rebalance0 (2/4) (bd67806bab9fab04288360ffc130ea03_25a6d73fce56b9559bed0247061e93e0_1_0) switched from CREATED to SCHEDULED.
58534 [72d2f2102094885a0a6022bf82208c93] ExecutionGraph [flink-pekko.actor.default-dispatcher-6] INFO  rebalance0 (3/4) (bd67806bab9fab04288360ffc130ea03_25a6d73fce56b9559bed0247061e93e0_2_0) switched from CREATED to SCHEDULED.
58534 [72d2f2102094885a0a6022bf82208c93] ExecutionGraph [flink-pekko.actor.default-dispatcher-6] INFO  rebalance0 (4/4) (bd67806bab9fab04288360ffc130ea03_25a6d73fce56b9559bed0247061e93e0_3_0) switched from CREATED to SCHEDULED.
58534 [72d2f2102094885a0a6022bf82208c93] ExecutionGraph [flink-pekko.actor.default-dispatcher-6] INFO  upscale0 (1/6) (bd67806bab9fab04288360ffc130ea03_7559af08559a2c7079a359b85b7edab5_0_0) switched from CREATED to SCHEDULED.
58534 [72d2f2102094885a0a6022bf82208c93] ExecutionGraph [flink-pekko.actor.default-dispatcher-6] INFO  upscale0 (2/6) (bd67806bab9fab04288360ffc130ea03_7559af08559a2c7079a359b85b7edab5_1_0) switched from CREATED to SCHEDULED.
58534 [72d2f2102094885a0a6022bf82208c93] ExecutionGraph [flink-pekko.actor.default-dispatcher-6] INFO  upscale0 (3/6) (bd67806bab9fab04288360ffc130ea03_7559af08559a2c7079a359b85b7edab5_2_0) switched from CREATED to SCHEDULED.
58534 [72d2f2102094885a0a6022bf82208c93] ExecutionGraph [flink-pekko.actor.default-dispatcher-6] INFO  upscale0 (4/6) (bd67806bab9fab04288360ffc130ea03_7559af08559a2c7079a359b85b7edab5_3_0) switched from CREATED to SCHEDULED.
58534 [72d2f2102094885a0a6022bf82208c93] ExecutionGraph [flink-pekko.actor.default-dispatcher-6] INFO  upscale0 (5/6) (bd67806bab9fab04288360ffc130ea03_7559af08559a2c7079a359b85b7edab5_4_0) switched from CREATED to SCHEDULED.
58534 [72d2f2102094885a0a6022bf82208c93] ExecutionGraph [flink-pekko.actor.default-dispatcher-6] INFO  upscale0 (6/6) (bd67806bab9fab04288360ffc130ea03_7559af08559a2c7079a359b85b7edab5_5_0) switched from CREATED to SCHEDULED.
58534 [72d2f2102094885a0a6022bf82208c93] ExecutionGraph [flink-pekko.actor.default-dispatcher-6] INFO  downscale0 (1/4) (bd67806bab9fab04288360ffc130ea03_579c351891399448b6165717925f2b21_0_0) switched from CREATED to SCHEDULED.
58534 [72d2f2102094885a0a6022bf82208c93] ExecutionGraph [flink-pekko.actor.default-dispatcher-6] INFO  downscale0 (2/4) (bd67806bab9fab04288360ffc130ea03_579c351891399448b6165717925f2b21_1_0) switched from CREATED to SCHEDULED.
58534 [72d2f2102094885a0a6022bf82208c93] ExecutionGraph [flink-pekko.actor.default-dispatcher-6] INFO  downscale0 (3/4) (bd67806bab9fab04288360ffc130ea03_579c351891399448b6165717925f2b21_2_0) switched from CREATED to SCHEDULED.
58534 [72d2f2102094885a0a6022bf82208c93] ExecutionGraph [flink-pekko.actor.default-dispatcher-6] INFO  downscale0 (4/4) (bd67806bab9fab04288360ffc130ea03_579c351891399448b6165717925f2b21_3_0) switched from CREATED to SCHEDULED.
58534 [72d2f2102094885a0a6022bf82208c93] ExecutionGraph [flink-pekko.actor.default-dispatcher-6] INFO  keyby0 (1/3) (bd67806bab9fab04288360ffc130ea03_e32648f4a493dd25fdd7d9c66c500390_0_0) switched from CREATED to SCHEDULED.
58534 [72d2f2102094885a0a6022bf82208c93] ExecutionGraph [flink-pekko.actor.default-dispatcher-6] INFO  keyby0 (2/3) (bd67806bab9fab04288360ffc130ea03_e32648f4a493dd25fdd7d9c66c500390_1_0) switched from CREATED to SCHEDULED.
58534 [72d2f2102094885a0a6022bf82208c93] ExecutionGraph [flink-pekko.actor.default-dispatcher-6] INFO  keyby0 (3/3) (bd67806bab9fab04288360ffc130ea03_e32648f4a493dd25fdd7d9c66c500390_2_0) switched from CREATED to SCHEDULED.
58534 [72d2f2102094885a0a6022bf82208c93] ExecutionGraph [flink-pekko.actor.default-dispatcher-6] INFO  rescale0 (1/4) (bd67806bab9fab04288360ffc130ea03_7b4c6fe4c6df355e1ed86e978ba4a96e_0_0) switched from CREATED to SCHEDULED.
58534 [72d2f2102094885a0a6022bf82208c93] ExecutionGraph [flink-pekko.actor.default-dispatcher-6] INFO  rescale0 (2/4) (bd67806bab9fab04288360ffc130ea03_7b4c6fe4c6df355e1ed86e978ba4a96e_1_0) switched from CREATED to SCHEDULED.
58534 [72d2f2102094885a0a6022bf82208c93] ExecutionGraph [flink-pekko.actor.default-dispatcher-6] INFO  rescale0 (3/4) (bd67806bab9fab04288360ffc130ea03_7b4c6fe4c6df355e1ed86e978ba4a96e_2_0) switched from CREATED to SCHEDULED.
58534 [72d2f2102094885a0a6022bf82208c93] ExecutionGraph [flink-pekko.actor.default-dispatcher-6] INFO  rescale0 (4/4) (bd67806bab9fab04288360ffc130ea03_7b4c6fe4c6df355e1ed86e978ba4a96e_3_0) switched from CREATED to SCHEDULED.
58534 [72d2f2102094885a0a6022bf82208c93] ExecutionGraph [flink-pekko.actor.default-dispatcher-6] INFO  failing-map (1/3) (bd67806bab9fab04288360ffc130ea03_b8c789ec3a44294cb45da029ffe0e6fd_0_0) switched from CREATED to SCHEDULED.
58534 [72d2f2102094885a0a6022bf82208c93] ExecutionGraph [flink-pekko.actor.default-dispatcher-6] INFO  failing-map (2/3) (bd67806bab9fab04288360ffc130ea03_b8c789ec3a44294cb45da029ffe0e6fd_1_0) switched from CREATED to SCHEDULED.
58534 [72d2f2102094885a0a6022bf82208c93] ExecutionGraph [flink-pekko.actor.default-dispatcher-6] INFO  failing-map (3/3) (bd67806bab9fab04288360ffc130ea03_b8c789ec3a44294cb45da029ffe0e6fd_2_0) switched from CREATED to SCHEDULED.
58534 [72d2f2102094885a0a6022bf82208c93] ExecutionGraph [flink-pekko.actor.default-dispatcher-6] INFO  Sink: sink (1/1) (bd67806bab9fab04288360ffc130ea03_2e588ce1c86a9d46e2e85186773ce4fd_0_0) switched from CREATED to SCHEDULED.
58534 [72d2f2102094885a0a6022bf82208c93] JobMaster [flink-pekko.actor.default-dispatcher-6] INFO  Connecting to ResourceManager pekko://flink/user/rpc/resourcemanager_320(aba491ed4a5cd17736cbc52f21b04c32)
58534 [                                ] JobMaster [flink-pekko.actor.default-dispatcher-9] INFO  Resolved ResourceManager address, beginning registration
58534 [72d2f2102094885a0a6022bf82208c93] StandaloneResourceManager [flink-pekko.actor.default-dispatcher-9] INFO  Registering job manager 94851ccc9a25d3808e8d0abd6764424e@pekko://flink/user/rpc/jobmanager_321 for job 72d2f2102094885a0a6022bf82208c93.
58534 [72d2f2102094885a0a6022bf82208c93] StandaloneResourceManager [flink-pekko.actor.default-dispatcher-10] INFO  Registered job manager 94851ccc9a25d3808e8d0abd6764424e@pekko://flink/user/rpc/jobmanager_321 for job 72d2f2102094885a0a6022bf82208c93.
58534 [72d2f2102094885a0a6022bf82208c93] JobMaster [flink-pekko.actor.default-dispatcher-9] INFO  JobManager successfully registered at ResourceManager, leader id: aba491ed4a5cd17736cbc52f21b04c32.
58534 [72d2f2102094885a0a6022bf82208c93] FineGrainedSlotManager [flink-pekko.actor.default-dispatcher-9] INFO  Received resource requirements from job 72d2f2102094885a0a6022bf82208c93: [ResourceRequirement{resourceProfile=ResourceProfile{UNKNOWN}, numberOfRequiredSlots=6}]
58555 [72d2f2102094885a0a6022bf82208c93] FineGrainedSlotManager [flink-pekko.actor.default-dispatcher-10] INFO  Received resource requirements from job 72d2f2102094885a0a6022bf82208c93: [ResourceRequirement{resourceProfile=ResourceProfile{UNKNOWN}, numberOfRequiredSlots=6}]
58594 [                                ] FineGrainedSlotManager [flink-pekko.actor.default-dispatcher-10] INFO  Matching resource requirements against available resources.
Missing resources:
	 Job 72d2f2102094885a0a6022bf82208c93
		ResourceRequirement{resourceProfile=ResourceProfile{UNKNOWN}, numberOfRequiredSlots=6}
Current resources:
	TaskManager 9bc16582-3f6d-4e4f-afcf-319b33647d65
		Available: ResourceProfile{taskHeapMemory=1024.000gb (1099511627776 bytes), taskOffHeapMemory=1024.000gb (1099511627776 bytes), managedMemory=80.000mb (83886080 bytes), networkMemory=32.000mb (33554432 bytes)}
		Total:     ResourceProfile{taskHeapMemory=1024.000gb (1099511627776 bytes), taskOffHeapMemory=1024.000gb (1099511627776 bytes), managedMemory=80.000mb (83886080 bytes), networkMemory=32.000mb (33554432 bytes)}
	TaskManager 8a3f18d0-1c09-4b6c-ba09-561e45eadde2
		Available: ResourceProfile{taskHeapMemory=1024.000gb (1099511627776 bytes), taskOffHeapMemory=1024.000gb (1099511627776 bytes), managedMemory=80.000mb (83886080 bytes), networkMemory=32.000mb (33554432 bytes)}
		Total:     ResourceProfile{taskHeapMemory=1024.000gb (1099511627776 bytes), taskOffHeapMemory=1024.000gb (1099511627776 bytes), managedMemory=80.000mb (83886080 bytes), networkMemory=32.000mb (33554432 bytes)}
	TaskManager 0a92b9c5-783c-47d2-903d-046bd2e6f2f4
		Available: ResourceProfile{taskHeapMemory=1024.000gb (1099511627776 bytes), taskOffHeapMemory=1024.000gb (1099511627776 bytes), managedMemory=80.000mb (83886080 bytes), networkMemory=32.000mb (33554432 bytes)}
		Total:     ResourceProfile{taskHeapMemory=1024.000gb (1099511627776 bytes), taskOffHeapMemory=1024.000gb (1099511627776 bytes), managedMemory=80.000mb (83886080 bytes), networkMemory=32.000mb (33554432 bytes)}
58594 [72d2f2102094885a0a6022bf82208c93] DefaultSlotStatusSyncer [flink-pekko.actor.default-dispatcher-10] INFO  Starting allocation of slot 8083e1271a4d7cfbe695d82a148d60ca from 9bc16582-3f6d-4e4f-afcf-319b33647d65 for job 72d2f2102094885a0a6022bf82208c93 with resource profile ResourceProfile{taskHeapMemory=512.000gb (549755813888 bytes), taskOffHeapMemory=512.000gb (549755813888 bytes), managedMemory=40.000mb (41943040 bytes), networkMemory=16.000mb (16777216 bytes)}.
58594 [72d2f2102094885a0a6022bf82208c93] DefaultSlotStatusSyncer [flink-pekko.actor.default-dispatcher-10] INFO  Starting allocation of slot dfb340fb61b031d3d4004c6315ed7b04 from 9bc16582-3f6d-4e4f-afcf-319b33647d65 for job 72d2f2102094885a0a6022bf82208c93 with resource profile ResourceProfile{taskHeapMemory=512.000gb (549755813888 bytes), taskOffHeapMemory=512.000gb (549755813888 bytes), managedMemory=40.000mb (41943040 bytes), networkMemory=16.000mb (16777216 bytes)}.
58594 [72d2f2102094885a0a6022bf82208c93] TaskExecutor [flink-pekko.actor.default-dispatcher-9] INFO  Receive slot request 8083e1271a4d7cfbe695d82a148d60ca for job 72d2f2102094885a0a6022bf82208c93 from resource manager with leader id aba491ed4a5cd17736cbc52f21b04c32.
58594 [72d2f2102094885a0a6022bf82208c93] TaskSlotTableImpl [flink-pekko.actor.default-dispatcher-9] INFO  Allocated slot for 8083e1271a4d7cfbe695d82a148d60ca with resources ResourceProfile{taskHeapMemory=512.000gb (549755813888 bytes), taskOffHeapMemory=512.000gb (549755813888 bytes), managedMemory=40.000mb (41943040 bytes), networkMemory=16.000mb (16777216 bytes)}.
58594 [72d2f2102094885a0a6022bf82208c93] DefaultSlotStatusSyncer [flink-pekko.actor.default-dispatcher-10] INFO  Starting allocation of slot 8c2b9e45b9aea0e85419b20b015adecf from 8a3f18d0-1c09-4b6c-ba09-561e45eadde2 for job 72d2f2102094885a0a6022bf82208c93 with resource profile ResourceProfile{taskHeapMemory=512.000gb (549755813888 bytes), taskOffHeapMemory=512.000gb (549755813888 bytes), managedMemory=40.000mb (41943040 bytes), networkMemory=16.000mb (16777216 bytes)}.
58594 [72d2f2102094885a0a6022bf82208c93] DefaultSlotStatusSyncer [flink-pekko.actor.default-dispatcher-10] INFO  Starting allocation of slot c25741976ea5802832882c41b796ebc6 from 8a3f18d0-1c09-4b6c-ba09-561e45eadde2 for job 72d2f2102094885a0a6022bf82208c93 with resource profile ResourceProfile{taskHeapMemory=512.000gb (549755813888 bytes), taskOffHeapMemory=512.000gb (549755813888 bytes), managedMemory=40.000mb (41943040 bytes), networkMemory=16.000mb (16777216 bytes)}.
58594 [72d2f2102094885a0a6022bf82208c93] TaskExecutor [flink-pekko.actor.default-dispatcher-6] INFO  Receive slot request 8c2b9e45b9aea0e85419b20b015adecf for job 72d2f2102094885a0a6022bf82208c93 from resource manager with leader id aba491ed4a5cd17736cbc52f21b04c32.
58594 [72d2f2102094885a0a6022bf82208c93] DefaultSlotStatusSyncer [flink-pekko.actor.default-dispatcher-10] INFO  Starting allocation of slot 3ba8aa4d4472dc8bca7ee8759fda0bbd from 0a92b9c5-783c-47d2-903d-046bd2e6f2f4 for job 72d2f2102094885a0a6022bf82208c93 with resource profile ResourceProfile{taskHeapMemory=512.000gb (549755813888 bytes), taskOffHeapMemory=512.000gb (549755813888 bytes), managedMemory=40.000mb (41943040 bytes), networkMemory=16.000mb (16777216 bytes)}.
58594 [72d2f2102094885a0a6022bf82208c93] TaskSlotTableImpl [flink-pekko.actor.default-dispatcher-6] INFO  Allocated slot for 8c2b9e45b9aea0e85419b20b015adecf with resources ResourceProfile{taskHeapMemory=512.000gb (549755813888 bytes), taskOffHeapMemory=512.000gb (549755813888 bytes), managedMemory=40.000mb (41943040 bytes), networkMemory=16.000mb (16777216 bytes)}.
58594 [72d2f2102094885a0a6022bf82208c93] DefaultSlotStatusSyncer [flink-pekko.actor.default-dispatcher-10] INFO  Starting allocation of slot 43b2053d974a39b19f7b048d07717c1b from 0a92b9c5-783c-47d2-903d-046bd2e6f2f4 for job 72d2f2102094885a0a6022bf82208c93 with resource profile ResourceProfile{taskHeapMemory=512.000gb (549755813888 bytes), taskOffHeapMemory=512.000gb (549755813888 bytes), managedMemory=40.000mb (41943040 bytes), networkMemory=16.000mb (16777216 bytes)}.
58594 [72d2f2102094885a0a6022bf82208c93] TaskExecutor [flink-pekko.actor.default-dispatcher-8] INFO  Receive slot request 3ba8aa4d4472dc8bca7ee8759fda0bbd for job 72d2f2102094885a0a6022bf82208c93 from resource manager with leader id aba491ed4a5cd17736cbc52f21b04c32.
58594 [72d2f2102094885a0a6022bf82208c93] DefaultJobLeaderService [flink-pekko.actor.default-dispatcher-9] INFO  Add job 72d2f2102094885a0a6022bf82208c93 for job leader monitoring.
58594 [72d2f2102094885a0a6022bf82208c93] TaskSlotTableImpl [flink-pekko.actor.default-dispatcher-8] INFO  Allocated slot for 3ba8aa4d4472dc8bca7ee8759fda0bbd with resources ResourceProfile{taskHeapMemory=512.000gb (549755813888 bytes), taskOffHeapMemory=512.000gb (549755813888 bytes), managedMemory=40.000mb (41943040 bytes), networkMemory=16.000mb (16777216 bytes)}.
58594 [72d2f2102094885a0a6022bf82208c93] DefaultJobLeaderService [flink-pekko.actor.default-dispatcher-6] INFO  Add job 72d2f2102094885a0a6022bf82208c93 for job leader monitoring.
58594 [72d2f2102094885a0a6022bf82208c93] TaskExecutor [flink-pekko.actor.default-dispatcher-6] INFO  Receive slot request c25741976ea5802832882c41b796ebc6 for job 72d2f2102094885a0a6022bf82208c93 from resource manager with leader id aba491ed4a5cd17736cbc52f21b04c32.
58594 [72d2f2102094885a0a6022bf82208c93] TaskExecutor [flink-pekko.actor.default-dispatcher-9] INFO  Receive slot request dfb340fb61b031d3d4004c6315ed7b04 for job 72d2f2102094885a0a6022bf82208c93 from resource manager with leader id aba491ed4a5cd17736cbc52f21b04c32.
58594 [72d2f2102094885a0a6022bf82208c93] TaskSlotTableImpl [flink-pekko.actor.default-dispatcher-6] INFO  Allocated slot for c25741976ea5802832882c41b796ebc6 with resources ResourceProfile{taskHeapMemory=512.000gb (549755813888 bytes), taskOffHeapMemory=512.000gb (549755813888 bytes), managedMemory=40.000mb (41943040 bytes), networkMemory=16.000mb (16777216 bytes)}.
58594 [72d2f2102094885a0a6022bf82208c93] TaskSlotTableImpl [flink-pekko.actor.default-dispatcher-9] INFO  Allocated slot for dfb340fb61b031d3d4004c6315ed7b04 with resources ResourceProfile{taskHeapMemory=512.000gb (549755813888 bytes), taskOffHeapMemory=512.000gb (549755813888 bytes), managedMemory=40.000mb (41943040 bytes), networkMemory=16.000mb (16777216 bytes)}.
58594 [72d2f2102094885a0a6022bf82208c93] DefaultJobLeaderService [flink-pekko.actor.default-dispatcher-8] INFO  Add job 72d2f2102094885a0a6022bf82208c93 for job leader monitoring.
58594 [                                ] DefaultJobLeaderService [mini-cluster-io-thread-4] INFO  Try to register at job manager pekko://flink/user/rpc/jobmanager_321 with leader id 8e8d0abd-6764-424e-9485-1ccc9a25d380.
58594 [                                ] DefaultJobLeaderService [mini-cluster-io-thread-2] INFO  Try to register at job manager pekko://flink/user/rpc/jobmanager_321 with leader id 8e8d0abd-6764-424e-9485-1ccc9a25d380.
58594 [72d2f2102094885a0a6022bf82208c93] TaskExecutor [flink-pekko.actor.default-dispatcher-8] INFO  Receive slot request 43b2053d974a39b19f7b048d07717c1b for job 72d2f2102094885a0a6022bf82208c93 from resource manager with leader id aba491ed4a5cd17736cbc52f21b04c32.
58594 [                                ] DefaultJobLeaderService [mini-cluster-io-thread-1] INFO  Try to register at job manager pekko://flink/user/rpc/jobmanager_321 with leader id 8e8d0abd-6764-424e-9485-1ccc9a25d380.
58594 [72d2f2102094885a0a6022bf82208c93] TaskSlotTableImpl [flink-pekko.actor.default-dispatcher-8] INFO  Allocated slot for 43b2053d974a39b19f7b048d07717c1b with resources ResourceProfile{taskHeapMemory=512.000gb (549755813888 bytes), taskOffHeapMemory=512.000gb (549755813888 bytes), managedMemory=40.000mb (41943040 bytes), networkMemory=16.000mb (16777216 bytes)}.
58594 [                                ] DefaultJobLeaderService [flink-pekko.actor.default-dispatcher-9] INFO  Resolved JobManager address, beginning registration
58594 [                                ] DefaultJobLeaderService [flink-pekko.actor.default-dispatcher-10] INFO  Resolved JobManager address, beginning registration
58594 [                                ] DefaultJobLeaderService [flink-pekko.actor.default-dispatcher-8] INFO  Resolved JobManager address, beginning registration
58594 [                                ] DefaultJobLeaderService [flink-pekko.actor.default-dispatcher-8] INFO  Successful registration at job manager pekko://flink/user/rpc/jobmanager_321 for job 72d2f2102094885a0a6022bf82208c93.
58594 [                                ] DefaultJobLeaderService [flink-pekko.actor.default-dispatcher-10] INFO  Successful registration at job manager pekko://flink/user/rpc/jobmanager_321 for job 72d2f2102094885a0a6022bf82208c93.
58594 [                                ] DefaultJobLeaderService [flink-pekko.actor.default-dispatcher-9] INFO  Successful registration at job manager pekko://flink/user/rpc/jobmanager_321 for job 72d2f2102094885a0a6022bf82208c93.
58594 [                                ] TaskExecutor [flink-pekko.actor.default-dispatcher-9] INFO  Establish JobManager connection for job 72d2f2102094885a0a6022bf82208c93.
58594 [                                ] TaskExecutor [flink-pekko.actor.default-dispatcher-8] INFO  Establish JobManager connection for job 72d2f2102094885a0a6022bf82208c93.
58594 [                                ] TaskExecutor [flink-pekko.actor.default-dispatcher-10] INFO  Establish JobManager connection for job 72d2f2102094885a0a6022bf82208c93.
58594 [                                ] TaskExecutor [flink-pekko.actor.default-dispatcher-8] INFO  Offer reserved slots to the leader of job 72d2f2102094885a0a6022bf82208c93.
58594 [                                ] TaskExecutor [flink-pekko.actor.default-dispatcher-10] INFO  Offer reserved slots to the leader of job 72d2f2102094885a0a6022bf82208c93.
58594 [                                ] TaskExecutor [flink-pekko.actor.default-dispatcher-9] INFO  Offer reserved slots to the leader of job 72d2f2102094885a0a6022bf82208c93.
58595 [72d2f2102094885a0a6022bf82208c93] TaskSlotTableImpl [flink-pekko.actor.default-dispatcher-9] INFO  Activate slot 3ba8aa4d4472dc8bca7ee8759fda0bbd.
58595 [72d2f2102094885a0a6022bf82208c93] TaskSlotTableImpl [flink-pekko.actor.default-dispatcher-9] INFO  Activate slot 43b2053d974a39b19f7b048d07717c1b.
58595 [72d2f2102094885a0a6022bf82208c93] TaskSlotTableImpl [flink-pekko.actor.default-dispatcher-9] INFO  Activate slot dfb340fb61b031d3d4004c6315ed7b04.
58595 [72d2f2102094885a0a6022bf82208c93] TaskSlotTableImpl [flink-pekko.actor.default-dispatcher-9] INFO  Activate slot 8083e1271a4d7cfbe695d82a148d60ca.
58595 [72d2f2102094885a0a6022bf82208c93] ExecutionGraph [flink-pekko.actor.default-dispatcher-8] INFO  Source: source0 -> input-filter0 -> input-counter0 (1/3) (bd67806bab9fab04288360ffc130ea03_3e9b902627593008a6d790e9aeca7953_0_0) switched from SCHEDULED to DEPLOYING.
58595 [72d2f2102094885a0a6022bf82208c93] ExecutionGraph [flink-pekko.actor.default-dispatcher-8] INFO  Deploying Source: source0 -> input-filter0 -> input-counter0 (1/3) (attempt #0) with attempt id bd67806bab9fab04288360ffc130ea03_3e9b902627593008a6d790e9aeca7953_0_0 and vertex id 3e9b902627593008a6d790e9aeca7953_0 to 0a92b9c5-783c-47d2-903d-046bd2e6f2f4 @ localhost (dataPort=64534) with allocation id 3ba8aa4d4472dc8bca7ee8759fda0bbd
58595 [72d2f2102094885a0a6022bf82208c93] ExecutionGraph [flink-pekko.actor.default-dispatcher-8] INFO  Source: source0 -> input-filter0 -> input-counter0 (2/3) (bd67806bab9fab04288360ffc130ea03_3e9b902627593008a6d790e9aeca7953_1_0) switched from SCHEDULED to DEPLOYING.
58595 [72d2f2102094885a0a6022bf82208c93] ExecutionGraph [flink-pekko.actor.default-dispatcher-8] INFO  Deploying Source: source0 -> input-filter0 -> input-counter0 (2/3) (attempt #0) with attempt id bd67806bab9fab04288360ffc130ea03_3e9b902627593008a6d790e9aeca7953_1_0 and vertex id 3e9b902627593008a6d790e9aeca7953_1 to 8a3f18d0-1c09-4b6c-ba09-561e45eadde2 @ localhost (dataPort=64535) with allocation id c25741976ea5802832882c41b796ebc6
58595 [72d2f2102094885a0a6022bf82208c93] ExecutionGraph [flink-pekko.actor.default-dispatcher-8] INFO  Source: source0 -> input-filter0 -> input-counter0 (3/3) (bd67806bab9fab04288360ffc130ea03_3e9b902627593008a6d790e9aeca7953_2_0) switched from SCHEDULED to DEPLOYING.
58595 [72d2f2102094885a0a6022bf82208c93] ExecutionGraph [flink-pekko.actor.default-dispatcher-8] INFO  Deploying Source: source0 -> input-filter0 -> input-counter0 (3/3) (attempt #0) with attempt id bd67806bab9fab04288360ffc130ea03_3e9b902627593008a6d790e9aeca7953_2_0 and vertex id 3e9b902627593008a6d790e9aeca7953_2 to 0a92b9c5-783c-47d2-903d-046bd2e6f2f4 @ localhost (dataPort=64534) with allocation id 43b2053d974a39b19f7b048d07717c1b
58595 [72d2f2102094885a0a6022bf82208c93] ExecutionGraph [flink-pekko.actor.default-dispatcher-8] INFO  global0 (1/3) (bd67806bab9fab04288360ffc130ea03_4eca6edb63b17eb77deb9de060a699d1_0_0) switched from SCHEDULED to DEPLOYING.
58595 [72d2f2102094885a0a6022bf82208c93] ExecutionGraph [flink-pekko.actor.default-dispatcher-8] INFO  Deploying global0 (1/3) (attempt #0) with attempt id bd67806bab9fab04288360ffc130ea03_4eca6edb63b17eb77deb9de060a699d1_0_0 and vertex id 4eca6edb63b17eb77deb9de060a699d1_0 to 0a92b9c5-783c-47d2-903d-046bd2e6f2f4 @ localhost (dataPort=64534) with allocation id 3ba8aa4d4472dc8bca7ee8759fda0bbd
58595 [72d2f2102094885a0a6022bf82208c93] ExecutionGraph [flink-pekko.actor.default-dispatcher-8] INFO  global0 (2/3) (bd67806bab9fab04288360ffc130ea03_4eca6edb63b17eb77deb9de060a699d1_1_0) switched from SCHEDULED to DEPLOYING.
58595 [72d2f2102094885a0a6022bf82208c93] ExecutionGraph [flink-pekko.actor.default-dispatcher-8] INFO  Deploying global0 (2/3) (attempt #0) with attempt id bd67806bab9fab04288360ffc130ea03_4eca6edb63b17eb77deb9de060a699d1_1_0 and vertex id 4eca6edb63b17eb77deb9de060a699d1_1 to 8a3f18d0-1c09-4b6c-ba09-561e45eadde2 @ localhost (dataPort=64535) with allocation id c25741976ea5802832882c41b796ebc6
58595 [72d2f2102094885a0a6022bf82208c93] ExecutionGraph [flink-pekko.actor.default-dispatcher-8] INFO  global0 (3/3) (bd67806bab9fab04288360ffc130ea03_4eca6edb63b17eb77deb9de060a699d1_2_0) switched from SCHEDULED to DEPLOYING.
58595 [72d2f2102094885a0a6022bf82208c93] ExecutionGraph [flink-pekko.actor.default-dispatcher-8] INFO  Deploying global0 (3/3) (attempt #0) with attempt id bd67806bab9fab04288360ffc130ea03_4eca6edb63b17eb77deb9de060a699d1_2_0 and vertex id 4eca6edb63b17eb77deb9de060a699d1_2 to 0a92b9c5-783c-47d2-903d-046bd2e6f2f4 @ localhost (dataPort=64534) with allocation id 43b2053d974a39b19f7b048d07717c1b
58595 [72d2f2102094885a0a6022bf82208c93] ExecutionGraph [flink-pekko.actor.default-dispatcher-8] INFO  rebalance0 (1/4) (bd67806bab9fab04288360ffc130ea03_25a6d73fce56b9559bed0247061e93e0_0_0) switched from SCHEDULED to DEPLOYING.
58595 [72d2f2102094885a0a6022bf82208c93] ExecutionGraph [flink-pekko.actor.default-dispatcher-8] INFO  Deploying rebalance0 (1/4) (attempt #0) with attempt id bd67806bab9fab04288360ffc130ea03_25a6d73fce56b9559bed0247061e93e0_0_0 and vertex id 25a6d73fce56b9559bed0247061e93e0_0 to 0a92b9c5-783c-47d2-903d-046bd2e6f2f4 @ localhost (dataPort=64534) with allocation id 3ba8aa4d4472dc8bca7ee8759fda0bbd
58595 [72d2f2102094885a0a6022bf82208c93] ExecutionGraph [flink-pekko.actor.default-dispatcher-8] INFO  rebalance0 (2/4) (bd67806bab9fab04288360ffc130ea03_25a6d73fce56b9559bed0247061e93e0_1_0) switched from SCHEDULED to DEPLOYING.
58595 [72d2f2102094885a0a6022bf82208c93] ExecutionGraph [flink-pekko.actor.default-dispatcher-8] INFO  Deploying rebalance0 (2/4) (attempt #0) with attempt id bd67806bab9fab04288360ffc130ea03_25a6d73fce56b9559bed0247061e93e0_1_0 and vertex id 25a6d73fce56b9559bed0247061e93e0_1 to 8a3f18d0-1c09-4b6c-ba09-561e45eadde2 @ localhost (dataPort=64535) with allocation id c25741976ea5802832882c41b796ebc6
58595 [72d2f2102094885a0a6022bf82208c93] ExecutionGraph [flink-pekko.actor.default-dispatcher-8] INFO  rebalance0 (3/4) (bd67806bab9fab04288360ffc130ea03_25a6d73fce56b9559bed0247061e93e0_2_0) switched from SCHEDULED to DEPLOYING.
58595 [72d2f2102094885a0a6022bf82208c93] ExecutionGraph [flink-pekko.actor.default-dispatcher-8] INFO  Deploying rebalance0 (3/4) (attempt #0) with attempt id bd67806bab9fab04288360ffc130ea03_25a6d73fce56b9559bed0247061e93e0_2_0 and vertex id 25a6d73fce56b9559bed0247061e93e0_2 to 0a92b9c5-783c-47d2-903d-046bd2e6f2f4 @ localhost (dataPort=64534) with allocation id 43b2053d974a39b19f7b048d07717c1b
58595 [72d2f2102094885a0a6022bf82208c93] ExecutionGraph [flink-pekko.actor.default-dispatcher-8] INFO  rebalance0 (4/4) (bd67806bab9fab04288360ffc130ea03_25a6d73fce56b9559bed0247061e93e0_3_0) switched from SCHEDULED to DEPLOYING.
58595 [72d2f2102094885a0a6022bf82208c93] ExecutionGraph [flink-pekko.actor.default-dispatcher-8] INFO  Deploying rebalance0 (4/4) (attempt #0) with attempt id bd67806bab9fab04288360ffc130ea03_25a6d73fce56b9559bed0247061e93e0_3_0 and vertex id 25a6d73fce56b9559bed0247061e93e0_3 to 9bc16582-3f6d-4e4f-afcf-319b33647d65 @ localhost (dataPort=64533) with allocation id dfb340fb61b031d3d4004c6315ed7b04
58595 [72d2f2102094885a0a6022bf82208c93] ExecutionGraph [flink-pekko.actor.default-dispatcher-8] INFO  upscale0 (1/6) (bd67806bab9fab04288360ffc130ea03_7559af08559a2c7079a359b85b7edab5_0_0) switched from SCHEDULED to DEPLOYING.
58595 [72d2f2102094885a0a6022bf82208c93] ExecutionGraph [flink-pekko.actor.default-dispatcher-8] INFO  Deploying upscale0 (1/6) (attempt #0) with attempt id bd67806bab9fab04288360ffc130ea03_7559af08559a2c7079a359b85b7edab5_0_0 and vertex id 7559af08559a2c7079a359b85b7edab5_0 to 0a92b9c5-783c-47d2-903d-046bd2e6f2f4 @ localhost (dataPort=64534) with allocation id 3ba8aa4d4472dc8bca7ee8759fda0bbd
58595 [72d2f2102094885a0a6022bf82208c93] ExecutionGraph [flink-pekko.actor.default-dispatcher-8] INFO  upscale0 (2/6) (bd67806bab9fab04288360ffc130ea03_7559af08559a2c7079a359b85b7edab5_1_0) switched from SCHEDULED to DEPLOYING.
58595 [72d2f2102094885a0a6022bf82208c93] ExecutionGraph [flink-pekko.actor.default-dispatcher-8] INFO  Deploying upscale0 (2/6) (attempt #0) with attempt id bd67806bab9fab04288360ffc130ea03_7559af08559a2c7079a359b85b7edab5_1_0 and vertex id 7559af08559a2c7079a359b85b7edab5_1 to 8a3f18d0-1c09-4b6c-ba09-561e45eadde2 @ localhost (dataPort=64535) with allocation id c25741976ea5802832882c41b796ebc6
58595 [72d2f2102094885a0a6022bf82208c93] ExecutionGraph [flink-pekko.actor.default-dispatcher-8] INFO  upscale0 (3/6) (bd67806bab9fab04288360ffc130ea03_7559af08559a2c7079a359b85b7edab5_2_0) switched from SCHEDULED to DEPLOYING.
58595 [72d2f2102094885a0a6022bf82208c93] ExecutionGraph [flink-pekko.actor.default-dispatcher-8] INFO  Deploying upscale0 (3/6) (attempt #0) with attempt id bd67806bab9fab04288360ffc130ea03_7559af08559a2c7079a359b85b7edab5_2_0 and vertex id 7559af08559a2c7079a359b85b7edab5_2 to 0a92b9c5-783c-47d2-903d-046bd2e6f2f4 @ localhost (dataPort=64534) with allocation id 43b2053d974a39b19f7b048d07717c1b
58595 [72d2f2102094885a0a6022bf82208c93] ExecutionGraph [flink-pekko.actor.default-dispatcher-8] INFO  upscale0 (4/6) (bd67806bab9fab04288360ffc130ea03_7559af08559a2c7079a359b85b7edab5_3_0) switched from SCHEDULED to DEPLOYING.
58595 [72d2f2102094885a0a6022bf82208c93] ExecutionGraph [flink-pekko.actor.default-dispatcher-8] INFO  Deploying upscale0 (4/6) (attempt #0) with attempt id bd67806bab9fab04288360ffc130ea03_7559af08559a2c7079a359b85b7edab5_3_0 and vertex id 7559af08559a2c7079a359b85b7edab5_3 to 9bc16582-3f6d-4e4f-afcf-319b33647d65 @ localhost (dataPort=64533) with allocation id dfb340fb61b031d3d4004c6315ed7b04
58595 [72d2f2102094885a0a6022bf82208c93] ExecutionGraph [flink-pekko.actor.default-dispatcher-8] INFO  upscale0 (5/6) (bd67806bab9fab04288360ffc130ea03_7559af08559a2c7079a359b85b7edab5_4_0) switched from SCHEDULED to DEPLOYING.
58595 [72d2f2102094885a0a6022bf82208c93] ExecutionGraph [flink-pekko.actor.default-dispatcher-8] INFO  Deploying upscale0 (5/6) (attempt #0) with attempt id bd67806bab9fab04288360ffc130ea03_7559af08559a2c7079a359b85b7edab5_4_0 and vertex id 7559af08559a2c7079a359b85b7edab5_4 to 9bc16582-3f6d-4e4f-afcf-319b33647d65 @ localhost (dataPort=64533) with allocation id 8083e1271a4d7cfbe695d82a148d60ca
58595 [72d2f2102094885a0a6022bf82208c93] ExecutionGraph [flink-pekko.actor.default-dispatcher-8] INFO  upscale0 (6/6) (bd67806bab9fab04288360ffc130ea03_7559af08559a2c7079a359b85b7edab5_5_0) switched from SCHEDULED to DEPLOYING.
58595 [72d2f2102094885a0a6022bf82208c93] ExecutionGraph [flink-pekko.actor.default-dispatcher-8] INFO  Deploying upscale0 (6/6) (attempt #0) with attempt id bd67806bab9fab04288360ffc130ea03_7559af08559a2c7079a359b85b7edab5_5_0 and vertex id 7559af08559a2c7079a359b85b7edab5_5 to 8a3f18d0-1c09-4b6c-ba09-561e45eadde2 @ localhost (dataPort=64535) with allocation id 8c2b9e45b9aea0e85419b20b015adecf
58595 [72d2f2102094885a0a6022bf82208c93] ExecutionGraph [flink-pekko.actor.default-dispatcher-8] INFO  downscale0 (1/4) (bd67806bab9fab04288360ffc130ea03_579c351891399448b6165717925f2b21_0_0) switched from SCHEDULED to DEPLOYING.
58595 [72d2f2102094885a0a6022bf82208c93] ExecutionGraph [flink-pekko.actor.default-dispatcher-8] INFO  Deploying downscale0 (1/4) (attempt #0) with attempt id bd67806bab9fab04288360ffc130ea03_579c351891399448b6165717925f2b21_0_0 and vertex id 579c351891399448b6165717925f2b21_0 to 0a92b9c5-783c-47d2-903d-046bd2e6f2f4 @ localhost (dataPort=64534) with allocation id 3ba8aa4d4472dc8bca7ee8759fda0bbd
58595 [72d2f2102094885a0a6022bf82208c93] ExecutionGraph [flink-pekko.actor.default-dispatcher-8] INFO  downscale0 (2/4) (bd67806bab9fab04288360ffc130ea03_579c351891399448b6165717925f2b21_1_0) switched from SCHEDULED to DEPLOYING.
58595 [72d2f2102094885a0a6022bf82208c93] ExecutionGraph [flink-pekko.actor.default-dispatcher-8] INFO  Deploying downscale0 (2/4) (attempt #0) with attempt id bd67806bab9fab04288360ffc130ea03_579c351891399448b6165717925f2b21_1_0 and vertex id 579c351891399448b6165717925f2b21_1 to 8a3f18d0-1c09-4b6c-ba09-561e45eadde2 @ localhost (dataPort=64535) with allocation id c25741976ea5802832882c41b796ebc6
58595 [72d2f2102094885a0a6022bf82208c93] ExecutionGraph [flink-pekko.actor.default-dispatcher-8] INFO  downscale0 (3/4) (bd67806bab9fab04288360ffc130ea03_579c351891399448b6165717925f2b21_2_0) switched from SCHEDULED to DEPLOYING.
58595 [72d2f2102094885a0a6022bf82208c93] ExecutionGraph [flink-pekko.actor.default-dispatcher-8] INFO  Deploying downscale0 (3/4) (attempt #0) with attempt id bd67806bab9fab04288360ffc130ea03_579c351891399448b6165717925f2b21_2_0 and vertex id 579c351891399448b6165717925f2b21_2 to 0a92b9c5-783c-47d2-903d-046bd2e6f2f4 @ localhost (dataPort=64534) with allocation id 43b2053d974a39b19f7b048d07717c1b
58595 [72d2f2102094885a0a6022bf82208c93] ExecutionGraph [flink-pekko.actor.default-dispatcher-8] INFO  downscale0 (4/4) (bd67806bab9fab04288360ffc130ea03_579c351891399448b6165717925f2b21_3_0) switched from SCHEDULED to DEPLOYING.
58595 [72d2f2102094885a0a6022bf82208c93] ExecutionGraph [flink-pekko.actor.default-dispatcher-8] INFO  Deploying downscale0 (4/4) (attempt #0) with attempt id bd67806bab9fab04288360ffc130ea03_579c351891399448b6165717925f2b21_3_0 and vertex id 579c351891399448b6165717925f2b21_3 to 9bc16582-3f6d-4e4f-afcf-319b33647d65 @ localhost (dataPort=64533) with allocation id dfb340fb61b031d3d4004c6315ed7b04
58595 [72d2f2102094885a0a6022bf82208c93] ExecutionGraph [flink-pekko.actor.default-dispatcher-8] INFO  keyby0 (1/3) (bd67806bab9fab04288360ffc130ea03_e32648f4a493dd25fdd7d9c66c500390_0_0) switched from SCHEDULED to DEPLOYING.
58595 [72d2f2102094885a0a6022bf82208c93] ExecutionGraph [flink-pekko.actor.default-dispatcher-8] INFO  Deploying keyby0 (1/3) (attempt #0) with attempt id bd67806bab9fab04288360ffc130ea03_e32648f4a493dd25fdd7d9c66c500390_0_0 and vertex id e32648f4a493dd25fdd7d9c66c500390_0 to 0a92b9c5-783c-47d2-903d-046bd2e6f2f4 @ localhost (dataPort=64534) with allocation id 3ba8aa4d4472dc8bca7ee8759fda0bbd
58595 [72d2f2102094885a0a6022bf82208c93] ExecutionGraph [flink-pekko.actor.default-dispatcher-8] INFO  keyby0 (2/3) (bd67806bab9fab04288360ffc130ea03_e32648f4a493dd25fdd7d9c66c500390_1_0) switched from SCHEDULED to DEPLOYING.
58595 [72d2f2102094885a0a6022bf82208c93] ExecutionGraph [flink-pekko.actor.default-dispatcher-8] INFO  Deploying keyby0 (2/3) (attempt #0) with attempt id bd67806bab9fab04288360ffc130ea03_e32648f4a493dd25fdd7d9c66c500390_1_0 and vertex id e32648f4a493dd25fdd7d9c66c500390_1 to 8a3f18d0-1c09-4b6c-ba09-561e45eadde2 @ localhost (dataPort=64535) with allocation id c25741976ea5802832882c41b796ebc6
58595 [72d2f2102094885a0a6022bf82208c93] ExecutionGraph [flink-pekko.actor.default-dispatcher-8] INFO  keyby0 (3/3) (bd67806bab9fab04288360ffc130ea03_e32648f4a493dd25fdd7d9c66c500390_2_0) switched from SCHEDULED to DEPLOYING.
58595 [72d2f2102094885a0a6022bf82208c93] ExecutionGraph [flink-pekko.actor.default-dispatcher-8] INFO  Deploying keyby0 (3/3) (attempt #0) with attempt id bd67806bab9fab04288360ffc130ea03_e32648f4a493dd25fdd7d9c66c500390_2_0 and vertex id e32648f4a493dd25fdd7d9c66c500390_2 to 0a92b9c5-783c-47d2-903d-046bd2e6f2f4 @ localhost (dataPort=64534) with allocation id 43b2053d974a39b19f7b048d07717c1b
58595 [72d2f2102094885a0a6022bf82208c93] ExecutionGraph [flink-pekko.actor.default-dispatcher-8] INFO  rescale0 (1/4) (bd67806bab9fab04288360ffc130ea03_7b4c6fe4c6df355e1ed86e978ba4a96e_0_0) switched from SCHEDULED to DEPLOYING.
58595 [72d2f2102094885a0a6022bf82208c93] ExecutionGraph [flink-pekko.actor.default-dispatcher-8] INFO  Deploying rescale0 (1/4) (attempt #0) with attempt id bd67806bab9fab04288360ffc130ea03_7b4c6fe4c6df355e1ed86e978ba4a96e_0_0 and vertex id 7b4c6fe4c6df355e1ed86e978ba4a96e_0 to 0a92b9c5-783c-47d2-903d-046bd2e6f2f4 @ localhost (dataPort=64534) with allocation id 3ba8aa4d4472dc8bca7ee8759fda0bbd
58595 [72d2f2102094885a0a6022bf82208c93] ExecutionGraph [flink-pekko.actor.default-dispatcher-8] INFO  rescale0 (2/4) (bd67806bab9fab04288360ffc130ea03_7b4c6fe4c6df355e1ed86e978ba4a96e_1_0) switched from SCHEDULED to DEPLOYING.
58595 [72d2f2102094885a0a6022bf82208c93] ExecutionGraph [flink-pekko.actor.default-dispatcher-8] INFO  Deploying rescale0 (2/4) (attempt #0) with attempt id bd67806bab9fab04288360ffc130ea03_7b4c6fe4c6df355e1ed86e978ba4a96e_1_0 and vertex id 7b4c6fe4c6df355e1ed86e978ba4a96e_1 to 9bc16582-3f6d-4e4f-afcf-319b33647d65 @ localhost (dataPort=64533) with allocation id dfb340fb61b031d3d4004c6315ed7b04
58595 [72d2f2102094885a0a6022bf82208c93] ExecutionGraph [flink-pekko.actor.default-dispatcher-8] INFO  rescale0 (3/4) (bd67806bab9fab04288360ffc130ea03_7b4c6fe4c6df355e1ed86e978ba4a96e_2_0) switched from SCHEDULED to DEPLOYING.
58595 [72d2f2102094885a0a6022bf82208c93] ExecutionGraph [flink-pekko.actor.default-dispatcher-8] INFO  Deploying rescale0 (3/4) (attempt #0) with attempt id bd67806bab9fab04288360ffc130ea03_7b4c6fe4c6df355e1ed86e978ba4a96e_2_0 and vertex id 7b4c6fe4c6df355e1ed86e978ba4a96e_2 to 8a3f18d0-1c09-4b6c-ba09-561e45eadde2 @ localhost (dataPort=64535) with allocation id c25741976ea5802832882c41b796ebc6
58595 [72d2f2102094885a0a6022bf82208c93] ExecutionGraph [flink-pekko.actor.default-dispatcher-8] INFO  rescale0 (4/4) (bd67806bab9fab04288360ffc130ea03_7b4c6fe4c6df355e1ed86e978ba4a96e_3_0) switched from SCHEDULED to DEPLOYING.
58595 [72d2f2102094885a0a6022bf82208c93] ExecutionGraph [flink-pekko.actor.default-dispatcher-8] INFO  Deploying rescale0 (4/4) (attempt #0) with attempt id bd67806bab9fab04288360ffc130ea03_7b4c6fe4c6df355e1ed86e978ba4a96e_3_0 and vertex id 7b4c6fe4c6df355e1ed86e978ba4a96e_3 to 0a92b9c5-783c-47d2-903d-046bd2e6f2f4 @ localhost (dataPort=64534) with allocation id 43b2053d974a39b19f7b048d07717c1b
58595 [72d2f2102094885a0a6022bf82208c93] ExecutionGraph [flink-pekko.actor.default-dispatcher-8] INFO  failing-map (1/3) (bd67806bab9fab04288360ffc130ea03_b8c789ec3a44294cb45da029ffe0e6fd_0_0) switched from SCHEDULED to DEPLOYING.
58595 [72d2f2102094885a0a6022bf82208c93] ExecutionGraph [flink-pekko.actor.default-dispatcher-8] INFO  Deploying failing-map (1/3) (attempt #0) with attempt id bd67806bab9fab04288360ffc130ea03_b8c789ec3a44294cb45da029ffe0e6fd_0_0 and vertex id b8c789ec3a44294cb45da029ffe0e6fd_0 to 0a92b9c5-783c-47d2-903d-046bd2e6f2f4 @ localhost (dataPort=64534) with allocation id 3ba8aa4d4472dc8bca7ee8759fda0bbd
58595 [72d2f2102094885a0a6022bf82208c93] ExecutionGraph [flink-pekko.actor.default-dispatcher-8] INFO  failing-map (2/3) (bd67806bab9fab04288360ffc130ea03_b8c789ec3a44294cb45da029ffe0e6fd_1_0) switched from SCHEDULED to DEPLOYING.
58595 [72d2f2102094885a0a6022bf82208c93] ExecutionGraph [flink-pekko.actor.default-dispatcher-8] INFO  Deploying failing-map (2/3) (attempt #0) with attempt id bd67806bab9fab04288360ffc130ea03_b8c789ec3a44294cb45da029ffe0e6fd_1_0 and vertex id b8c789ec3a44294cb45da029ffe0e6fd_1 to 9bc16582-3f6d-4e4f-afcf-319b33647d65 @ localhost (dataPort=64533) with allocation id dfb340fb61b031d3d4004c6315ed7b04
58595 [72d2f2102094885a0a6022bf82208c93] ExecutionGraph [flink-pekko.actor.default-dispatcher-8] INFO  failing-map (3/3) (bd67806bab9fab04288360ffc130ea03_b8c789ec3a44294cb45da029ffe0e6fd_2_0) switched from SCHEDULED to DEPLOYING.
58595 [72d2f2102094885a0a6022bf82208c93] ExecutionGraph [flink-pekko.actor.default-dispatcher-8] INFO  Deploying failing-map (3/3) (attempt #0) with attempt id bd67806bab9fab04288360ffc130ea03_b8c789ec3a44294cb45da029ffe0e6fd_2_0 and vertex id b8c789ec3a44294cb45da029ffe0e6fd_2 to 8a3f18d0-1c09-4b6c-ba09-561e45eadde2 @ localhost (dataPort=64535) with allocation id c25741976ea5802832882c41b796ebc6
58595 [72d2f2102094885a0a6022bf82208c93] ExecutionGraph [flink-pekko.actor.default-dispatcher-8] INFO  Sink: sink (1/1) (bd67806bab9fab04288360ffc130ea03_2e588ce1c86a9d46e2e85186773ce4fd_0_0) switched from SCHEDULED to DEPLOYING.
58595 [72d2f2102094885a0a6022bf82208c93] ExecutionGraph [flink-pekko.actor.default-dispatcher-8] INFO  Deploying Sink: sink (1/1) (attempt #0) with attempt id bd67806bab9fab04288360ffc130ea03_2e588ce1c86a9d46e2e85186773ce4fd_0_0 and vertex id 2e588ce1c86a9d46e2e85186773ce4fd_0 to 0a92b9c5-783c-47d2-903d-046bd2e6f2f4 @ localhost (dataPort=64534) with allocation id 3ba8aa4d4472dc8bca7ee8759fda0bbd
58595 [72d2f2102094885a0a6022bf82208c93] TaskSlotTableImpl [flink-pekko.actor.default-dispatcher-9] INFO  Activate slot c25741976ea5802832882c41b796ebc6.
58595 [72d2f2102094885a0a6022bf82208c93] TaskSlotTableImpl [flink-pekko.actor.default-dispatcher-9] INFO  Activate slot 8c2b9e45b9aea0e85419b20b015adecf.
58595 [72d2f2102094885a0a6022bf82208c93] TaskSlotTableImpl [flink-pekko.actor.default-dispatcher-9] INFO  Activate slot 3ba8aa4d4472dc8bca7ee8759fda0bbd.
58595 [72d2f2102094885a0a6022bf82208c93] TaskSlotTableImpl [flink-pekko.actor.default-dispatcher-10] INFO  Activate slot c25741976ea5802832882c41b796ebc6.
58596 [72d2f2102094885a0a6022bf82208c93] TaskExecutorFileMergingManager [flink-pekko.actor.default-dispatcher-10] INFO  Registered new file merging snapshot manager for job 72d2f2102094885a0a6022bf82208c93.
58596 [72d2f2102094885a0a6022bf82208c93] TaskExecutorFileMergingManager [flink-pekko.actor.default-dispatcher-9] INFO  Registered new file merging snapshot manager for job 72d2f2102094885a0a6022bf82208c93.
58596 [72d2f2102094885a0a6022bf82208c93] StateChangelogStorageLoader [flink-pekko.actor.default-dispatcher-10] INFO  Creating a changelog storage with name 'filesystem'.
58596 [72d2f2102094885a0a6022bf82208c93] StateChangelogStorageLoader [flink-pekko.actor.default-dispatcher-9] INFO  Creating a changelog storage with name 'filesystem'.
58596 [72d2f2102094885a0a6022bf82208c93] TaskSlotTableImpl [flink-pekko.actor.default-dispatcher-6] INFO  Activate slot dfb340fb61b031d3d4004c6315ed7b04.
58596 [72d2f2102094885a0a6022bf82208c93] TaskExecutorChannelStateExecutorFactoryManager [flink-pekko.actor.default-dispatcher-10] INFO  Creating the channel state executor factory for job id 72d2f2102094885a0a6022bf82208c93
58596 [72d2f2102094885a0a6022bf82208c93] TaskExecutorChannelStateExecutorFactoryManager [flink-pekko.actor.default-dispatcher-9] INFO  Creating the channel state executor factory for job id 72d2f2102094885a0a6022bf82208c93
58596 [72d2f2102094885a0a6022bf82208c93] TaskExecutor [flink-pekko.actor.default-dispatcher-9] INFO  Received task Source: source0 -> input-filter0 -> input-counter0 (1/3)#0 (bd67806bab9fab04288360ffc130ea03_3e9b902627593008a6d790e9aeca7953_0_0), deploy into slot with allocation id 3ba8aa4d4472dc8bca7ee8759fda0bbd.
58596 [72d2f2102094885a0a6022bf82208c93] TaskExecutor [flink-pekko.actor.default-dispatcher-10] INFO  Received task Source: source0 -> input-filter0 -> input-counter0 (2/3)#0 (bd67806bab9fab04288360ffc130ea03_3e9b902627593008a6d790e9aeca7953_1_0), deploy into slot with allocation id c25741976ea5802832882c41b796ebc6.
58596 [72d2f2102094885a0a6022bf82208c93] TaskSlotTableImpl [flink-pekko.actor.default-dispatcher-10] INFO  Activate slot c25741976ea5802832882c41b796ebc6.
58596 [72d2f2102094885a0a6022bf82208c93] Task [Source: source0 -> input-filter0 -> input-counter0 (2/3)#0] INFO  Source: source0 -> input-filter0 -> input-counter0 (2/3)#0 (bd67806bab9fab04288360ffc130ea03_3e9b902627593008a6d790e9aeca7953_1_0) switched from CREATED to DEPLOYING.
58596 [72d2f2102094885a0a6022bf82208c93] TaskSlotTableImpl [flink-pekko.actor.default-dispatcher-9] INFO  Activate slot 43b2053d974a39b19f7b048d07717c1b.
58596 [72d2f2102094885a0a6022bf82208c93] Task [Source: source0 -> input-filter0 -> input-counter0 (2/3)#0] INFO  Loading JAR files for task Source: source0 -> input-filter0 -> input-counter0 (2/3)#0 (bd67806bab9fab04288360ffc130ea03_3e9b902627593008a6d790e9aeca7953_1_0) [DEPLOYING].
58596 [72d2f2102094885a0a6022bf82208c93] Task [Source: source0 -> input-filter0 -> input-counter0 (1/3)#0] INFO  Source: source0 -> input-filter0 -> input-counter0 (1/3)#0 (bd67806bab9fab04288360ffc130ea03_3e9b902627593008a6d790e9aeca7953_0_0) switched from CREATED to DEPLOYING.
58596 [72d2f2102094885a0a6022bf82208c93] Task [Source: source0 -> input-filter0 -> input-counter0 (1/3)#0] INFO  Loading JAR files for task Source: source0 -> input-filter0 -> input-counter0 (1/3)#0 (bd67806bab9fab04288360ffc130ea03_3e9b902627593008a6d790e9aeca7953_0_0) [DEPLOYING].
58596 [72d2f2102094885a0a6022bf82208c93] TaskExecutor [flink-pekko.actor.default-dispatcher-9] INFO  Received task Source: source0 -> input-filter0 -> input-counter0 (3/3)#0 (bd67806bab9fab04288360ffc130ea03_3e9b902627593008a6d790e9aeca7953_2_0), deploy into slot with allocation id 43b2053d974a39b19f7b048d07717c1b.
58596 [72d2f2102094885a0a6022bf82208c93] TaskSlotTableImpl [flink-pekko.actor.default-dispatcher-9] INFO  Activate slot 3ba8aa4d4472dc8bca7ee8759fda0bbd.
58596 [72d2f2102094885a0a6022bf82208c93] TaskExecutorFileMergingManager [flink-pekko.actor.default-dispatcher-6] INFO  Registered new file merging snapshot manager for job 72d2f2102094885a0a6022bf82208c93.
58596 [72d2f2102094885a0a6022bf82208c93] StateChangelogStorageLoader [flink-pekko.actor.default-dispatcher-6] INFO  Creating a changelog storage with name 'filesystem'.
58596 [72d2f2102094885a0a6022bf82208c93] TaskExecutorChannelStateExecutorFactoryManager [flink-pekko.actor.default-dispatcher-6] INFO  Creating the channel state executor factory for job id 72d2f2102094885a0a6022bf82208c93
58596 [72d2f2102094885a0a6022bf82208c93] Task [Source: source0 -> input-filter0 -> input-counter0 (3/3)#0] INFO  Source: source0 -> input-filter0 -> input-counter0 (3/3)#0 (bd67806bab9fab04288360ffc130ea03_3e9b902627593008a6d790e9aeca7953_2_0) switched from CREATED to DEPLOYING.
58596 [72d2f2102094885a0a6022bf82208c93] Task [Source: source0 -> input-filter0 -> input-counter0 (3/3)#0] INFO  Loading JAR files for task Source: source0 -> input-filter0 -> input-counter0 (3/3)#0 (bd67806bab9fab04288360ffc130ea03_3e9b902627593008a6d790e9aeca7953_2_0) [DEPLOYING].
58596 [72d2f2102094885a0a6022bf82208c93] TaskExecutor [flink-pekko.actor.default-dispatcher-6] INFO  Received task rebalance0 (4/4)#0 (bd67806bab9fab04288360ffc130ea03_25a6d73fce56b9559bed0247061e93e0_3_0), deploy into slot with allocation id dfb340fb61b031d3d4004c6315ed7b04.
58596 [72d2f2102094885a0a6022bf82208c93] TaskExecutor [flink-pekko.actor.default-dispatcher-10] INFO  Received task global0 (2/3)#0 (bd67806bab9fab04288360ffc130ea03_4eca6edb63b17eb77deb9de060a699d1_1_0), deploy into slot with allocation id c25741976ea5802832882c41b796ebc6.
58596 [72d2f2102094885a0a6022bf82208c93] TaskSlotTableImpl [flink-pekko.actor.default-dispatcher-6] INFO  Activate slot 8083e1271a4d7cfbe695d82a148d60ca.
58596 [72d2f2102094885a0a6022bf82208c93] Task [rebalance0 (4/4)#0] INFO  rebalance0 (4/4)#0 (bd67806bab9fab04288360ffc130ea03_25a6d73fce56b9559bed0247061e93e0_3_0) switched from CREATED to DEPLOYING.
58596 [72d2f2102094885a0a6022bf82208c93] Task [rebalance0 (4/4)#0] INFO  Loading JAR files for task rebalance0 (4/4)#0 (bd67806bab9fab04288360ffc130ea03_25a6d73fce56b9559bed0247061e93e0_3_0) [DEPLOYING].
58596 [72d2f2102094885a0a6022bf82208c93] TaskSlotTableImpl [flink-pekko.actor.default-dispatcher-10] INFO  Activate slot c25741976ea5802832882c41b796ebc6.
58596 [72d2f2102094885a0a6022bf82208c93] Task [global0 (2/3)#0] INFO  global0 (2/3)#0 (bd67806bab9fab04288360ffc130ea03_4eca6edb63b17eb77deb9de060a699d1_1_0) switched from CREATED to DEPLOYING.
58596 [72d2f2102094885a0a6022bf82208c93] Task [global0 (2/3)#0] INFO  Loading JAR files for task global0 (2/3)#0 (bd67806bab9fab04288360ffc130ea03_4eca6edb63b17eb77deb9de060a699d1_1_0) [DEPLOYING].
58596 [72d2f2102094885a0a6022bf82208c93] TaskExecutor [flink-pekko.actor.default-dispatcher-9] INFO  Received task global0 (1/3)#0 (bd67806bab9fab04288360ffc130ea03_4eca6edb63b17eb77deb9de060a699d1_0_0), deploy into slot with allocation id 3ba8aa4d4472dc8bca7ee8759fda0bbd.
58596 [72d2f2102094885a0a6022bf82208c93] StreamTask [Source: source0 -> input-filter0 -> input-counter0 (2/3)#0] INFO  State backend is set to heap memory org.apache.flink.runtime.state.hashmap.HashMapStateBackend@7504b95e
58596 [72d2f2102094885a0a6022bf82208c93] StateBackendLoader [Source: source0 -> input-filter0 -> input-counter0 (2/3)#0] INFO  State backend loader loads the state backend as HashMapStateBackend
58596 [72d2f2102094885a0a6022bf82208c93] StreamTask [Source: source0 -> input-filter0 -> input-counter0 (2/3)#0] INFO  Checkpoint storage is set to 'filesystem': (checkpoints "file:/var/folders/m8/q6f016tn6cl2cp86hfq331_w0000gp/T/junit-8228656632016441026/junit638187050990921127")
58597 [72d2f2102094885a0a6022bf82208c93] StreamTask [Source: source0 -> input-filter0 -> input-counter0 (3/3)#0] INFO  State backend is set to heap memory org.apache.flink.runtime.state.hashmap.HashMapStateBackend@1d188f32
58597 [72d2f2102094885a0a6022bf82208c93] StateBackendLoader [Source: source0 -> input-filter0 -> input-counter0 (3/3)#0] INFO  State backend loader loads the state backend as HashMapStateBackend
58597 [72d2f2102094885a0a6022bf82208c93] StreamTask [Source: source0 -> input-filter0 -> input-counter0 (3/3)#0] INFO  Checkpoint storage is set to 'filesystem': (checkpoints "file:/var/folders/m8/q6f016tn6cl2cp86hfq331_w0000gp/T/junit-8228656632016441026/junit638187050990921127")
58597 [72d2f2102094885a0a6022bf82208c93] TaskExecutor [flink-pekko.actor.default-dispatcher-6] INFO  Received task upscale0 (5/6)#0 (bd67806bab9fab04288360ffc130ea03_7559af08559a2c7079a359b85b7edab5_4_0), deploy into slot with allocation id 8083e1271a4d7cfbe695d82a148d60ca.
58597 [72d2f2102094885a0a6022bf82208c93] StreamTask [global0 (2/3)#0] INFO  State backend is set to heap memory org.apache.flink.runtime.state.hashmap.HashMapStateBackend@591c243
58597 [72d2f2102094885a0a6022bf82208c93] StateBackendLoader [global0 (2/3)#0] INFO  State backend loader loads the state backend as HashMapStateBackend
58597 [72d2f2102094885a0a6022bf82208c93] StreamTask [global0 (2/3)#0] INFO  Checkpoint storage is set to 'filesystem': (checkpoints "file:/var/folders/m8/q6f016tn6cl2cp86hfq331_w0000gp/T/junit-8228656632016441026/junit638187050990921127")
58597 [72d2f2102094885a0a6022bf82208c93] TaskSlotTableImpl [flink-pekko.actor.default-dispatcher-6] INFO  Activate slot dfb340fb61b031d3d4004c6315ed7b04.
58597 [72d2f2102094885a0a6022bf82208c93] FileMergingSnapshotManager [Source: source0 -> input-filter0 -> input-counter0 (2/3)#0] INFO  Created a directory file:/var/folders/m8/q6f016tn6cl2cp86hfq331_w0000gp/T/junit-8228656632016441026/junit638187050990921127/72d2f2102094885a0a6022bf82208c93/taskowned/job_72d2f2102094885a0a6022bf82208c93_tm_8a3f18d0-1c09-4b6c-ba09-561e45eadde2 for checkpoint file-merging.
58597 [72d2f2102094885a0a6022bf82208c93] TaskExecutor [flink-pekko.actor.default-dispatcher-10] INFO  Received task rebalance0 (2/4)#0 (bd67806bab9fab04288360ffc130ea03_25a6d73fce56b9559bed0247061e93e0_1_0), deploy into slot with allocation id c25741976ea5802832882c41b796ebc6.
58597 [72d2f2102094885a0a6022bf82208c93] Task [upscale0 (5/6)#0] INFO  upscale0 (5/6)#0 (bd67806bab9fab04288360ffc130ea03_7559af08559a2c7079a359b85b7edab5_4_0) switched from CREATED to DEPLOYING.
58597 [72d2f2102094885a0a6022bf82208c93] Task [upscale0 (5/6)#0] INFO  Loading JAR files for task upscale0 (5/6)#0 (bd67806bab9fab04288360ffc130ea03_7559af08559a2c7079a359b85b7edab5_4_0) [DEPLOYING].
58597 [72d2f2102094885a0a6022bf82208c93] FileMergingSnapshotManager [Source: source0 -> input-filter0 -> input-counter0 (3/3)#0] INFO  Created a directory file:/var/folders/m8/q6f016tn6cl2cp86hfq331_w0000gp/T/junit-8228656632016441026/junit638187050990921127/72d2f2102094885a0a6022bf82208c93/taskowned/job_72d2f2102094885a0a6022bf82208c93_tm_0a92b9c5-783c-47d2-903d-046bd2e6f2f4 for checkpoint file-merging.
58597 [72d2f2102094885a0a6022bf82208c93] TaskSlotTableImpl [flink-pekko.actor.default-dispatcher-9] INFO  Activate slot 43b2053d974a39b19f7b048d07717c1b.
58597 [72d2f2102094885a0a6022bf82208c93] Task [global0 (1/3)#0] INFO  global0 (1/3)#0 (bd67806bab9fab04288360ffc130ea03_4eca6edb63b17eb77deb9de060a699d1_0_0) switched from CREATED to DEPLOYING.
58597 [72d2f2102094885a0a6022bf82208c93] Task [global0 (1/3)#0] INFO  Loading JAR files for task global0 (1/3)#0 (bd67806bab9fab04288360ffc130ea03_4eca6edb63b17eb77deb9de060a699d1_0_0) [DEPLOYING].
58597 [72d2f2102094885a0a6022bf82208c93] FileMergingSnapshotManager [Source: source0 -> input-filter0 -> input-counter0 (2/3)#0] INFO  Created a directory file:/var/folders/m8/q6f016tn6cl2cp86hfq331_w0000gp/T/junit-8228656632016441026/junit638187050990921127/72d2f2102094885a0a6022bf82208c93/shared/job_72d2f2102094885a0a6022bf82208c93_op_3e9b902627593008a6d790e9aeca7953_1_3 for checkpoint file-merging.
58597 [72d2f2102094885a0a6022bf82208c93] FileMergingSnapshotManager [global0 (2/3)#0] INFO  Created a directory file:/var/folders/m8/q6f016tn6cl2cp86hfq331_w0000gp/T/junit-8228656632016441026/junit638187050990921127/72d2f2102094885a0a6022bf82208c93/shared/job_72d2f2102094885a0a6022bf82208c93_op_4eca6edb63b17eb77deb9de060a699d1_1_3 for checkpoint file-merging.
58597 [72d2f2102094885a0a6022bf82208c93] StreamTask [Source: source0 -> input-filter0 -> input-counter0 (1/3)#0] INFO  State backend is set to heap memory org.apache.flink.runtime.state.hashmap.HashMapStateBackend@65c5219f
58597 [72d2f2102094885a0a6022bf82208c93] StateBackendLoader [Source: source0 -> input-filter0 -> input-counter0 (1/3)#0] INFO  State backend loader loads the state backend as HashMapStateBackend
58597 [72d2f2102094885a0a6022bf82208c93] StreamTask [Source: source0 -> input-filter0 -> input-counter0 (1/3)#0] INFO  Checkpoint storage is set to 'filesystem': (checkpoints "file:/var/folders/m8/q6f016tn6cl2cp86hfq331_w0000gp/T/junit-8228656632016441026/junit638187050990921127")
58597 [72d2f2102094885a0a6022bf82208c93] FileMergingSnapshotManager [Source: source0 -> input-filter0 -> input-counter0 (3/3)#0] INFO  Created a directory file:/var/folders/m8/q6f016tn6cl2cp86hfq331_w0000gp/T/junit-8228656632016441026/junit638187050990921127/72d2f2102094885a0a6022bf82208c93/shared/job_72d2f2102094885a0a6022bf82208c93_op_3e9b902627593008a6d790e9aeca7953_2_3 for checkpoint file-merging.
58597 [72d2f2102094885a0a6022bf82208c93] StreamTask [upscale0 (5/6)#0] INFO  State backend is set to heap memory org.apache.flink.runtime.state.hashmap.HashMapStateBackend@106b0b67
58597 [72d2f2102094885a0a6022bf82208c93] StateBackendLoader [upscale0 (5/6)#0] INFO  State backend loader loads the state backend as HashMapStateBackend
58597 [72d2f2102094885a0a6022bf82208c93] StreamTask [upscale0 (5/6)#0] INFO  Checkpoint storage is set to 'filesystem': (checkpoints "file:/var/folders/m8/q6f016tn6cl2cp86hfq331_w0000gp/T/junit-8228656632016441026/junit638187050990921127")
58597 [72d2f2102094885a0a6022bf82208c93] TaskSlotTableImpl [flink-pekko.actor.default-dispatcher-10] INFO  Activate slot c25741976ea5802832882c41b796ebc6.
58597 [72d2f2102094885a0a6022bf82208c93] TaskExecutor [flink-pekko.actor.default-dispatcher-6] INFO  Received task upscale0 (4/6)#0 (bd67806bab9fab04288360ffc130ea03_7559af08559a2c7079a359b85b7edab5_3_0), deploy into slot with allocation id dfb340fb61b031d3d4004c6315ed7b04.
58597 [72d2f2102094885a0a6022bf82208c93] Task [rebalance0 (2/4)#0] INFO  rebalance0 (2/4)#0 (bd67806bab9fab04288360ffc130ea03_25a6d73fce56b9559bed0247061e93e0_1_0) switched from CREATED to DEPLOYING.
58597 [72d2f2102094885a0a6022bf82208c93] FileMergingSnapshotManager [Source: source0 -> input-filter0 -> input-counter0 (1/3)#0] INFO  Created a directory file:/var/folders/m8/q6f016tn6cl2cp86hfq331_w0000gp/T/junit-8228656632016441026/junit638187050990921127/72d2f2102094885a0a6022bf82208c93/shared/job_72d2f2102094885a0a6022bf82208c93_op_3e9b902627593008a6d790e9aeca7953_0_3 for checkpoint file-merging.
58597 [72d2f2102094885a0a6022bf82208c93] Task [rebalance0 (2/4)#0] INFO  Loading JAR files for task rebalance0 (2/4)#0 (bd67806bab9fab04288360ffc130ea03_25a6d73fce56b9559bed0247061e93e0_1_0) [DEPLOYING].
58597 [72d2f2102094885a0a6022bf82208c93] StreamTask [rebalance0 (4/4)#0] INFO  State backend is set to heap memory org.apache.flink.runtime.state.hashmap.HashMapStateBackend@4931dc80
58597 [72d2f2102094885a0a6022bf82208c93] StateBackendLoader [rebalance0 (4/4)#0] INFO  State backend loader loads the state backend as HashMapStateBackend
58597 [72d2f2102094885a0a6022bf82208c93] StreamTask [rebalance0 (4/4)#0] INFO  Checkpoint storage is set to 'filesystem': (checkpoints "file:/var/folders/m8/q6f016tn6cl2cp86hfq331_w0000gp/T/junit-8228656632016441026/junit638187050990921127")
58597 [72d2f2102094885a0a6022bf82208c93] FileMergingSnapshotManager [upscale0 (5/6)#0] INFO  Created a directory file:/var/folders/m8/q6f016tn6cl2cp86hfq331_w0000gp/T/junit-8228656632016441026/junit638187050990921127/72d2f2102094885a0a6022bf82208c93/taskowned/job_72d2f2102094885a0a6022bf82208c93_tm_9bc16582-3f6d-4e4f-afcf-319b33647d65 for checkpoint file-merging.
58597 [72d2f2102094885a0a6022bf82208c93] TaskSlotTableImpl [flink-pekko.actor.default-dispatcher-6] INFO  Activate slot dfb340fb61b031d3d4004c6315ed7b04.
58597 [72d2f2102094885a0a6022bf82208c93] Task [upscale0 (4/6)#0] INFO  upscale0 (4/6)#0 (bd67806bab9fab04288360ffc130ea03_7559af08559a2c7079a359b85b7edab5_3_0) switched from CREATED to DEPLOYING.
58597 [72d2f2102094885a0a6022bf82208c93] Task [upscale0 (4/6)#0] INFO  Loading JAR files for task upscale0 (4/6)#0 (bd67806bab9fab04288360ffc130ea03_7559af08559a2c7079a359b85b7edab5_3_0) [DEPLOYING].
58597 [72d2f2102094885a0a6022bf82208c93] TaskExecutor [flink-pekko.actor.default-dispatcher-9] INFO  Received task global0 (3/3)#0 (bd67806bab9fab04288360ffc130ea03_4eca6edb63b17eb77deb9de060a699d1_2_0), deploy into slot with allocation id 43b2053d974a39b19f7b048d07717c1b.
58597 [72d2f2102094885a0a6022bf82208c93] FileMergingSnapshotManager [upscale0 (5/6)#0] INFO  Created a directory file:/var/folders/m8/q6f016tn6cl2cp86hfq331_w0000gp/T/junit-8228656632016441026/junit638187050990921127/72d2f2102094885a0a6022bf82208c93/shared/job_72d2f2102094885a0a6022bf82208c93_op_7559af08559a2c7079a359b85b7edab5_4_6 for checkpoint file-merging.
58597 [72d2f2102094885a0a6022bf82208c93] FileMergingSnapshotManager [rebalance0 (4/4)#0] INFO  Created a directory file:/var/folders/m8/q6f016tn6cl2cp86hfq331_w0000gp/T/junit-8228656632016441026/junit638187050990921127/72d2f2102094885a0a6022bf82208c93/shared/job_72d2f2102094885a0a6022bf82208c93_op_25a6d73fce56b9559bed0247061e93e0_3_4 for checkpoint file-merging.
58597 [72d2f2102094885a0a6022bf82208c93] Task [Source: source0 -> input-filter0 -> input-counter0 (3/3)#0] INFO  Source: source0 -> input-filter0 -> input-counter0 (3/3)#0 (bd67806bab9fab04288360ffc130ea03_3e9b902627593008a6d790e9aeca7953_2_0) switched from DEPLOYING to INITIALIZING.
58597 [72d2f2102094885a0a6022bf82208c93] Task [Source: source0 -> input-filter0 -> input-counter0 (1/3)#0] INFO  Source: source0 -> input-filter0 -> input-counter0 (1/3)#0 (bd67806bab9fab04288360ffc130ea03_3e9b902627593008a6d790e9aeca7953_0_0) switched from DEPLOYING to INITIALIZING.
58597 [72d2f2102094885a0a6022bf82208c93] ExecutionGraph [flink-pekko.actor.default-dispatcher-8] INFO  Source: source0 -> input-filter0 -> input-counter0 (3/3) (bd67806bab9fab04288360ffc130ea03_3e9b902627593008a6d790e9aeca7953_2_0) switched from DEPLOYING to INITIALIZING.
58597 [72d2f2102094885a0a6022bf82208c93] StreamTask [global0 (1/3)#0] INFO  State backend is set to heap memory org.apache.flink.runtime.state.hashmap.HashMapStateBackend@5db291e3
58597 [72d2f2102094885a0a6022bf82208c93] StateBackendLoader [global0 (1/3)#0] INFO  State backend loader loads the state backend as HashMapStateBackend
58597 [72d2f2102094885a0a6022bf82208c93] StreamTask [global0 (1/3)#0] INFO  Checkpoint storage is set to 'filesystem': (checkpoints "file:/var/folders/m8/q6f016tn6cl2cp86hfq331_w0000gp/T/junit-8228656632016441026/junit638187050990921127")
58597 [72d2f2102094885a0a6022bf82208c93] ExecutionGraph [flink-pekko.actor.default-dispatcher-8] INFO  Source: source0 -> input-filter0 -> input-counter0 (1/3) (bd67806bab9fab04288360ffc130ea03_3e9b902627593008a6d790e9aeca7953_0_0) switched from DEPLOYING to INITIALIZING.
58597 [72d2f2102094885a0a6022bf82208c93] TaskExecutor [flink-pekko.actor.default-dispatcher-10] INFO  Received task upscale0 (2/6)#0 (bd67806bab9fab04288360ffc130ea03_7559af08559a2c7079a359b85b7edab5_1_0), deploy into slot with allocation id c25741976ea5802832882c41b796ebc6.
58597 [72d2f2102094885a0a6022bf82208c93] Task [Source: source0 -> input-filter0 -> input-counter0 (2/3)#0] INFO  Source: source0 -> input-filter0 -> input-counter0 (2/3)#0 (bd67806bab9fab04288360ffc130ea03_3e9b902627593008a6d790e9aeca7953_1_0) switched from DEPLOYING to INITIALIZING.
58597 [72d2f2102094885a0a6022bf82208c93] Task [global0 (2/3)#0] INFO  global0 (2/3)#0 (bd67806bab9fab04288360ffc130ea03_4eca6edb63b17eb77deb9de060a699d1_1_0) switched from DEPLOYING to INITIALIZING.
58597 [72d2f2102094885a0a6022bf82208c93] FileMergingSnapshotManager [global0 (1/3)#0] INFO  Created a directory file:/var/folders/m8/q6f016tn6cl2cp86hfq331_w0000gp/T/junit-8228656632016441026/junit638187050990921127/72d2f2102094885a0a6022bf82208c93/shared/job_72d2f2102094885a0a6022bf82208c93_op_4eca6edb63b17eb77deb9de060a699d1_0_3 for checkpoint file-merging.
58597 [72d2f2102094885a0a6022bf82208c93] ExecutionGraph [flink-pekko.actor.default-dispatcher-8] INFO  Source: source0 -> input-filter0 -> input-counter0 (2/3) (bd67806bab9fab04288360ffc130ea03_3e9b902627593008a6d790e9aeca7953_1_0) switched from DEPLOYING to INITIALIZING.
58597 [72d2f2102094885a0a6022bf82208c93] Task [global0 (1/3)#0] INFO  global0 (1/3)#0 (bd67806bab9fab04288360ffc130ea03_4eca6edb63b17eb77deb9de060a699d1_0_0) switched from DEPLOYING to INITIALIZING.
58597 [72d2f2102094885a0a6022bf82208c93] TaskExecutor [flink-pekko.actor.default-dispatcher-6] INFO  Received task downscale0 (4/4)#0 (bd67806bab9fab04288360ffc130ea03_579c351891399448b6165717925f2b21_3_0), deploy into slot with allocation id dfb340fb61b031d3d4004c6315ed7b04.
58597 [72d2f2102094885a0a6022bf82208c93] ExecutionGraph [flink-pekko.actor.default-dispatcher-8] INFO  global0 (2/3) (bd67806bab9fab04288360ffc130ea03_4eca6edb63b17eb77deb9de060a699d1_1_0) switched from DEPLOYING to INITIALIZING.
58597 [72d2f2102094885a0a6022bf82208c93] ExecutionGraph [flink-pekko.actor.default-dispatcher-8] INFO  global0 (1/3) (bd67806bab9fab04288360ffc130ea03_4eca6edb63b17eb77deb9de060a699d1_0_0) switched from DEPLOYING to INITIALIZING.
58597 [72d2f2102094885a0a6022bf82208c93] TaskSlotTableImpl [flink-pekko.actor.default-dispatcher-10] INFO  Activate slot 8c2b9e45b9aea0e85419b20b015adecf.
58597 [72d2f2102094885a0a6022bf82208c93] TaskSlotTableImpl [flink-pekko.actor.default-dispatcher-6] INFO  Activate slot dfb340fb61b031d3d4004c6315ed7b04.
58597 [72d2f2102094885a0a6022bf82208c93] Task [upscale0 (2/6)#0] INFO  upscale0 (2/6)#0 (bd67806bab9fab04288360ffc130ea03_7559af08559a2c7079a359b85b7edab5_1_0) switched from CREATED to DEPLOYING.
58597 [72d2f2102094885a0a6022bf82208c93] Task [upscale0 (2/6)#0] INFO  Loading JAR files for task upscale0 (2/6)#0 (bd67806bab9fab04288360ffc130ea03_7559af08559a2c7079a359b85b7edab5_1_0) [DEPLOYING].
58597 [72d2f2102094885a0a6022bf82208c93] Task [downscale0 (4/4)#0] INFO  downscale0 (4/4)#0 (bd67806bab9fab04288360ffc130ea03_579c351891399448b6165717925f2b21_3_0) switched from CREATED to DEPLOYING.
58597 [72d2f2102094885a0a6022bf82208c93] Task [downscale0 (4/4)#0] INFO  Loading JAR files for task downscale0 (4/4)#0 (bd67806bab9fab04288360ffc130ea03_579c351891399448b6165717925f2b21_3_0) [DEPLOYING].
58597 [72d2f2102094885a0a6022bf82208c93] StreamTask [upscale0 (4/6)#0] INFO  State backend is set to heap memory org.apache.flink.runtime.state.hashmap.HashMapStateBackend@3ced0a94
58597 [72d2f2102094885a0a6022bf82208c93] StateBackendLoader [upscale0 (4/6)#0] INFO  State backend loader loads the state backend as HashMapStateBackend
58597 [72d2f2102094885a0a6022bf82208c93] StreamTask [upscale0 (4/6)#0] INFO  Checkpoint storage is set to 'filesystem': (checkpoints "file:/var/folders/m8/q6f016tn6cl2cp86hfq331_w0000gp/T/junit-8228656632016441026/junit638187050990921127")
58598 [72d2f2102094885a0a6022bf82208c93] Task [upscale0 (5/6)#0] INFO  upscale0 (5/6)#0 (bd67806bab9fab04288360ffc130ea03_7559af08559a2c7079a359b85b7edab5_4_0) switched from DEPLOYING to INITIALIZING.
58598 [72d2f2102094885a0a6022bf82208c93] Task [rebalance0 (4/4)#0] INFO  rebalance0 (4/4)#0 (bd67806bab9fab04288360ffc130ea03_25a6d73fce56b9559bed0247061e93e0_3_0) switched from DEPLOYING to INITIALIZING.
58598 [72d2f2102094885a0a6022bf82208c93] ExecutionGraph [flink-pekko.actor.default-dispatcher-8] INFO  upscale0 (5/6) (bd67806bab9fab04288360ffc130ea03_7559af08559a2c7079a359b85b7edab5_4_0) switched from DEPLOYING to INITIALIZING.
58598 [72d2f2102094885a0a6022bf82208c93] ExecutionGraph [flink-pekko.actor.default-dispatcher-8] INFO  rebalance0 (4/4) (bd67806bab9fab04288360ffc130ea03_25a6d73fce56b9559bed0247061e93e0_3_0) switched from DEPLOYING to INITIALIZING.
58598 [72d2f2102094885a0a6022bf82208c93] TaskSlotTableImpl [flink-pekko.actor.default-dispatcher-9] INFO  Activate slot 3ba8aa4d4472dc8bca7ee8759fda0bbd.
58598 [72d2f2102094885a0a6022bf82208c93] TaskExecutor [flink-pekko.actor.default-dispatcher-6] INFO  Received task rescale0 (2/4)#0 (bd67806bab9fab04288360ffc130ea03_7b4c6fe4c6df355e1ed86e978ba4a96e_1_0), deploy into slot with allocation id dfb340fb61b031d3d4004c6315ed7b04.
58598 [72d2f2102094885a0a6022bf82208c93] Task [global0 (3/3)#0] INFO  global0 (3/3)#0 (bd67806bab9fab04288360ffc130ea03_4eca6edb63b17eb77deb9de060a699d1_2_0) switched from CREATED to DEPLOYING.
58598 [72d2f2102094885a0a6022bf82208c93] Task [global0 (3/3)#0] INFO  Loading JAR files for task global0 (3/3)#0 (bd67806bab9fab04288360ffc130ea03_4eca6edb63b17eb77deb9de060a699d1_2_0) [DEPLOYING].
58598 [72d2f2102094885a0a6022bf82208c93] StateBackendLoader [global0 (2/3)#0] INFO  State backend is set to heap memory org.apache.flink.runtime.state.hashmap.HashMapStateBackend@5fd8b969
58598 [72d2f2102094885a0a6022bf82208c93] StreamTask [rebalance0 (2/4)#0] INFO  State backend is set to heap memory org.apache.flink.runtime.state.hashmap.HashMapStateBackend@27c7e57f
58598 [72d2f2102094885a0a6022bf82208c93] StateBackendLoader [rebalance0 (2/4)#0] INFO  State backend loader loads the state backend as HashMapStateBackend
58598 [72d2f2102094885a0a6022bf82208c93] StreamTask [rebalance0 (2/4)#0] INFO  Checkpoint storage is set to 'filesystem': (checkpoints "file:/var/folders/m8/q6f016tn6cl2cp86hfq331_w0000gp/T/junit-8228656632016441026/junit638187050990921127")
58598 [72d2f2102094885a0a6022bf82208c93] StateBackendLoader [rebalance0 (4/4)#0] INFO  State backend is set to heap memory org.apache.flink.runtime.state.hashmap.HashMapStateBackend@9a536d
58598 [72d2f2102094885a0a6022bf82208c93] StateBackendLoader [upscale0 (5/6)#0] INFO  State backend is set to heap memory org.apache.flink.runtime.state.hashmap.HashMapStateBackend@6852c865
58598 [72d2f2102094885a0a6022bf82208c93] TaskSlotTableImpl [flink-pekko.actor.default-dispatcher-6] INFO  Activate slot dfb340fb61b031d3d4004c6315ed7b04.
58598 [72d2f2102094885a0a6022bf82208c93] FileMergingSnapshotManager [upscale0 (4/6)#0] INFO  Created a directory file:/var/folders/m8/q6f016tn6cl2cp86hfq331_w0000gp/T/junit-8228656632016441026/junit638187050990921127/72d2f2102094885a0a6022bf82208c93/shared/job_72d2f2102094885a0a6022bf82208c93_op_7559af08559a2c7079a359b85b7edab5_3_6 for checkpoint file-merging.
58598 [72d2f2102094885a0a6022bf82208c93] TaskExecutor [flink-pekko.actor.default-dispatcher-10] INFO  Received task upscale0 (6/6)#0 (bd67806bab9fab04288360ffc130ea03_7559af08559a2c7079a359b85b7edab5_5_0), deploy into slot with allocation id 8c2b9e45b9aea0e85419b20b015adecf.
58598 [72d2f2102094885a0a6022bf82208c93] StateBackendLoader [global0 (1/3)#0] INFO  State backend is set to heap memory org.apache.flink.runtime.state.hashmap.HashMapStateBackend@1d960509
58598 [72d2f2102094885a0a6022bf82208c93] Task [rescale0 (2/4)#0] INFO  rescale0 (2/4)#0 (bd67806bab9fab04288360ffc130ea03_7b4c6fe4c6df355e1ed86e978ba4a96e_1_0) switched from CREATED to DEPLOYING.
58598 [72d2f2102094885a0a6022bf82208c93] Task [rescale0 (2/4)#0] INFO  Loading JAR files for task rescale0 (2/4)#0 (bd67806bab9fab04288360ffc130ea03_7b4c6fe4c6df355e1ed86e978ba4a96e_1_0) [DEPLOYING].
58598 [72d2f2102094885a0a6022bf82208c93] FileMergingSnapshotManager [rebalance0 (2/4)#0] INFO  Created a directory file:/var/folders/m8/q6f016tn6cl2cp86hfq331_w0000gp/T/junit-8228656632016441026/junit638187050990921127/72d2f2102094885a0a6022bf82208c93/shared/job_72d2f2102094885a0a6022bf82208c93_op_25a6d73fce56b9559bed0247061e93e0_1_4 for checkpoint file-merging.
58598 [72d2f2102094885a0a6022bf82208c93] Task [upscale0 (4/6)#0] INFO  upscale0 (4/6)#0 (bd67806bab9fab04288360ffc130ea03_7559af08559a2c7079a359b85b7edab5_3_0) switched from DEPLOYING to INITIALIZING.
58598 [72d2f2102094885a0a6022bf82208c93] AbstractStreamOperator [Source: source0 -> input-filter0 -> input-counter0 (2/3)#0] INFO  Switch mode from null to OUTPUT_NOT_INITIALIZED after 1779494864954 ms, currentMaxDesiredWatermark=9223372036854775807, latestWatermark=-9223372036854775808, oldestWatermark=-9223372036854775808
58598 [72d2f2102094885a0a6022bf82208c93] AbstractStreamOperator [Source: source0 -> input-filter0 -> input-counter0 (2/3)#0] INFO  SourceOperator initialized, wait for 1st checkpoint: false
58598 [72d2f2102094885a0a6022bf82208c93] Task [rebalance0 (2/4)#0] INFO  rebalance0 (2/4)#0 (bd67806bab9fab04288360ffc130ea03_25a6d73fce56b9559bed0247061e93e0_1_0) switched from DEPLOYING to INITIALIZING.
58598 [72d2f2102094885a0a6022bf82208c93] ExecutionGraph [flink-pekko.actor.default-dispatcher-8] INFO  rebalance0 (2/4) (bd67806bab9fab04288360ffc130ea03_25a6d73fce56b9559bed0247061e93e0_1_0) switched from DEPLOYING to INITIALIZING.
58598 [72d2f2102094885a0a6022bf82208c93] StateBackendLoader [Source: source0 -> input-filter0 -> input-counter0 (2/3)#0] INFO  State backend is set to heap memory org.apache.flink.runtime.state.hashmap.HashMapStateBackend@355270b8
58598 [72d2f2102094885a0a6022bf82208c93] ExecutionGraph [flink-pekko.actor.default-dispatcher-8] INFO  upscale0 (4/6) (bd67806bab9fab04288360ffc130ea03_7559af08559a2c7079a359b85b7edab5_3_0) switched from DEPLOYING to INITIALIZING.
58598 [72d2f2102094885a0a6022bf82208c93] StateBackendLoader [Source: source0 -> input-filter0 -> input-counter0 (2/3)#0] INFO  State backend is set to heap memory org.apache.flink.runtime.state.hashmap.HashMapStateBackend@4e144500
58598 [72d2f2102094885a0a6022bf82208c93] StateBackendLoader [Source: source0 -> input-filter0 -> input-counter0 (2/3)#0] INFO  State backend is set to heap memory org.apache.flink.runtime.state.hashmap.HashMapStateBackend@2cd90a5
58598 [72d2f2102094885a0a6022bf82208c93] AbstractStreamOperator [Source: source0 -> input-filter0 -> input-counter0 (1/3)#0] INFO  Switch mode from null to OUTPUT_NOT_INITIALIZED after 1779494864954 ms, currentMaxDesiredWatermark=9223372036854775807, latestWatermark=-9223372036854775808, oldestWatermark=-9223372036854775808
58598 [72d2f2102094885a0a6022bf82208c93] AbstractStreamOperator [Source: source0 -> input-filter0 -> input-counter0 (1/3)#0] INFO  SourceOperator initialized, wait for 1st checkpoint: false
58598 [72d2f2102094885a0a6022bf82208c93] AbstractStreamOperator [Source: source0 -> input-filter0 -> input-counter0 (3/3)#0] INFO  Switch mode from null to OUTPUT_NOT_INITIALIZED after 1779494864954 ms, currentMaxDesiredWatermark=9223372036854775807, latestWatermark=-9223372036854775808, oldestWatermark=-9223372036854775808
58598 [72d2f2102094885a0a6022bf82208c93] AbstractStreamOperator [Source: source0 -> input-filter0 -> input-counter0 (3/3)#0] INFO  SourceOperator initialized, wait for 1st checkpoint: false
58598 [72d2f2102094885a0a6022bf82208c93] StateBackendLoader [Source: source0 -> input-filter0 -> input-counter0 (1/3)#0] INFO  State backend is set to heap memory org.apache.flink.runtime.state.hashmap.HashMapStateBackend@554ef8b6
58598 [72d2f2102094885a0a6022bf82208c93] StateBackendLoader [Source: source0 -> input-filter0 -> input-counter0 (1/3)#0] INFO  State backend is set to heap memory org.apache.flink.runtime.state.hashmap.HashMapStateBackend@389d9189
58598 [72d2f2102094885a0a6022bf82208c93] StreamTask [rescale0 (2/4)#0] INFO  State backend is set to heap memory org.apache.flink.runtime.state.hashmap.HashMapStateBackend@429ba610
58598 [72d2f2102094885a0a6022bf82208c93] StateBackendLoader [rescale0 (2/4)#0] INFO  State backend loader loads the state backend as HashMapStateBackend
58598 [72d2f2102094885a0a6022bf82208c93] Task [upscale0 (5/6)#0] INFO  upscale0 (5/6)#0 (bd67806bab9fab04288360ffc130ea03_7559af08559a2c7079a359b85b7edab5_4_0) switched from INITIALIZING to RUNNING.
58598 [72d2f2102094885a0a6022bf82208c93] StateBackendLoader [Source: source0 -> input-filter0 -> input-counter0 (1/3)#0] INFO  State backend is set to heap memory org.apache.flink.runtime.state.hashmap.HashMapStateBackend@40281f5f
58598 [72d2f2102094885a0a6022bf82208c93] StreamTask [rescale0 (2/4)#0] INFO  Checkpoint storage is set to 'filesystem': (checkpoints "file:/var/folders/m8/q6f016tn6cl2cp86hfq331_w0000gp/T/junit-8228656632016441026/junit638187050990921127")
58598 [72d2f2102094885a0a6022bf82208c93] SourceCoordinator [SourceCoordinator-Source: source0] INFO  Source Source: source0 registering reader for parallel task 1 (#0) @ 
58598 [72d2f2102094885a0a6022bf82208c93] StateBackendLoader [rebalance0 (2/4)#0] INFO  State backend is set to heap memory org.apache.flink.runtime.state.hashmap.HashMapStateBackend@4e2e965d
58598 [72d2f2102094885a0a6022bf82208c93] TaskExecutor [flink-pekko.actor.default-dispatcher-6] INFO  Received task failing-map (2/3)#0 (bd67806bab9fab04288360ffc130ea03_b8c789ec3a44294cb45da029ffe0e6fd_1_0), deploy into slot with allocation id dfb340fb61b031d3d4004c6315ed7b04.
58598 [72d2f2102094885a0a6022bf82208c93] StateBackendLoader [Source: source0 -> input-filter0 -> input-counter0 (3/3)#0] INFO  State backend is set to heap memory org.apache.flink.runtime.state.hashmap.HashMapStateBackend@6dabd093
58598 [72d2f2102094885a0a6022bf82208c93] StreamTask [downscale0 (4/4)#0] INFO  State backend is set to heap memory org.apache.flink.runtime.state.hashmap.HashMapStateBackend@2e44de59
58598 [72d2f2102094885a0a6022bf82208c93] StateBackendLoader [downscale0 (4/4)#0] INFO  State backend loader loads the state backend as HashMapStateBackend
58598 [72d2f2102094885a0a6022bf82208c93] StreamTask [downscale0 (4/4)#0] INFO  Checkpoint storage is set to 'filesystem': (checkpoints "file:/var/folders/m8/q6f016tn6cl2cp86hfq331_w0000gp/T/junit-8228656632016441026/junit638187050990921127")
58598 [72d2f2102094885a0a6022bf82208c93] TaskExecutor [flink-pekko.actor.default-dispatcher-9] INFO  Received task rebalance0 (1/4)#0 (bd67806bab9fab04288360ffc130ea03_25a6d73fce56b9559bed0247061e93e0_0_0), deploy into slot with allocation id 3ba8aa4d4472dc8bca7ee8759fda0bbd.
58598 [72d2f2102094885a0a6022bf82208c93] StateBackendLoader [Source: source0 -> input-filter0 -> input-counter0 (3/3)#0] INFO  State backend is set to heap memory org.apache.flink.runtime.state.hashmap.HashMapStateBackend@4bbe7952
58598 [72d2f2102094885a0a6022bf82208c93] StateBackendLoader [upscale0 (4/6)#0] INFO  State backend is set to heap memory org.apache.flink.runtime.state.hashmap.HashMapStateBackend@1561f40b
58598 [72d2f2102094885a0a6022bf82208c93] FileMergingSnapshotManager [rescale0 (2/4)#0] INFO  Created a directory file:/var/folders/m8/q6f016tn6cl2cp86hfq331_w0000gp/T/junit-8228656632016441026/junit638187050990921127/72d2f2102094885a0a6022bf82208c93/shared/job_72d2f2102094885a0a6022bf82208c93_op_7b4c6fe4c6df355e1ed86e978ba4a96e_1_4 for checkpoint file-merging.
58598 [72d2f2102094885a0a6022bf82208c93] StreamTask [upscale0 (2/6)#0] INFO  State backend is set to heap memory org.apache.flink.runtime.state.hashmap.HashMapStateBackend@52c2553a
58598 [72d2f2102094885a0a6022bf82208c93] StateBackendLoader [upscale0 (2/6)#0] INFO  State backend loader loads the state backend as HashMapStateBackend
58598 [72d2f2102094885a0a6022bf82208c93] StateBackendLoader [Source: source0 -> input-filter0 -> input-counter0 (3/3)#0] INFO  State backend is set to heap memory org.apache.flink.runtime.state.hashmap.HashMapStateBackend@6c1e3ff2
58598 [72d2f2102094885a0a6022bf82208c93] StreamTask [upscale0 (2/6)#0] INFO  Checkpoint storage is set to 'filesystem': (checkpoints "file:/var/folders/m8/q6f016tn6cl2cp86hfq331_w0000gp/T/junit-8228656632016441026/junit638187050990921127")
58598 [72d2f2102094885a0a6022bf82208c93] Task [rescale0 (2/4)#0] INFO  rescale0 (2/4)#0 (bd67806bab9fab04288360ffc130ea03_7b4c6fe4c6df355e1ed86e978ba4a96e_1_0) switched from DEPLOYING to INITIALIZING.
58598 [72d2f2102094885a0a6022bf82208c93] TaskSlotTableImpl [flink-pekko.actor.default-dispatcher-9] INFO  Activate slot 43b2053d974a39b19f7b048d07717c1b.
58598 [72d2f2102094885a0a6022bf82208c93] FileMergingSnapshotManager [downscale0 (4/4)#0] INFO  Created a directory file:/var/folders/m8/q6f016tn6cl2cp86hfq331_w0000gp/T/junit-8228656632016441026/junit638187050990921127/72d2f2102094885a0a6022bf82208c93/shared/job_72d2f2102094885a0a6022bf82208c93_op_579c351891399448b6165717925f2b21_3_4 for checkpoint file-merging.
58598 [72d2f2102094885a0a6022bf82208c93] Task [downscale0 (4/4)#0] INFO  downscale0 (4/4)#0 (bd67806bab9fab04288360ffc130ea03_579c351891399448b6165717925f2b21_3_0) switched from DEPLOYING to INITIALIZING.
58598 [72d2f2102094885a0a6022bf82208c93] Task [rebalance0 (1/4)#0] INFO  rebalance0 (1/4)#0 (bd67806bab9fab04288360ffc130ea03_25a6d73fce56b9559bed0247061e93e0_0_0) switched from CREATED to DEPLOYING.
58598 [72d2f2102094885a0a6022bf82208c93] Task [rebalance0 (1/4)#0] INFO  Loading JAR files for task rebalance0 (1/4)#0 (bd67806bab9fab04288360ffc130ea03_25a6d73fce56b9559bed0247061e93e0_0_0) [DEPLOYING].
58598 [72d2f2102094885a0a6022bf82208c93] FileMergingSnapshotManager [upscale0 (2/6)#0] INFO  Created a directory file:/var/folders/m8/q6f016tn6cl2cp86hfq331_w0000gp/T/junit-8228656632016441026/junit638187050990921127/72d2f2102094885a0a6022bf82208c93/shared/job_72d2f2102094885a0a6022bf82208c93_op_7559af08559a2c7079a359b85b7edab5_1_6 for checkpoint file-merging.
58598 [72d2f2102094885a0a6022bf82208c93] ExecutionGraph [flink-pekko.actor.default-dispatcher-8] INFO  upscale0 (5/6) (bd67806bab9fab04288360ffc130ea03_7559af08559a2c7079a359b85b7edab5_4_0) switched from INITIALIZING to RUNNING.
58598 [72d2f2102094885a0a6022bf82208c93] StateBackendLoader [rescale0 (2/4)#0] INFO  State backend is set to heap memory org.apache.flink.runtime.state.hashmap.HashMapStateBackend@2ed2a4bb
58598 [72d2f2102094885a0a6022bf82208c93] Task [upscale0 (2/6)#0] INFO  upscale0 (2/6)#0 (bd67806bab9fab04288360ffc130ea03_7559af08559a2c7079a359b85b7edab5_1_0) switched from DEPLOYING to INITIALIZING.
58598 [72d2f2102094885a0a6022bf82208c93] ExecutionGraph [flink-pekko.actor.default-dispatcher-8] INFO  rescale0 (2/4) (bd67806bab9fab04288360ffc130ea03_7b4c6fe4c6df355e1ed86e978ba4a96e_1_0) switched from DEPLOYING to INITIALIZING.
58599 [72d2f2102094885a0a6022bf82208c93] ExecutionGraph [flink-pekko.actor.default-dispatcher-8] INFO  downscale0 (4/4) (bd67806bab9fab04288360ffc130ea03_579c351891399448b6165717925f2b21_3_0) switched from DEPLOYING to INITIALIZING.
58599 [72d2f2102094885a0a6022bf82208c93] SourceCoordinator [SourceCoordinator-Source: source0] INFO  Source Source: source0 registering reader for parallel task 0 (#0) @ 
58599 [72d2f2102094885a0a6022bf82208c93] ExecutionGraph [flink-pekko.actor.default-dispatcher-8] INFO  upscale0 (2/6) (bd67806bab9fab04288360ffc130ea03_7559af08559a2c7079a359b85b7edab5_1_0) switched from DEPLOYING to INITIALIZING.
58599 [72d2f2102094885a0a6022bf82208c93] StateBackendLoader [downscale0 (4/4)#0] INFO  State backend is set to heap memory org.apache.flink.runtime.state.hashmap.HashMapStateBackend@4c1b94c0
58599 [72d2f2102094885a0a6022bf82208c93] SourceCoordinator [SourceCoordinator-Source: source0] INFO  Source Source: source0 registering reader for parallel task 2 (#0) @ 
58599 [72d2f2102094885a0a6022bf82208c93] Task [failing-map (2/3)#0] INFO  failing-map (2/3)#0 (bd67806bab9fab04288360ffc130ea03_b8c789ec3a44294cb45da029ffe0e6fd_1_0) switched from CREATED to DEPLOYING.
58599 [72d2f2102094885a0a6022bf82208c93] Task [failing-map (2/3)#0] INFO  Loading JAR files for task failing-map (2/3)#0 (bd67806bab9fab04288360ffc130ea03_b8c789ec3a44294cb45da029ffe0e6fd_1_0) [DEPLOYING].
58599 [72d2f2102094885a0a6022bf82208c93] TaskExecutor [flink-pekko.actor.default-dispatcher-9] INFO  Received task rebalance0 (3/4)#0 (bd67806bab9fab04288360ffc130ea03_25a6d73fce56b9559bed0247061e93e0_2_0), deploy into slot with allocation id 43b2053d974a39b19f7b048d07717c1b.
58599 [72d2f2102094885a0a6022bf82208c93] UnalignedCheckpointTestBase [SourceCoordinator-Source: source0] INFO  Assigning splits {0=[LongSplit{increment=3, nextNumber=0}], 1=[LongSplit{increment=3, nextNumber=1}], 2=[LongSplit{increment=3, nextNumber=2}]}
58599 [72d2f2102094885a0a6022bf82208c93] StateBackendLoader [upscale0 (2/6)#0] INFO  State backend is set to heap memory org.apache.flink.runtime.state.hashmap.HashMapStateBackend@1f82064
58599 [72d2f2102094885a0a6022bf82208c93] Task [rebalance0 (2/4)#0] INFO  rebalance0 (2/4)#0 (bd67806bab9fab04288360ffc130ea03_25a6d73fce56b9559bed0247061e93e0_1_0) switched from INITIALIZING to RUNNING.
58599 [72d2f2102094885a0a6022bf82208c93] CheckpointFailureManager [Checkpoint Timer] INFO  Failed to trigger checkpoint for job 72d2f2102094885a0a6022bf82208c93 since Checkpoint triggering task Source: source0 -> input-filter0 -> input-counter0 (1/3) of job 72d2f2102094885a0a6022bf82208c93 is not being executed at the moment. Aborting checkpoint. Failure reason: Not all required tasks are currently running..
58599 [72d2f2102094885a0a6022bf82208c93] Task [rebalance0 (3/4)#0] INFO  rebalance0 (3/4)#0 (bd67806bab9fab04288360ffc130ea03_25a6d73fce56b9559bed0247061e93e0_2_0) switched from CREATED to DEPLOYING.
58599 [72d2f2102094885a0a6022bf82208c93] Task [rebalance0 (3/4)#0] INFO  Loading JAR files for task rebalance0 (3/4)#0 (bd67806bab9fab04288360ffc130ea03_25a6d73fce56b9559bed0247061e93e0_2_0) [DEPLOYING].
58599 [72d2f2102094885a0a6022bf82208c93] TaskSlotTableImpl [flink-pekko.actor.default-dispatcher-9] INFO  Activate slot 3ba8aa4d4472dc8bca7ee8759fda0bbd.
58599 [72d2f2102094885a0a6022bf82208c93] Task [global0 (1/3)#0] INFO  global0 (1/3)#0 (bd67806bab9fab04288360ffc130ea03_4eca6edb63b17eb77deb9de060a699d1_0_0) switched from INITIALIZING to RUNNING.
58599 [72d2f2102094885a0a6022bf82208c93] TaskSlotTableImpl [flink-pekko.actor.default-dispatcher-10] INFO  Activate slot c25741976ea5802832882c41b796ebc6.
58599 [72d2f2102094885a0a6022bf82208c93] Task [upscale0 (6/6)#0] INFO  upscale0 (6/6)#0 (bd67806bab9fab04288360ffc130ea03_7559af08559a2c7079a359b85b7edab5_5_0) switched from CREATED to DEPLOYING.
58599 [72d2f2102094885a0a6022bf82208c93] Task [upscale0 (6/6)#0] INFO  Loading JAR files for task upscale0 (6/6)#0 (bd67806bab9fab04288360ffc130ea03_7559af08559a2c7079a359b85b7edab5_5_0) [DEPLOYING].
58599 [72d2f2102094885a0a6022bf82208c93] TaskExecutor [flink-pekko.actor.default-dispatcher-9] INFO  Received task upscale0 (1/6)#0 (bd67806bab9fab04288360ffc130ea03_7559af08559a2c7079a359b85b7edab5_0_0), deploy into slot with allocation id 3ba8aa4d4472dc8bca7ee8759fda0bbd.
58599 [72d2f2102094885a0a6022bf82208c93] StreamTask [global0 (3/3)#0] INFO  State backend is set to heap memory org.apache.flink.runtime.state.hashmap.HashMapStateBackend@10273184
58599 [72d2f2102094885a0a6022bf82208c93] StateBackendLoader [global0 (3/3)#0] INFO  State backend loader loads the state backend as HashMapStateBackend
58599 [72d2f2102094885a0a6022bf82208c93] StreamTask [global0 (3/3)#0] INFO  Checkpoint storage is set to 'filesystem': (checkpoints "file:/var/folders/m8/q6f016tn6cl2cp86hfq331_w0000gp/T/junit-8228656632016441026/junit638187050990921127")
58599 [72d2f2102094885a0a6022bf82208c93] Task [upscale0 (1/6)#0] INFO  upscale0 (1/6)#0 (bd67806bab9fab04288360ffc130ea03_7559af08559a2c7079a359b85b7edab5_0_0) switched from CREATED to DEPLOYING.
58599 [72d2f2102094885a0a6022bf82208c93] Task [rebalance0 (4/4)#0] INFO  rebalance0 (4/4)#0 (bd67806bab9fab04288360ffc130ea03_25a6d73fce56b9559bed0247061e93e0_3_0) switched from INITIALIZING to RUNNING.
58599 [72d2f2102094885a0a6022bf82208c93] TaskSlotTableImpl [flink-pekko.actor.default-dispatcher-9] INFO  Activate slot 43b2053d974a39b19f7b048d07717c1b.
58599 [72d2f2102094885a0a6022bf82208c93] Task [upscale0 (1/6)#0] INFO  Loading JAR files for task upscale0 (1/6)#0 (bd67806bab9fab04288360ffc130ea03_7559af08559a2c7079a359b85b7edab5_0_0) [DEPLOYING].
58599 [72d2f2102094885a0a6022bf82208c93] TaskExecutor [flink-pekko.actor.default-dispatcher-10] INFO  Received task downscale0 (2/4)#0 (bd67806bab9fab04288360ffc130ea03_579c351891399448b6165717925f2b21_1_0), deploy into slot with allocation id c25741976ea5802832882c41b796ebc6.
58599 [72d2f2102094885a0a6022bf82208c93] FileMergingSnapshotManager [global0 (3/3)#0] INFO  Created a directory file:/var/folders/m8/q6f016tn6cl2cp86hfq331_w0000gp/T/junit-8228656632016441026/junit638187050990921127/72d2f2102094885a0a6022bf82208c93/shared/job_72d2f2102094885a0a6022bf82208c93_op_4eca6edb63b17eb77deb9de060a699d1_2_3 for checkpoint file-merging.
58599 [72d2f2102094885a0a6022bf82208c93] Task [global0 (3/3)#0] INFO  global0 (3/3)#0 (bd67806bab9fab04288360ffc130ea03_4eca6edb63b17eb77deb9de060a699d1_2_0) switched from DEPLOYING to INITIALIZING.
58599 [72d2f2102094885a0a6022bf82208c93] Task [global0 (2/3)#0] INFO  global0 (2/3)#0 (bd67806bab9fab04288360ffc130ea03_4eca6edb63b17eb77deb9de060a699d1_1_0) switched from INITIALIZING to RUNNING.
58599 [72d2f2102094885a0a6022bf82208c93] TaskExecutor [flink-pekko.actor.default-dispatcher-9] INFO  Received task upscale0 (3/6)#0 (bd67806bab9fab04288360ffc130ea03_7559af08559a2c7079a359b85b7edab5_2_0), deploy into slot with allocation id 43b2053d974a39b19f7b048d07717c1b.
58599 [72d2f2102094885a0a6022bf82208c93] Task [downscale0 (2/4)#0] INFO  downscale0 (2/4)#0 (bd67806bab9fab04288360ffc130ea03_579c351891399448b6165717925f2b21_1_0) switched from CREATED to DEPLOYING.
58599 [72d2f2102094885a0a6022bf82208c93] Task [downscale0 (2/4)#0] INFO  Loading JAR files for task downscale0 (2/4)#0 (bd67806bab9fab04288360ffc130ea03_579c351891399448b6165717925f2b21_1_0) [DEPLOYING].
58599 [72d2f2102094885a0a6022bf82208c93] TaskSlotTableImpl [flink-pekko.actor.default-dispatcher-10] INFO  Activate slot c25741976ea5802832882c41b796ebc6.
58599 [72d2f2102094885a0a6022bf82208c93] StateBackendLoader [global0 (3/3)#0] INFO  State backend is set to heap memory org.apache.flink.runtime.state.hashmap.HashMapStateBackend@4d662da5
58600 [72d2f2102094885a0a6022bf82208c93] StreamTask [upscale0 (6/6)#0] INFO  State backend is set to heap memory org.apache.flink.runtime.state.hashmap.HashMapStateBackend@51cc34bf
58600 [72d2f2102094885a0a6022bf82208c93] StateBackendLoader [upscale0 (6/6)#0] INFO  State backend loader loads the state backend as HashMapStateBackend
58600 [72d2f2102094885a0a6022bf82208c93] StreamTask [upscale0 (6/6)#0] INFO  Checkpoint storage is set to 'filesystem': (checkpoints "file:/var/folders/m8/q6f016tn6cl2cp86hfq331_w0000gp/T/junit-8228656632016441026/junit638187050990921127")
58600 [72d2f2102094885a0a6022bf82208c93] FileMergingSnapshotManager [upscale0 (6/6)#0] INFO  Created a directory file:/var/folders/m8/q6f016tn6cl2cp86hfq331_w0000gp/T/junit-8228656632016441026/junit638187050990921127/72d2f2102094885a0a6022bf82208c93/shared/job_72d2f2102094885a0a6022bf82208c93_op_7559af08559a2c7079a359b85b7edab5_5_6 for checkpoint file-merging.
58600 [72d2f2102094885a0a6022bf82208c93] Task [upscale0 (6/6)#0] INFO  upscale0 (6/6)#0 (bd67806bab9fab04288360ffc130ea03_7559af08559a2c7079a359b85b7edab5_5_0) switched from DEPLOYING to INITIALIZING.
58600 [72d2f2102094885a0a6022bf82208c93] StreamTask [rebalance0 (3/4)#0] INFO  State backend is set to heap memory org.apache.flink.runtime.state.hashmap.HashMapStateBackend@409dca82
58600 [72d2f2102094885a0a6022bf82208c93] StateBackendLoader [rebalance0 (3/4)#0] INFO  State backend loader loads the state backend as HashMapStateBackend
58600 [72d2f2102094885a0a6022bf82208c93] StreamTask [rebalance0 (3/4)#0] INFO  Checkpoint storage is set to 'filesystem': (checkpoints "file:/var/folders/m8/q6f016tn6cl2cp86hfq331_w0000gp/T/junit-8228656632016441026/junit638187050990921127")
58600 [72d2f2102094885a0a6022bf82208c93] TaskExecutor [flink-pekko.actor.default-dispatcher-10] INFO  Received task keyby0 (2/3)#0 (bd67806bab9fab04288360ffc130ea03_e32648f4a493dd25fdd7d9c66c500390_1_0), deploy into slot with allocation id c25741976ea5802832882c41b796ebc6.
58600 [72d2f2102094885a0a6022bf82208c93] Task [Source: source0 -> input-filter0 -> input-counter0 (2/3)#0] INFO  Source: source0 -> input-filter0 -> input-counter0 (2/3)#0 (bd67806bab9fab04288360ffc130ea03_3e9b902627593008a6d790e9aeca7953_1_0) switched from INITIALIZING to RUNNING.
58600 [72d2f2102094885a0a6022bf82208c93] ExecutionGraph [flink-pekko.actor.default-dispatcher-8] INFO  rebalance0 (2/4) (bd67806bab9fab04288360ffc130ea03_25a6d73fce56b9559bed0247061e93e0_1_0) switched from INITIALIZING to RUNNING.
58600 [72d2f2102094885a0a6022bf82208c93] Task [Source: source0 -> input-filter0 -> input-counter0 (1/3)#0] INFO  Source: source0 -> input-filter0 -> input-counter0 (1/3)#0 (bd67806bab9fab04288360ffc130ea03_3e9b902627593008a6d790e9aeca7953_0_0) switched from INITIALIZING to RUNNING.
58600 [72d2f2102094885a0a6022bf82208c93] FileMergingSnapshotManager [rebalance0 (3/4)#0] INFO  Created a directory file:/var/folders/m8/q6f016tn6cl2cp86hfq331_w0000gp/T/junit-8228656632016441026/junit638187050990921127/72d2f2102094885a0a6022bf82208c93/shared/job_72d2f2102094885a0a6022bf82208c93_op_25a6d73fce56b9559bed0247061e93e0_2_4 for checkpoint file-merging.
58600 [72d2f2102094885a0a6022bf82208c93] StateBackendLoader [upscale0 (6/6)#0] INFO  State backend is set to heap memory org.apache.flink.runtime.state.hashmap.HashMapStateBackend@7ad0f5e8
58600 [72d2f2102094885a0a6022bf82208c93] Task [rebalance0 (3/4)#0] INFO  rebalance0 (3/4)#0 (bd67806bab9fab04288360ffc130ea03_25a6d73fce56b9559bed0247061e93e0_2_0) switched from DEPLOYING to INITIALIZING.
58600 [72d2f2102094885a0a6022bf82208c93] StreamTask [failing-map (2/3)#0] INFO  State backend is set to heap memory org.apache.flink.runtime.state.hashmap.HashMapStateBackend@5ac8bf56
58600 [72d2f2102094885a0a6022bf82208c93] StateBackendLoader [failing-map (2/3)#0] INFO  State backend loader loads the state backend as HashMapStateBackend
58600 [72d2f2102094885a0a6022bf82208c93] StreamTask [failing-map (2/3)#0] INFO  Checkpoint storage is set to 'filesystem': (checkpoints "file:/var/folders/m8/q6f016tn6cl2cp86hfq331_w0000gp/T/junit-8228656632016441026/junit638187050990921127")
58600 [72d2f2102094885a0a6022bf82208c93] Task [upscale0 (6/6)#0] INFO  upscale0 (6/6)#0 (bd67806bab9fab04288360ffc130ea03_7559af08559a2c7079a359b85b7edab5_5_0) switched from INITIALIZING to RUNNING.
58600 [72d2f2102094885a0a6022bf82208c93] StreamTask [rebalance0 (1/4)#0] INFO  State backend is set to heap memory org.apache.flink.runtime.state.hashmap.HashMapStateBackend@53a62341
58600 [72d2f2102094885a0a6022bf82208c93] StateBackendLoader [rebalance0 (1/4)#0] INFO  State backend loader loads the state backend as HashMapStateBackend
58600 [72d2f2102094885a0a6022bf82208c93] FileMergingSnapshotManager [failing-map (2/3)#0] INFO  Created a directory file:/var/folders/m8/q6f016tn6cl2cp86hfq331_w0000gp/T/junit-8228656632016441026/junit638187050990921127/72d2f2102094885a0a6022bf82208c93/shared/job_72d2f2102094885a0a6022bf82208c93_op_b8c789ec3a44294cb45da029ffe0e6fd_1_3 for checkpoint file-merging.
58600 [72d2f2102094885a0a6022bf82208c93] StreamTask [rebalance0 (1/4)#0] INFO  Checkpoint storage is set to 'filesystem': (checkpoints "file:/var/folders/m8/q6f016tn6cl2cp86hfq331_w0000gp/T/junit-8228656632016441026/junit638187050990921127")
58600 [72d2f2102094885a0a6022bf82208c93] StateBackendLoader [rebalance0 (3/4)#0] INFO  State backend is set to heap memory org.apache.flink.runtime.state.hashmap.HashMapStateBackend@190ae5db
58600 [72d2f2102094885a0a6022bf82208c93] Task [upscale0 (2/6)#0] INFO  upscale0 (2/6)#0 (bd67806bab9fab04288360ffc130ea03_7559af08559a2c7079a359b85b7edab5_1_0) switched from INITIALIZING to RUNNING.
58600 [72d2f2102094885a0a6022bf82208c93] Task [downscale0 (4/4)#0] INFO  downscale0 (4/4)#0 (bd67806bab9fab04288360ffc130ea03_579c351891399448b6165717925f2b21_3_0) switched from INITIALIZING to RUNNING.
58600 [72d2f2102094885a0a6022bf82208c93] FileMergingSnapshotManager [rebalance0 (1/4)#0] INFO  Created a directory file:/var/folders/m8/q6f016tn6cl2cp86hfq331_w0000gp/T/junit-8228656632016441026/junit638187050990921127/72d2f2102094885a0a6022bf82208c93/shared/job_72d2f2102094885a0a6022bf82208c93_op_25a6d73fce56b9559bed0247061e93e0_0_4 for checkpoint file-merging.
58600 [72d2f2102094885a0a6022bf82208c93] Task [rescale0 (2/4)#0] INFO  rescale0 (2/4)#0 (bd67806bab9fab04288360ffc130ea03_7b4c6fe4c6df355e1ed86e978ba4a96e_1_0) switched from INITIALIZING to RUNNING.
58600 [72d2f2102094885a0a6022bf82208c93] Task [rebalance0 (1/4)#0] INFO  rebalance0 (1/4)#0 (bd67806bab9fab04288360ffc130ea03_25a6d73fce56b9559bed0247061e93e0_0_0) switched from DEPLOYING to INITIALIZING.
58600 [72d2f2102094885a0a6022bf82208c93] Task [upscale0 (4/6)#0] INFO  upscale0 (4/6)#0 (bd67806bab9fab04288360ffc130ea03_7559af08559a2c7079a359b85b7edab5_3_0) switched from INITIALIZING to RUNNING.
58600 [72d2f2102094885a0a6022bf82208c93] Task [Source: source0 -> input-filter0 -> input-counter0 (3/3)#0] INFO  Source: source0 -> input-filter0 -> input-counter0 (3/3)#0 (bd67806bab9fab04288360ffc130ea03_3e9b902627593008a6d790e9aeca7953_2_0) switched from INITIALIZING to RUNNING.
58600 [72d2f2102094885a0a6022bf82208c93] StateBackendLoader [rebalance0 (1/4)#0] INFO  State backend is set to heap memory org.apache.flink.runtime.state.hashmap.HashMapStateBackend@1567befe
58601 [72d2f2102094885a0a6022bf82208c93] Task [rebalance0 (3/4)#0] INFO  rebalance0 (3/4)#0 (bd67806bab9fab04288360ffc130ea03_25a6d73fce56b9559bed0247061e93e0_2_0) switched from INITIALIZING to RUNNING.
58601 [72d2f2102094885a0a6022bf82208c93] Task [failing-map (2/3)#0] INFO  failing-map (2/3)#0 (bd67806bab9fab04288360ffc130ea03_b8c789ec3a44294cb45da029ffe0e6fd_1_0) switched from DEPLOYING to INITIALIZING.
58601 [72d2f2102094885a0a6022bf82208c93] AbstractStreamOperator [Source: source0 -> input-filter0 -> input-counter0 (1/3)#0] INFO  Switch mode from OUTPUT_NOT_INITIALIZED to READING after 3 ms, currentMaxDesiredWatermark=9223372036854775807, latestWatermark=-9223372036854775808, oldestWatermark=-9223372036854775808
58601 [72d2f2102094885a0a6022bf82208c93] ExecutionGraph [flink-pekko.actor.default-dispatcher-8] INFO  global0 (1/3) (bd67806bab9fab04288360ffc130ea03_4eca6edb63b17eb77deb9de060a699d1_0_0) switched from INITIALIZING to RUNNING.
58601 [72d2f2102094885a0a6022bf82208c93] AbstractStreamOperator [Source: source0 -> input-filter0 -> input-counter0 (2/3)#0] INFO  Switch mode from OUTPUT_NOT_INITIALIZED to READING after 3 ms, currentMaxDesiredWatermark=9223372036854775807, latestWatermark=-9223372036854775808, oldestWatermark=-9223372036854775808
58601 [72d2f2102094885a0a6022bf82208c93] StateBackendLoader [failing-map (2/3)#0] INFO  State backend is set to heap memory org.apache.flink.runtime.state.hashmap.HashMapStateBackend@271ee315
58601 [72d2f2102094885a0a6022bf82208c93] TaskSlotTableImpl [flink-pekko.actor.default-dispatcher-10] INFO  Activate slot c25741976ea5802832882c41b796ebc6.
58601 [72d2f2102094885a0a6022bf82208c93] Task [keyby0 (2/3)#0] INFO  keyby0 (2/3)#0 (bd67806bab9fab04288360ffc130ea03_e32648f4a493dd25fdd7d9c66c500390_1_0) switched from CREATED to DEPLOYING.
58601 [72d2f2102094885a0a6022bf82208c93] Task [keyby0 (2/3)#0] INFO  Loading JAR files for task keyby0 (2/3)#0 (bd67806bab9fab04288360ffc130ea03_e32648f4a493dd25fdd7d9c66c500390_1_0) [DEPLOYING].
58601 [72d2f2102094885a0a6022bf82208c93] Task [failing-map (2/3)#0] INFO  failing-map (2/3)#0 (bd67806bab9fab04288360ffc130ea03_b8c789ec3a44294cb45da029ffe0e6fd_1_0) switched from INITIALIZING to RUNNING.
58601 [72d2f2102094885a0a6022bf82208c93] StreamTask [keyby0 (2/3)#0] INFO  State backend is set to heap memory org.apache.flink.runtime.state.hashmap.HashMapStateBackend@1de55ea2
58601 [72d2f2102094885a0a6022bf82208c93] StateBackendLoader [keyby0 (2/3)#0] INFO  State backend loader loads the state backend as HashMapStateBackend
58601 [72d2f2102094885a0a6022bf82208c93] StreamTask [keyby0 (2/3)#0] INFO  Checkpoint storage is set to 'filesystem': (checkpoints "file:/var/folders/m8/q6f016tn6cl2cp86hfq331_w0000gp/T/junit-8228656632016441026/junit638187050990921127")
58601 [72d2f2102094885a0a6022bf82208c93] TaskExecutor [flink-pekko.actor.default-dispatcher-10] INFO  Received task rescale0 (3/4)#0 (bd67806bab9fab04288360ffc130ea03_7b4c6fe4c6df355e1ed86e978ba4a96e_2_0), deploy into slot with allocation id c25741976ea5802832882c41b796ebc6.
58601 [72d2f2102094885a0a6022bf82208c93] StreamTask [downscale0 (2/4)#0] INFO  State backend is set to heap memory org.apache.flink.runtime.state.hashmap.HashMapStateBackend@3180cc14
58601 [72d2f2102094885a0a6022bf82208c93] StateBackendLoader [downscale0 (2/4)#0] INFO  State backend loader loads the state backend as HashMapStateBackend
58601 [72d2f2102094885a0a6022bf82208c93] FileMergingSnapshotManager [keyby0 (2/3)#0] INFO  Created a directory file:/var/folders/m8/q6f016tn6cl2cp86hfq331_w0000gp/T/junit-8228656632016441026/junit638187050990921127/72d2f2102094885a0a6022bf82208c93/shared/job_72d2f2102094885a0a6022bf82208c93_op_e32648f4a493dd25fdd7d9c66c500390_1_3 for checkpoint file-merging.
58601 [72d2f2102094885a0a6022bf82208c93] StreamTask [downscale0 (2/4)#0] INFO  Checkpoint storage is set to 'filesystem': (checkpoints "file:/var/folders/m8/q6f016tn6cl2cp86hfq331_w0000gp/T/junit-8228656632016441026/junit638187050990921127")
58601 [72d2f2102094885a0a6022bf82208c93] TaskSlotTableImpl [flink-pekko.actor.default-dispatcher-9] INFO  Activate slot 3ba8aa4d4472dc8bca7ee8759fda0bbd.
58601 [72d2f2102094885a0a6022bf82208c93] Task [global0 (3/3)#0] INFO  global0 (3/3)#0 (bd67806bab9fab04288360ffc130ea03_4eca6edb63b17eb77deb9de060a699d1_2_0) switched from INITIALIZING to RUNNING.
58601 [72d2f2102094885a0a6022bf82208c93] Task [upscale0 (3/6)#0] INFO  upscale0 (3/6)#0 (bd67806bab9fab04288360ffc130ea03_7559af08559a2c7079a359b85b7edab5_2_0) switched from CREATED to DEPLOYING.
58601 [72d2f2102094885a0a6022bf82208c93] Task [upscale0 (3/6)#0] INFO  Loading JAR files for task upscale0 (3/6)#0 (bd67806bab9fab04288360ffc130ea03_7559af08559a2c7079a359b85b7edab5_2_0) [DEPLOYING].
58601 [72d2f2102094885a0a6022bf82208c93] FileMergingSnapshotManager [downscale0 (2/4)#0] INFO  Created a directory file:/var/folders/m8/q6f016tn6cl2cp86hfq331_w0000gp/T/junit-8228656632016441026/junit638187050990921127/72d2f2102094885a0a6022bf82208c93/shared/job_72d2f2102094885a0a6022bf82208c93_op_579c351891399448b6165717925f2b21_1_4 for checkpoint file-merging.
58601 [72d2f2102094885a0a6022bf82208c93] StreamTask [upscale0 (1/6)#0] INFO  State backend is set to heap memory org.apache.flink.runtime.state.hashmap.HashMapStateBackend@29aeef25
58601 [72d2f2102094885a0a6022bf82208c93] StateBackendLoader [upscale0 (1/6)#0] INFO  State backend loader loads the state backend as HashMapStateBackend
58601 [72d2f2102094885a0a6022bf82208c93] StreamTask [upscale0 (1/6)#0] INFO  Checkpoint storage is set to 'filesystem': (checkpoints "file:/var/folders/m8/q6f016tn6cl2cp86hfq331_w0000gp/T/junit-8228656632016441026/junit638187050990921127")
58601 [72d2f2102094885a0a6022bf82208c93] Task [keyby0 (2/3)#0] INFO  keyby0 (2/3)#0 (bd67806bab9fab04288360ffc130ea03_e32648f4a493dd25fdd7d9c66c500390_1_0) switched from DEPLOYING to INITIALIZING.
58601 [72d2f2102094885a0a6022bf82208c93] FileMergingSnapshotManager [upscale0 (1/6)#0] INFO  Created a directory file:/var/folders/m8/q6f016tn6cl2cp86hfq331_w0000gp/T/junit-8228656632016441026/junit638187050990921127/72d2f2102094885a0a6022bf82208c93/shared/job_72d2f2102094885a0a6022bf82208c93_op_7559af08559a2c7079a359b85b7edab5_0_6 for checkpoint file-merging.
58601 [72d2f2102094885a0a6022bf82208c93] Task [upscale0 (1/6)#0] INFO  upscale0 (1/6)#0 (bd67806bab9fab04288360ffc130ea03_7559af08559a2c7079a359b85b7edab5_0_0) switched from DEPLOYING to INITIALIZING.
58601 [72d2f2102094885a0a6022bf82208c93] Task [downscale0 (2/4)#0] INFO  downscale0 (2/4)#0 (bd67806bab9fab04288360ffc130ea03_579c351891399448b6165717925f2b21_1_0) switched from DEPLOYING to INITIALIZING.
58601 [72d2f2102094885a0a6022bf82208c93] TaskSlotTableImpl [flink-pekko.actor.default-dispatcher-10] INFO  Activate slot c25741976ea5802832882c41b796ebc6.
58602 [72d2f2102094885a0a6022bf82208c93] TaskExecutor [flink-pekko.actor.default-dispatcher-9] INFO  Received task downscale0 (1/4)#0 (bd67806bab9fab04288360ffc130ea03_579c351891399448b6165717925f2b21_0_0), deploy into slot with allocation id 3ba8aa4d4472dc8bca7ee8759fda0bbd.
58602 [72d2f2102094885a0a6022bf82208c93] Task [rescale0 (3/4)#0] INFO  rescale0 (3/4)#0 (bd67806bab9fab04288360ffc130ea03_7b4c6fe4c6df355e1ed86e978ba4a96e_2_0) switched from CREATED to DEPLOYING.
58602 [72d2f2102094885a0a6022bf82208c93] Task [rescale0 (3/4)#0] INFO  Loading JAR files for task rescale0 (3/4)#0 (bd67806bab9fab04288360ffc130ea03_7b4c6fe4c6df355e1ed86e978ba4a96e_2_0) [DEPLOYING].
58602 [72d2f2102094885a0a6022bf82208c93] StateBackendLoader [upscale0 (1/6)#0] INFO  State backend is set to heap memory org.apache.flink.runtime.state.hashmap.HashMapStateBackend@7366fbbb
58602 [72d2f2102094885a0a6022bf82208c93] StateBackendLoader [keyby0 (2/3)#0] INFO  State backend is set to heap memory org.apache.flink.runtime.state.hashmap.HashMapStateBackend@3bf26ed8
58602 [72d2f2102094885a0a6022bf82208c93] StateBackendLoader [downscale0 (2/4)#0] INFO  State backend is set to heap memory org.apache.flink.runtime.state.hashmap.HashMapStateBackend@2f71dd07
58602 [72d2f2102094885a0a6022bf82208c93] HeapKeyedStateBackendBuilder [keyby0 (2/3)#0] INFO  Finished to build heap keyed state-backend.
58602 [72d2f2102094885a0a6022bf82208c93] HeapKeyedStateBackend [keyby0 (2/3)#0] INFO  Initializing heap keyed state backend with stream factory.
58602 [72d2f2102094885a0a6022bf82208c93] TaskExecutor [flink-pekko.actor.default-dispatcher-10] INFO  Received task failing-map (3/3)#0 (bd67806bab9fab04288360ffc130ea03_b8c789ec3a44294cb45da029ffe0e6fd_2_0), deploy into slot with allocation id c25741976ea5802832882c41b796ebc6.
58602 [72d2f2102094885a0a6022bf82208c93] Task [upscale0 (1/6)#0] INFO  upscale0 (1/6)#0 (bd67806bab9fab04288360ffc130ea03_7559af08559a2c7079a359b85b7edab5_0_0) switched from INITIALIZING to RUNNING.
58602 [72d2f2102094885a0a6022bf82208c93] ExecutionGraph [flink-pekko.actor.default-dispatcher-8] INFO  rebalance0 (4/4) (bd67806bab9fab04288360ffc130ea03_25a6d73fce56b9559bed0247061e93e0_3_0) switched from INITIALIZING to RUNNING.
58602 [72d2f2102094885a0a6022bf82208c93] ExecutionGraph [flink-pekko.actor.default-dispatcher-6] INFO  global0 (3/3) (bd67806bab9fab04288360ffc130ea03_4eca6edb63b17eb77deb9de060a699d1_2_0) switched from DEPLOYING to INITIALIZING.
58602 [72d2f2102094885a0a6022bf82208c93] ExecutionGraph [flink-pekko.actor.default-dispatcher-6] INFO  global0 (2/3) (bd67806bab9fab04288360ffc130ea03_4eca6edb63b17eb77deb9de060a699d1_1_0) switched from INITIALIZING to RUNNING.
58602 [72d2f2102094885a0a6022bf82208c93] ExecutionGraph [flink-pekko.actor.default-dispatcher-6] INFO  upscale0 (6/6) (bd67806bab9fab04288360ffc130ea03_7559af08559a2c7079a359b85b7edab5_5_0) switched from DEPLOYING to INITIALIZING.
58602 [72d2f2102094885a0a6022bf82208c93] AbstractStreamOperator [Source: source0 -> input-filter0 -> input-counter0 (3/3)#0] INFO  Switch mode from OUTPUT_NOT_INITIALIZED to READING after 4 ms, currentMaxDesiredWatermark=9223372036854775807, latestWatermark=-9223372036854775808, oldestWatermark=-9223372036854775808
58602 [72d2f2102094885a0a6022bf82208c93] Task [rebalance0 (1/4)#0] INFO  rebalance0 (1/4)#0 (bd67806bab9fab04288360ffc130ea03_25a6d73fce56b9559bed0247061e93e0_0_0) switched from INITIALIZING to RUNNING.
58602 [72d2f2102094885a0a6022bf82208c93] ExecutionGraph [flink-pekko.actor.default-dispatcher-6] INFO  Source: source0 -> input-filter0 -> input-counter0 (2/3) (bd67806bab9fab04288360ffc130ea03_3e9b902627593008a6d790e9aeca7953_1_0) switched from INITIALIZING to RUNNING.
58602 [72d2f2102094885a0a6022bf82208c93] Task [failing-map (3/3)#0] INFO  failing-map (3/3)#0 (bd67806bab9fab04288360ffc130ea03_b8c789ec3a44294cb45da029ffe0e6fd_2_0) switched from CREATED to DEPLOYING.
58602 [72d2f2102094885a0a6022bf82208c93] Task [failing-map (3/3)#0] INFO  Loading JAR files for task failing-map (3/3)#0 (bd67806bab9fab04288360ffc130ea03_b8c789ec3a44294cb45da029ffe0e6fd_2_0) [DEPLOYING].
58602 [72d2f2102094885a0a6022bf82208c93] StreamTask [rescale0 (3/4)#0] INFO  State backend is set to heap memory org.apache.flink.runtime.state.hashmap.HashMapStateBackend@5ddf009f
58602 [72d2f2102094885a0a6022bf82208c93] StateBackendLoader [rescale0 (3/4)#0] INFO  State backend loader loads the state backend as HashMapStateBackend
58602 [72d2f2102094885a0a6022bf82208c93] StreamTask [rescale0 (3/4)#0] INFO  Checkpoint storage is set to 'filesystem': (checkpoints "file:/var/folders/m8/q6f016tn6cl2cp86hfq331_w0000gp/T/junit-8228656632016441026/junit638187050990921127")
58603 [72d2f2102094885a0a6022bf82208c93] Task [keyby0 (2/3)#0] INFO  keyby0 (2/3)#0 (bd67806bab9fab04288360ffc130ea03_e32648f4a493dd25fdd7d9c66c500390_1_0) switched from INITIALIZING to RUNNING.
58603 [72d2f2102094885a0a6022bf82208c93] TaskSlotTableImpl [flink-pekko.actor.default-dispatcher-9] INFO  Activate slot 43b2053d974a39b19f7b048d07717c1b.
58603 [72d2f2102094885a0a6022bf82208c93] Task [downscale0 (1/4)#0] INFO  downscale0 (1/4)#0 (bd67806bab9fab04288360ffc130ea03_579c351891399448b6165717925f2b21_0_0) switched from CREATED to DEPLOYING.
58603 [72d2f2102094885a0a6022bf82208c93] Task [downscale0 (1/4)#0] INFO  Loading JAR files for task downscale0 (1/4)#0 (bd67806bab9fab04288360ffc130ea03_579c351891399448b6165717925f2b21_0_0) [DEPLOYING].
58603 [72d2f2102094885a0a6022bf82208c93] FileMergingSnapshotManager [rescale0 (3/4)#0] INFO  Created a directory file:/var/folders/m8/q6f016tn6cl2cp86hfq331_w0000gp/T/junit-8228656632016441026/junit638187050990921127/72d2f2102094885a0a6022bf82208c93/shared/job_72d2f2102094885a0a6022bf82208c93_op_7b4c6fe4c6df355e1ed86e978ba4a96e_2_4 for checkpoint file-merging.
58603 [72d2f2102094885a0a6022bf82208c93] Task [downscale0 (2/4)#0] INFO  downscale0 (2/4)#0 (bd67806bab9fab04288360ffc130ea03_579c351891399448b6165717925f2b21_1_0) switched from INITIALIZING to RUNNING.
58603 [72d2f2102094885a0a6022bf82208c93] Task [rescale0 (3/4)#0] INFO  rescale0 (3/4)#0 (bd67806bab9fab04288360ffc130ea03_7b4c6fe4c6df355e1ed86e978ba4a96e_2_0) switched from DEPLOYING to INITIALIZING.
58603 [72d2f2102094885a0a6022bf82208c93] StreamTask [upscale0 (3/6)#0] INFO  State backend is set to heap memory org.apache.flink.runtime.state.hashmap.HashMapStateBackend@66981d91
58603 [72d2f2102094885a0a6022bf82208c93] StateBackendLoader [upscale0 (3/6)#0] INFO  State backend loader loads the state backend as HashMapStateBackend
58603 [72d2f2102094885a0a6022bf82208c93] StreamTask [upscale0 (3/6)#0] INFO  Checkpoint storage is set to 'filesystem': (checkpoints "file:/var/folders/m8/q6f016tn6cl2cp86hfq331_w0000gp/T/junit-8228656632016441026/junit638187050990921127")
58603 [72d2f2102094885a0a6022bf82208c93] StateBackendLoader [rescale0 (3/4)#0] INFO  State backend is set to heap memory org.apache.flink.runtime.state.hashmap.HashMapStateBackend@71a847b3
58603 [72d2f2102094885a0a6022bf82208c93] FileMergingSnapshotManager [upscale0 (3/6)#0] INFO  Created a directory file:/var/folders/m8/q6f016tn6cl2cp86hfq331_w0000gp/T/junit-8228656632016441026/junit638187050990921127/72d2f2102094885a0a6022bf82208c93/shared/job_72d2f2102094885a0a6022bf82208c93_op_7559af08559a2c7079a359b85b7edab5_2_6 for checkpoint file-merging.
58603 [72d2f2102094885a0a6022bf82208c93] Task [upscale0 (3/6)#0] INFO  upscale0 (3/6)#0 (bd67806bab9fab04288360ffc130ea03_7559af08559a2c7079a359b85b7edab5_2_0) switched from DEPLOYING to INITIALIZING.
58603 [72d2f2102094885a0a6022bf82208c93] TaskExecutor [flink-pekko.actor.default-dispatcher-9] INFO  Received task downscale0 (3/4)#0 (bd67806bab9fab04288360ffc130ea03_579c351891399448b6165717925f2b21_2_0), deploy into slot with allocation id 43b2053d974a39b19f7b048d07717c1b.
58603 [72d2f2102094885a0a6022bf82208c93] Task [rescale0 (3/4)#0] INFO  rescale0 (3/4)#0 (bd67806bab9fab04288360ffc130ea03_7b4c6fe4c6df355e1ed86e978ba4a96e_2_0) switched from INITIALIZING to RUNNING.
58603 [72d2f2102094885a0a6022bf82208c93] StreamTask [failing-map (3/3)#0] INFO  State backend is set to heap memory org.apache.flink.runtime.state.hashmap.HashMapStateBackend@71ca10a4
58603 [72d2f2102094885a0a6022bf82208c93] StateBackendLoader [failing-map (3/3)#0] INFO  State backend loader loads the state backend as HashMapStateBackend
58603 [72d2f2102094885a0a6022bf82208c93] StreamTask [failing-map (3/3)#0] INFO  Checkpoint storage is set to 'filesystem': (checkpoints "file:/var/folders/m8/q6f016tn6cl2cp86hfq331_w0000gp/T/junit-8228656632016441026/junit638187050990921127")
58603 [72d2f2102094885a0a6022bf82208c93] ExecutionGraph [flink-pekko.actor.default-dispatcher-6] INFO  Source: source0 -> input-filter0 -> input-counter0 (1/3) (bd67806bab9fab04288360ffc130ea03_3e9b902627593008a6d790e9aeca7953_0_0) switched from INITIALIZING to RUNNING.
58603 [72d2f2102094885a0a6022bf82208c93] ExecutionGraph [flink-pekko.actor.default-dispatcher-6] INFO  rebalance0 (3/4) (bd67806bab9fab04288360ffc130ea03_25a6d73fce56b9559bed0247061e93e0_2_0) switched from DEPLOYING to INITIALIZING.
58603 [72d2f2102094885a0a6022bf82208c93] StateBackendLoader [upscale0 (3/6)#0] INFO  State backend is set to heap memory org.apache.flink.runtime.state.hashmap.HashMapStateBackend@1338f1e4
58603 [72d2f2102094885a0a6022bf82208c93] TaskSlotTableImpl [flink-pekko.actor.default-dispatcher-9] INFO  Activate slot 43b2053d974a39b19f7b048d07717c1b.
58603 [72d2f2102094885a0a6022bf82208c93] FileMergingSnapshotManager [failing-map (3/3)#0] INFO  Created a directory file:/var/folders/m8/q6f016tn6cl2cp86hfq331_w0000gp/T/junit-8228656632016441026/junit638187050990921127/72d2f2102094885a0a6022bf82208c93/shared/job_72d2f2102094885a0a6022bf82208c93_op_b8c789ec3a44294cb45da029ffe0e6fd_2_3 for checkpoint file-merging.
58603 [72d2f2102094885a0a6022bf82208c93] Task [downscale0 (3/4)#0] INFO  downscale0 (3/4)#0 (bd67806bab9fab04288360ffc130ea03_579c351891399448b6165717925f2b21_2_0) switched from CREATED to DEPLOYING.
58603 [72d2f2102094885a0a6022bf82208c93] Task [downscale0 (3/4)#0] INFO  Loading JAR files for task downscale0 (3/4)#0 (bd67806bab9fab04288360ffc130ea03_579c351891399448b6165717925f2b21_2_0) [DEPLOYING].
58603 [72d2f2102094885a0a6022bf82208c93] Task [failing-map (3/3)#0] INFO  failing-map (3/3)#0 (bd67806bab9fab04288360ffc130ea03_b8c789ec3a44294cb45da029ffe0e6fd_2_0) switched from DEPLOYING to INITIALIZING.
58603 [72d2f2102094885a0a6022bf82208c93] StreamTask [downscale0 (1/4)#0] INFO  State backend is set to heap memory org.apache.flink.runtime.state.hashmap.HashMapStateBackend@2f839a9f
58603 [72d2f2102094885a0a6022bf82208c93] StateBackendLoader [downscale0 (1/4)#0] INFO  State backend loader loads the state backend as HashMapStateBackend
58603 [72d2f2102094885a0a6022bf82208c93] StreamTask [downscale0 (1/4)#0] INFO  Checkpoint storage is set to 'filesystem': (checkpoints "file:/var/folders/m8/q6f016tn6cl2cp86hfq331_w0000gp/T/junit-8228656632016441026/junit638187050990921127")
58603 [72d2f2102094885a0a6022bf82208c93] UnalignedCheckpointTestBase [Source: source0 -> input-filter0 -> input-counter0 (2/3)#0] INFO  Added splits [LongSplit{increment=3, nextNumber=1}], finishing=false, pumping until null @ 1 subtask (0 attempt)
58603 [72d2f2102094885a0a6022bf82208c93] StreamTask [downscale0 (3/4)#0] INFO  State backend is set to heap memory org.apache.flink.runtime.state.hashmap.HashMapStateBackend@52e040ff
58603 [72d2f2102094885a0a6022bf82208c93] StateBackendLoader [downscale0 (3/4)#0] INFO  State backend loader loads the state backend as HashMapStateBackend
58603 [72d2f2102094885a0a6022bf82208c93] StreamTask [downscale0 (3/4)#0] INFO  Checkpoint storage is set to 'filesystem': (checkpoints "file:/var/folders/m8/q6f016tn6cl2cp86hfq331_w0000gp/T/junit-8228656632016441026/junit638187050990921127")
58603 [72d2f2102094885a0a6022bf82208c93] FileMergingSnapshotManager [downscale0 (1/4)#0] INFO  Created a directory file:/var/folders/m8/q6f016tn6cl2cp86hfq331_w0000gp/T/junit-8228656632016441026/junit638187050990921127/72d2f2102094885a0a6022bf82208c93/shared/job_72d2f2102094885a0a6022bf82208c93_op_579c351891399448b6165717925f2b21_0_4 for checkpoint file-merging.
58603 [72d2f2102094885a0a6022bf82208c93] ExecutionGraph [flink-pekko.actor.default-dispatcher-6] INFO  upscale0 (6/6) (bd67806bab9fab04288360ffc130ea03_7559af08559a2c7079a359b85b7edab5_5_0) switched from INITIALIZING to RUNNING.
58603 [72d2f2102094885a0a6022bf82208c93] Task [downscale0 (1/4)#0] INFO  downscale0 (1/4)#0 (bd67806bab9fab04288360ffc130ea03_579c351891399448b6165717925f2b21_0_0) switched from DEPLOYING to INITIALIZING.
58603 [72d2f2102094885a0a6022bf82208c93] StateBackendLoader [failing-map (3/3)#0] INFO  State backend is set to heap memory org.apache.flink.runtime.state.hashmap.HashMapStateBackend@788d4b13
58603 [72d2f2102094885a0a6022bf82208c93] TaskExecutor [flink-pekko.actor.default-dispatcher-9] INFO  Received task keyby0 (3/3)#0 (bd67806bab9fab04288360ffc130ea03_e32648f4a493dd25fdd7d9c66c500390_2_0), deploy into slot with allocation id 43b2053d974a39b19f7b048d07717c1b.
58603 [72d2f2102094885a0a6022bf82208c93] FileMergingSnapshotManager [downscale0 (3/4)#0] INFO  Created a directory file:/var/folders/m8/q6f016tn6cl2cp86hfq331_w0000gp/T/junit-8228656632016441026/junit638187050990921127/72d2f2102094885a0a6022bf82208c93/shared/job_72d2f2102094885a0a6022bf82208c93_op_579c351891399448b6165717925f2b21_2_4 for checkpoint file-merging.
58603 [72d2f2102094885a0a6022bf82208c93] ExecutionGraph [flink-pekko.actor.default-dispatcher-6] INFO  upscale0 (2/6) (bd67806bab9fab04288360ffc130ea03_7559af08559a2c7079a359b85b7edab5_1_0) switched from INITIALIZING to RUNNING.
58603 [72d2f2102094885a0a6022bf82208c93] Task [downscale0 (3/4)#0] INFO  downscale0 (3/4)#0 (bd67806bab9fab04288360ffc130ea03_579c351891399448b6165717925f2b21_2_0) switched from DEPLOYING to INITIALIZING.
58603 [72d2f2102094885a0a6022bf82208c93] Task [upscale0 (3/6)#0] INFO  upscale0 (3/6)#0 (bd67806bab9fab04288360ffc130ea03_7559af08559a2c7079a359b85b7edab5_2_0) switched from INITIALIZING to RUNNING.
58603 [72d2f2102094885a0a6022bf82208c93] TaskSlotTableImpl [flink-pekko.actor.default-dispatcher-9] INFO  Activate slot 3ba8aa4d4472dc8bca7ee8759fda0bbd.
58603 [72d2f2102094885a0a6022bf82208c93] Task [keyby0 (3/3)#0] INFO  keyby0 (3/3)#0 (bd67806bab9fab04288360ffc130ea03_e32648f4a493dd25fdd7d9c66c500390_2_0) switched from CREATED to DEPLOYING.
58604 [72d2f2102094885a0a6022bf82208c93] Task [keyby0 (3/3)#0] INFO  Loading JAR files for task keyby0 (3/3)#0 (bd67806bab9fab04288360ffc130ea03_e32648f4a493dd25fdd7d9c66c500390_2_0) [DEPLOYING].
58604 [72d2f2102094885a0a6022bf82208c93] Task [failing-map (3/3)#0] INFO  failing-map (3/3)#0 (bd67806bab9fab04288360ffc130ea03_b8c789ec3a44294cb45da029ffe0e6fd_2_0) switched from INITIALIZING to RUNNING.
58604 [72d2f2102094885a0a6022bf82208c93] StateBackendLoader [downscale0 (1/4)#0] INFO  State backend is set to heap memory org.apache.flink.runtime.state.hashmap.HashMapStateBackend@143cb74
58604 [72d2f2102094885a0a6022bf82208c93] StateBackendLoader [downscale0 (3/4)#0] INFO  State backend is set to heap memory org.apache.flink.runtime.state.hashmap.HashMapStateBackend@102848e0
58604 [72d2f2102094885a0a6022bf82208c93] ExecutionGraph [flink-pekko.actor.default-dispatcher-8] INFO  downscale0 (4/4) (bd67806bab9fab04288360ffc130ea03_579c351891399448b6165717925f2b21_3_0) switched from INITIALIZING to RUNNING.
58604 [72d2f2102094885a0a6022bf82208c93] StreamTask [keyby0 (3/3)#0] INFO  State backend is set to heap memory org.apache.flink.runtime.state.hashmap.HashMapStateBackend@1b1de07f
58604 [72d2f2102094885a0a6022bf82208c93] StateBackendLoader [keyby0 (3/3)#0] INFO  State backend loader loads the state backend as HashMapStateBackend
58604 [72d2f2102094885a0a6022bf82208c93] StreamTask [keyby0 (3/3)#0] INFO  Checkpoint storage is set to 'filesystem': (checkpoints "file:/var/folders/m8/q6f016tn6cl2cp86hfq331_w0000gp/T/junit-8228656632016441026/junit638187050990921127")
58604 [72d2f2102094885a0a6022bf82208c93] TaskExecutor [flink-pekko.actor.default-dispatcher-9] INFO  Received task keyby0 (1/3)#0 (bd67806bab9fab04288360ffc130ea03_e32648f4a493dd25fdd7d9c66c500390_0_0), deploy into slot with allocation id 3ba8aa4d4472dc8bca7ee8759fda0bbd.
58604 [72d2f2102094885a0a6022bf82208c93] Task [downscale0 (3/4)#0] INFO  downscale0 (3/4)#0 (bd67806bab9fab04288360ffc130ea03_579c351891399448b6165717925f2b21_2_0) switched from INITIALIZING to RUNNING.
58604 [72d2f2102094885a0a6022bf82208c93] Task [downscale0 (1/4)#0] INFO  downscale0 (1/4)#0 (bd67806bab9fab04288360ffc130ea03_579c351891399448b6165717925f2b21_0_0) switched from INITIALIZING to RUNNING.
58604 [72d2f2102094885a0a6022bf82208c93] TaskSlotTableImpl [flink-pekko.actor.default-dispatcher-9] INFO  Activate slot 3ba8aa4d4472dc8bca7ee8759fda0bbd.
58604 [72d2f2102094885a0a6022bf82208c93] Task [keyby0 (1/3)#0] INFO  keyby0 (1/3)#0 (bd67806bab9fab04288360ffc130ea03_e32648f4a493dd25fdd7d9c66c500390_0_0) switched from CREATED to DEPLOYING.
58604 [72d2f2102094885a0a6022bf82208c93] Task [keyby0 (1/3)#0] INFO  Loading JAR files for task keyby0 (1/3)#0 (bd67806bab9fab04288360ffc130ea03_e32648f4a493dd25fdd7d9c66c500390_0_0) [DEPLOYING].
58604 [72d2f2102094885a0a6022bf82208c93] FileMergingSnapshotManager [keyby0 (3/3)#0] INFO  Created a directory file:/var/folders/m8/q6f016tn6cl2cp86hfq331_w0000gp/T/junit-8228656632016441026/junit638187050990921127/72d2f2102094885a0a6022bf82208c93/shared/job_72d2f2102094885a0a6022bf82208c93_op_e32648f4a493dd25fdd7d9c66c500390_2_3 for checkpoint file-merging.
58604 [72d2f2102094885a0a6022bf82208c93] Task [keyby0 (3/3)#0] INFO  keyby0 (3/3)#0 (bd67806bab9fab04288360ffc130ea03_e32648f4a493dd25fdd7d9c66c500390_2_0) switched from DEPLOYING to INITIALIZING.
58604 [72d2f2102094885a0a6022bf82208c93] TaskExecutor [flink-pekko.actor.default-dispatcher-9] INFO  Received task rescale0 (1/4)#0 (bd67806bab9fab04288360ffc130ea03_7b4c6fe4c6df355e1ed86e978ba4a96e_0_0), deploy into slot with allocation id 3ba8aa4d4472dc8bca7ee8759fda0bbd.
58604 [72d2f2102094885a0a6022bf82208c93] ExecutionGraph [flink-pekko.actor.default-dispatcher-8] INFO  rescale0 (2/4) (bd67806bab9fab04288360ffc130ea03_7b4c6fe4c6df355e1ed86e978ba4a96e_1_0) switched from INITIALIZING to RUNNING.
58604 [72d2f2102094885a0a6022bf82208c93] ExecutionGraph [flink-pekko.actor.default-dispatcher-8] INFO  rebalance0 (1/4) (bd67806bab9fab04288360ffc130ea03_25a6d73fce56b9559bed0247061e93e0_0_0) switched from DEPLOYING to INITIALIZING.
58604 [72d2f2102094885a0a6022bf82208c93] ExecutionGraph [flink-pekko.actor.default-dispatcher-8] INFO  upscale0 (4/6) (bd67806bab9fab04288360ffc130ea03_7559af08559a2c7079a359b85b7edab5_3_0) switched from INITIALIZING to RUNNING.
58604 [72d2f2102094885a0a6022bf82208c93] StateBackendLoader [keyby0 (3/3)#0] INFO  State backend is set to heap memory org.apache.flink.runtime.state.hashmap.HashMapStateBackend@22c3b107
58604 [72d2f2102094885a0a6022bf82208c93] ExecutionGraph [flink-pekko.actor.default-dispatcher-8] INFO  Source: source0 -> input-filter0 -> input-counter0 (3/3) (bd67806bab9fab04288360ffc130ea03_3e9b902627593008a6d790e9aeca7953_2_0) switched from INITIALIZING to RUNNING.
58604 [72d2f2102094885a0a6022bf82208c93] ExecutionGraph [flink-pekko.actor.default-dispatcher-8] INFO  rebalance0 (3/4) (bd67806bab9fab04288360ffc130ea03_25a6d73fce56b9559bed0247061e93e0_2_0) switched from INITIALIZING to RUNNING.
58604 [72d2f2102094885a0a6022bf82208c93] ExecutionGraph [flink-pekko.actor.default-dispatcher-8] INFO  failing-map (2/3) (bd67806bab9fab04288360ffc130ea03_b8c789ec3a44294cb45da029ffe0e6fd_1_0) switched from DEPLOYING to INITIALIZING.
58604 [72d2f2102094885a0a6022bf82208c93] ExecutionGraph [flink-pekko.actor.default-dispatcher-8] INFO  failing-map (2/3) (bd67806bab9fab04288360ffc130ea03_b8c789ec3a44294cb45da029ffe0e6fd_1_0) switched from INITIALIZING to RUNNING.
58604 [72d2f2102094885a0a6022bf82208c93] ExecutionGraph [flink-pekko.actor.default-dispatcher-8] INFO  global0 (3/3) (bd67806bab9fab04288360ffc130ea03_4eca6edb63b17eb77deb9de060a699d1_2_0) switched from INITIALIZING to RUNNING.
58604 [72d2f2102094885a0a6022bf82208c93] HeapKeyedStateBackendBuilder [keyby0 (3/3)#0] INFO  Finished to build heap keyed state-backend.
58604 [72d2f2102094885a0a6022bf82208c93] ExecutionGraph [flink-pekko.actor.default-dispatcher-8] INFO  keyby0 (2/3) (bd67806bab9fab04288360ffc130ea03_e32648f4a493dd25fdd7d9c66c500390_1_0) switched from DEPLOYING to INITIALIZING.
58604 [72d2f2102094885a0a6022bf82208c93] HeapKeyedStateBackend [keyby0 (3/3)#0] INFO  Initializing heap keyed state backend with stream factory.
58604 [72d2f2102094885a0a6022bf82208c93] ExecutionGraph [flink-pekko.actor.default-dispatcher-8] INFO  upscale0 (1/6) (bd67806bab9fab04288360ffc130ea03_7559af08559a2c7079a359b85b7edab5_0_0) switched from DEPLOYING to INITIALIZING.
58604 [72d2f2102094885a0a6022bf82208c93] ExecutionGraph [flink-pekko.actor.default-dispatcher-8] INFO  downscale0 (2/4) (bd67806bab9fab04288360ffc130ea03_579c351891399448b6165717925f2b21_1_0) switched from DEPLOYING to INITIALIZING.
58604 [72d2f2102094885a0a6022bf82208c93] ExecutionGraph [flink-pekko.actor.default-dispatcher-8] INFO  upscale0 (1/6) (bd67806bab9fab04288360ffc130ea03_7559af08559a2c7079a359b85b7edab5_0_0) switched from INITIALIZING to RUNNING.
58604 [72d2f2102094885a0a6022bf82208c93] ExecutionGraph [flink-pekko.actor.default-dispatcher-8] INFO  rebalance0 (1/4) (bd67806bab9fab04288360ffc130ea03_25a6d73fce56b9559bed0247061e93e0_0_0) switched from INITIALIZING to RUNNING.
58604 [72d2f2102094885a0a6022bf82208c93] TaskSlotTableImpl [flink-pekko.actor.default-dispatcher-9] INFO  Activate slot 43b2053d974a39b19f7b048d07717c1b.
58604 [72d2f2102094885a0a6022bf82208c93] ExecutionGraph [flink-pekko.actor.default-dispatcher-8] INFO  keyby0 (2/3) (bd67806bab9fab04288360ffc130ea03_e32648f4a493dd25fdd7d9c66c500390_1_0) switched from INITIALIZING to RUNNING.
58604 [72d2f2102094885a0a6022bf82208c93] ExecutionGraph [flink-pekko.actor.default-dispatcher-8] INFO  downscale0 (2/4) (bd67806bab9fab04288360ffc130ea03_579c351891399448b6165717925f2b21_1_0) switched from INITIALIZING to RUNNING.
58604 [72d2f2102094885a0a6022bf82208c93] ExecutionGraph [flink-pekko.actor.default-dispatcher-8] INFO  rescale0 (3/4) (bd67806bab9fab04288360ffc130ea03_7b4c6fe4c6df355e1ed86e978ba4a96e_2_0) switched from DEPLOYING to INITIALIZING.
58604 [72d2f2102094885a0a6022bf82208c93] Task [rescale0 (1/4)#0] INFO  rescale0 (1/4)#0 (bd67806bab9fab04288360ffc130ea03_7b4c6fe4c6df355e1ed86e978ba4a96e_0_0) switched from CREATED to DEPLOYING.
58604 [72d2f2102094885a0a6022bf82208c93] Task [rescale0 (1/4)#0] INFO  Loading JAR files for task rescale0 (1/4)#0 (bd67806bab9fab04288360ffc130ea03_7b4c6fe4c6df355e1ed86e978ba4a96e_0_0) [DEPLOYING].
58604 [72d2f2102094885a0a6022bf82208c93] ExecutionGraph [flink-pekko.actor.default-dispatcher-8] INFO  upscale0 (3/6) (bd67806bab9fab04288360ffc130ea03_7559af08559a2c7079a359b85b7edab5_2_0) switched from DEPLOYING to INITIALIZING.
58604 [72d2f2102094885a0a6022bf82208c93] ExecutionGraph [flink-pekko.actor.default-dispatcher-8] INFO  rescale0 (3/4) (bd67806bab9fab04288360ffc130ea03_7b4c6fe4c6df355e1ed86e978ba4a96e_2_0) switched from INITIALIZING to RUNNING.
58604 [72d2f2102094885a0a6022bf82208c93] ExecutionGraph [flink-pekko.actor.default-dispatcher-8] INFO  failing-map (3/3) (bd67806bab9fab04288360ffc130ea03_b8c789ec3a44294cb45da029ffe0e6fd_2_0) switched from DEPLOYING to INITIALIZING.
58604 [72d2f2102094885a0a6022bf82208c93] ExecutionGraph [flink-pekko.actor.default-dispatcher-8] INFO  downscale0 (1/4) (bd67806bab9fab04288360ffc130ea03_579c351891399448b6165717925f2b21_0_0) switched from DEPLOYING to INITIALIZING.
58604 [72d2f2102094885a0a6022bf82208c93] ExecutionGraph [flink-pekko.actor.default-dispatcher-8] INFO  downscale0 (3/4) (bd67806bab9fab04288360ffc130ea03_579c351891399448b6165717925f2b21_2_0) switched from DEPLOYING to INITIALIZING.
58604 [72d2f2102094885a0a6022bf82208c93] StreamTask [keyby0 (1/3)#0] INFO  State backend is set to heap memory org.apache.flink.runtime.state.hashmap.HashMapStateBackend@48d41a89
58604 [72d2f2102094885a0a6022bf82208c93] StateBackendLoader [keyby0 (1/3)#0] INFO  State backend loader loads the state backend as HashMapStateBackend
58604 [72d2f2102094885a0a6022bf82208c93] StreamTask [keyby0 (1/3)#0] INFO  Checkpoint storage is set to 'filesystem': (checkpoints "file:/var/folders/m8/q6f016tn6cl2cp86hfq331_w0000gp/T/junit-8228656632016441026/junit638187050990921127")
58604 [72d2f2102094885a0a6022bf82208c93] ExecutionGraph [flink-pekko.actor.default-dispatcher-8] INFO  upscale0 (3/6) (bd67806bab9fab04288360ffc130ea03_7559af08559a2c7079a359b85b7edab5_2_0) switched from INITIALIZING to RUNNING.
58604 [72d2f2102094885a0a6022bf82208c93] ExecutionGraph [flink-pekko.actor.default-dispatcher-6] INFO  failing-map (3/3) (bd67806bab9fab04288360ffc130ea03_b8c789ec3a44294cb45da029ffe0e6fd_2_0) switched from INITIALIZING to RUNNING.
58604 [72d2f2102094885a0a6022bf82208c93] ExecutionGraph [flink-pekko.actor.default-dispatcher-6] INFO  downscale0 (3/4) (bd67806bab9fab04288360ffc130ea03_579c351891399448b6165717925f2b21_2_0) switched from INITIALIZING to RUNNING.
58604 [72d2f2102094885a0a6022bf82208c93] ExecutionGraph [flink-pekko.actor.default-dispatcher-6] INFO  downscale0 (1/4) (bd67806bab9fab04288360ffc130ea03_579c351891399448b6165717925f2b21_0_0) switched from INITIALIZING to RUNNING.
58604 [72d2f2102094885a0a6022bf82208c93] StreamTask [rescale0 (1/4)#0] INFO  State backend is set to heap memory org.apache.flink.runtime.state.hashmap.HashMapStateBackend@37c4f6ee
58604 [72d2f2102094885a0a6022bf82208c93] StateBackendLoader [rescale0 (1/4)#0] INFO  State backend loader loads the state backend as HashMapStateBackend
58604 [72d2f2102094885a0a6022bf82208c93] ExecutionGraph [flink-pekko.actor.default-dispatcher-6] INFO  keyby0 (3/3) (bd67806bab9fab04288360ffc130ea03_e32648f4a493dd25fdd7d9c66c500390_2_0) switched from DEPLOYING to INITIALIZING.
58604 [72d2f2102094885a0a6022bf82208c93] FileMergingSnapshotManager [keyby0 (1/3)#0] INFO  Created a directory file:/var/folders/m8/q6f016tn6cl2cp86hfq331_w0000gp/T/junit-8228656632016441026/junit638187050990921127/72d2f2102094885a0a6022bf82208c93/shared/job_72d2f2102094885a0a6022bf82208c93_op_e32648f4a493dd25fdd7d9c66c500390_0_3 for checkpoint file-merging.
58604 [72d2f2102094885a0a6022bf82208c93] StreamTask [rescale0 (1/4)#0] INFO  Checkpoint storage is set to 'filesystem': (checkpoints "file:/var/folders/m8/q6f016tn6cl2cp86hfq331_w0000gp/T/junit-8228656632016441026/junit638187050990921127")
58604 [72d2f2102094885a0a6022bf82208c93] Task [keyby0 (1/3)#0] INFO  keyby0 (1/3)#0 (bd67806bab9fab04288360ffc130ea03_e32648f4a493dd25fdd7d9c66c500390_0_0) switched from DEPLOYING to INITIALIZING.
58604 [72d2f2102094885a0a6022bf82208c93] TaskExecutor [flink-pekko.actor.default-dispatcher-9] INFO  Received task rescale0 (4/4)#0 (bd67806bab9fab04288360ffc130ea03_7b4c6fe4c6df355e1ed86e978ba4a96e_3_0), deploy into slot with allocation id 43b2053d974a39b19f7b048d07717c1b.
58604 [72d2f2102094885a0a6022bf82208c93] ExecutionGraph [flink-pekko.actor.default-dispatcher-10] INFO  keyby0 (1/3) (bd67806bab9fab04288360ffc130ea03_e32648f4a493dd25fdd7d9c66c500390_0_0) switched from DEPLOYING to INITIALIZING.
58604 [72d2f2102094885a0a6022bf82208c93] FileMergingSnapshotManager [rescale0 (1/4)#0] INFO  Created a directory file:/var/folders/m8/q6f016tn6cl2cp86hfq331_w0000gp/T/junit-8228656632016441026/junit638187050990921127/72d2f2102094885a0a6022bf82208c93/shared/job_72d2f2102094885a0a6022bf82208c93_op_7b4c6fe4c6df355e1ed86e978ba4a96e_0_4 for checkpoint file-merging.
58605 [72d2f2102094885a0a6022bf82208c93] Task [rescale0 (1/4)#0] INFO  rescale0 (1/4)#0 (bd67806bab9fab04288360ffc130ea03_7b4c6fe4c6df355e1ed86e978ba4a96e_0_0) switched from DEPLOYING to INITIALIZING.
58605 [72d2f2102094885a0a6022bf82208c93] TaskSlotTableImpl [flink-pekko.actor.default-dispatcher-9] INFO  Activate slot 3ba8aa4d4472dc8bca7ee8759fda0bbd.
58605 [72d2f2102094885a0a6022bf82208c93] ExecutionGraph [flink-pekko.actor.default-dispatcher-8] INFO  rescale0 (1/4) (bd67806bab9fab04288360ffc130ea03_7b4c6fe4c6df355e1ed86e978ba4a96e_0_0) switched from DEPLOYING to INITIALIZING.
58605 [72d2f2102094885a0a6022bf82208c93] Task [rescale0 (4/4)#0] INFO  rescale0 (4/4)#0 (bd67806bab9fab04288360ffc130ea03_7b4c6fe4c6df355e1ed86e978ba4a96e_3_0) switched from CREATED to DEPLOYING.
58605 [72d2f2102094885a0a6022bf82208c93] Task [rescale0 (4/4)#0] INFO  Loading JAR files for task rescale0 (4/4)#0 (bd67806bab9fab04288360ffc130ea03_7b4c6fe4c6df355e1ed86e978ba4a96e_3_0) [DEPLOYING].
58605 [72d2f2102094885a0a6022bf82208c93] Task [keyby0 (3/3)#0] INFO  keyby0 (3/3)#0 (bd67806bab9fab04288360ffc130ea03_e32648f4a493dd25fdd7d9c66c500390_2_0) switched from INITIALIZING to RUNNING.
58605 [72d2f2102094885a0a6022bf82208c93] StateBackendLoader [keyby0 (1/3)#0] INFO  State backend is set to heap memory org.apache.flink.runtime.state.hashmap.HashMapStateBackend@ed4804b
58605 [72d2f2102094885a0a6022bf82208c93] HeapKeyedStateBackendBuilder [keyby0 (1/3)#0] INFO  Finished to build heap keyed state-backend.
58605 [72d2f2102094885a0a6022bf82208c93] HeapKeyedStateBackend [keyby0 (1/3)#0] INFO  Initializing heap keyed state backend with stream factory.
58605 [72d2f2102094885a0a6022bf82208c93] ExecutionGraph [flink-pekko.actor.default-dispatcher-8] INFO  keyby0 (3/3) (bd67806bab9fab04288360ffc130ea03_e32648f4a493dd25fdd7d9c66c500390_2_0) switched from INITIALIZING to RUNNING.
58605 [72d2f2102094885a0a6022bf82208c93] StateBackendLoader [rescale0 (1/4)#0] INFO  State backend is set to heap memory org.apache.flink.runtime.state.hashmap.HashMapStateBackend@1591d572
58605 [72d2f2102094885a0a6022bf82208c93] TaskExecutor [flink-pekko.actor.default-dispatcher-9] INFO  Received task failing-map (1/3)#0 (bd67806bab9fab04288360ffc130ea03_b8c789ec3a44294cb45da029ffe0e6fd_0_0), deploy into slot with allocation id 3ba8aa4d4472dc8bca7ee8759fda0bbd.
58605 [72d2f2102094885a0a6022bf82208c93] Task [rescale0 (1/4)#0] INFO  rescale0 (1/4)#0 (bd67806bab9fab04288360ffc130ea03_7b4c6fe4c6df355e1ed86e978ba4a96e_0_0) switched from INITIALIZING to RUNNING.
58605 [72d2f2102094885a0a6022bf82208c93] Task [keyby0 (1/3)#0] INFO  keyby0 (1/3)#0 (bd67806bab9fab04288360ffc130ea03_e32648f4a493dd25fdd7d9c66c500390_0_0) switched from INITIALIZING to RUNNING.
58605 [72d2f2102094885a0a6022bf82208c93] ExecutionGraph [flink-pekko.actor.default-dispatcher-10] INFO  rescale0 (1/4) (bd67806bab9fab04288360ffc130ea03_7b4c6fe4c6df355e1ed86e978ba4a96e_0_0) switched from INITIALIZING to RUNNING.
58605 [72d2f2102094885a0a6022bf82208c93] StreamTask [rescale0 (4/4)#0] INFO  State backend is set to heap memory org.apache.flink.runtime.state.hashmap.HashMapStateBackend@4d66f336
58605 [72d2f2102094885a0a6022bf82208c93] ExecutionGraph [flink-pekko.actor.default-dispatcher-10] INFO  keyby0 (1/3) (bd67806bab9fab04288360ffc130ea03_e32648f4a493dd25fdd7d9c66c500390_0_0) switched from INITIALIZING to RUNNING.
58605 [72d2f2102094885a0a6022bf82208c93] StateBackendLoader [rescale0 (4/4)#0] INFO  State backend loader loads the state backend as HashMapStateBackend
58605 [72d2f2102094885a0a6022bf82208c93] StreamTask [rescale0 (4/4)#0] INFO  Checkpoint storage is set to 'filesystem': (checkpoints "file:/var/folders/m8/q6f016tn6cl2cp86hfq331_w0000gp/T/junit-8228656632016441026/junit638187050990921127")
58605 [72d2f2102094885a0a6022bf82208c93] FileMergingSnapshotManager [rescale0 (4/4)#0] INFO  Created a directory file:/var/folders/m8/q6f016tn6cl2cp86hfq331_w0000gp/T/junit-8228656632016441026/junit638187050990921127/72d2f2102094885a0a6022bf82208c93/shared/job_72d2f2102094885a0a6022bf82208c93_op_7b4c6fe4c6df355e1ed86e978ba4a96e_3_4 for checkpoint file-merging.
58605 [72d2f2102094885a0a6022bf82208c93] Task [rescale0 (4/4)#0] INFO  rescale0 (4/4)#0 (bd67806bab9fab04288360ffc130ea03_7b4c6fe4c6df355e1ed86e978ba4a96e_3_0) switched from DEPLOYING to INITIALIZING.
58605 [72d2f2102094885a0a6022bf82208c93] ExecutionGraph [flink-pekko.actor.default-dispatcher-6] INFO  rescale0 (4/4) (bd67806bab9fab04288360ffc130ea03_7b4c6fe4c6df355e1ed86e978ba4a96e_3_0) switched from DEPLOYING to INITIALIZING.
58605 [72d2f2102094885a0a6022bf82208c93] Task [failing-map (1/3)#0] INFO  failing-map (1/3)#0 (bd67806bab9fab04288360ffc130ea03_b8c789ec3a44294cb45da029ffe0e6fd_0_0) switched from CREATED to DEPLOYING.
58605 [72d2f2102094885a0a6022bf82208c93] TaskSlotTableImpl [flink-pekko.actor.default-dispatcher-9] INFO  Activate slot 3ba8aa4d4472dc8bca7ee8759fda0bbd.
58605 [72d2f2102094885a0a6022bf82208c93] Task [failing-map (1/3)#0] INFO  Loading JAR files for task failing-map (1/3)#0 (bd67806bab9fab04288360ffc130ea03_b8c789ec3a44294cb45da029ffe0e6fd_0_0) [DEPLOYING].
58605 [72d2f2102094885a0a6022bf82208c93] StateBackendLoader [rescale0 (4/4)#0] INFO  State backend is set to heap memory org.apache.flink.runtime.state.hashmap.HashMapStateBackend@5662d356
58605 [72d2f2102094885a0a6022bf82208c93] StreamTask [failing-map (1/3)#0] INFO  State backend is set to heap memory org.apache.flink.runtime.state.hashmap.HashMapStateBackend@1fc3b2fa
58605 [72d2f2102094885a0a6022bf82208c93] StateBackendLoader [failing-map (1/3)#0] INFO  State backend loader loads the state backend as HashMapStateBackend
58605 [72d2f2102094885a0a6022bf82208c93] StreamTask [failing-map (1/3)#0] INFO  Checkpoint storage is set to 'filesystem': (checkpoints "file:/var/folders/m8/q6f016tn6cl2cp86hfq331_w0000gp/T/junit-8228656632016441026/junit638187050990921127")
58605 [72d2f2102094885a0a6022bf82208c93] Task [rescale0 (4/4)#0] INFO  rescale0 (4/4)#0 (bd67806bab9fab04288360ffc130ea03_7b4c6fe4c6df355e1ed86e978ba4a96e_3_0) switched from INITIALIZING to RUNNING.
58605 [72d2f2102094885a0a6022bf82208c93] ExecutionGraph [flink-pekko.actor.default-dispatcher-6] INFO  rescale0 (4/4) (bd67806bab9fab04288360ffc130ea03_7b4c6fe4c6df355e1ed86e978ba4a96e_3_0) switched from INITIALIZING to RUNNING.
58605 [72d2f2102094885a0a6022bf82208c93] TaskExecutor [flink-pekko.actor.default-dispatcher-9] INFO  Received task Sink: sink (1/1)#0 (bd67806bab9fab04288360ffc130ea03_2e588ce1c86a9d46e2e85186773ce4fd_0_0), deploy into slot with allocation id 3ba8aa4d4472dc8bca7ee8759fda0bbd.
58605 [72d2f2102094885a0a6022bf82208c93] Task [Sink: sink (1/1)#0] INFO  Sink: sink (1/1)#0 (bd67806bab9fab04288360ffc130ea03_2e588ce1c86a9d46e2e85186773ce4fd_0_0) switched from CREATED to DEPLOYING.
58605 [72d2f2102094885a0a6022bf82208c93] Task [Sink: sink (1/1)#0] INFO  Loading JAR files for task Sink: sink (1/1)#0 (bd67806bab9fab04288360ffc130ea03_2e588ce1c86a9d46e2e85186773ce4fd_0_0) [DEPLOYING].
58605 [72d2f2102094885a0a6022bf82208c93] FileMergingSnapshotManager [failing-map (1/3)#0] INFO  Created a directory file:/var/folders/m8/q6f016tn6cl2cp86hfq331_w0000gp/T/junit-8228656632016441026/junit638187050990921127/72d2f2102094885a0a6022bf82208c93/shared/job_72d2f2102094885a0a6022bf82208c93_op_b8c789ec3a44294cb45da029ffe0e6fd_0_3 for checkpoint file-merging.
58605 [72d2f2102094885a0a6022bf82208c93] Task [failing-map (1/3)#0] INFO  failing-map (1/3)#0 (bd67806bab9fab04288360ffc130ea03_b8c789ec3a44294cb45da029ffe0e6fd_0_0) switched from DEPLOYING to INITIALIZING.
58605 [72d2f2102094885a0a6022bf82208c93] ExecutionGraph [flink-pekko.actor.default-dispatcher-10] INFO  failing-map (1/3) (bd67806bab9fab04288360ffc130ea03_b8c789ec3a44294cb45da029ffe0e6fd_0_0) switched from DEPLOYING to INITIALIZING.
58605 [72d2f2102094885a0a6022bf82208c93] StreamTask [Sink: sink (1/1)#0] INFO  State backend is set to heap memory org.apache.flink.runtime.state.hashmap.HashMapStateBackend@1ebe05ff
58605 [72d2f2102094885a0a6022bf82208c93] StateBackendLoader [Sink: sink (1/1)#0] INFO  State backend loader loads the state backend as HashMapStateBackend
58605 [72d2f2102094885a0a6022bf82208c93] StreamTask [Sink: sink (1/1)#0] INFO  Checkpoint storage is set to 'filesystem': (checkpoints "file:/var/folders/m8/q6f016tn6cl2cp86hfq331_w0000gp/T/junit-8228656632016441026/junit638187050990921127")
58606 [72d2f2102094885a0a6022bf82208c93] FileMergingSnapshotManager [Sink: sink (1/1)#0] INFO  Created a directory file:/var/folders/m8/q6f016tn6cl2cp86hfq331_w0000gp/T/junit-8228656632016441026/junit638187050990921127/72d2f2102094885a0a6022bf82208c93/shared/job_72d2f2102094885a0a6022bf82208c93_op_2e588ce1c86a9d46e2e85186773ce4fd_0_1 for checkpoint file-merging.
58606 [72d2f2102094885a0a6022bf82208c93] StateBackendLoader [failing-map (1/3)#0] INFO  State backend is set to heap memory org.apache.flink.runtime.state.hashmap.HashMapStateBackend@21838955
58606 [72d2f2102094885a0a6022bf82208c93] Task [Sink: sink (1/1)#0] INFO  Sink: sink (1/1)#0 (bd67806bab9fab04288360ffc130ea03_2e588ce1c86a9d46e2e85186773ce4fd_0_0) switched from DEPLOYING to INITIALIZING.
58606 [72d2f2102094885a0a6022bf82208c93] ExecutionGraph [flink-pekko.actor.default-dispatcher-10] INFO  Sink: sink (1/1) (bd67806bab9fab04288360ffc130ea03_2e588ce1c86a9d46e2e85186773ce4fd_0_0) switched from DEPLOYING to INITIALIZING.
58606 [72d2f2102094885a0a6022bf82208c93] UnalignedCheckpointTestBase [Source: source0 -> input-filter0 -> input-counter0 (1/3)#0] INFO  Added splits [LongSplit{increment=3, nextNumber=0}], finishing=false, pumping until null @ 0 subtask (0 attempt)
58606 [72d2f2102094885a0a6022bf82208c93] Task [failing-map (1/3)#0] INFO  failing-map (1/3)#0 (bd67806bab9fab04288360ffc130ea03_b8c789ec3a44294cb45da029ffe0e6fd_0_0) switched from INITIALIZING to RUNNING.
58606 [72d2f2102094885a0a6022bf82208c93] ExecutionGraph [flink-pekko.actor.default-dispatcher-8] INFO  failing-map (1/3) (bd67806bab9fab04288360ffc130ea03_b8c789ec3a44294cb45da029ffe0e6fd_0_0) switched from INITIALIZING to RUNNING.
58606 [72d2f2102094885a0a6022bf82208c93] UnalignedCheckpointTestBase [Source: source0 -> input-filter0 -> input-counter0 (3/3)#0] INFO  Added splits [LongSplit{increment=3, nextNumber=2}], finishing=false, pumping until null @ 2 subtask (0 attempt)
58606 [72d2f2102094885a0a6022bf82208c93] StateBackendLoader [Sink: sink (1/1)#0] INFO  State backend is set to heap memory org.apache.flink.runtime.state.hashmap.HashMapStateBackend@2af4364a
58606 [72d2f2102094885a0a6022bf82208c93] TypeExtractor [Sink: sink (1/1)#0] INFO  class org.apache.flink.test.checkpointing.UnalignedCheckpointRescaleITCase$VerifyingSink$State does not contain a getter for field encounteredNumbers
58606 [72d2f2102094885a0a6022bf82208c93] TypeExtractor [Sink: sink (1/1)#0] INFO  class org.apache.flink.test.checkpointing.UnalignedCheckpointRescaleITCase$VerifyingSink$State does not contain a setter for field encounteredNumbers
58606 [72d2f2102094885a0a6022bf82208c93] TypeExtractor [Sink: sink (1/1)#0] INFO  Class class org.apache.flink.test.checkpointing.UnalignedCheckpointRescaleITCase$VerifyingSink$State cannot be used as a POJO type because not all fields are valid POJO fields, and must be processed as GenericType. Please read the Flink documentation on "Data Types & Serialization" for details of the effect on performance and schema evolution.
58606 [72d2f2102094885a0a6022bf82208c93] UnalignedCheckpointTestBase [Sink: sink (1/1)#0] INFO  Inducing no backpressure @ 0 subtask (0 attempt)
58606 [72d2f2102094885a0a6022bf82208c93] Task [Sink: sink (1/1)#0] INFO  Sink: sink (1/1)#0 (bd67806bab9fab04288360ffc130ea03_2e588ce1c86a9d46e2e85186773ce4fd_0_0) switched from INITIALIZING to RUNNING.
58606 [72d2f2102094885a0a6022bf82208c93] ExecutionGraph [flink-pekko.actor.default-dispatcher-10] INFO  Sink: sink (1/1) (bd67806bab9fab04288360ffc130ea03_2e588ce1c86a9d46e2e85186773ce4fd_0_0) switched from INITIALIZING to RUNNING.
58606 [72d2f2102094885a0a6022bf82208c93] ExecutionTrackingCheckpointCoordinatorDeActivator [flink-pekko.actor.default-dispatcher-10] INFO  Starting checkpoint scheduler
58606 [72d2f2102094885a0a6022bf82208c93] CheckpointCoordinator [Checkpoint Timer] INFO  Triggering checkpoint 1 (type=CheckpointType{name='Checkpoint', sharingFilesStrategy=FORWARD_BACKWARD}) @ 1779494864962 for job 72d2f2102094885a0a6022bf82208c93.
58606 [72d2f2102094885a0a6022bf82208c93] UnalignedCheckpointTestBase [SourceCoordinator-Source: source0] INFO  snapshotState EnumeratorState{unassignedSplits=[], numRestarts=0, numCompletedCheckpoints=0}
58607 [72d2f2102094885a0a6022bf82208c93] UnalignedCheckpointTestBase [Source: source0 -> input-filter0 -> input-counter0 (2/3)#0] INFO  Snapshotted [LongSplit{increment=3, nextNumber=10}] @ 1 subtask (0 attempt)
58607 [72d2f2102094885a0a6022bf82208c93] UnalignedCheckpointTestBase [Source: source0 -> input-filter0 -> input-counter0 (1/3)#0] INFO  Snapshotted [LongSplit{increment=3, nextNumber=3}] @ 0 subtask (0 attempt)
58607 [72d2f2102094885a0a6022bf82208c93] UnalignedCheckpointTestBase [Source: source0 -> input-filter0 -> input-counter0 (3/3)#0] INFO  Snapshotted [LongSplit{increment=3, nextNumber=5}] @ 2 subtask (0 attempt)
58608 [72d2f2102094885a0a6022bf82208c93] KryoSerializer [failing-map (1/3)#0] INFO  Legacy kryo serializer scala extensions are not available.
58608 [72d2f2102094885a0a6022bf82208c93] KryoSerializer [failing-map (1/3)#0] INFO  Kryo serializer scala extensions are not available.
58608 [72d2f2102094885a0a6022bf82208c93] KryoSerializer [Sink: sink (1/1)#0] INFO  Legacy kryo serializer scala extensions are not available.
58608 [72d2f2102094885a0a6022bf82208c93] KryoSerializer [Sink: sink (1/1)#0] INFO  Kryo serializer scala extensions are not available.
58609 [72d2f2102094885a0a6022bf82208c93] KryoSerializer [AsyncOperations-thread-1] INFO  Legacy kryo serializer scala extensions are not available.
58609 [72d2f2102094885a0a6022bf82208c93] KryoSerializer [AsyncOperations-thread-1] INFO  Kryo serializer scala extensions are not available.
58609 [72d2f2102094885a0a6022bf82208c93] KryoSerializer [AsyncOperations-thread-1] INFO  Legacy kryo serializer scala extensions are not available.
58609 [72d2f2102094885a0a6022bf82208c93] KryoSerializer [AsyncOperations-thread-1] INFO  Kryo serializer scala extensions are not available.
58609 [72d2f2102094885a0a6022bf82208c93] SharedStateRegistryImpl [jobmanager-io-thread-12] INFO  Duplicated registration under key file:/var/folders/m8/q6f016tn6cl2cp86hfq331_w0000gp/T/junit-8228656632016441026/junit638187050990921127/72d2f2102094885a0a6022bf82208c93/shared/job_72d2f2102094885a0a6022bf82208c93_op_3e9b902627593008a6d790e9aeca7953_1_3 with the same object: DirectoryStreamStateHandle{directory=file:/var/folders/m8/q6f016tn6cl2cp86hfq331_w0000gp/T/junit-8228656632016441026/junit638187050990921127/72d2f2102094885a0a6022bf82208c93/shared/job_72d2f2102094885a0a6022bf82208c93_op_3e9b902627593008a6d790e9aeca7953_1_3}
58609 [72d2f2102094885a0a6022bf82208c93] SharedStateRegistryImpl [jobmanager-io-thread-12] INFO  Duplicated registration under key file:/var/folders/m8/q6f016tn6cl2cp86hfq331_w0000gp/T/junit-8228656632016441026/junit638187050990921127/72d2f2102094885a0a6022bf82208c93/shared/job_72d2f2102094885a0a6022bf82208c93_op_3e9b902627593008a6d790e9aeca7953_1_3 with the same object: DirectoryStreamStateHandle{directory=file:/var/folders/m8/q6f016tn6cl2cp86hfq331_w0000gp/T/junit-8228656632016441026/junit638187050990921127/72d2f2102094885a0a6022bf82208c93/shared/job_72d2f2102094885a0a6022bf82208c93_op_3e9b902627593008a6d790e9aeca7953_1_3}
58609 [72d2f2102094885a0a6022bf82208c93] SharedStateRegistryImpl [jobmanager-io-thread-2] INFO  Duplicated registration under key file:/var/folders/m8/q6f016tn6cl2cp86hfq331_w0000gp/T/junit-8228656632016441026/junit638187050990921127/72d2f2102094885a0a6022bf82208c93/shared/job_72d2f2102094885a0a6022bf82208c93_op_3e9b902627593008a6d790e9aeca7953_0_3 with the same object: DirectoryStreamStateHandle{directory=file:/var/folders/m8/q6f016tn6cl2cp86hfq331_w0000gp/T/junit-8228656632016441026/junit638187050990921127/72d2f2102094885a0a6022bf82208c93/shared/job_72d2f2102094885a0a6022bf82208c93_op_3e9b902627593008a6d790e9aeca7953_0_3}
58609 [72d2f2102094885a0a6022bf82208c93] SharedStateRegistryImpl [jobmanager-io-thread-2] INFO  Duplicated registration under key file:/var/folders/m8/q6f016tn6cl2cp86hfq331_w0000gp/T/junit-8228656632016441026/junit638187050990921127/72d2f2102094885a0a6022bf82208c93/shared/job_72d2f2102094885a0a6022bf82208c93_op_3e9b902627593008a6d790e9aeca7953_0_3 with the same object: DirectoryStreamStateHandle{directory=file:/var/folders/m8/q6f016tn6cl2cp86hfq331_w0000gp/T/junit-8228656632016441026/junit638187050990921127/72d2f2102094885a0a6022bf82208c93/shared/job_72d2f2102094885a0a6022bf82208c93_op_3e9b902627593008a6d790e9aeca7953_0_3}
58609 [72d2f2102094885a0a6022bf82208c93] SharedStateRegistryImpl [jobmanager-io-thread-3] INFO  Duplicated registration under key file:/var/folders/m8/q6f016tn6cl2cp86hfq331_w0000gp/T/junit-8228656632016441026/junit638187050990921127/72d2f2102094885a0a6022bf82208c93/shared/job_72d2f2102094885a0a6022bf82208c93_op_3e9b902627593008a6d790e9aeca7953_2_3 with the same object: DirectoryStreamStateHandle{directory=file:/var/folders/m8/q6f016tn6cl2cp86hfq331_w0000gp/T/junit-8228656632016441026/junit638187050990921127/72d2f2102094885a0a6022bf82208c93/shared/job_72d2f2102094885a0a6022bf82208c93_op_3e9b902627593008a6d790e9aeca7953_2_3}
58609 [72d2f2102094885a0a6022bf82208c93] SharedStateRegistryImpl [jobmanager-io-thread-3] INFO  Duplicated registration under key file:/var/folders/m8/q6f016tn6cl2cp86hfq331_w0000gp/T/junit-8228656632016441026/junit638187050990921127/72d2f2102094885a0a6022bf82208c93/shared/job_72d2f2102094885a0a6022bf82208c93_op_3e9b902627593008a6d790e9aeca7953_2_3 with the same object: DirectoryStreamStateHandle{directory=file:/var/folders/m8/q6f016tn6cl2cp86hfq331_w0000gp/T/junit-8228656632016441026/junit638187050990921127/72d2f2102094885a0a6022bf82208c93/shared/job_72d2f2102094885a0a6022bf82208c93_op_3e9b902627593008a6d790e9aeca7953_2_3}
58625 [72d2f2102094885a0a6022bf82208c93] CheckpointCoordinator [jobmanager-io-thread-5] INFO  Completed checkpoint 1 for job 72d2f2102094885a0a6022bf82208c93 (10341 bytes, checkpointDuration=18 ms, finalizationTime=1 ms).
58625 [72d2f2102094885a0a6022bf82208c93] UnalignedCheckpointTestBase [Source: source0 -> input-filter0 -> input-counter0 (2/3)#0] INFO  notifyCheckpointComplete 0 @ 1 subtask (0 attempt)
58625 [72d2f2102094885a0a6022bf82208c93] SourceCoordinator [SourceCoordinator-Source: source0] INFO  Marking checkpoint 1 as completed for source Source: source0.
58625 [72d2f2102094885a0a6022bf82208c93] UnalignedCheckpointTestBase [Sink: sink (1/1)#0] INFO  Inducing backpressure until 2026-05-23T02:07:45.131253208 @ 0 subtask (0 attempt)
58625 [72d2f2102094885a0a6022bf82208c93] UnalignedCheckpointTestBase [Source: source0 -> input-filter0 -> input-counter0 (3/3)#0] INFO  notifyCheckpointComplete 0 @ 2 subtask (0 attempt)
58625 [72d2f2102094885a0a6022bf82208c93] UnalignedCheckpointTestBase [Source: source0 -> input-filter0 -> input-counter0 (1/3)#0] INFO  notifyCheckpointComplete 0 @ 0 subtask (0 attempt)
58757 [72d2f2102094885a0a6022bf82208c93] CheckpointCoordinator [Checkpoint Timer] INFO  Triggering checkpoint 2 (type=CheckpointType{name='Checkpoint', sharingFilesStrategy=FORWARD_BACKWARD}) @ 1779494865113 for job 72d2f2102094885a0a6022bf82208c93.
58758 [72d2f2102094885a0a6022bf82208c93] UnalignedCheckpointTestBase [SourceCoordinator-Source: source0] INFO  snapshotState EnumeratorState{unassignedSplits=[], numRestarts=0, numCompletedCheckpoints=1}
58758 [72d2f2102094885a0a6022bf82208c93] UnalignedCheckpointTestBase [Source: source0 -> input-filter0 -> input-counter0 (3/3)#0] INFO  Snapshotted [LongSplit{increment=3, nextNumber=359}] @ 2 subtask (0 attempt)
58758 [72d2f2102094885a0a6022bf82208c93] UnalignedCheckpointTestBase [Source: source0 -> input-filter0 -> input-counter0 (2/3)#0] INFO  Snapshotted [LongSplit{increment=3, nextNumber=364}] @ 1 subtask (0 attempt)
58758 [72d2f2102094885a0a6022bf82208c93] UnalignedCheckpointTestBase [Source: source0 -> input-filter0 -> input-counter0 (1/3)#0] INFO  Snapshotted [LongSplit{increment=3, nextNumber=357}] @ 0 subtask (0 attempt)
58760 [72d2f2102094885a0a6022bf82208c93] KryoSerializer [AsyncOperations-thread-1] INFO  Legacy kryo serializer scala extensions are not available.
58760 [72d2f2102094885a0a6022bf82208c93] KryoSerializer [AsyncOperations-thread-1] INFO  Kryo serializer scala extensions are not available.
58760 [72d2f2102094885a0a6022bf82208c93] KryoSerializer [AsyncOperations-thread-1] INFO  Legacy kryo serializer scala extensions are not available.
58760 [72d2f2102094885a0a6022bf82208c93] KryoSerializer [AsyncOperations-thread-1] INFO  Kryo serializer scala extensions are not available.
58784 [72d2f2102094885a0a6022bf82208c93] CheckpointCoordinator [jobmanager-io-thread-3] INFO  Completed checkpoint 2 for job 72d2f2102094885a0a6022bf82208c93 (18229 bytes, checkpointDuration=27 ms, finalizationTime=0 ms).
58784 [72d2f2102094885a0a6022bf82208c93] SourceCoordinator [SourceCoordinator-Source: source0] INFO  Marking checkpoint 2 as completed for source Source: source0.
58784 [72d2f2102094885a0a6022bf82208c93] UnalignedCheckpointTestBase [Sink: sink (1/1)#0] INFO  Inducing backpressure until 2026-05-23T02:07:45.290979209 @ 0 subtask (0 attempt)
58785 [72d2f2102094885a0a6022bf82208c93] UnalignedCheckpointTestBase [Source: source0 -> input-filter0 -> input-counter0 (2/3)#0] INFO  notifyCheckpointComplete 1 @ 1 subtask (0 attempt)
58785 [72d2f2102094885a0a6022bf82208c93] UnalignedCheckpointTestBase [Source: source0 -> input-filter0 -> input-counter0 (2/3)#0] INFO  Pumping until 2026-05-23T02:07:45.291625958 @ 1 subtask (0 attempt)
58785 [72d2f2102094885a0a6022bf82208c93] UnalignedCheckpointTestBase [Source: source0 -> input-filter0 -> input-counter0 (1/3)#0] INFO  notifyCheckpointComplete 1 @ 0 subtask (0 attempt)
58785 [72d2f2102094885a0a6022bf82208c93] UnalignedCheckpointTestBase [Source: source0 -> input-filter0 -> input-counter0 (3/3)#0] INFO  notifyCheckpointComplete 1 @ 2 subtask (0 attempt)
58785 [72d2f2102094885a0a6022bf82208c93] UnalignedCheckpointTestBase [Source: source0 -> input-filter0 -> input-counter0 (1/3)#0] INFO  Pumping until 2026-05-23T02:07:45.291650875 @ 0 subtask (0 attempt)
58785 [72d2f2102094885a0a6022bf82208c93] UnalignedCheckpointTestBase [Source: source0 -> input-filter0 -> input-counter0 (3/3)#0] INFO  Pumping until 2026-05-23T02:07:45.291661625 @ 2 subtask (0 attempt)
58908 [72d2f2102094885a0a6022bf82208c93] CheckpointCoordinator [Checkpoint Timer] INFO  Triggering checkpoint 3 (type=CheckpointType{name='Checkpoint', sharingFilesStrategy=FORWARD_BACKWARD}) @ 1779494865264 for job 72d2f2102094885a0a6022bf82208c93.
58909 [72d2f2102094885a0a6022bf82208c93] UnalignedCheckpointTestBase [SourceCoordinator-Source: source0] INFO  snapshotState EnumeratorState{unassignedSplits=[], numRestarts=0, numCompletedCheckpoints=2}
58909 [72d2f2102094885a0a6022bf82208c93] UnalignedCheckpointTestBase [Source: source0 -> input-filter0 -> input-counter0 (2/3)#0] INFO  Snapshotted [LongSplit{increment=3, nextNumber=117394}] @ 1 subtask (0 attempt)
58909 [72d2f2102094885a0a6022bf82208c93] UnalignedCheckpointTestBase [Source: source0 -> input-filter0 -> input-counter0 (1/3)#0] INFO  Snapshotted [LongSplit{increment=3, nextNumber=112707}] @ 0 subtask (0 attempt)
58909 [72d2f2102094885a0a6022bf82208c93] UnalignedCheckpointTestBase [Source: source0 -> input-filter0 -> input-counter0 (3/3)#0] INFO  Snapshotted [LongSplit{increment=3, nextNumber=110366}] @ 2 subtask (0 attempt)
58937 [72d2f2102094885a0a6022bf82208c93] KryoSerializer [AsyncOperations-thread-1] INFO  Legacy kryo serializer scala extensions are not available.
58937 [72d2f2102094885a0a6022bf82208c93] KryoSerializer [AsyncOperations-thread-1] INFO  Kryo serializer scala extensions are not available.
58937 [72d2f2102094885a0a6022bf82208c93] KryoSerializer [AsyncOperations-thread-1] INFO  Legacy kryo serializer scala extensions are not available.
58937 [72d2f2102094885a0a6022bf82208c93] KryoSerializer [AsyncOperations-thread-1] INFO  Kryo serializer scala extensions are not available.
58963 [72d2f2102094885a0a6022bf82208c93] CheckpointCoordinator [jobmanager-io-thread-8] INFO  Completed checkpoint 3 for job 72d2f2102094885a0a6022bf82208c93 (2087123 bytes, checkpointDuration=54 ms, finalizationTime=1 ms).
58963 [72d2f2102094885a0a6022bf82208c93] SourceCoordinator [SourceCoordinator-Source: source0] INFO  Marking checkpoint 3 as completed for source Source: source0.
58963 [72d2f2102094885a0a6022bf82208c93] UnalignedCheckpointTestBase [Source: source0 -> input-filter0 -> input-counter0 (1/3)#0] INFO  notifyCheckpointComplete 2 @ 0 subtask (0 attempt)
58963 [72d2f2102094885a0a6022bf82208c93] UnalignedCheckpointTestBase [Source: source0 -> input-filter0 -> input-counter0 (1/3)#0] INFO  Pumping until 2026-05-23T02:07:45.469454833 @ 0 subtask (0 attempt)
58963 [72d2f2102094885a0a6022bf82208c93] UnalignedCheckpointTestBase [Sink: sink (1/1)#0] INFO  Inducing backpressure until 2026-05-23T02:07:45.469450791 @ 0 subtask (0 attempt)
58963 [72d2f2102094885a0a6022bf82208c93] UnalignedCheckpointTestBase [Source: source0 -> input-filter0 -> input-counter0 (2/3)#0] INFO  notifyCheckpointComplete 2 @ 1 subtask (0 attempt)
58963 [72d2f2102094885a0a6022bf82208c93] UnalignedCheckpointTestBase [Source: source0 -> input-filter0 -> input-counter0 (2/3)#0] INFO  Pumping until 2026-05-23T02:07:45.469496209 @ 1 subtask (0 attempt)
58963 [72d2f2102094885a0a6022bf82208c93] UnalignedCheckpointTestBase [Source: source0 -> input-filter0 -> input-counter0 (3/3)#0] INFO  notifyCheckpointComplete 2 @ 2 subtask (0 attempt)
58963 [72d2f2102094885a0a6022bf82208c93] UnalignedCheckpointTestBase [Source: source0 -> input-filter0 -> input-counter0 (3/3)#0] INFO  Pumping until 2026-05-23T02:07:45.469508417 @ 2 subtask (0 attempt)
59057 [72d2f2102094885a0a6022bf82208c93] CheckpointCoordinator [Checkpoint Timer] INFO  Triggering checkpoint 4 (type=CheckpointType{name='Checkpoint', sharingFilesStrategy=FORWARD_BACKWARD}) @ 1779494865413 for job 72d2f2102094885a0a6022bf82208c93.
59057 [72d2f2102094885a0a6022bf82208c93] UnalignedCheckpointTestBase [SourceCoordinator-Source: source0] INFO  snapshotState EnumeratorState{unassignedSplits=[], numRestarts=0, numCompletedCheckpoints=3}
59058 [72d2f2102094885a0a6022bf82208c93] UnalignedCheckpointTestBase [Source: source0 -> input-filter0 -> input-counter0 (2/3)#0] INFO  Snapshotted [LongSplit{increment=3, nextNumber=120322}] @ 1 subtask (0 attempt)
59058 [72d2f2102094885a0a6022bf82208c93] UnalignedCheckpointTestBase [Source: source0 -> input-filter0 -> input-counter0 (3/3)#0] INFO  Snapshotted [LongSplit{increment=3, nextNumber=113879}] @ 2 subtask (0 attempt)
59058 [72d2f2102094885a0a6022bf82208c93] UnalignedCheckpointTestBase [Source: source0 -> input-filter0 -> input-counter0 (1/3)#0] INFO  Snapshotted [LongSplit{increment=3, nextNumber=116220}] @ 0 subtask (0 attempt)
59116 [72d2f2102094885a0a6022bf82208c93] KryoSerializer [AsyncOperations-thread-1] INFO  Legacy kryo serializer scala extensions are not available.
59116 [72d2f2102094885a0a6022bf82208c93] KryoSerializer [AsyncOperations-thread-1] INFO  Kryo serializer scala extensions are not available.
59116 [72d2f2102094885a0a6022bf82208c93] KryoSerializer [AsyncOperations-thread-1] INFO  Legacy kryo serializer scala extensions are not available.
59116 [72d2f2102094885a0a6022bf82208c93] KryoSerializer [AsyncOperations-thread-1] INFO  Kryo serializer scala extensions are not available.
59137 [72d2f2102094885a0a6022bf82208c93] CheckpointCoordinator [jobmanager-io-thread-11] INFO  Completed checkpoint 4 for job 72d2f2102094885a0a6022bf82208c93 (1958348 bytes, checkpointDuration=79 ms, finalizationTime=1 ms).
59137 [72d2f2102094885a0a6022bf82208c93] UnalignedCheckpointTestBase [Source: source0 -> input-filter0 -> input-counter0 (1/3)#0] INFO  notifyCheckpointComplete 3 @ 0 subtask (0 attempt)
59137 [72d2f2102094885a0a6022bf82208c93] UnalignedCheckpointTestBase [Source: source0 -> input-filter0 -> input-counter0 (1/3)#0] INFO  Pumping until 2026-05-23T02:07:45.643227042 @ 0 subtask (0 attempt)
59137 [72d2f2102094885a0a6022bf82208c93] UnalignedCheckpointTestBase [Source: source0 -> input-filter0 -> input-counter0 (3/3)#0] INFO  notifyCheckpointComplete 3 @ 2 subtask (0 attempt)
59137 [72d2f2102094885a0a6022bf82208c93] UnalignedCheckpointTestBase [Source: source0 -> input-filter0 -> input-counter0 (2/3)#0] INFO  notifyCheckpointComplete 3 @ 1 subtask (0 attempt)
59137 [72d2f2102094885a0a6022bf82208c93] UnalignedCheckpointTestBase [Source: source0 -> input-filter0 -> input-counter0 (3/3)#0] INFO  Pumping until 2026-05-23T02:07:45.643298583 @ 2 subtask (0 attempt)
59137 [72d2f2102094885a0a6022bf82208c93] UnalignedCheckpointTestBase [Source: source0 -> input-filter0 -> input-counter0 (2/3)#0] INFO  Pumping until 2026-05-23T02:07:45.643314 @ 1 subtask (0 attempt)
59137 [72d2f2102094885a0a6022bf82208c93] SourceCoordinator [SourceCoordinator-Source: source0] INFO  Marking checkpoint 4 as completed for source Source: source0.
59138 [72d2f2102094885a0a6022bf82208c93] UnalignedCheckpointTestBase [Sink: sink (1/1)#0] INFO  Inducing backpressure until 2026-05-23T02:07:45.644120292 @ 0 subtask (0 attempt)
59208 [72d2f2102094885a0a6022bf82208c93] CheckpointCoordinator [Checkpoint Timer] INFO  Triggering checkpoint 5 (type=CheckpointType{name='Checkpoint', sharingFilesStrategy=FORWARD_BACKWARD}) @ 1779494865564 for job 72d2f2102094885a0a6022bf82208c93.
59208 [72d2f2102094885a0a6022bf82208c93] UnalignedCheckpointTestBase [SourceCoordinator-Source: source0] INFO  snapshotState EnumeratorState{unassignedSplits=[], numRestarts=0, numCompletedCheckpoints=4}
59208 [72d2f2102094885a0a6022bf82208c93] UnalignedCheckpointTestBase [Source: source0 -> input-filter0 -> input-counter0 (1/3)#0] INFO  Snapshotted [LongSplit{increment=3, nextNumber=116220}] @ 0 subtask (0 attempt)
59208 [72d2f2102094885a0a6022bf82208c93] UnalignedCheckpointTestBase [Source: source0 -> input-filter0 -> input-counter0 (3/3)#0] INFO  Snapshotted [LongSplit{increment=3, nextNumber=113879}] @ 2 subtask (0 attempt)
59208 [72d2f2102094885a0a6022bf82208c93] UnalignedCheckpointTestBase [Source: source0 -> input-filter0 -> input-counter0 (2/3)#0] INFO  Snapshotted [LongSplit{increment=3, nextNumber=120322}] @ 1 subtask (0 attempt)
59210 [72d2f2102094885a0a6022bf82208c93] KryoSerializer [AsyncOperations-thread-1] INFO  Legacy kryo serializer scala extensions are not available.
59210 [72d2f2102094885a0a6022bf82208c93] KryoSerializer [AsyncOperations-thread-1] INFO  Kryo serializer scala extensions are not available.
59211 [72d2f2102094885a0a6022bf82208c93] KryoSerializer [AsyncOperations-thread-1] INFO  Legacy kryo serializer scala extensions are not available.
59211 [72d2f2102094885a0a6022bf82208c93] KryoSerializer [AsyncOperations-thread-1] INFO  Kryo serializer scala extensions are not available.
59401 [72d2f2102094885a0a6022bf82208c93] CheckpointCoordinator [jobmanager-io-thread-3] INFO  Completed checkpoint 5 for job 72d2f2102094885a0a6022bf82208c93 (1956916 bytes, checkpointDuration=192 ms, finalizationTime=1 ms).
59401 [72d2f2102094885a0a6022bf82208c93] SourceCoordinator [SourceCoordinator-Source: source0] INFO  Marking checkpoint 5 as completed for source Source: source0.
59401 [72d2f2102094885a0a6022bf82208c93] CheckpointCoordinator [Checkpoint Timer] INFO  Triggering checkpoint 6 (type=CheckpointType{name='Checkpoint', sharingFilesStrategy=FORWARD_BACKWARD}) @ 1779494865757 for job 72d2f2102094885a0a6022bf82208c93.
59401 [72d2f2102094885a0a6022bf82208c93] UnalignedCheckpointTestBase [Sink: sink (1/1)#0] INFO  Inducing backpressure until 2026-05-23T02:07:45.907436416 @ 0 subtask (0 attempt)
59401 [72d2f2102094885a0a6022bf82208c93] UnalignedCheckpointTestBase [SourceCoordinator-Source: source0] INFO  snapshotState EnumeratorState{unassignedSplits=[], numRestarts=0, numCompletedCheckpoints=5}
59401 [72d2f2102094885a0a6022bf82208c93] UnalignedCheckpointTestBase [Source: source0 -> input-filter0 -> input-counter0 (1/3)#0] INFO  Snapshotted [LongSplit{increment=3, nextNumber=116286}] @ 0 subtask (0 attempt)
59402 [72d2f2102094885a0a6022bf82208c93] UnalignedCheckpointTestBase [Source: source0 -> input-filter0 -> input-counter0 (1/3)#0] INFO  notifyCheckpointComplete 4 @ 0 subtask (0 attempt)
59402 [72d2f2102094885a0a6022bf82208c93] UnalignedCheckpointTestBase [Source: source0 -> input-filter0 -> input-counter0 (1/3)#0] INFO  Pumping until 2026-05-23T02:07:45.908001958 @ 0 subtask (0 attempt)
59402 [72d2f2102094885a0a6022bf82208c93] UnalignedCheckpointTestBase [Source: source0 -> input-filter0 -> input-counter0 (2/3)#0] INFO  Snapshotted [LongSplit{increment=3, nextNumber=120385}] @ 1 subtask (0 attempt)
59402 [72d2f2102094885a0a6022bf82208c93] UnalignedCheckpointTestBase [Source: source0 -> input-filter0 -> input-counter0 (2/3)#0] INFO  notifyCheckpointComplete 4 @ 1 subtask (0 attempt)
59402 [72d2f2102094885a0a6022bf82208c93] UnalignedCheckpointTestBase [Source: source0 -> input-filter0 -> input-counter0 (2/3)#0] INFO  Pumping until 2026-05-23T02:07:45.908166125 @ 1 subtask (0 attempt)
59402 [72d2f2102094885a0a6022bf82208c93] UnalignedCheckpointTestBase [Source: source0 -> input-filter0 -> input-counter0 (3/3)#0] INFO  Snapshotted [LongSplit{increment=3, nextNumber=113945}] @ 2 subtask (0 attempt)
59402 [72d2f2102094885a0a6022bf82208c93] UnalignedCheckpointTestBase [Source: source0 -> input-filter0 -> input-counter0 (3/3)#0] INFO  notifyCheckpointComplete 4 @ 2 subtask (0 attempt)
59402 [72d2f2102094885a0a6022bf82208c93] UnalignedCheckpointTestBase [Source: source0 -> input-filter0 -> input-counter0 (3/3)#0] INFO  Pumping until 2026-05-23T02:07:45.908790041 @ 2 subtask (0 attempt)
59403 [72d2f2102094885a0a6022bf82208c93] RegularOperatorChain [failing-map (1/3)#0] INFO  Could not complete snapshot 6 for operator failing-map (1/3)#0. Failure reason: Checkpoint was declined.
org.apache.flink.runtime.checkpoint.CheckpointException: Could not complete snapshot 6 for operator failing-map (1/3)#0. Failure reason: Checkpoint was declined.
	at org.apache.flink.streaming.api.operators.StreamOperatorStateHandler.snapshotState(StreamOperatorStateHandler.java:318)
	at org.apache.flink.streaming.api.operators.StreamOperatorStateHandler.snapshotState(StreamOperatorStateHandler.java:202)
	at org.apache.flink.streaming.api.operators.AbstractStreamOperator.snapshotState(AbstractStreamOperator.java:427)
	at org.apache.flink.streaming.runtime.tasks.RegularOperatorChain.checkpointStreamOperator(RegularOperatorChain.java:228)
	at org.apache.flink.streaming.runtime.tasks.RegularOperatorChain.buildOperatorSnapshotFutures(RegularOperatorChain.java:213)
	at org.apache.flink.streaming.runtime.tasks.RegularOperatorChain.snapshotState(RegularOperatorChain.java:192)
	at org.apache.flink.streaming.runtime.tasks.SubtaskCheckpointCoordinatorImpl.takeSnapshotSync(SubtaskCheckpointCoordinatorImpl.java:751)
	at org.apache.flink.streaming.runtime.tasks.SubtaskCheckpointCoordinatorImpl.checkpointState(SubtaskCheckpointCoordinatorImpl.java:362)
	at org.apache.flink.streaming.runtime.tasks.StreamTask.lambda$performCheckpoint$21(StreamTask.java:1672)
	at org.apache.flink.streaming.runtime.tasks.StreamTaskActionExecutor$1.runThrowing(StreamTaskActionExecutor.java:50)
	at org.apache.flink.streaming.runtime.tasks.StreamTask.performCheckpoint(StreamTask.java:1660)
	at org.apache.flink.streaming.runtime.tasks.StreamTask.triggerCheckpointOnBarrier(StreamTask.java:1617)
	at org.apache.flink.streaming.runtime.io.checkpointing.CheckpointBarrierHandler.notifyCheckpoint(CheckpointBarrierHandler.java:147)
	at org.apache.flink.streaming.runtime.io.checkpointing.SingleCheckpointBarrierHandler.triggerCheckpoint(SingleCheckpointBarrierHandler.java:302)
	at org.apache.flink.streaming.runtime.io.checkpointing.SingleCheckpointBarrierHandler$ControllerImpl.triggerGlobalCheckpoint(SingleCheckpointBarrierHandler.java:503)
	at org.apache.flink.streaming.runtime.io.checkpointing.AlternatingWaitingForFirstBarrierUnaligned.barrierReceived(AlternatingWaitingForFirstBarrierUnaligned.java:79)
	at org.apache.flink.streaming.runtime.io.checkpointing.AbstractAlternatingAlignedBarrierHandlerState.barrierReceived(AbstractAlternatingAlignedBarrierHandlerState.java:56)
	at org.apache.flink.streaming.runtime.io.checkpointing.SingleCheckpointBarrierHandler.lambda$processBarrier$2(SingleCheckpointBarrierHandler.java:249)
	at org.apache.flink.streaming.runtime.io.checkpointing.SingleCheckpointBarrierHandler.markCheckpointAlignedAndTransformState(SingleCheckpointBarrierHandler.java:277)
	at org.apache.flink.streaming.runtime.io.checkpointing.SingleCheckpointBarrierHandler.processBarrier(SingleCheckpointBarrierHandler.java:246)
	at org.apache.flink.streaming.runtime.io.checkpointing.CheckpointedInputGate.handleEvent(CheckpointedInputGate.java:182)
	at org.apache.flink.streaming.runtime.io.checkpointing.CheckpointedInputGate.pollNext(CheckpointedInputGate.java:160)
	at org.apache.flink.streaming.runtime.io.AbstractStreamTaskNetworkInput.emitNext(AbstractStreamTaskNetworkInput.java:178)
	at org.apache.flink.streaming.runtime.io.StreamOneInputProcessor.processInput(StreamOneInputProcessor.java:65)
	at org.apache.flink.streaming.runtime.tasks.StreamTask.processInput(StreamTask.java:672)
	at org.apache.flink.streaming.runtime.tasks.mailbox.MailboxProcessor.runMailboxLoop(MailboxProcessor.java:231)
	at org.apache.flink.streaming.runtime.tasks.StreamTask.runMailboxLoop(StreamTask.java:1201)
	at org.apache.flink.streaming.runtime.tasks.StreamTask.invoke(StreamTask.java:1138)
	at org.apache.flink.runtime.taskmanager.Task.runWithSystemExitMonitoring(Task.java:987)
	at org.apache.flink.runtime.taskmanager.Task.restoreAndInvoke(Task.java:969)
	at org.apache.flink.runtime.taskmanager.Task.doRun(Task.java:774)
	at org.apache.flink.runtime.taskmanager.Task.run(Task.java:579)
	at java.base/java.lang.Thread.run(Thread.java:829)
Caused by: org.apache.flink.test.checkpointing.UnalignedCheckpointTestBase$TestException: Failing snapshotState @ 5 (0 attempt); last value 109217
	at org.apache.flink.test.checkpointing.UnalignedCheckpointTestBase$FailingMapper.failMapper(UnalignedCheckpointTestBase.java:954)
	at org.apache.flink.test.checkpointing.UnalignedCheckpointTestBase$FailingMapper.checkFail(UnalignedCheckpointTestBase.java:949)
	at org.apache.flink.test.checkpointing.UnalignedCheckpointTestBase$FailingMapper.snapshotState(UnalignedCheckpointTestBase.java:977)
	at org.apache.flink.streaming.util.functions.StreamingFunctionUtils.trySnapshotFunctionState(StreamingFunctionUtils.java:118)
	at org.apache.flink.streaming.util.functions.StreamingFunctionUtils.snapshotFunctionState(StreamingFunctionUtils.java:99)
	at org.apache.flink.streaming.api.operators.AbstractUdfStreamOperator.snapshotState(AbstractUdfStreamOperator.java:104)
	at org.apache.flink.streaming.api.operators.StreamOperatorStateHandler.snapshotState(StreamOperatorStateHandler.java:261)
	... 32 more
59403 [72d2f2102094885a0a6022bf82208c93] Task [failing-map (1/3)#0] WARN  failing-map (1/3)#0 (bd67806bab9fab04288360ffc130ea03_b8c789ec3a44294cb45da029ffe0e6fd_0_0) switched from RUNNING to FAILED with failure cause:
java.io.IOException: Could not perform checkpoint 6 for operator failing-map (1/3)#0.
	at org.apache.flink.streaming.runtime.tasks.StreamTask.triggerCheckpointOnBarrier(StreamTask.java:1629)
	at org.apache.flink.streaming.runtime.io.checkpointing.CheckpointBarrierHandler.notifyCheckpoint(CheckpointBarrierHandler.java:147)
	at org.apache.flink.streaming.runtime.io.checkpointing.SingleCheckpointBarrierHandler.triggerCheckpoint(SingleCheckpointBarrierHandler.java:302)
	at org.apache.flink.streaming.runtime.io.checkpointing.SingleCheckpointBarrierHandler$ControllerImpl.triggerGlobalCheckpoint(SingleCheckpointBarrierHandler.java:503)
	at org.apache.flink.streaming.runtime.io.checkpointing.AlternatingWaitingForFirstBarrierUnaligned.barrierReceived(AlternatingWaitingForFirstBarrierUnaligned.java:79)
	at org.apache.flink.streaming.runtime.io.checkpointing.AbstractAlternatingAlignedBarrierHandlerState.barrierReceived(AbstractAlternatingAlignedBarrierHandlerState.java:56)
	at org.apache.flink.streaming.runtime.io.checkpointing.SingleCheckpointBarrierHandler.lambda$processBarrier$2(SingleCheckpointBarrierHandler.java:249)
	at org.apache.flink.streaming.runtime.io.checkpointing.SingleCheckpointBarrierHandler.markCheckpointAlignedAndTransformState(SingleCheckpointBarrierHandler.java:277)
	at org.apache.flink.streaming.runtime.io.checkpointing.SingleCheckpointBarrierHandler.processBarrier(SingleCheckpointBarrierHandler.java:246)
	at org.apache.flink.streaming.runtime.io.checkpointing.CheckpointedInputGate.handleEvent(CheckpointedInputGate.java:182)
	at org.apache.flink.streaming.runtime.io.checkpointing.CheckpointedInputGate.pollNext(CheckpointedInputGate.java:160)
	at org.apache.flink.streaming.runtime.io.AbstractStreamTaskNetworkInput.emitNext(AbstractStreamTaskNetworkInput.java:178)
	at org.apache.flink.streaming.runtime.io.StreamOneInputProcessor.processInput(StreamOneInputProcessor.java:65)
	at org.apache.flink.streaming.runtime.tasks.StreamTask.processInput(StreamTask.java:672)
	at org.apache.flink.streaming.runtime.tasks.mailbox.MailboxProcessor.runMailboxLoop(MailboxProcessor.java:231)
	at org.apache.flink.streaming.runtime.tasks.StreamTask.runMailboxLoop(StreamTask.java:1201)
	at org.apache.flink.streaming.runtime.tasks.StreamTask.invoke(StreamTask.java:1138)
	at org.apache.flink.runtime.taskmanager.Task.runWithSystemExitMonitoring(Task.java:987)
	at org.apache.flink.runtime.taskmanager.Task.restoreAndInvoke(Task.java:969)
	at org.apache.flink.runtime.taskmanager.Task.doRun(Task.java:774)
	at org.apache.flink.runtime.taskmanager.Task.run(Task.java:579)
	at java.base/java.lang.Thread.run(Thread.java:829)
Caused by: org.apache.flink.runtime.checkpoint.CheckpointException: Could not complete snapshot 6 for operator failing-map (1/3)#0. Failure reason: Checkpoint was declined.
	at org.apache.flink.streaming.api.operators.StreamOperatorStateHandler.snapshotState(StreamOperatorStateHandler.java:318)
	at org.apache.flink.streaming.api.operators.StreamOperatorStateHandler.snapshotState(StreamOperatorStateHandler.java:202)
	at org.apache.flink.streaming.api.operators.AbstractStreamOperator.snapshotState(AbstractStreamOperator.java:427)
	at org.apache.flink.streaming.runtime.tasks.RegularOperatorChain.checkpointStreamOperator(RegularOperatorChain.java:228)
	at org.apache.flink.streaming.runtime.tasks.RegularOperatorChain.buildOperatorSnapshotFutures(RegularOperatorChain.java:213)
	at org.apache.flink.streaming.runtime.tasks.RegularOperatorChain.snapshotState(RegularOperatorChain.java:192)
	at org.apache.flink.streaming.runtime.tasks.SubtaskCheckpointCoordinatorImpl.takeSnapshotSync(SubtaskCheckpointCoordinatorImpl.java:751)
	at org.apache.flink.streaming.runtime.tasks.SubtaskCheckpointCoordinatorImpl.checkpointState(SubtaskCheckpointCoordinatorImpl.java:362)
	at org.apache.flink.streaming.runtime.tasks.StreamTask.lambda$performCheckpoint$21(StreamTask.java:1672)
	at org.apache.flink.streaming.runtime.tasks.StreamTaskActionExecutor$1.runThrowing(StreamTaskActionExecutor.java:50)
	at org.apache.flink.streaming.runtime.tasks.StreamTask.performCheckpoint(StreamTask.java:1660)
	at org.apache.flink.streaming.runtime.tasks.StreamTask.triggerCheckpointOnBarrier(StreamTask.java:1617)
	... 21 more
Caused by: org.apache.flink.test.checkpointing.UnalignedCheckpointTestBase$TestException: Failing snapshotState @ 5 (0 attempt); last value 109217
	at org.apache.flink.test.checkpointing.UnalignedCheckpointTestBase$FailingMapper.failMapper(UnalignedCheckpointTestBase.java:954)
	at org.apache.flink.test.checkpointing.UnalignedCheckpointTestBase$FailingMapper.checkFail(UnalignedCheckpointTestBase.java:949)
	at org.apache.flink.test.checkpointing.UnalignedCheckpointTestBase$FailingMapper.snapshotState(UnalignedCheckpointTestBase.java:977)
	at org.apache.flink.streaming.util.functions.StreamingFunctionUtils.trySnapshotFunctionState(StreamingFunctionUtils.java:118)
	at org.apache.flink.streaming.util.functions.StreamingFunctionUtils.snapshotFunctionState(StreamingFunctionUtils.java:99)
	at org.apache.flink.streaming.api.operators.AbstractUdfStreamOperator.snapshotState(AbstractUdfStreamOperator.java:104)
	at org.apache.flink.streaming.api.operators.StreamOperatorStateHandler.snapshotState(StreamOperatorStateHandler.java:261)
	... 32 more
59403 [72d2f2102094885a0a6022bf82208c93] AsyncCheckpointRunnable [AsyncOperations-thread-1] INFO  rescale0 (1/4)#0 - asynchronous part of checkpoint 6 could not be completed.
java.util.concurrent.ExecutionException: org.apache.flink.runtime.checkpoint.CheckpointException: The checkpoint was aborted due to exception of other subtasks sharing the ChannelState file.
	at java.base/java.util.concurrent.CompletableFuture.reportGet(CompletableFuture.java:395)
	at java.base/java.util.concurrent.CompletableFuture.get(CompletableFuture.java:2005)
	at org.apache.flink.streaming.api.operators.OperatorSnapshotFinalizer.create(OperatorSnapshotFinalizer.java:66)
	at org.apache.flink.streaming.runtime.tasks.AsyncCheckpointRunnable.finalizeNonFinishedSnapshots(AsyncCheckpointRunnable.java:192)
	at org.apache.flink.streaming.runtime.tasks.AsyncCheckpointRunnable.run(AsyncCheckpointRunnable.java:124)
	at org.apache.flink.util.MdcUtils.lambda$wrapRunnable$1(MdcUtils.java:70)
	at java.base/java.util.concurrent.ThreadPoolExecutor.runWorker(ThreadPoolExecutor.java:1128)
	at java.base/java.util.concurrent.ThreadPoolExecutor$Worker.run(ThreadPoolExecutor.java:628)
	at java.base/java.lang.Thread.run(Thread.java:829)
Caused by: org.apache.flink.runtime.checkpoint.CheckpointException: The checkpoint was aborted due to exception of other subtasks sharing the ChannelState file.
	at org.apache.flink.runtime.checkpoint.channel.ChannelStateCheckpointWriter.fail(ChannelStateCheckpointWriter.java:339)
	at org.apache.flink.runtime.checkpoint.channel.ChannelStateWriteRequestDispatcherImpl.failAndClearWriter(ChannelStateWriteRequestDispatcherImpl.java:210)
	at org.apache.flink.runtime.checkpoint.channel.ChannelStateWriteRequestDispatcherImpl.handleCheckpointAbortRequest(ChannelStateWriteRequestDispatcherImpl.java:187)
	at org.apache.flink.runtime.checkpoint.channel.ChannelStateWriteRequestDispatcherImpl.dispatchInternal(ChannelStateWriteRequestDispatcherImpl.java:127)
	at org.apache.flink.runtime.checkpoint.channel.ChannelStateWriteRequestDispatcherImpl.dispatch(ChannelStateWriteRequestDispatcherImpl.java:92)
	at org.apache.flink.runtime.checkpoint.channel.ChannelStateWriteRequestExecutorImpl.loop(ChannelStateWriteRequestExecutorImpl.java:182)
	at org.apache.flink.runtime.checkpoint.channel.ChannelStateWriteRequestExecutorImpl.run(ChannelStateWriteRequestExecutorImpl.java:136)
	... 1 more
Caused by: org.apache.flink.runtime.checkpoint.CheckpointException: Could not complete snapshot 6 for operator failing-map (1/3)#0. Failure reason: Checkpoint was declined.
	at org.apache.flink.streaming.api.operators.StreamOperatorStateHandler.snapshotState(StreamOperatorStateHandler.java:318)
	at org.apache.flink.streaming.api.operators.StreamOperatorStateHandler.snapshotState(StreamOperatorStateHandler.java:202)
	at org.apache.flink.streaming.api.operators.AbstractStreamOperator.snapshotState(AbstractStreamOperator.java:427)
	at org.apache.flink.streaming.runtime.tasks.RegularOperatorChain.checkpointStreamOperator(RegularOperatorChain.java:228)
	at org.apache.flink.streaming.runtime.tasks.RegularOperatorChain.buildOperatorSnapshotFutures(RegularOperatorChain.java:213)
	at org.apache.flink.streaming.runtime.tasks.RegularOperatorChain.snapshotState(RegularOperatorChain.java:192)
	at org.apache.flink.streaming.runtime.tasks.SubtaskCheckpointCoordinatorImpl.takeSnapshotSync(SubtaskCheckpointCoordinatorImpl.java:751)
	at org.apache.flink.streaming.runtime.tasks.SubtaskCheckpointCoordinatorImpl.checkpointState(SubtaskCheckpointCoordinatorImpl.java:362)
	at org.apache.flink.streaming.runtime.tasks.StreamTask.lambda$performCheckpoint$21(StreamTask.java:1672)
	at org.apache.flink.streaming.runtime.tasks.StreamTaskActionExecutor$1.runThrowing(StreamTaskActionExecutor.java:50)
	at org.apache.flink.streaming.runtime.tasks.StreamTask.performCheckpoint(StreamTask.java:1660)
	at org.apache.flink.streaming.runtime.tasks.StreamTask.triggerCheckpointOnBarrier(StreamTask.java:1617)
	at org.apache.flink.streaming.runtime.io.checkpointing.CheckpointBarrierHandler.notifyCheckpoint(CheckpointBarrierHandler.java:147)
	at org.apache.flink.streaming.runtime.io.checkpointing.SingleCheckpointBarrierHandler.triggerCheckpoint(SingleCheckpointBarrierHandler.java:302)
	at org.apache.flink.streaming.runtime.io.checkpointing.SingleCheckpointBarrierHandler$ControllerImpl.triggerGlobalCheckpoint(SingleCheckpointBarrierHandler.java:503)
	at org.apache.flink.streaming.runtime.io.checkpointing.AlternatingWaitingForFirstBarrierUnaligned.barrierReceived(AlternatingWaitingForFirstBarrierUnaligned.java:79)
	at org.apache.flink.streaming.runtime.io.checkpointing.AbstractAlternatingAlignedBarrierHandlerState.barrierReceived(AbstractAlternatingAlignedBarrierHandlerState.java:56)
	at org.apache.flink.streaming.runtime.io.checkpointing.SingleCheckpointBarrierHandler.lambda$processBarrier$2(SingleCheckpointBarrierHandler.java:249)
	at org.apache.flink.streaming.runtime.io.checkpointing.SingleCheckpointBarrierHandler.markCheckpointAlignedAndTransformState(SingleCheckpointBarrierHandler.java:277)
	at org.apache.flink.streaming.runtime.io.checkpointing.SingleCheckpointBarrierHandler.processBarrier(SingleCheckpointBarrierHandler.java:246)
	at org.apache.flink.streaming.runtime.io.checkpointing.CheckpointedInputGate.handleEvent(CheckpointedInputGate.java:182)
	at org.apache.flink.streaming.runtime.io.checkpointing.CheckpointedInputGate.pollNext(CheckpointedInputGate.java:160)
	at org.apache.flink.streaming.runtime.io.AbstractStreamTaskNetworkInput.emitNext(AbstractStreamTaskNetworkInput.java:178)
	at org.apache.flink.streaming.runtime.io.StreamOneInputProcessor.processInput(StreamOneInputProcessor.java:65)
	at org.apache.flink.streaming.runtime.tasks.StreamTask.processInput(StreamTask.java:672)
	at org.apache.flink.streaming.runtime.tasks.mailbox.MailboxProcessor.runMailboxLoop(MailboxProcessor.java:231)
	at org.apache.flink.streaming.runtime.tasks.StreamTask.runMailboxLoop(StreamTask.java:1201)
	at org.apache.flink.streaming.runtime.tasks.StreamTask.invoke(StreamTask.java:1138)
	at org.apache.flink.runtime.taskmanager.Task.runWithSystemExitMonitoring(Task.java:987)
	at org.apache.flink.runtime.taskmanager.Task.restoreAndInvoke(Task.java:969)
	at org.apache.flink.runtime.taskmanager.Task.doRun(Task.java:774)
	at org.apache.flink.runtime.taskmanager.Task.run(Task.java:579)
	... 1 more
Caused by: org.apache.flink.test.checkpointing.UnalignedCheckpointTestBase$TestException: Failing snapshotState @ 5 (0 attempt); last value 109217
	at org.apache.flink.test.checkpointing.UnalignedCheckpointTestBase$FailingMapper.failMapper(UnalignedCheckpointTestBase.java:954)
	at org.apache.flink.test.checkpointing.UnalignedCheckpointTestBase$FailingMapper.checkFail(UnalignedCheckpointTestBase.java:949)
	at org.apache.flink.test.checkpointing.UnalignedCheckpointTestBase$FailingMapper.snapshotState(UnalignedCheckpointTestBase.java:977)
	at org.apache.flink.streaming.util.functions.StreamingFunctionUtils.trySnapshotFunctionState(StreamingFunctionUtils.java:118)
	at org.apache.flink.streaming.util.functions.StreamingFunctionUtils.snapshotFunctionState(StreamingFunctionUtils.java:99)
	at org.apache.flink.streaming.api.operators.AbstractUdfStreamOperator.snapshotState(AbstractUdfStreamOperator.java:104)
	at org.apache.flink.streaming.api.operators.StreamOperatorStateHandler.snapshotState(StreamOperatorStateHandler.java:261)
	... 32 more
59420 [72d2f2102094885a0a6022bf82208c93] KryoSerializer [AsyncOperations-thread-1] INFO  Legacy kryo serializer scala extensions are not available.
59420 [72d2f2102094885a0a6022bf82208c93] KryoSerializer [AsyncOperations-thread-1] INFO  Kryo serializer scala extensions are not available.
59421 [72d2f2102094885a0a6022bf82208c93] Task [failing-map (1/3)#0] INFO  Freeing task resources for failing-map (1/3)#0 (bd67806bab9fab04288360ffc130ea03_b8c789ec3a44294cb45da029ffe0e6fd_0_0).
59403 [72d2f2102094885a0a6022bf82208c93] AsyncCheckpointRunnable [AsyncOperations-thread-1] INFO  keyby0 (3/3)#0 - asynchronous part of checkpoint 6 could not be completed.
java.util.concurrent.ExecutionException: org.apache.flink.runtime.checkpoint.CheckpointException: The checkpoint was aborted due to exception of other subtasks sharing the ChannelState file.
	at java.base/java.util.concurrent.CompletableFuture.reportGet(CompletableFuture.java:395)
	at java.base/java.util.concurrent.CompletableFuture.get(CompletableFuture.java:2005)
	at org.apache.flink.streaming.api.operators.OperatorSnapshotFinalizer.create(OperatorSnapshotFinalizer.java:66)
	at org.apache.flink.streaming.runtime.tasks.AsyncCheckpointRunnable.finalizeNonFinishedSnapshots(AsyncCheckpointRunnable.java:192)
	at org.apache.flink.streaming.runtime.tasks.AsyncCheckpointRunnable.run(AsyncCheckpointRunnable.java:124)
	at org.apache.flink.util.MdcUtils.lambda$wrapRunnable$1(MdcUtils.java:70)
	at java.base/java.util.concurrent.ThreadPoolExecutor.runWorker(ThreadPoolExecutor.java:1128)
	at java.base/java.util.concurrent.ThreadPoolExecutor$Worker.run(ThreadPoolExecutor.java:628)
	at java.base/java.lang.Thread.run(Thread.java:829)
Caused by: org.apache.flink.runtime.checkpoint.CheckpointException: The checkpoint was aborted due to exception of other subtasks sharing the ChannelState file.
	at org.apache.flink.runtime.checkpoint.channel.ChannelStateCheckpointWriter.fail(ChannelStateCheckpointWriter.java:339)
	at org.apache.flink.runtime.checkpoint.channel.ChannelStateWriteRequestDispatcherImpl.failAndClearWriter(ChannelStateWriteRequestDispatcherImpl.java:210)
	at org.apache.flink.runtime.checkpoint.channel.ChannelStateWriteRequestDispatcherImpl.handleCheckpointAbortRequest(ChannelStateWriteRequestDispatcherImpl.java:187)
	at org.apache.flink.runtime.checkpoint.channel.ChannelStateWriteRequestDispatcherImpl.dispatchInternal(ChannelStateWriteRequestDispatcherImpl.java:127)
	at org.apache.flink.runtime.checkpoint.channel.ChannelStateWriteRequestDispatcherImpl.dispatch(ChannelStateWriteRequestDispatcherImpl.java:92)
	at org.apache.flink.runtime.checkpoint.channel.ChannelStateWriteRequestExecutorImpl.loop(ChannelStateWriteRequestExecutorImpl.java:182)
	at org.apache.flink.runtime.checkpoint.channel.ChannelStateWriteRequestExecutorImpl.run(ChannelStateWriteRequestExecutorImpl.java:136)
	... 1 more
Caused by: org.apache.flink.runtime.checkpoint.CheckpointException: Could not complete snapshot 6 for operator failing-map (1/3)#0. Failure reason: Checkpoint was declined.
	at org.apache.flink.streaming.api.operators.StreamOperatorStateHandler.snapshotState(StreamOperatorStateHandler.java:318)
	at org.apache.flink.streaming.api.operators.StreamOperatorStateHandler.snapshotState(StreamOperatorStateHandler.java:202)
	at org.apache.flink.streaming.api.operators.AbstractStreamOperator.snapshotState(AbstractStreamOperator.java:427)
	at org.apache.flink.streaming.runtime.tasks.RegularOperatorChain.checkpointStreamOperator(RegularOperatorChain.java:228)
	at org.apache.flink.streaming.runtime.tasks.RegularOperatorChain.buildOperatorSnapshotFutures(RegularOperatorChain.java:213)
	at org.apache.flink.streaming.runtime.tasks.RegularOperatorChain.snapshotState(RegularOperatorChain.java:192)
	at org.apache.flink.streaming.runtime.tasks.SubtaskCheckpointCoordinatorImpl.takeSnapshotSync(SubtaskCheckpointCoordinatorImpl.java:751)
	at org.apache.flink.streaming.runtime.tasks.SubtaskCheckpointCoordinatorImpl.checkpointState(SubtaskCheckpointCoordinatorImpl.java:362)
	at org.apache.flink.streaming.runtime.tasks.StreamTask.lambda$performCheckpoint$21(StreamTask.java:1672)
	at org.apache.flink.streaming.runtime.tasks.StreamTaskActionExecutor$1.runThrowing(StreamTaskActionExecutor.java:50)
	at org.apache.flink.streaming.runtime.tasks.StreamTask.performCheckpoint(StreamTask.java:1660)
	at org.apache.flink.streaming.runtime.tasks.StreamTask.triggerCheckpointOnBarrier(StreamTask.java:1617)
	at org.apache.flink.streaming.runtime.io.checkpointing.CheckpointBarrierHandler.notifyCheckpoint(CheckpointBarrierHandler.java:147)
	at org.apache.flink.streaming.runtime.io.checkpointing.SingleCheckpointBarrierHandler.triggerCheckpoint(SingleCheckpointBarrierHandler.java:302)
	at org.apache.flink.streaming.runtime.io.checkpointing.SingleCheckpointBarrierHandler$ControllerImpl.triggerGlobalCheckpoint(SingleCheckpointBarrierHandler.java:503)
	at org.apache.flink.streaming.runtime.io.checkpointing.AlternatingWaitingForFirstBarrierUnaligned.barrierReceived(AlternatingWaitingForFirstBarrierUnaligned.java:79)
	at org.apache.flink.streaming.runtime.io.checkpointing.AbstractAlternatingAlignedBarrierHandlerState.barrierReceived(AbstractAlternatingAlignedBarrierHandlerState.java:56)
	at org.apache.flink.streaming.runtime.io.checkpointing.SingleCheckpointBarrierHandler.lambda$processBarrier$2(SingleCheckpointBarrierHandler.java:249)
	at org.apache.flink.streaming.runtime.io.checkpointing.SingleCheckpointBarrierHandler.markCheckpointAlignedAndTransformState(SingleCheckpointBarrierHandler.java:277)
	at org.apache.flink.streaming.runtime.io.checkpointing.SingleCheckpointBarrierHandler.processBarrier(SingleCheckpointBarrierHandler.java:246)
	at org.apache.flink.streaming.runtime.io.checkpointing.CheckpointedInputGate.handleEvent(CheckpointedInputGate.java:182)
	at org.apache.flink.streaming.runtime.io.checkpointing.CheckpointedInputGate.pollNext(CheckpointedInputGate.java:160)
	at org.apache.flink.streaming.runtime.io.AbstractStreamTaskNetworkInput.emitNext(AbstractStreamTaskNetworkInput.java:178)
	at org.apache.flink.streaming.runtime.io.StreamOneInputProcessor.processInput(StreamOneInputProcessor.java:65)
	at org.apache.flink.streaming.runtime.tasks.StreamTask.processInput(StreamTask.java:672)
	at org.apache.flink.streaming.runtime.tasks.mailbox.MailboxProcessor.runMailboxLoop(MailboxProcessor.java:231)
	at org.apache.flink.streaming.runtime.tasks.StreamTask.runMailboxLoop(StreamTask.java:1201)
	at org.apache.flink.streaming.runtime.tasks.StreamTask.invoke(StreamTask.java:1138)
	at org.apache.flink.runtime.taskmanager.Task.runWithSystemExitMonitoring(Task.java:987)
	at org.apache.flink.runtime.taskmanager.Task.restoreAndInvoke(Task.java:969)
	at org.apache.flink.runtime.taskmanager.Task.doRun(Task.java:774)
	at org.apache.flink.runtime.taskmanager.Task.run(Task.java:579)
	... 1 more
Caused by: org.apache.flink.test.checkpointing.UnalignedCheckpointTestBase$TestException: Failing snapshotState @ 5 (0 attempt); last value 109217
	at org.apache.flink.test.checkpointing.UnalignedCheckpointTestBase$FailingMapper.failMapper(UnalignedCheckpointTestBase.java:954)
	at org.apache.flink.test.checkpointing.UnalignedCheckpointTestBase$FailingMapper.checkFail(UnalignedCheckpointTestBase.java:949)
	at org.apache.flink.test.checkpointing.UnalignedCheckpointTestBase$FailingMapper.snapshotState(UnalignedCheckpointTestBase.java:977)
	at org.apache.flink.streaming.util.functions.StreamingFunctionUtils.trySnapshotFunctionState(StreamingFunctionUtils.java:118)
	at org.apache.flink.streaming.util.functions.StreamingFunctionUtils.snapshotFunctionState(StreamingFunctionUtils.java:99)
	at org.apache.flink.streaming.api.operators.AbstractUdfStreamOperator.snapshotState(AbstractUdfStreamOperator.java:104)
	at org.apache.flink.streaming.api.operators.StreamOperatorStateHandler.snapshotState(StreamOperatorStateHandler.java:261)
	... 32 more
59421 [                                ] TaskExecutor [flink-pekko.actor.default-dispatcher-10] INFO  Un-registering task and sending final execution state FAILED to JobManager for task failing-map (1/3)#0 bd67806bab9fab04288360ffc130ea03_b8c789ec3a44294cb45da029ffe0e6fd_0_0.
59422 [72d2f2102094885a0a6022bf82208c93] CheckpointCoordinator [jobmanager-io-thread-4] INFO  Decline checkpoint 6 by task bd67806bab9fab04288360ffc130ea03_7b4c6fe4c6df355e1ed86e978ba4a96e_0_0 of job 72d2f2102094885a0a6022bf82208c93 at 0a92b9c5-783c-47d2-903d-046bd2e6f2f4 @ localhost (dataPort=64534).
org.apache.flink.runtime.checkpoint.CheckpointException: org.apache.flink.runtime.checkpoint.CheckpointException: The checkpoint was aborted due to exception of other subtasks sharing the ChannelState file.
	at org.apache.flink.streaming.runtime.tasks.AsyncCheckpointRunnable.handleExecutionException(AsyncCheckpointRunnable.java:320)
	at org.apache.flink.streaming.runtime.tasks.AsyncCheckpointRunnable.run(AsyncCheckpointRunnable.java:155)
	at org.apache.flink.util.MdcUtils.lambda$wrapRunnable$1(MdcUtils.java:70)
	at java.base/java.util.concurrent.ThreadPoolExecutor.runWorker(ThreadPoolExecutor.java:1128)
	at java.base/java.util.concurrent.ThreadPoolExecutor$Worker.run(ThreadPoolExecutor.java:628)
	at java.base/java.lang.Thread.run(Thread.java:829)
Caused by: java.lang.Exception: java.lang.Exception: Could not materialize checkpoint 6 for operator rescale0 (1/4)#0.
	at org.apache.flink.streaming.runtime.tasks.AsyncCheckpointRunnable.handleExecutionException(AsyncCheckpointRunnable.java:298)
	... 5 more
Caused by: java.util.concurrent.ExecutionException: java.util.concurrent.ExecutionException: org.apache.flink.runtime.checkpoint.CheckpointException: The checkpoint was aborted due to exception of other subtasks sharing the ChannelState file.
	at java.base/java.util.concurrent.CompletableFuture.reportGet(CompletableFuture.java:395)
	at java.base/java.util.concurrent.CompletableFuture.get(CompletableFuture.java:2005)
	at org.apache.flink.streaming.api.operators.OperatorSnapshotFinalizer.create(OperatorSnapshotFinalizer.java:66)
	at org.apache.flink.streaming.runtime.tasks.AsyncCheckpointRunnable.finalizeNonFinishedSnapshots(AsyncCheckpointRunnable.java:192)
	at org.apache.flink.streaming.runtime.tasks.AsyncCheckpointRunnable.run(AsyncCheckpointRunnable.java:124)
	... 4 more
Caused by: org.apache.flink.runtime.checkpoint.CheckpointException: org.apache.flink.runtime.checkpoint.CheckpointException: The checkpoint was aborted due to exception of other subtasks sharing the ChannelState file.
	at org.apache.flink.runtime.checkpoint.channel.ChannelStateCheckpointWriter.fail(ChannelStateCheckpointWriter.java:339)
	at org.apache.flink.runtime.checkpoint.channel.ChannelStateWriteRequestDispatcherImpl.failAndClearWriter(ChannelStateWriteRequestDispatcherImpl.java:210)
	at org.apache.flink.runtime.checkpoint.channel.ChannelStateWriteRequestDispatcherImpl.handleCheckpointAbortRequest(ChannelStateWriteRequestDispatcherImpl.java:187)
	at org.apache.flink.runtime.checkpoint.channel.ChannelStateWriteRequestDispatcherImpl.dispatchInternal(ChannelStateWriteRequestDispatcherImpl.java:127)
	at org.apache.flink.runtime.checkpoint.channel.ChannelStateWriteRequestDispatcherImpl.dispatch(ChannelStateWriteRequestDispatcherImpl.java:92)
	at org.apache.flink.runtime.checkpoint.channel.ChannelStateWriteRequestExecutorImpl.loop(ChannelStateWriteRequestExecutorImpl.java:182)
	at org.apache.flink.runtime.checkpoint.channel.ChannelStateWriteRequestExecutorImpl.run(ChannelStateWriteRequestExecutorImpl.java:136)
	... 1 more
Caused by: org.apache.flink.runtime.checkpoint.CheckpointException: org.apache.flink.runtime.checkpoint.CheckpointException: Could not complete snapshot 6 for operator failing-map (1/3)#0. Failure reason: Checkpoint was declined.
	at org.apache.flink.streaming.api.operators.StreamOperatorStateHandler.snapshotState(StreamOperatorStateHandler.java:318)
	at org.apache.flink.streaming.api.operators.StreamOperatorStateHandler.snapshotState(StreamOperatorStateHandler.java:202)
	at org.apache.flink.streaming.api.operators.AbstractStreamOperator.snapshotState(AbstractStreamOperator.java:427)
	at org.apache.flink.streaming.runtime.tasks.RegularOperatorChain.checkpointStreamOperator(RegularOperatorChain.java:228)
	at org.apache.flink.streaming.runtime.tasks.RegularOperatorChain.buildOperatorSnapshotFutures(RegularOperatorChain.java:213)
	at org.apache.flink.streaming.runtime.tasks.RegularOperatorChain.snapshotState(RegularOperatorChain.java:192)
	at org.apache.flink.streaming.runtime.tasks.SubtaskCheckpointCoordinatorImpl.takeSnapshotSync(SubtaskCheckpointCoordinatorImpl.java:751)
	at org.apache.flink.streaming.runtime.tasks.SubtaskCheckpointCoordinatorImpl.checkpointState(SubtaskCheckpointCoordinatorImpl.java:362)
	at org.apache.flink.streaming.runtime.tasks.StreamTask.lambda$performCheckpoint$21(StreamTask.java:1672)
	at org.apache.flink.streaming.runtime.tasks.StreamTaskActionExecutor$1.runThrowing(StreamTaskActionExecutor.java:50)
	at org.apache.flink.streaming.runtime.tasks.StreamTask.performCheckpoint(StreamTask.java:1660)
	at org.apache.flink.streaming.runtime.tasks.StreamTask.triggerCheckpointOnBarrier(StreamTask.java:1617)
	at org.apache.flink.streaming.runtime.io.checkpointing.CheckpointBarrierHandler.notifyCheckpoint(CheckpointBarrierHandler.java:147)
	at org.apache.flink.streaming.runtime.io.checkpointing.SingleCheckpointBarrierHandler.triggerCheckpoint(SingleCheckpointBarrierHandler.java:302)
	at org.apache.flink.streaming.runtime.io.checkpointing.SingleCheckpointBarrierHandler$ControllerImpl.triggerGlobalCheckpoint(SingleCheckpointBarrierHandler.java:503)
	at org.apache.flink.streaming.runtime.io.checkpointing.AlternatingWaitingForFirstBarrierUnaligned.barrierReceived(AlternatingWaitingForFirstBarrierUnaligned.java:79)
	at org.apache.flink.streaming.runtime.io.checkpointing.AbstractAlternatingAlignedBarrierHandlerState.barrierReceived(AbstractAlternatingAlignedBarrierHandlerState.java:56)
	at org.apache.flink.streaming.runtime.io.checkpointing.SingleCheckpointBarrierHandler.lambda$processBarrier$2(SingleCheckpointBarrierHandler.java:249)
	at org.apache.flink.streaming.runtime.io.checkpointing.SingleCheckpointBarrierHandler.markCheckpointAlignedAndTransformState(SingleCheckpointBarrierHandler.java:277)
	at org.apache.flink.streaming.runtime.io.checkpointing.SingleCheckpointBarrierHandler.processBarrier(SingleCheckpointBarrierHandler.java:246)
	at org.apache.flink.streaming.runtime.io.checkpointing.CheckpointedInputGate.handleEvent(CheckpointedInputGate.java:182)
	at org.apache.flink.streaming.runtime.io.checkpointing.CheckpointedInputGate.pollNext(CheckpointedInputGate.java:160)
	at org.apache.flink.streaming.runtime.io.AbstractStreamTaskNetworkInput.emitNext(AbstractStreamTaskNetworkInput.java:178)
	at org.apache.flink.streaming.runtime.io.StreamOneInputProcessor.processInput(StreamOneInputProcessor.java:65)
	at org.apache.flink.streaming.runtime.tasks.StreamTask.processInput(StreamTask.java:672)
	at org.apache.flink.streaming.runtime.tasks.mailbox.MailboxProcessor.runMailboxLoop(MailboxProcessor.java:231)
	at org.apache.flink.streaming.runtime.tasks.StreamTask.runMailboxLoop(StreamTask.java:1201)
	at org.apache.flink.streaming.runtime.tasks.StreamTask.invoke(StreamTask.java:1138)
	at org.apache.flink.runtime.taskmanager.Task.runWithSystemExitMonitoring(Task.java:987)
	at org.apache.flink.runtime.taskmanager.Task.restoreAndInvoke(Task.java:969)
	at org.apache.flink.runtime.taskmanager.Task.doRun(Task.java:774)
	at org.apache.flink.runtime.taskmanager.Task.run(Task.java:579)
	... 1 more
Caused by: org.apache.flink.test.checkpointing.UnalignedCheckpointTestBase$TestException: org.apache.flink.test.checkpointing.UnalignedCheckpointTestBase$TestException: Failing snapshotState @ 5 (0 attempt); last value 109217
	at org.apache.flink.test.checkpointing.UnalignedCheckpointTestBase$FailingMapper.failMapper(UnalignedCheckpointTestBase.java:954)
	at org.apache.flink.test.checkpointing.UnalignedCheckpointTestBase$FailingMapper.checkFail(UnalignedCheckpointTestBase.java:949)
	at org.apache.flink.test.checkpointing.UnalignedCheckpointTestBase$FailingMapper.snapshotState(UnalignedCheckpointTestBase.java:977)
	at org.apache.flink.streaming.util.functions.StreamingFunctionUtils.trySnapshotFunctionState(StreamingFunctionUtils.java:118)
	at org.apache.flink.streaming.util.functions.StreamingFunctionUtils.snapshotFunctionState(StreamingFunctionUtils.java:99)
	at org.apache.flink.streaming.api.operators.AbstractUdfStreamOperator.snapshotState(AbstractUdfStreamOperator.java:104)
	at org.apache.flink.streaming.api.operators.StreamOperatorStateHandler.snapshotState(StreamOperatorStateHandler.java:261)
	... 32 more
59403 [72d2f2102094885a0a6022bf82208c93] AsyncCheckpointRunnable [AsyncOperations-thread-1] INFO  keyby0 (1/3)#0 - asynchronous part of checkpoint 6 could not be completed.
java.util.concurrent.ExecutionException: org.apache.flink.runtime.checkpoint.CheckpointException: The checkpoint was aborted due to exception of other subtasks sharing the ChannelState file.
	at java.base/java.util.concurrent.CompletableFuture.reportGet(CompletableFuture.java:395)
	at java.base/java.util.concurrent.CompletableFuture.get(CompletableFuture.java:2005)
	at org.apache.flink.streaming.api.operators.OperatorSnapshotFinalizer.create(OperatorSnapshotFinalizer.java:66)
	at org.apache.flink.streaming.runtime.tasks.AsyncCheckpointRunnable.finalizeNonFinishedSnapshots(AsyncCheckpointRunnable.java:192)
	at org.apache.flink.streaming.runtime.tasks.AsyncCheckpointRunnable.run(AsyncCheckpointRunnable.java:124)
	at org.apache.flink.util.MdcUtils.lambda$wrapRunnable$1(MdcUtils.java:70)
	at java.base/java.util.concurrent.ThreadPoolExecutor.runWorker(ThreadPoolExecutor.java:1128)
	at java.base/java.util.concurrent.ThreadPoolExecutor$Worker.run(ThreadPoolExecutor.java:628)
	at java.base/java.lang.Thread.run(Thread.java:829)
Caused by: org.apache.flink.runtime.checkpoint.CheckpointException: The checkpoint was aborted due to exception of other subtasks sharing the ChannelState file.
	at org.apache.flink.runtime.checkpoint.channel.ChannelStateCheckpointWriter.fail(ChannelStateCheckpointWriter.java:339)
	at org.apache.flink.runtime.checkpoint.channel.ChannelStateWriteRequestDispatcherImpl.failAndClearWriter(ChannelStateWriteRequestDispatcherImpl.java:210)
	at org.apache.flink.runtime.checkpoint.channel.ChannelStateWriteRequestDispatcherImpl.handleCheckpointAbortRequest(ChannelStateWriteRequestDispatcherImpl.java:187)
	at org.apache.flink.runtime.checkpoint.channel.ChannelStateWriteRequestDispatcherImpl.dispatchInternal(ChannelStateWriteRequestDispatcherImpl.java:127)
	at org.apache.flink.runtime.checkpoint.channel.ChannelStateWriteRequestDispatcherImpl.dispatch(ChannelStateWriteRequestDispatcherImpl.java:92)
	at org.apache.flink.runtime.checkpoint.channel.ChannelStateWriteRequestExecutorImpl.loop(ChannelStateWriteRequestExecutorImpl.java:182)
	at org.apache.flink.runtime.checkpoint.channel.ChannelStateWriteRequestExecutorImpl.run(ChannelStateWriteRequestExecutorImpl.java:136)
	... 1 more
Caused by: org.apache.flink.runtime.checkpoint.CheckpointException: Could not complete snapshot 6 for operator failing-map (1/3)#0. Failure reason: Checkpoint was declined.
	at org.apache.flink.streaming.api.operators.StreamOperatorStateHandler.snapshotState(StreamOperatorStateHandler.java:318)
	at org.apache.flink.streaming.api.operators.StreamOperatorStateHandler.snapshotState(StreamOperatorStateHandler.java:202)
	at org.apache.flink.streaming.api.operators.AbstractStreamOperator.snapshotState(AbstractStreamOperator.java:427)
	at org.apache.flink.streaming.runtime.tasks.RegularOperatorChain.checkpointStreamOperator(RegularOperatorChain.java:228)
	at org.apache.flink.streaming.runtime.tasks.RegularOperatorChain.buildOperatorSnapshotFutures(RegularOperatorChain.java:213)
	at org.apache.flink.streaming.runtime.tasks.RegularOperatorChain.snapshotState(RegularOperatorChain.java:192)
	at org.apache.flink.streaming.runtime.tasks.SubtaskCheckpointCoordinatorImpl.takeSnapshotSync(SubtaskCheckpointCoordinatorImpl.java:751)
	at org.apache.flink.streaming.runtime.tasks.SubtaskCheckpointCoordinatorImpl.checkpointState(SubtaskCheckpointCoordinatorImpl.java:362)
	at org.apache.flink.streaming.runtime.tasks.StreamTask.lambda$performCheckpoint$21(StreamTask.java:1672)
	at org.apache.flink.streaming.runtime.tasks.StreamTaskActionExecutor$1.runThrowing(StreamTaskActionExecutor.java:50)
	at org.apache.flink.streaming.runtime.tasks.StreamTask.performCheckpoint(StreamTask.java:1660)
	at org.apache.flink.streaming.runtime.tasks.StreamTask.triggerCheckpointOnBarrier(StreamTask.java:1617)
	at org.apache.flink.streaming.runtime.io.checkpointing.CheckpointBarrierHandler.notifyCheckpoint(CheckpointBarrierHandler.java:147)
	at org.apache.flink.streaming.runtime.io.checkpointing.SingleCheckpointBarrierHandler.triggerCheckpoint(SingleCheckpointBarrierHandler.java:302)
	at org.apache.flink.streaming.runtime.io.checkpointing.SingleCheckpointBarrierHandler$ControllerImpl.triggerGlobalCheckpoint(SingleCheckpointBarrierHandler.java:503)
	at org.apache.flink.streaming.runtime.io.checkpointing.AlternatingWaitingForFirstBarrierUnaligned.barrierReceived(AlternatingWaitingForFirstBarrierUnaligned.java:79)
	at org.apache.flink.streaming.runtime.io.checkpointing.AbstractAlternatingAlignedBarrierHandlerState.barrierReceived(AbstractAlternatingAlignedBarrierHandlerState.java:56)
	at org.apache.flink.streaming.runtime.io.checkpointing.SingleCheckpointBarrierHandler.lambda$processBarrier$2(SingleCheckpointBarrierHandler.java:249)
	at org.apache.flink.streaming.runtime.io.checkpointing.SingleCheckpointBarrierHandler.markCheckpointAlignedAndTransformState(SingleCheckpointBarrierHandler.java:277)
	at org.apache.flink.streaming.runtime.io.checkpointing.SingleCheckpointBarrierHandler.processBarrier(SingleCheckpointBarrierHandler.java:246)
	at org.apache.flink.streaming.runtime.io.checkpointing.CheckpointedInputGate.handleEvent(CheckpointedInputGate.java:182)
	at org.apache.flink.streaming.runtime.io.checkpointing.CheckpointedInputGate.pollNext(CheckpointedInputGate.java:160)
	at org.apache.flink.streaming.runtime.io.AbstractStreamTaskNetworkInput.emitNext(AbstractStreamTaskNetworkInput.java:178)
	at org.apache.flink.streaming.runtime.io.StreamOneInputProcessor.processInput(StreamOneInputProcessor.java:65)
	at org.apache.flink.streaming.runtime.tasks.StreamTask.processInput(StreamTask.java:672)
	at org.apache.flink.streaming.runtime.tasks.mailbox.MailboxProcessor.runMailboxLoop(MailboxProcessor.java:231)
	at org.apache.flink.streaming.runtime.tasks.StreamTask.runMailboxLoop(StreamTask.java:1201)
	at org.apache.flink.streaming.runtime.tasks.StreamTask.invoke(StreamTask.java:1138)
	at org.apache.flink.runtime.taskmanager.Task.runWithSystemExitMonitoring(Task.java:987)
	at org.apache.flink.runtime.taskmanager.Task.restoreAndInvoke(Task.java:969)
	at org.apache.flink.runtime.taskmanager.Task.doRun(Task.java:774)
	at org.apache.flink.runtime.taskmanager.Task.run(Task.java:579)
	... 1 more
Caused by: org.apache.flink.test.checkpointing.UnalignedCheckpointTestBase$TestException: Failing snapshotState @ 5 (0 attempt); last value 109217
	at org.apache.flink.test.checkpointing.UnalignedCheckpointTestBase$FailingMapper.failMapper(UnalignedCheckpointTestBase.java:954)
	at org.apache.flink.test.checkpointing.UnalignedCheckpointTestBase$FailingMapper.checkFail(UnalignedCheckpointTestBase.java:949)
	at org.apache.flink.test.checkpointing.UnalignedCheckpointTestBase$FailingMapper.snapshotState(UnalignedCheckpointTestBase.java:977)
	at org.apache.flink.streaming.util.functions.StreamingFunctionUtils.trySnapshotFunctionState(StreamingFunctionUtils.java:118)
	at org.apache.flink.streaming.util.functions.StreamingFunctionUtils.snapshotFunctionState(StreamingFunctionUtils.java:99)
	at org.apache.flink.streaming.api.operators.AbstractUdfStreamOperator.snapshotState(AbstractUdfStreamOperator.java:104)
	at org.apache.flink.streaming.api.operators.StreamOperatorStateHandler.snapshotState(StreamOperatorStateHandler.java:261)
	... 32 more
59422 [72d2f2102094885a0a6022bf82208c93] ExecutionGraph [flink-pekko.actor.default-dispatcher-10] INFO  failing-map (1/3) (bd67806bab9fab04288360ffc130ea03_b8c789ec3a44294cb45da029ffe0e6fd_0_0) switched from RUNNING to FAILED on 0a92b9c5-783c-47d2-903d-046bd2e6f2f4 @ localhost (dataPort=64534).
java.io.IOException: Could not perform checkpoint 6 for operator failing-map (1/3)#0.
	at org.apache.flink.streaming.runtime.tasks.StreamTask.triggerCheckpointOnBarrier(StreamTask.java:1629)
	at org.apache.flink.streaming.runtime.io.checkpointing.CheckpointBarrierHandler.notifyCheckpoint(CheckpointBarrierHandler.java:147)
	at org.apache.flink.streaming.runtime.io.checkpointing.SingleCheckpointBarrierHandler.triggerCheckpoint(SingleCheckpointBarrierHandler.java:302)
	at org.apache.flink.streaming.runtime.io.checkpointing.SingleCheckpointBarrierHandler$ControllerImpl.triggerGlobalCheckpoint(SingleCheckpointBarrierHandler.java:503)
	at org.apache.flink.streaming.runtime.io.checkpointing.AlternatingWaitingForFirstBarrierUnaligned.barrierReceived(AlternatingWaitingForFirstBarrierUnaligned.java:79)
	at org.apache.flink.streaming.runtime.io.checkpointing.AbstractAlternatingAlignedBarrierHandlerState.barrierReceived(AbstractAlternatingAlignedBarrierHandlerState.java:56)
	at org.apache.flink.streaming.runtime.io.checkpointing.SingleCheckpointBarrierHandler.lambda$processBarrier$2(SingleCheckpointBarrierHandler.java:249)
	at org.apache.flink.streaming.runtime.io.checkpointing.SingleCheckpointBarrierHandler.markCheckpointAlignedAndTransformState(SingleCheckpointBarrierHandler.java:277)
	at org.apache.flink.streaming.runtime.io.checkpointing.SingleCheckpointBarrierHandler.processBarrier(SingleCheckpointBarrierHandler.java:246)
	at org.apache.flink.streaming.runtime.io.checkpointing.CheckpointedInputGate.handleEvent(CheckpointedInputGate.java:182)
	at org.apache.flink.streaming.runtime.io.checkpointing.CheckpointedInputGate.pollNext(CheckpointedInputGate.java:160)
	at org.apache.flink.streaming.runtime.io.AbstractStreamTaskNetworkInput.emitNext(AbstractStreamTaskNetworkInput.java:178)
	at org.apache.flink.streaming.runtime.io.StreamOneInputProcessor.processInput(StreamOneInputProcessor.java:65)
	at org.apache.flink.streaming.runtime.tasks.StreamTask.processInput(StreamTask.java:672)
	at org.apache.flink.streaming.runtime.tasks.mailbox.MailboxProcessor.runMailboxLoop(MailboxProcessor.java:231)
	at org.apache.flink.streaming.runtime.tasks.StreamTask.runMailboxLoop(StreamTask.java:1201)
	at org.apache.flink.streaming.runtime.tasks.StreamTask.invoke(StreamTask.java:1138)
	at org.apache.flink.runtime.taskmanager.Task.runWithSystemExitMonitoring(Task.java:987)
	at org.apache.flink.runtime.taskmanager.Task.restoreAndInvoke(Task.java:969)
	at org.apache.flink.runtime.taskmanager.Task.doRun(Task.java:774)
	at org.apache.flink.runtime.taskmanager.Task.run(Task.java:579)
	at java.base/java.lang.Thread.run(Thread.java:829)
Caused by: org.apache.flink.runtime.checkpoint.CheckpointException: Could not complete snapshot 6 for operator failing-map (1/3)#0. Failure reason: Checkpoint was declined.
	at org.apache.flink.streaming.api.operators.StreamOperatorStateHandler.snapshotState(StreamOperatorStateHandler.java:318)
	at org.apache.flink.streaming.api.operators.StreamOperatorStateHandler.snapshotState(StreamOperatorStateHandler.java:202)
	at org.apache.flink.streaming.api.operators.AbstractStreamOperator.snapshotState(AbstractStreamOperator.java:427)
	at org.apache.flink.streaming.runtime.tasks.RegularOperatorChain.checkpointStreamOperator(RegularOperatorChain.java:228)
	at org.apache.flink.streaming.runtime.tasks.RegularOperatorChain.buildOperatorSnapshotFutures(RegularOperatorChain.java:213)
	at org.apache.flink.streaming.runtime.tasks.RegularOperatorChain.snapshotState(RegularOperatorChain.java:192)
	at org.apache.flink.streaming.runtime.tasks.SubtaskCheckpointCoordinatorImpl.takeSnapshotSync(SubtaskCheckpointCoordinatorImpl.java:751)
	at org.apache.flink.streaming.runtime.tasks.SubtaskCheckpointCoordinatorImpl.checkpointState(SubtaskCheckpointCoordinatorImpl.java:362)
	at org.apache.flink.streaming.runtime.tasks.StreamTask.lambda$performCheckpoint$21(StreamTask.java:1672)
	at org.apache.flink.streaming.runtime.tasks.StreamTaskActionExecutor$1.runThrowing(StreamTaskActionExecutor.java:50)
	at org.apache.flink.streaming.runtime.tasks.StreamTask.performCheckpoint(StreamTask.java:1660)
	at org.apache.flink.streaming.runtime.tasks.StreamTask.triggerCheckpointOnBarrier(StreamTask.java:1617)
	... 21 more
Caused by: org.apache.flink.test.checkpointing.UnalignedCheckpointTestBase$TestException: Failing snapshotState @ 5 (0 attempt); last value 109217
	at org.apache.flink.test.checkpointing.UnalignedCheckpointTestBase$FailingMapper.failMapper(UnalignedCheckpointTestBase.java:954)
	at org.apache.flink.test.checkpointing.UnalignedCheckpointTestBase$FailingMapper.checkFail(UnalignedCheckpointTestBase.java:949)
	at org.apache.flink.test.checkpointing.UnalignedCheckpointTestBase$FailingMapper.snapshotState(UnalignedCheckpointTestBase.java:977)
	at org.apache.flink.streaming.util.functions.StreamingFunctionUtils.trySnapshotFunctionState(StreamingFunctionUtils.java:118)
	at org.apache.flink.streaming.util.functions.StreamingFunctionUtils.snapshotFunctionState(StreamingFunctionUtils.java:99)
	at org.apache.flink.streaming.api.operators.AbstractUdfStreamOperator.snapshotState(AbstractUdfStreamOperator.java:104)
	at org.apache.flink.streaming.api.operators.StreamOperatorStateHandler.snapshotState(StreamOperatorStateHandler.java:261)
	... 32 more
59422 [72d2f2102094885a0a6022bf82208c93] ExecutionTrackingCheckpointCoordinatorDeActivator [flink-pekko.actor.default-dispatcher-10] INFO  Stopping checkpoint scheduler, current job status: RUNNING
59403 [72d2f2102094885a0a6022bf82208c93] AsyncCheckpointRunnable [AsyncOperations-thread-1] INFO  rescale0 (4/4)#0 - asynchronous part of checkpoint 6 could not be completed.
java.util.concurrent.ExecutionException: org.apache.flink.runtime.checkpoint.CheckpointException: The checkpoint was aborted due to exception of other subtasks sharing the ChannelState file.
	at java.base/java.util.concurrent.CompletableFuture.reportGet(CompletableFuture.java:395)
	at java.base/java.util.concurrent.CompletableFuture.get(CompletableFuture.java:2005)
	at org.apache.flink.streaming.api.operators.OperatorSnapshotFinalizer.create(OperatorSnapshotFinalizer.java:66)
	at org.apache.flink.streaming.runtime.tasks.AsyncCheckpointRunnable.finalizeNonFinishedSnapshots(AsyncCheckpointRunnable.java:192)
	at org.apache.flink.streaming.runtime.tasks.AsyncCheckpointRunnable.run(AsyncCheckpointRunnable.java:124)
	at org.apache.flink.util.MdcUtils.lambda$wrapRunnable$1(MdcUtils.java:70)
	at java.base/java.util.concurrent.ThreadPoolExecutor.runWorker(ThreadPoolExecutor.java:1128)
	at java.base/java.util.concurrent.ThreadPoolExecutor$Worker.run(ThreadPoolExecutor.java:628)
	at java.base/java.lang.Thread.run(Thread.java:829)
Caused by: org.apache.flink.runtime.checkpoint.CheckpointException: The checkpoint was aborted due to exception of other subtasks sharing the ChannelState file.
	at org.apache.flink.runtime.checkpoint.channel.ChannelStateCheckpointWriter.fail(ChannelStateCheckpointWriter.java:339)
	at org.apache.flink.runtime.checkpoint.channel.ChannelStateWriteRequestDispatcherImpl.failAndClearWriter(ChannelStateWriteRequestDispatcherImpl.java:210)
	at org.apache.flink.runtime.checkpoint.channel.ChannelStateWriteRequestDispatcherImpl.handleCheckpointAbortRequest(ChannelStateWriteRequestDispatcherImpl.java:187)
	at org.apache.flink.runtime.checkpoint.channel.ChannelStateWriteRequestDispatcherImpl.dispatchInternal(ChannelStateWriteRequestDispatcherImpl.java:127)
	at org.apache.flink.runtime.checkpoint.channel.ChannelStateWriteRequestDispatcherImpl.dispatch(ChannelStateWriteRequestDispatcherImpl.java:92)
	at org.apache.flink.runtime.checkpoint.channel.ChannelStateWriteRequestExecutorImpl.loop(ChannelStateWriteRequestExecutorImpl.java:182)
	at org.apache.flink.runtime.checkpoint.channel.ChannelStateWriteRequestExecutorImpl.run(ChannelStateWriteRequestExecutorImpl.java:136)
	... 1 more
Caused by: org.apache.flink.runtime.checkpoint.CheckpointException: Could not complete snapshot 6 for operator failing-map (1/3)#0. Failure reason: Checkpoint was declined.
	at org.apache.flink.streaming.api.operators.StreamOperatorStateHandler.snapshotState(StreamOperatorStateHandler.java:318)
	at org.apache.flink.streaming.api.operators.StreamOperatorStateHandler.snapshotState(StreamOperatorStateHandler.java:202)
	at org.apache.flink.streaming.api.operators.AbstractStreamOperator.snapshotState(AbstractStreamOperator.java:427)
	at org.apache.flink.streaming.runtime.tasks.RegularOperatorChain.checkpointStreamOperator(RegularOperatorChain.java:228)
	at org.apache.flink.streaming.runtime.tasks.RegularOperatorChain.buildOperatorSnapshotFutures(RegularOperatorChain.java:213)
	at org.apache.flink.streaming.runtime.tasks.RegularOperatorChain.snapshotState(RegularOperatorChain.java:192)
	at org.apache.flink.streaming.runtime.tasks.SubtaskCheckpointCoordinatorImpl.takeSnapshotSync(SubtaskCheckpointCoordinatorImpl.java:751)
	at org.apache.flink.streaming.runtime.tasks.SubtaskCheckpointCoordinatorImpl.checkpointState(SubtaskCheckpointCoordinatorImpl.java:362)
	at org.apache.flink.streaming.runtime.tasks.StreamTask.lambda$performCheckpoint$21(StreamTask.java:1672)
	at org.apache.flink.streaming.runtime.tasks.StreamTaskActionExecutor$1.runThrowing(StreamTaskActionExecutor.java:50)
	at org.apache.flink.streaming.runtime.tasks.StreamTask.performCheckpoint(StreamTask.java:1660)
	at org.apache.flink.streaming.runtime.tasks.StreamTask.triggerCheckpointOnBarrier(StreamTask.java:1617)
	at org.apache.flink.streaming.runtime.io.checkpointing.CheckpointBarrierHandler.notifyCheckpoint(CheckpointBarrierHandler.java:147)
	at org.apache.flink.streaming.runtime.io.checkpointing.SingleCheckpointBarrierHandler.triggerCheckpoint(SingleCheckpointBarrierHandler.java:302)
	at org.apache.flink.streaming.runtime.io.checkpointing.SingleCheckpointBarrierHandler$ControllerImpl.triggerGlobalCheckpoint(SingleCheckpointBarrierHandler.java:503)
	at org.apache.flink.streaming.runtime.io.checkpointing.AlternatingWaitingForFirstBarrierUnaligned.barrierReceived(AlternatingWaitingForFirstBarrierUnaligned.java:79)
	at org.apache.flink.streaming.runtime.io.checkpointing.AbstractAlternatingAlignedBarrierHandlerState.barrierReceived(AbstractAlternatingAlignedBarrierHandlerState.java:56)
	at org.apache.flink.streaming.runtime.io.checkpointing.SingleCheckpointBarrierHandler.lambda$processBarrier$2(SingleCheckpointBarrierHandler.java:249)
	at org.apache.flink.streaming.runtime.io.checkpointing.SingleCheckpointBarrierHandler.markCheckpointAlignedAndTransformState(SingleCheckpointBarrierHandler.java:277)
	at org.apache.flink.streaming.runtime.io.checkpointing.SingleCheckpointBarrierHandler.processBarrier(SingleCheckpointBarrierHandler.java:246)
	at org.apache.flink.streaming.runtime.io.checkpointing.CheckpointedInputGate.handleEvent(CheckpointedInputGate.java:182)
	at org.apache.flink.streaming.runtime.io.checkpointing.CheckpointedInputGate.pollNext(CheckpointedInputGate.java:160)
	at org.apache.flink.streaming.runtime.io.AbstractStreamTaskNetworkInput.emitNext(AbstractStreamTaskNetworkInput.java:178)
	at org.apache.flink.streaming.runtime.io.StreamOneInputProcessor.processInput(StreamOneInputProcessor.java:65)
	at org.apache.flink.streaming.runtime.tasks.StreamTask.processInput(StreamTask.java:672)
	at org.apache.flink.streaming.runtime.tasks.mailbox.MailboxProcessor.runMailboxLoop(MailboxProcessor.java:231)
	at org.apache.flink.streaming.runtime.tasks.StreamTask.runMailboxLoop(StreamTask.java:1201)
	at org.apache.flink.streaming.runtime.tasks.StreamTask.invoke(StreamTask.java:1138)
	at org.apache.flink.runtime.taskmanager.Task.runWithSystemExitMonitoring(Task.java:987)
	at org.apache.flink.runtime.taskmanager.Task.restoreAndInvoke(Task.java:969)
	at org.apache.flink.runtime.taskmanager.Task.doRun(Task.java:774)
	at org.apache.flink.runtime.taskmanager.Task.run(Task.java:579)
	... 1 more
Caused by: org.apache.flink.test.checkpointing.UnalignedCheckpointTestBase$TestException: Failing snapshotState @ 5 (0 attempt); last value 109217
	at org.apache.flink.test.checkpointing.UnalignedCheckpointTestBase$FailingMapper.failMapper(UnalignedCheckpointTestBase.java:954)
	at org.apache.flink.test.checkpointing.UnalignedCheckpointTestBase$FailingMapper.checkFail(UnalignedCheckpointTestBase.java:949)
	at org.apache.flink.test.checkpointing.UnalignedCheckpointTestBase$FailingMapper.snapshotState(UnalignedCheckpointTestBase.java:977)
	at org.apache.flink.streaming.util.functions.StreamingFunctionUtils.trySnapshotFunctionState(StreamingFunctionUtils.java:118)
	at org.apache.flink.streaming.util.functions.StreamingFunctionUtils.snapshotFunctionState(StreamingFunctionUtils.java:99)
	at org.apache.flink.streaming.api.operators.AbstractUdfStreamOperator.snapshotState(AbstractUdfStreamOperator.java:104)
	at org.apache.flink.streaming.api.operators.StreamOperatorStateHandler.snapshotState(StreamOperatorStateHandler.java:261)
	... 32 more
59422 [72d2f2102094885a0a6022bf82208c93] CheckpointFailureManager [jobmanager-io-thread-4] WARN  Failed to trigger or complete checkpoint 6 for job 72d2f2102094885a0a6022bf82208c93. (0 consecutive failed attempts so far)
org.apache.flink.runtime.checkpoint.CheckpointException: The checkpoint was aborted due to exception of other subtasks sharing the ChannelState file.
	at org.apache.flink.runtime.messages.checkpoint.SerializedCheckpointException.unwrap(SerializedCheckpointException.java:51)
	at org.apache.flink.runtime.checkpoint.CheckpointCoordinator.receiveDeclineMessage(CheckpointCoordinator.java:1140)
	at org.apache.flink.runtime.scheduler.ExecutionGraphHandler.lambda$declineCheckpoint$3(ExecutionGraphHandler.java:123)
	at org.apache.flink.runtime.scheduler.ExecutionGraphHandler.lambda$processCheckpointCoordinatorMessage$4(ExecutionGraphHandler.java:139)
	at org.apache.flink.util.MdcUtils.lambda$wrapRunnable$1(MdcUtils.java:70)
	at java.base/java.util.concurrent.ThreadPoolExecutor.runWorker(ThreadPoolExecutor.java:1128)
	at java.base/java.util.concurrent.ThreadPoolExecutor$Worker.run(ThreadPoolExecutor.java:628)
	at java.base/java.lang.Thread.run(Thread.java:829)
Caused by: org.apache.flink.runtime.checkpoint.CheckpointException: org.apache.flink.runtime.checkpoint.CheckpointException: The checkpoint was aborted due to exception of other subtasks sharing the ChannelState file.
	at org.apache.flink.streaming.runtime.tasks.AsyncCheckpointRunnable.handleExecutionException(AsyncCheckpointRunnable.java:320)
	at org.apache.flink.streaming.runtime.tasks.AsyncCheckpointRunnable.run(AsyncCheckpointRunnable.java:155)
	... 4 more
Caused by: java.lang.Exception: java.lang.Exception: Could not materialize checkpoint 6 for operator rescale0 (1/4)#0.
	at org.apache.flink.streaming.runtime.tasks.AsyncCheckpointRunnable.handleExecutionException(AsyncCheckpointRunnable.java:298)
	... 5 more
Caused by: java.util.concurrent.ExecutionException: java.util.concurrent.ExecutionException: org.apache.flink.runtime.checkpoint.CheckpointException: The checkpoint was aborted due to exception of other subtasks sharing the ChannelState file.
	at java.base/java.util.concurrent.CompletableFuture.reportGet(CompletableFuture.java:395)
	at java.base/java.util.concurrent.CompletableFuture.get(CompletableFuture.java:2005)
	at org.apache.flink.streaming.api.operators.OperatorSnapshotFinalizer.create(OperatorSnapshotFinalizer.java:66)
	at org.apache.flink.streaming.runtime.tasks.AsyncCheckpointRunnable.finalizeNonFinishedSnapshots(AsyncCheckpointRunnable.java:192)
	at org.apache.flink.streaming.runtime.tasks.AsyncCheckpointRunnable.run(AsyncCheckpointRunnable.java:124)
	... 4 more
Caused by: org.apache.flink.runtime.checkpoint.CheckpointException: org.apache.flink.runtime.checkpoint.CheckpointException: The checkpoint was aborted due to exception of other subtasks sharing the ChannelState file.
	at org.apache.flink.runtime.checkpoint.channel.ChannelStateCheckpointWriter.fail(ChannelStateCheckpointWriter.java:339)
	at org.apache.flink.runtime.checkpoint.channel.ChannelStateWriteRequestDispatcherImpl.failAndClearWriter(ChannelStateWriteRequestDispatcherImpl.java:210)
	at org.apache.flink.runtime.checkpoint.channel.ChannelStateWriteRequestDispatcherImpl.handleCheckpointAbortRequest(ChannelStateWriteRequestDispatcherImpl.java:187)
	at org.apache.flink.runtime.checkpoint.channel.ChannelStateWriteRequestDispatcherImpl.dispatchInternal(ChannelStateWriteRequestDispatcherImpl.java:127)
	at org.apache.flink.runtime.checkpoint.channel.ChannelStateWriteRequestDispatcherImpl.dispatch(ChannelStateWriteRequestDispatcherImpl.java:92)
	at org.apache.flink.runtime.checkpoint.channel.ChannelStateWriteRequestExecutorImpl.loop(ChannelStateWriteRequestExecutorImpl.java:182)
	at org.apache.flink.runtime.checkpoint.channel.ChannelStateWriteRequestExecutorImpl.run(ChannelStateWriteRequestExecutorImpl.java:136)
	... 1 more
Caused by: org.apache.flink.runtime.checkpoint.CheckpointException: org.apache.flink.runtime.checkpoint.CheckpointException: Could not complete snapshot 6 for operator failing-map (1/3)#0. Failure reason: Checkpoint was declined.
	at org.apache.flink.streaming.api.operators.StreamOperatorStateHandler.snapshotState(StreamOperatorStateHandler.java:318)
	at org.apache.flink.streaming.api.operators.StreamOperatorStateHandler.snapshotState(StreamOperatorStateHandler.java:202)
	at org.apache.flink.streaming.api.operators.AbstractStreamOperator.snapshotState(AbstractStreamOperator.java:427)
	at org.apache.flink.streaming.runtime.tasks.RegularOperatorChain.checkpointStreamOperator(RegularOperatorChain.java:228)
	at org.apache.flink.streaming.runtime.tasks.RegularOperatorChain.buildOperatorSnapshotFutures(RegularOperatorChain.java:213)
	at org.apache.flink.streaming.runtime.tasks.RegularOperatorChain.snapshotState(RegularOperatorChain.java:192)
	at org.apache.flink.streaming.runtime.tasks.SubtaskCheckpointCoordinatorImpl.takeSnapshotSync(SubtaskCheckpointCoordinatorImpl.java:751)
	at org.apache.flink.streaming.runtime.tasks.SubtaskCheckpointCoordinatorImpl.checkpointState(SubtaskCheckpointCoordinatorImpl.java:362)
	at org.apache.flink.streaming.runtime.tasks.StreamTask.lambda$performCheckpoint$21(StreamTask.java:1672)
	at org.apache.flink.streaming.runtime.tasks.StreamTaskActionExecutor$1.runThrowing(StreamTaskActionExecutor.java:50)
	at org.apache.flink.streaming.runtime.tasks.StreamTask.performCheckpoint(StreamTask.java:1660)
	at org.apache.flink.streaming.runtime.tasks.StreamTask.triggerCheckpointOnBarrier(StreamTask.java:1617)
	at org.apache.flink.streaming.runtime.io.checkpointing.CheckpointBarrierHandler.notifyCheckpoint(CheckpointBarrierHandler.java:147)
	at org.apache.flink.streaming.runtime.io.checkpointing.SingleCheckpointBarrierHandler.triggerCheckpoint(SingleCheckpointBarrierHandler.java:302)
	at org.apache.flink.streaming.runtime.io.checkpointing.SingleCheckpointBarrierHandler$ControllerImpl.triggerGlobalCheckpoint(SingleCheckpointBarrierHandler.java:503)
	at org.apache.flink.streaming.runtime.io.checkpointing.AlternatingWaitingForFirstBarrierUnaligned.barrierReceived(AlternatingWaitingForFirstBarrierUnaligned.java:79)
	at org.apache.flink.streaming.runtime.io.checkpointing.AbstractAlternatingAlignedBarrierHandlerState.barrierReceived(AbstractAlternatingAlignedBarrierHandlerState.java:56)
	at org.apache.flink.streaming.runtime.io.checkpointing.SingleCheckpointBarrierHandler.lambda$processBarrier$2(SingleCheckpointBarrierHandler.java:249)
	at org.apache.flink.streaming.runtime.io.checkpointing.SingleCheckpointBarrierHandler.markCheckpointAlignedAndTransformState(SingleCheckpointBarrierHandler.java:277)
	at org.apache.flink.streaming.runtime.io.checkpointing.SingleCheckpointBarrierHandler.processBarrier(SingleCheckpointBarrierHandler.java:246)
	at org.apache.flink.streaming.runtime.io.checkpointing.CheckpointedInputGate.handleEvent(CheckpointedInputGate.java:182)
	at org.apache.flink.streaming.runtime.io.checkpointing.CheckpointedInputGate.pollNext(CheckpointedInputGate.java:160)
	at org.apache.flink.streaming.runtime.io.AbstractStreamTaskNetworkInput.emitNext(AbstractStreamTaskNetworkInput.java:178)
	at org.apache.flink.streaming.runtime.io.StreamOneInputProcessor.processInput(StreamOneInputProcessor.java:65)
	at org.apache.flink.streaming.runtime.tasks.StreamTask.processInput(StreamTask.java:672)
	at org.apache.flink.streaming.runtime.tasks.mailbox.MailboxProcessor.runMailboxLoop(MailboxProcessor.java:231)
	at org.apache.flink.streaming.runtime.tasks.StreamTask.runMailboxLoop(StreamTask.java:1201)
	at org.apache.flink.streaming.runtime.tasks.StreamTask.invoke(StreamTask.java:1138)
	at org.apache.flink.runtime.taskmanager.Task.runWithSystemExitMonitoring(Task.java:987)
	at org.apache.flink.runtime.taskmanager.Task.restoreAndInvoke(Task.java:969)
	at org.apache.flink.runtime.taskmanager.Task.doRun(Task.java:774)
	at org.apache.flink.runtime.taskmanager.Task.run(Task.java:579)
	... 1 more
Caused by: org.apache.flink.test.checkpointing.UnalignedCheckpointTestBase$TestException: org.apache.flink.test.checkpointing.UnalignedCheckpointTestBase$TestException: Failing snapshotState @ 5 (0 attempt); last value 109217
	at org.apache.flink.test.checkpointing.UnalignedCheckpointTestBase$FailingMapper.failMapper(UnalignedCheckpointTestBase.java:954)
	at org.apache.flink.test.checkpointing.UnalignedCheckpointTestBase$FailingMapper.checkFail(UnalignedCheckpointTestBase.java:949)
	at org.apache.flink.test.checkpointing.UnalignedCheckpointTestBase$FailingMapper.snapshotState(UnalignedCheckpointTestBase.java:977)
	at org.apache.flink.streaming.util.functions.StreamingFunctionUtils.trySnapshotFunctionState(StreamingFunctionUtils.java:118)
	at org.apache.flink.streaming.util.functions.StreamingFunctionUtils.snapshotFunctionState(StreamingFunctionUtils.java:99)
	at org.apache.flink.streaming.api.operators.AbstractUdfStreamOperator.snapshotState(AbstractUdfStreamOperator.java:104)
	at org.apache.flink.streaming.api.operators.StreamOperatorStateHandler.snapshotState(StreamOperatorStateHandler.java:261)
	... 32 more
59423 [72d2f2102094885a0a6022bf82208c93] UnalignedCheckpointTestBase [Source: source0 -> input-filter0 -> input-counter0 (1/3)#0] INFO  Pumping until 2026-05-23T02:07:45.929418917 @ 0 subtask (0 attempt)
59423 [72d2f2102094885a0a6022bf82208c93] UnalignedCheckpointTestBase [Source: source0 -> input-filter0 -> input-counter0 (3/3)#0] INFO  Pumping until 2026-05-23T02:07:45.929445875 @ 2 subtask (0 attempt)
59423 [72d2f2102094885a0a6022bf82208c93] UnalignedCheckpointTestBase [Source: source0 -> input-filter0 -> input-counter0 (2/3)#0] INFO  Pumping until 2026-05-23T02:07:45.929465667 @ 1 subtask (0 attempt)
59423 [72d2f2102094885a0a6022bf82208c93] ExecutionGraph [flink-pekko.actor.default-dispatcher-10] INFO  Job Flink Streaming Job (72d2f2102094885a0a6022bf82208c93) switched from state RUNNING to FAILING.
org.apache.flink.runtime.JobException: Recovery is suppressed by FixedDelayRestartBackoffTimeStrategy(maxNumberRestartAttempts=0, backoffTimeMS=100)
	at org.apache.flink.runtime.executiongraph.failover.ExecutionFailureHandler.handleFailure(ExecutionFailureHandler.java:213)
	at org.apache.flink.runtime.executiongraph.failover.ExecutionFailureHandler.handleFailureAndReport(ExecutionFailureHandler.java:163)
	at org.apache.flink.runtime.executiongraph.failover.ExecutionFailureHandler.getFailureHandlingResult(ExecutionFailureHandler.java:118)
	at org.apache.flink.runtime.scheduler.DefaultScheduler.recordTaskFailure(DefaultScheduler.java:300)
	at org.apache.flink.runtime.scheduler.DefaultScheduler.handleTaskFailure(DefaultScheduler.java:291)
	at org.apache.flink.runtime.scheduler.DefaultScheduler.onTaskFailed(DefaultScheduler.java:284)
	at org.apache.flink.runtime.scheduler.SchedulerBase.onTaskExecutionStateUpdate(SchedulerBase.java:836)
	at org.apache.flink.runtime.scheduler.SchedulerBase.updateTaskExecutionState(SchedulerBase.java:813)
	at org.apache.flink.runtime.scheduler.SchedulerNG.updateTaskExecutionState(SchedulerNG.java:90)
	at org.apache.flink.runtime.jobmaster.JobMaster.updateTaskExecutionState(JobMaster.java:543)
	at jdk.internal.reflect.GeneratedMethodAccessor33.invoke(Unknown Source)
	at java.base/jdk.internal.reflect.DelegatingMethodAccessorImpl.invoke(DelegatingMethodAccessorImpl.java:43)
	at java.base/java.lang.reflect.Method.invoke(Method.java:566)
	at org.apache.flink.runtime.rpc.pekko.PekkoRpcActor.lambda$handleRpcInvocation$1(PekkoRpcActor.java:318)
	at org.apache.flink.runtime.concurrent.ClassLoadingUtils.runWithContextClassLoader(ClassLoadingUtils.java:83)
	at org.apache.flink.runtime.rpc.pekko.PekkoRpcActor.handleRpcInvocation(PekkoRpcActor.java:316)
	at org.apache.flink.runtime.rpc.pekko.PekkoRpcActor.handleRpcMessage(PekkoRpcActor.java:229)
	at org.apache.flink.runtime.rpc.pekko.FencedPekkoRpcActor.handleRpcMessage(FencedPekkoRpcActor.java:88)
	at org.apache.flink.runtime.rpc.pekko.PekkoRpcActor.handleMessage(PekkoRpcActor.java:174)
	at org.apache.pekko.japi.pf.UnitCaseStatement.apply(CaseStatements.scala:37)
	at org.apache.pekko.japi.pf.UnitCaseStatement.apply(CaseStatements.scala:33)
	at scala.PartialFunction.applyOrElse(PartialFunction.scala:127)
	at scala.PartialFunction.applyOrElse$(PartialFunction.scala:126)
	at org.apache.pekko.japi.pf.UnitCaseStatement.applyOrElse(CaseStatements.scala:33)
	at scala.PartialFunction$OrElse.applyOrElse(PartialFunction.scala:175)
	at scala.PartialFunction$OrElse.applyOrElse(PartialFunction.scala:176)
	at scala.PartialFunction$OrElse.applyOrElse(PartialFunction.scala:176)
	at org.apache.pekko.actor.Actor.aroundReceive(Actor.scala:547)
	at org.apache.pekko.actor.Actor.aroundReceive$(Actor.scala:545)
	at org.apache.pekko.actor.AbstractActor.aroundReceive(AbstractActor.scala:229)
	at org.apache.pekko.actor.ActorCell.receiveMessage(ActorCell.scala:590)
	at org.apache.pekko.actor.ActorCell.invoke(ActorCell.scala:557)
	at org.apache.pekko.dispatch.Mailbox.processMailbox(Mailbox.scala:273)
	at org.apache.pekko.dispatch.Mailbox.run(Mailbox.scala:234)
	at org.apache.pekko.dispatch.Mailbox.exec(Mailbox.scala:246)
	at java.base/java.util.concurrent.ForkJoinTask.doExec(ForkJoinTask.java:290)
	at java.base/java.util.concurrent.ForkJoinPool$WorkQueue.topLevelExec(ForkJoinPool.java:1020)
	at java.base/java.util.concurrent.ForkJoinPool.scan(ForkJoinPool.java:1656)
	at java.base/java.util.concurrent.ForkJoinPool.runWorker(ForkJoinPool.java:1594)
	at java.base/java.util.concurrent.ForkJoinWorkerThread.run(ForkJoinWorkerThread.java:183)
Caused by: java.io.IOException: Could not perform checkpoint 6 for operator failing-map (1/3)#0.
	at org.apache.flink.streaming.runtime.tasks.StreamTask.triggerCheckpointOnBarrier(StreamTask.java:1629)
	at org.apache.flink.streaming.runtime.io.checkpointing.CheckpointBarrierHandler.notifyCheckpoint(CheckpointBarrierHandler.java:147)
	at org.apache.flink.streaming.runtime.io.checkpointing.SingleCheckpointBarrierHandler.triggerCheckpoint(SingleCheckpointBarrierHandler.java:302)
	at org.apache.flink.streaming.runtime.io.checkpointing.SingleCheckpointBarrierHandler$ControllerImpl.triggerGlobalCheckpoint(SingleCheckpointBarrierHandler.java:503)
	at org.apache.flink.streaming.runtime.io.checkpointing.AlternatingWaitingForFirstBarrierUnaligned.barrierReceived(AlternatingWaitingForFirstBarrierUnaligned.java:79)
	at org.apache.flink.streaming.runtime.io.checkpointing.AbstractAlternatingAlignedBarrierHandlerState.barrierReceived(AbstractAlternatingAlignedBarrierHandlerState.java:56)
	at org.apache.flink.streaming.runtime.io.checkpointing.SingleCheckpointBarrierHandler.lambda$processBarrier$2(SingleCheckpointBarrierHandler.java:249)
	at org.apache.flink.streaming.runtime.io.checkpointing.SingleCheckpointBarrierHandler.markCheckpointAlignedAndTransformState(SingleCheckpointBarrierHandler.java:277)
	at org.apache.flink.streaming.runtime.io.checkpointing.SingleCheckpointBarrierHandler.processBarrier(SingleCheckpointBarrierHandler.java:246)
	at org.apache.flink.streaming.runtime.io.checkpointing.CheckpointedInputGate.handleEvent(CheckpointedInputGate.java:182)
	at org.apache.flink.streaming.runtime.io.checkpointing.CheckpointedInputGate.pollNext(CheckpointedInputGate.java:160)
	at org.apache.flink.streaming.runtime.io.AbstractStreamTaskNetworkInput.emitNext(AbstractStreamTaskNetworkInput.java:178)
	at org.apache.flink.streaming.runtime.io.StreamOneInputProcessor.processInput(StreamOneInputProcessor.java:65)
	at org.apache.flink.streaming.runtime.tasks.StreamTask.processInput(StreamTask.java:672)
	at org.apache.flink.streaming.runtime.tasks.mailbox.MailboxProcessor.runMailboxLoop(MailboxProcessor.java:231)
	at org.apache.flink.streaming.runtime.tasks.StreamTask.runMailboxLoop(StreamTask.java:1201)
	at org.apache.flink.streaming.runtime.tasks.StreamTask.invoke(StreamTask.java:1138)
	at org.apache.flink.runtime.taskmanager.Task.runWithSystemExitMonitoring(Task.java:987)
	at org.apache.flink.runtime.taskmanager.Task.restoreAndInvoke(Task.java:969)
	at org.apache.flink.runtime.taskmanager.Task.doRun(Task.java:774)
	at org.apache.flink.runtime.taskmanager.Task.run(Task.java:579)
	at java.base/java.lang.Thread.run(Thread.java:829)
Caused by: org.apache.flink.runtime.checkpoint.CheckpointException: Could not complete snapshot 6 for operator failing-map (1/3)#0. Failure reason: Checkpoint was declined.
	at org.apache.flink.streaming.api.operators.StreamOperatorStateHandler.snapshotState(StreamOperatorStateHandler.java:318)
	at org.apache.flink.streaming.api.operators.StreamOperatorStateHandler.snapshotState(StreamOperatorStateHandler.java:202)
	at org.apache.flink.streaming.api.operators.AbstractStreamOperator.snapshotState(AbstractStreamOperator.java:427)
	at org.apache.flink.streaming.runtime.tasks.RegularOperatorChain.checkpointStreamOperator(RegularOperatorChain.java:228)
	at org.apache.flink.streaming.runtime.tasks.RegularOperatorChain.buildOperatorSnapshotFutures(RegularOperatorChain.java:213)
	at org.apache.flink.streaming.runtime.tasks.RegularOperatorChain.snapshotState(RegularOperatorChain.java:192)
	at org.apache.flink.streaming.runtime.tasks.SubtaskCheckpointCoordinatorImpl.takeSnapshotSync(SubtaskCheckpointCoordinatorImpl.java:751)
	at org.apache.flink.streaming.runtime.tasks.SubtaskCheckpointCoordinatorImpl.checkpointState(SubtaskCheckpointCoordinatorImpl.java:362)
	at org.apache.flink.streaming.runtime.tasks.StreamTask.lambda$performCheckpoint$21(StreamTask.java:1672)
	at org.apache.flink.streaming.runtime.tasks.StreamTaskActionExecutor$1.runThrowing(StreamTaskActionExecutor.java:50)
	at org.apache.flink.streaming.runtime.tasks.StreamTask.performCheckpoint(StreamTask.java:1660)
	at org.apache.flink.streaming.runtime.tasks.StreamTask.triggerCheckpointOnBarrier(StreamTask.java:1617)
	... 21 more
Caused by: org.apache.flink.test.checkpointing.UnalignedCheckpointTestBase$TestException: Failing snapshotState @ 5 (0 attempt); last value 109217
	at org.apache.flink.test.checkpointing.UnalignedCheckpointTestBase$FailingMapper.failMapper(UnalignedCheckpointTestBase.java:954)
	at org.apache.flink.test.checkpointing.UnalignedCheckpointTestBase$FailingMapper.checkFail(UnalignedCheckpointTestBase.java:949)
	at org.apache.flink.test.checkpointing.UnalignedCheckpointTestBase$FailingMapper.snapshotState(UnalignedCheckpointTestBase.java:977)
	at org.apache.flink.streaming.util.functions.StreamingFunctionUtils.trySnapshotFunctionState(StreamingFunctionUtils.java:118)
	at org.apache.flink.streaming.util.functions.StreamingFunctionUtils.snapshotFunctionState(StreamingFunctionUtils.java:99)
	at org.apache.flink.streaming.api.operators.AbstractUdfStreamOperator.snapshotState(AbstractUdfStreamOperator.java:104)
	at org.apache.flink.streaming.api.operators.StreamOperatorStateHandler.snapshotState(StreamOperatorStateHandler.java:261)
	... 32 more
59424 [72d2f2102094885a0a6022bf82208c93] ExecutionGraph [flink-pekko.actor.default-dispatcher-10] INFO  Source: source0 -> input-filter0 -> input-counter0 (1/3) (bd67806bab9fab04288360ffc130ea03_3e9b902627593008a6d790e9aeca7953_0_0) switched from RUNNING to CANCELING.
59424 [72d2f2102094885a0a6022bf82208c93] ExecutionGraph [flink-pekko.actor.default-dispatcher-10] INFO  Source: source0 -> input-filter0 -> input-counter0 (2/3) (bd67806bab9fab04288360ffc130ea03_3e9b902627593008a6d790e9aeca7953_1_0) switched from RUNNING to CANCELING.
59424 [72d2f2102094885a0a6022bf82208c93] ExecutionGraph [flink-pekko.actor.default-dispatcher-10] INFO  Source: source0 -> input-filter0 -> input-counter0 (3/3) (bd67806bab9fab04288360ffc130ea03_3e9b902627593008a6d790e9aeca7953_2_0) switched from RUNNING to CANCELING.
59424 [72d2f2102094885a0a6022bf82208c93] ExecutionGraph [flink-pekko.actor.default-dispatcher-10] INFO  global0 (1/3) (bd67806bab9fab04288360ffc130ea03_4eca6edb63b17eb77deb9de060a699d1_0_0) switched from RUNNING to CANCELING.
59424 [72d2f2102094885a0a6022bf82208c93] ExecutionGraph [flink-pekko.actor.default-dispatcher-10] INFO  global0 (2/3) (bd67806bab9fab04288360ffc130ea03_4eca6edb63b17eb77deb9de060a699d1_1_0) switched from RUNNING to CANCELING.
59424 [72d2f2102094885a0a6022bf82208c93] ExecutionGraph [flink-pekko.actor.default-dispatcher-10] INFO  global0 (3/3) (bd67806bab9fab04288360ffc130ea03_4eca6edb63b17eb77deb9de060a699d1_2_0) switched from RUNNING to CANCELING.
59424 [72d2f2102094885a0a6022bf82208c93] ExecutionGraph [flink-pekko.actor.default-dispatcher-10] INFO  rebalance0 (1/4) (bd67806bab9fab04288360ffc130ea03_25a6d73fce56b9559bed0247061e93e0_0_0) switched from RUNNING to CANCELING.
59424 [72d2f2102094885a0a6022bf82208c93] ExecutionGraph [flink-pekko.actor.default-dispatcher-10] INFO  rebalance0 (2/4) (bd67806bab9fab04288360ffc130ea03_25a6d73fce56b9559bed0247061e93e0_1_0) switched from RUNNING to CANCELING.
59424 [72d2f2102094885a0a6022bf82208c93] ExecutionGraph [flink-pekko.actor.default-dispatcher-10] INFO  rebalance0 (3/4) (bd67806bab9fab04288360ffc130ea03_25a6d73fce56b9559bed0247061e93e0_2_0) switched from RUNNING to CANCELING.
59424 [72d2f2102094885a0a6022bf82208c93] ExecutionGraph [flink-pekko.actor.default-dispatcher-10] INFO  rebalance0 (4/4) (bd67806bab9fab04288360ffc130ea03_25a6d73fce56b9559bed0247061e93e0_3_0) switched from RUNNING to CANCELING.
59424 [72d2f2102094885a0a6022bf82208c93] ExecutionGraph [flink-pekko.actor.default-dispatcher-10] INFO  upscale0 (1/6) (bd67806bab9fab04288360ffc130ea03_7559af08559a2c7079a359b85b7edab5_0_0) switched from RUNNING to CANCELING.
59424 [72d2f2102094885a0a6022bf82208c93] ExecutionGraph [flink-pekko.actor.default-dispatcher-10] INFO  upscale0 (2/6) (bd67806bab9fab04288360ffc130ea03_7559af08559a2c7079a359b85b7edab5_1_0) switched from RUNNING to CANCELING.
59424 [72d2f2102094885a0a6022bf82208c93] ExecutionGraph [flink-pekko.actor.default-dispatcher-10] INFO  upscale0 (3/6) (bd67806bab9fab04288360ffc130ea03_7559af08559a2c7079a359b85b7edab5_2_0) switched from RUNNING to CANCELING.
59424 [72d2f2102094885a0a6022bf82208c93] ExecutionGraph [flink-pekko.actor.default-dispatcher-10] INFO  upscale0 (4/6) (bd67806bab9fab04288360ffc130ea03_7559af08559a2c7079a359b85b7edab5_3_0) switched from RUNNING to CANCELING.
59424 [72d2f2102094885a0a6022bf82208c93] ExecutionGraph [flink-pekko.actor.default-dispatcher-10] INFO  upscale0 (5/6) (bd67806bab9fab04288360ffc130ea03_7559af08559a2c7079a359b85b7edab5_4_0) switched from RUNNING to CANCELING.
59424 [72d2f2102094885a0a6022bf82208c93] ExecutionGraph [flink-pekko.actor.default-dispatcher-10] INFO  upscale0 (6/6) (bd67806bab9fab04288360ffc130ea03_7559af08559a2c7079a359b85b7edab5_5_0) switched from RUNNING to CANCELING.
59424 [72d2f2102094885a0a6022bf82208c93] ExecutionGraph [flink-pekko.actor.default-dispatcher-10] INFO  downscale0 (1/4) (bd67806bab9fab04288360ffc130ea03_579c351891399448b6165717925f2b21_0_0) switched from RUNNING to CANCELING.
59424 [72d2f2102094885a0a6022bf82208c93] ExecutionGraph [flink-pekko.actor.default-dispatcher-10] INFO  downscale0 (2/4) (bd67806bab9fab04288360ffc130ea03_579c351891399448b6165717925f2b21_1_0) switched from RUNNING to CANCELING.
59424 [72d2f2102094885a0a6022bf82208c93] ExecutionGraph [flink-pekko.actor.default-dispatcher-10] INFO  downscale0 (3/4) (bd67806bab9fab04288360ffc130ea03_579c351891399448b6165717925f2b21_2_0) switched from RUNNING to CANCELING.
59424 [72d2f2102094885a0a6022bf82208c93] ExecutionGraph [flink-pekko.actor.default-dispatcher-10] INFO  downscale0 (4/4) (bd67806bab9fab04288360ffc130ea03_579c351891399448b6165717925f2b21_3_0) switched from RUNNING to CANCELING.
59424 [72d2f2102094885a0a6022bf82208c93] ExecutionGraph [flink-pekko.actor.default-dispatcher-10] INFO  keyby0 (1/3) (bd67806bab9fab04288360ffc130ea03_e32648f4a493dd25fdd7d9c66c500390_0_0) switched from RUNNING to CANCELING.
59424 [72d2f2102094885a0a6022bf82208c93] ExecutionGraph [flink-pekko.actor.default-dispatcher-10] INFO  keyby0 (2/3) (bd67806bab9fab04288360ffc130ea03_e32648f4a493dd25fdd7d9c66c500390_1_0) switched from RUNNING to CANCELING.
59424 [72d2f2102094885a0a6022bf82208c93] ExecutionGraph [flink-pekko.actor.default-dispatcher-10] INFO  keyby0 (3/3) (bd67806bab9fab04288360ffc130ea03_e32648f4a493dd25fdd7d9c66c500390_2_0) switched from RUNNING to CANCELING.
59424 [72d2f2102094885a0a6022bf82208c93] ExecutionGraph [flink-pekko.actor.default-dispatcher-10] INFO  rescale0 (1/4) (bd67806bab9fab04288360ffc130ea03_7b4c6fe4c6df355e1ed86e978ba4a96e_0_0) switched from RUNNING to CANCELING.
59424 [72d2f2102094885a0a6022bf82208c93] ExecutionGraph [flink-pekko.actor.default-dispatcher-10] INFO  rescale0 (2/4) (bd67806bab9fab04288360ffc130ea03_7b4c6fe4c6df355e1ed86e978ba4a96e_1_0) switched from RUNNING to CANCELING.
59424 [72d2f2102094885a0a6022bf82208c93] ExecutionGraph [flink-pekko.actor.default-dispatcher-10] INFO  rescale0 (3/4) (bd67806bab9fab04288360ffc130ea03_7b4c6fe4c6df355e1ed86e978ba4a96e_2_0) switched from RUNNING to CANCELING.
59424 [72d2f2102094885a0a6022bf82208c93] ExecutionGraph [flink-pekko.actor.default-dispatcher-10] INFO  rescale0 (4/4) (bd67806bab9fab04288360ffc130ea03_7b4c6fe4c6df355e1ed86e978ba4a96e_3_0) switched from RUNNING to CANCELING.
59424 [72d2f2102094885a0a6022bf82208c93] ExecutionGraph [flink-pekko.actor.default-dispatcher-10] INFO  failing-map (2/3) (bd67806bab9fab04288360ffc130ea03_b8c789ec3a44294cb45da029ffe0e6fd_1_0) switched from RUNNING to CANCELING.
59424 [72d2f2102094885a0a6022bf82208c93] Task [flink-pekko.actor.default-dispatcher-6] INFO  Attempting to cancel task Source: source0 -> input-filter0 -> input-counter0 (2/3)#0 (bd67806bab9fab04288360ffc130ea03_3e9b902627593008a6d790e9aeca7953_1_0).
59424 [72d2f2102094885a0a6022bf82208c93] Task [flink-pekko.actor.default-dispatcher-6] INFO  Source: source0 -> input-filter0 -> input-counter0 (2/3)#0 (bd67806bab9fab04288360ffc130ea03_3e9b902627593008a6d790e9aeca7953_1_0) switched from RUNNING to CANCELING.
59424 [72d2f2102094885a0a6022bf82208c93] ExecutionGraph [flink-pekko.actor.default-dispatcher-10] INFO  failing-map (3/3) (bd67806bab9fab04288360ffc130ea03_b8c789ec3a44294cb45da029ffe0e6fd_2_0) switched from RUNNING to CANCELING.
59424 [72d2f2102094885a0a6022bf82208c93] Task [flink-pekko.actor.default-dispatcher-6] INFO  Triggering cancellation of task code Source: source0 -> input-filter0 -> input-counter0 (2/3)#0 (bd67806bab9fab04288360ffc130ea03_3e9b902627593008a6d790e9aeca7953_1_0).
59424 [72d2f2102094885a0a6022bf82208c93] Task [flink-pekko.actor.default-dispatcher-9] INFO  Attempting to cancel task Source: source0 -> input-filter0 -> input-counter0 (1/3)#0 (bd67806bab9fab04288360ffc130ea03_3e9b902627593008a6d790e9aeca7953_0_0).
59424 [72d2f2102094885a0a6022bf82208c93] Task [flink-pekko.actor.default-dispatcher-9] INFO  Source: source0 -> input-filter0 -> input-counter0 (1/3)#0 (bd67806bab9fab04288360ffc130ea03_3e9b902627593008a6d790e9aeca7953_0_0) switched from RUNNING to CANCELING.
59424 [72d2f2102094885a0a6022bf82208c93] Task [flink-pekko.actor.default-dispatcher-9] INFO  Triggering cancellation of task code Source: source0 -> input-filter0 -> input-counter0 (1/3)#0 (bd67806bab9fab04288360ffc130ea03_3e9b902627593008a6d790e9aeca7953_0_0).
59424 [72d2f2102094885a0a6022bf82208c93] Task [flink-pekko.actor.default-dispatcher-8] INFO  Attempting to cancel task rebalance0 (4/4)#0 (bd67806bab9fab04288360ffc130ea03_25a6d73fce56b9559bed0247061e93e0_3_0).
59424 [72d2f2102094885a0a6022bf82208c93] Task [flink-pekko.actor.default-dispatcher-8] INFO  rebalance0 (4/4)#0 (bd67806bab9fab04288360ffc130ea03_25a6d73fce56b9559bed0247061e93e0_3_0) switched from RUNNING to CANCELING.
59424 [72d2f2102094885a0a6022bf82208c93] Task [flink-pekko.actor.default-dispatcher-8] INFO  Triggering cancellation of task code rebalance0 (4/4)#0 (bd67806bab9fab04288360ffc130ea03_25a6d73fce56b9559bed0247061e93e0_3_0).
59424 [72d2f2102094885a0a6022bf82208c93] ExecutionGraph [flink-pekko.actor.default-dispatcher-10] INFO  Sink: sink (1/1) (bd67806bab9fab04288360ffc130ea03_2e588ce1c86a9d46e2e85186773ce4fd_0_0) switched from RUNNING to CANCELING.
59424 [72d2f2102094885a0a6022bf82208c93] SourceCoordinator [SourceCoordinator-Source: source0] INFO  Marking checkpoint 6 as aborted for source Source: source0.
59425 [72d2f2102094885a0a6022bf82208c93] Task [Source: source0 -> input-filter0 -> input-counter0 (2/3)#0] INFO  Source: source0 -> input-filter0 -> input-counter0 (2/3)#0 (bd67806bab9fab04288360ffc130ea03_3e9b902627593008a6d790e9aeca7953_1_0) switched from CANCELING to CANCELED.
59425 [72d2f2102094885a0a6022bf82208c93] Task [flink-pekko.actor.default-dispatcher-6] INFO  Attempting to cancel task global0 (2/3)#0 (bd67806bab9fab04288360ffc130ea03_4eca6edb63b17eb77deb9de060a699d1_1_0).
59425 [72d2f2102094885a0a6022bf82208c93] Task [flink-pekko.actor.default-dispatcher-6] INFO  global0 (2/3)#0 (bd67806bab9fab04288360ffc130ea03_4eca6edb63b17eb77deb9de060a699d1_1_0) switched from RUNNING to CANCELING.
59425 [72d2f2102094885a0a6022bf82208c93] Task [flink-pekko.actor.default-dispatcher-6] INFO  Triggering cancellation of task code global0 (2/3)#0 (bd67806bab9fab04288360ffc130ea03_4eca6edb63b17eb77deb9de060a699d1_1_0).
59426 [72d2f2102094885a0a6022bf82208c93] Task [Source: source0 -> input-filter0 -> input-counter0 (2/3)#0] INFO  Freeing task resources for Source: source0 -> input-filter0 -> input-counter0 (2/3)#0 (bd67806bab9fab04288360ffc130ea03_3e9b902627593008a6d790e9aeca7953_1_0).
59426 [72d2f2102094885a0a6022bf82208c93] Task [global0 (2/3)#0] INFO  global0 (2/3)#0 (bd67806bab9fab04288360ffc130ea03_4eca6edb63b17eb77deb9de060a699d1_1_0) switched from CANCELING to CANCELED.
59426 [72d2f2102094885a0a6022bf82208c93] Task [rebalance0 (4/4)#0] INFO  rebalance0 (4/4)#0 (bd67806bab9fab04288360ffc130ea03_25a6d73fce56b9559bed0247061e93e0_3_0) switched from CANCELING to CANCELED.
59426 [72d2f2102094885a0a6022bf82208c93] Task [global0 (2/3)#0] INFO  Freeing task resources for global0 (2/3)#0 (bd67806bab9fab04288360ffc130ea03_4eca6edb63b17eb77deb9de060a699d1_1_0).
59426 [72d2f2102094885a0a6022bf82208c93] Task [Source: source0 -> input-filter0 -> input-counter0 (1/3)#0] INFO  Source: source0 -> input-filter0 -> input-counter0 (1/3)#0 (bd67806bab9fab04288360ffc130ea03_3e9b902627593008a6d790e9aeca7953_0_0) switched from CANCELING to CANCELED.
59426 [72d2f2102094885a0a6022bf82208c93] Task [rebalance0 (4/4)#0] INFO  Freeing task resources for rebalance0 (4/4)#0 (bd67806bab9fab04288360ffc130ea03_25a6d73fce56b9559bed0247061e93e0_3_0).
59426 [72d2f2102094885a0a6022bf82208c93] Task [global0 (1/3)#0] INFO  global0 (1/3)#0 (bd67806bab9fab04288360ffc130ea03_4eca6edb63b17eb77deb9de060a699d1_0_0) switched from RUNNING to CANCELED due to CancelTaskException.
59427 [72d2f2102094885a0a6022bf82208c93] Task [Source: source0 -> input-filter0 -> input-counter0 (1/3)#0] INFO  Freeing task resources for Source: source0 -> input-filter0 -> input-counter0 (1/3)#0 (bd67806bab9fab04288360ffc130ea03_3e9b902627593008a6d790e9aeca7953_0_0).
59427 [72d2f2102094885a0a6022bf82208c93] Task [flink-pekko.actor.default-dispatcher-8] INFO  Attempting to cancel task upscale0 (4/6)#0 (bd67806bab9fab04288360ffc130ea03_7559af08559a2c7079a359b85b7edab5_3_0).
59427 [72d2f2102094885a0a6022bf82208c93] Task [flink-pekko.actor.default-dispatcher-8] INFO  upscale0 (4/6)#0 (bd67806bab9fab04288360ffc130ea03_7559af08559a2c7079a359b85b7edab5_3_0) switched from RUNNING to CANCELING.
59427 [72d2f2102094885a0a6022bf82208c93] Task [flink-pekko.actor.default-dispatcher-8] INFO  Triggering cancellation of task code upscale0 (4/6)#0 (bd67806bab9fab04288360ffc130ea03_7559af08559a2c7079a359b85b7edab5_3_0).
59427 [72d2f2102094885a0a6022bf82208c93] Task [global0 (1/3)#0] INFO  Freeing task resources for global0 (1/3)#0 (bd67806bab9fab04288360ffc130ea03_4eca6edb63b17eb77deb9de060a699d1_0_0).
59427 [72d2f2102094885a0a6022bf82208c93] Task [flink-pekko.actor.default-dispatcher-6] INFO  Attempting to cancel task rebalance0 (2/4)#0 (bd67806bab9fab04288360ffc130ea03_25a6d73fce56b9559bed0247061e93e0_1_0).
59427 [72d2f2102094885a0a6022bf82208c93] Task [flink-pekko.actor.default-dispatcher-6] INFO  rebalance0 (2/4)#0 (bd67806bab9fab04288360ffc130ea03_25a6d73fce56b9559bed0247061e93e0_1_0) switched from RUNNING to CANCELING.
59427 [72d2f2102094885a0a6022bf82208c93] Task [flink-pekko.actor.default-dispatcher-6] INFO  Triggering cancellation of task code rebalance0 (2/4)#0 (bd67806bab9fab04288360ffc130ea03_25a6d73fce56b9559bed0247061e93e0_1_0).
59427 [72d2f2102094885a0a6022bf82208c93] Task [rebalance0 (2/4)#0] INFO  rebalance0 (2/4)#0 (bd67806bab9fab04288360ffc130ea03_25a6d73fce56b9559bed0247061e93e0_1_0) switched from CANCELING to CANCELED.
59427 [72d2f2102094885a0a6022bf82208c93] Task [rebalance0 (2/4)#0] INFO  Freeing task resources for rebalance0 (2/4)#0 (bd67806bab9fab04288360ffc130ea03_25a6d73fce56b9559bed0247061e93e0_1_0).
59427 [72d2f2102094885a0a6022bf82208c93] Task [flink-pekko.actor.default-dispatcher-6] INFO  Attempting to cancel task upscale0 (2/6)#0 (bd67806bab9fab04288360ffc130ea03_7559af08559a2c7079a359b85b7edab5_1_0).
59427 [72d2f2102094885a0a6022bf82208c93] Task [flink-pekko.actor.default-dispatcher-6] INFO  upscale0 (2/6)#0 (bd67806bab9fab04288360ffc130ea03_7559af08559a2c7079a359b85b7edab5_1_0) switched from RUNNING to CANCELING.
59427 [72d2f2102094885a0a6022bf82208c93] Task [flink-pekko.actor.default-dispatcher-6] INFO  Triggering cancellation of task code upscale0 (2/6)#0 (bd67806bab9fab04288360ffc130ea03_7559af08559a2c7079a359b85b7edab5_1_0).
59427 [72d2f2102094885a0a6022bf82208c93] Task [upscale0 (2/6)#0] INFO  upscale0 (2/6)#0 (bd67806bab9fab04288360ffc130ea03_7559af08559a2c7079a359b85b7edab5_1_0) switched from CANCELING to CANCELED.
59427 [72d2f2102094885a0a6022bf82208c93] Task [upscale0 (2/6)#0] INFO  Freeing task resources for upscale0 (2/6)#0 (bd67806bab9fab04288360ffc130ea03_7559af08559a2c7079a359b85b7edab5_1_0).
59427 [72d2f2102094885a0a6022bf82208c93] Task [upscale0 (4/6)#0] INFO  upscale0 (4/6)#0 (bd67806bab9fab04288360ffc130ea03_7559af08559a2c7079a359b85b7edab5_3_0) switched from CANCELING to CANCELED.
59428 [72d2f2102094885a0a6022bf82208c93] Task [upscale0 (4/6)#0] INFO  Freeing task resources for upscale0 (4/6)#0 (bd67806bab9fab04288360ffc130ea03_7559af08559a2c7079a359b85b7edab5_3_0).
59428 [72d2f2102094885a0a6022bf82208c93] Task [flink-pekko.actor.default-dispatcher-8] INFO  Attempting to cancel task upscale0 (5/6)#0 (bd67806bab9fab04288360ffc130ea03_7559af08559a2c7079a359b85b7edab5_4_0).
59428 [72d2f2102094885a0a6022bf82208c93] Task [flink-pekko.actor.default-dispatcher-8] INFO  upscale0 (5/6)#0 (bd67806bab9fab04288360ffc130ea03_7559af08559a2c7079a359b85b7edab5_4_0) switched from RUNNING to CANCELING.
59428 [72d2f2102094885a0a6022bf82208c93] Task [flink-pekko.actor.default-dispatcher-8] INFO  Triggering cancellation of task code upscale0 (5/6)#0 (bd67806bab9fab04288360ffc130ea03_7559af08559a2c7079a359b85b7edab5_4_0).
59428 [72d2f2102094885a0a6022bf82208c93] Task [flink-pekko.actor.default-dispatcher-9] INFO  Attempting to cancel task Source: source0 -> input-filter0 -> input-counter0 (3/3)#0 (bd67806bab9fab04288360ffc130ea03_3e9b902627593008a6d790e9aeca7953_2_0).
59428 [72d2f2102094885a0a6022bf82208c93] Task [flink-pekko.actor.default-dispatcher-9] INFO  Source: source0 -> input-filter0 -> input-counter0 (3/3)#0 (bd67806bab9fab04288360ffc130ea03_3e9b902627593008a6d790e9aeca7953_2_0) switched from RUNNING to CANCELING.
59428 [72d2f2102094885a0a6022bf82208c93] Task [flink-pekko.actor.default-dispatcher-9] INFO  Triggering cancellation of task code Source: source0 -> input-filter0 -> input-counter0 (3/3)#0 (bd67806bab9fab04288360ffc130ea03_3e9b902627593008a6d790e9aeca7953_2_0).
59428 [72d2f2102094885a0a6022bf82208c93] Task [Source: source0 -> input-filter0 -> input-counter0 (3/3)#0] INFO  Source: source0 -> input-filter0 -> input-counter0 (3/3)#0 (bd67806bab9fab04288360ffc130ea03_3e9b902627593008a6d790e9aeca7953_2_0) switched from CANCELING to CANCELED.
59428 [72d2f2102094885a0a6022bf82208c93] Task [Source: source0 -> input-filter0 -> input-counter0 (3/3)#0] INFO  Freeing task resources for Source: source0 -> input-filter0 -> input-counter0 (3/3)#0 (bd67806bab9fab04288360ffc130ea03_3e9b902627593008a6d790e9aeca7953_2_0).
59428 [72d2f2102094885a0a6022bf82208c93] Task [upscale0 (5/6)#0] INFO  upscale0 (5/6)#0 (bd67806bab9fab04288360ffc130ea03_7559af08559a2c7079a359b85b7edab5_4_0) switched from CANCELING to CANCELED.
59428 [72d2f2102094885a0a6022bf82208c93] Task [upscale0 (5/6)#0] INFO  Freeing task resources for upscale0 (5/6)#0 (bd67806bab9fab04288360ffc130ea03_7559af08559a2c7079a359b85b7edab5_4_0).
59428 [72d2f2102094885a0a6022bf82208c93] Task [flink-pekko.actor.default-dispatcher-6] INFO  Attempting to cancel task upscale0 (6/6)#0 (bd67806bab9fab04288360ffc130ea03_7559af08559a2c7079a359b85b7edab5_5_0).
59428 [72d2f2102094885a0a6022bf82208c93] Task [flink-pekko.actor.default-dispatcher-6] INFO  upscale0 (6/6)#0 (bd67806bab9fab04288360ffc130ea03_7559af08559a2c7079a359b85b7edab5_5_0) switched from RUNNING to CANCELING.
59428 [72d2f2102094885a0a6022bf82208c93] Task [flink-pekko.actor.default-dispatcher-6] INFO  Triggering cancellation of task code upscale0 (6/6)#0 (bd67806bab9fab04288360ffc130ea03_7559af08559a2c7079a359b85b7edab5_5_0).
59428 [72d2f2102094885a0a6022bf82208c93] Task [upscale0 (6/6)#0] INFO  upscale0 (6/6)#0 (bd67806bab9fab04288360ffc130ea03_7559af08559a2c7079a359b85b7edab5_5_0) switched from CANCELING to CANCELED.
59428 [72d2f2102094885a0a6022bf82208c93] Task [upscale0 (6/6)#0] INFO  Freeing task resources for upscale0 (6/6)#0 (bd67806bab9fab04288360ffc130ea03_7559af08559a2c7079a359b85b7edab5_5_0).
59429 [72d2f2102094885a0a6022bf82208c93] ChannelStateWriteRequestExecutorImpl [Channel state writer] INFO  discarding 1 drained requests
59429 [72d2f2102094885a0a6022bf82208c93] Task [flink-pekko.actor.default-dispatcher-6] INFO  Attempting to cancel task downscale0 (2/4)#0 (bd67806bab9fab04288360ffc130ea03_579c351891399448b6165717925f2b21_1_0).
59429 [72d2f2102094885a0a6022bf82208c93] Task [flink-pekko.actor.default-dispatcher-6] INFO  downscale0 (2/4)#0 (bd67806bab9fab04288360ffc130ea03_579c351891399448b6165717925f2b21_1_0) switched from RUNNING to CANCELING.
59429 [72d2f2102094885a0a6022bf82208c93] Task [flink-pekko.actor.default-dispatcher-6] INFO  Triggering cancellation of task code downscale0 (2/4)#0 (bd67806bab9fab04288360ffc130ea03_579c351891399448b6165717925f2b21_1_0).
59429 [72d2f2102094885a0a6022bf82208c93] Task [downscale0 (2/4)#0] INFO  downscale0 (2/4)#0 (bd67806bab9fab04288360ffc130ea03_579c351891399448b6165717925f2b21_1_0) switched from CANCELING to CANCELED.
59429 [72d2f2102094885a0a6022bf82208c93] Task [downscale0 (2/4)#0] INFO  Freeing task resources for downscale0 (2/4)#0 (bd67806bab9fab04288360ffc130ea03_579c351891399448b6165717925f2b21_1_0).
59429 [72d2f2102094885a0a6022bf82208c93] Task [flink-pekko.actor.default-dispatcher-8] INFO  Attempting to cancel task downscale0 (4/4)#0 (bd67806bab9fab04288360ffc130ea03_579c351891399448b6165717925f2b21_3_0).
59429 [72d2f2102094885a0a6022bf82208c93] Task [flink-pekko.actor.default-dispatcher-8] INFO  downscale0 (4/4)#0 (bd67806bab9fab04288360ffc130ea03_579c351891399448b6165717925f2b21_3_0) switched from RUNNING to CANCELING.
59429 [72d2f2102094885a0a6022bf82208c93] Task [flink-pekko.actor.default-dispatcher-8] INFO  Triggering cancellation of task code downscale0 (4/4)#0 (bd67806bab9fab04288360ffc130ea03_579c351891399448b6165717925f2b21_3_0).
59429 [72d2f2102094885a0a6022bf82208c93] Task [flink-pekko.actor.default-dispatcher-9] INFO  Attempting to cancel task global0 (1/3)#0 (bd67806bab9fab04288360ffc130ea03_4eca6edb63b17eb77deb9de060a699d1_0_0).
59429 [72d2f2102094885a0a6022bf82208c93] Task [flink-pekko.actor.default-dispatcher-9] INFO  Task global0 (1/3)#0 is already in state CANCELED
59429 [72d2f2102094885a0a6022bf82208c93] Task [flink-pekko.actor.default-dispatcher-9] INFO  Attempting to cancel task global0 (3/3)#0 (bd67806bab9fab04288360ffc130ea03_4eca6edb63b17eb77deb9de060a699d1_2_0).
59429 [72d2f2102094885a0a6022bf82208c93] Task [flink-pekko.actor.default-dispatcher-9] INFO  global0 (3/3)#0 (bd67806bab9fab04288360ffc130ea03_4eca6edb63b17eb77deb9de060a699d1_2_0) switched from RUNNING to CANCELING.
59429 [72d2f2102094885a0a6022bf82208c93] Task [flink-pekko.actor.default-dispatcher-9] INFO  Triggering cancellation of task code global0 (3/3)#0 (bd67806bab9fab04288360ffc130ea03_4eca6edb63b17eb77deb9de060a699d1_2_0).
59429 [72d2f2102094885a0a6022bf82208c93] Task [global0 (3/3)#0] INFO  global0 (3/3)#0 (bd67806bab9fab04288360ffc130ea03_4eca6edb63b17eb77deb9de060a699d1_2_0) switched from CANCELING to CANCELED.
59429 [72d2f2102094885a0a6022bf82208c93] Task [downscale0 (4/4)#0] INFO  downscale0 (4/4)#0 (bd67806bab9fab04288360ffc130ea03_579c351891399448b6165717925f2b21_3_0) switched from CANCELING to CANCELED.
59429 [72d2f2102094885a0a6022bf82208c93] Task [global0 (3/3)#0] INFO  Freeing task resources for global0 (3/3)#0 (bd67806bab9fab04288360ffc130ea03_4eca6edb63b17eb77deb9de060a699d1_2_0).
59429 [72d2f2102094885a0a6022bf82208c93] Task [downscale0 (4/4)#0] INFO  Freeing task resources for downscale0 (4/4)#0 (bd67806bab9fab04288360ffc130ea03_579c351891399448b6165717925f2b21_3_0).
59429 [72d2f2102094885a0a6022bf82208c93] Task [flink-pekko.actor.default-dispatcher-8] INFO  Attempting to cancel task rescale0 (2/4)#0 (bd67806bab9fab04288360ffc130ea03_7b4c6fe4c6df355e1ed86e978ba4a96e_1_0).
59429 [72d2f2102094885a0a6022bf82208c93] Task [flink-pekko.actor.default-dispatcher-8] INFO  rescale0 (2/4)#0 (bd67806bab9fab04288360ffc130ea03_7b4c6fe4c6df355e1ed86e978ba4a96e_1_0) switched from RUNNING to CANCELING.
59429 [72d2f2102094885a0a6022bf82208c93] Task [flink-pekko.actor.default-dispatcher-8] INFO  Triggering cancellation of task code rescale0 (2/4)#0 (bd67806bab9fab04288360ffc130ea03_7b4c6fe4c6df355e1ed86e978ba4a96e_1_0).
59429 [72d2f2102094885a0a6022bf82208c93] Task [flink-pekko.actor.default-dispatcher-6] INFO  Attempting to cancel task keyby0 (2/3)#0 (bd67806bab9fab04288360ffc130ea03_e32648f4a493dd25fdd7d9c66c500390_1_0).
59429 [72d2f2102094885a0a6022bf82208c93] Task [flink-pekko.actor.default-dispatcher-6] INFO  keyby0 (2/3)#0 (bd67806bab9fab04288360ffc130ea03_e32648f4a493dd25fdd7d9c66c500390_1_0) switched from RUNNING to CANCELING.
59429 [72d2f2102094885a0a6022bf82208c93] Task [flink-pekko.actor.default-dispatcher-6] INFO  Triggering cancellation of task code keyby0 (2/3)#0 (bd67806bab9fab04288360ffc130ea03_e32648f4a493dd25fdd7d9c66c500390_1_0).
59429 [72d2f2102094885a0a6022bf82208c93] Task [keyby0 (2/3)#0] INFO  keyby0 (2/3)#0 (bd67806bab9fab04288360ffc130ea03_e32648f4a493dd25fdd7d9c66c500390_1_0) switched from CANCELING to CANCELED.
59429 [72d2f2102094885a0a6022bf82208c93] Task [keyby0 (2/3)#0] INFO  Freeing task resources for keyby0 (2/3)#0 (bd67806bab9fab04288360ffc130ea03_e32648f4a493dd25fdd7d9c66c500390_1_0).
59429 [72d2f2102094885a0a6022bf82208c93] Task [rescale0 (2/4)#0] INFO  rescale0 (2/4)#0 (bd67806bab9fab04288360ffc130ea03_7b4c6fe4c6df355e1ed86e978ba4a96e_1_0) switched from CANCELING to CANCELED.
59430 [72d2f2102094885a0a6022bf82208c93] Task [rescale0 (2/4)#0] INFO  Freeing task resources for rescale0 (2/4)#0 (bd67806bab9fab04288360ffc130ea03_7b4c6fe4c6df355e1ed86e978ba4a96e_1_0).
59430 [72d2f2102094885a0a6022bf82208c93] Task [flink-pekko.actor.default-dispatcher-8] INFO  Attempting to cancel task failing-map (2/3)#0 (bd67806bab9fab04288360ffc130ea03_b8c789ec3a44294cb45da029ffe0e6fd_1_0).
59430 [72d2f2102094885a0a6022bf82208c93] Task [flink-pekko.actor.default-dispatcher-8] INFO  failing-map (2/3)#0 (bd67806bab9fab04288360ffc130ea03_b8c789ec3a44294cb45da029ffe0e6fd_1_0) switched from RUNNING to CANCELING.
59430 [72d2f2102094885a0a6022bf82208c93] Task [flink-pekko.actor.default-dispatcher-8] INFO  Triggering cancellation of task code failing-map (2/3)#0 (bd67806bab9fab04288360ffc130ea03_b8c789ec3a44294cb45da029ffe0e6fd_1_0).
59430 [72d2f2102094885a0a6022bf82208c93] ChannelStateWriteRequestExecutorImpl [Channel state writer] INFO  discarding 1 drained requests
59430 [72d2f2102094885a0a6022bf82208c93] Task [failing-map (2/3)#0] INFO  failing-map (2/3)#0 (bd67806bab9fab04288360ffc130ea03_b8c789ec3a44294cb45da029ffe0e6fd_1_0) switched from CANCELING to CANCELED.
59430 [72d2f2102094885a0a6022bf82208c93] Task [failing-map (2/3)#0] INFO  Freeing task resources for failing-map (2/3)#0 (bd67806bab9fab04288360ffc130ea03_b8c789ec3a44294cb45da029ffe0e6fd_1_0).
59430 [72d2f2102094885a0a6022bf82208c93] ChannelStateWriteRequestExecutorImpl [Channel state writer] INFO  discarding 1 drained requests
59430 [72d2f2102094885a0a6022bf82208c93] Task [flink-pekko.actor.default-dispatcher-9] INFO  Attempting to cancel task rebalance0 (1/4)#0 (bd67806bab9fab04288360ffc130ea03_25a6d73fce56b9559bed0247061e93e0_0_0).
59430 [72d2f2102094885a0a6022bf82208c93] Task [flink-pekko.actor.default-dispatcher-9] INFO  rebalance0 (1/4)#0 (bd67806bab9fab04288360ffc130ea03_25a6d73fce56b9559bed0247061e93e0_0_0) switched from RUNNING to CANCELING.
59430 [72d2f2102094885a0a6022bf82208c93] Task [flink-pekko.actor.default-dispatcher-9] INFO  Triggering cancellation of task code rebalance0 (1/4)#0 (bd67806bab9fab04288360ffc130ea03_25a6d73fce56b9559bed0247061e93e0_0_0).
59430 [72d2f2102094885a0a6022bf82208c93] Task [rescale0 (3/4)#0] INFO  rescale0 (3/4)#0 (bd67806bab9fab04288360ffc130ea03_7b4c6fe4c6df355e1ed86e978ba4a96e_2_0) switched from RUNNING to CANCELED due to CancelTaskException.
59430 [                                ] TaskExecutor [flink-pekko.actor.default-dispatcher-8] INFO  Un-registering task and sending final execution state CANCELED to JobManager for task rebalance0 (4/4)#0 bd67806bab9fab04288360ffc130ea03_25a6d73fce56b9559bed0247061e93e0_3_0.
59430 [72d2f2102094885a0a6022bf82208c93] Task [rescale0 (3/4)#0] INFO  Freeing task resources for rescale0 (3/4)#0 (bd67806bab9fab04288360ffc130ea03_7b4c6fe4c6df355e1ed86e978ba4a96e_2_0).
59430 [                                ] TaskExecutor [flink-pekko.actor.default-dispatcher-8] INFO  Un-registering task and sending final execution state CANCELED to JobManager for task upscale0 (4/6)#0 bd67806bab9fab04288360ffc130ea03_7559af08559a2c7079a359b85b7edab5_3_0.
59430 [                                ] TaskExecutor [flink-pekko.actor.default-dispatcher-8] INFO  Un-registering task and sending final execution state CANCELED to JobManager for task upscale0 (5/6)#0 bd67806bab9fab04288360ffc130ea03_7559af08559a2c7079a359b85b7edab5_4_0.
59430 [                                ] TaskExecutor [flink-pekko.actor.default-dispatcher-8] INFO  Un-registering task and sending final execution state CANCELED to JobManager for task downscale0 (4/4)#0 bd67806bab9fab04288360ffc130ea03_579c351891399448b6165717925f2b21_3_0.
59430 [72d2f2102094885a0a6022bf82208c93] ExecutionGraph [flink-pekko.actor.default-dispatcher-10] INFO  rebalance0 (4/4) (bd67806bab9fab04288360ffc130ea03_25a6d73fce56b9559bed0247061e93e0_3_0) switched from CANCELING to CANCELED.
59430 [                                ] TaskExecutor [flink-pekko.actor.default-dispatcher-8] INFO  Un-registering task and sending final execution state CANCELED to JobManager for task rescale0 (2/4)#0 bd67806bab9fab04288360ffc130ea03_7b4c6fe4c6df355e1ed86e978ba4a96e_1_0.
59430 [                                ] TaskExecutor [flink-pekko.actor.default-dispatcher-8] INFO  Un-registering task and sending final execution state CANCELED to JobManager for task failing-map (2/3)#0 bd67806bab9fab04288360ffc130ea03_b8c789ec3a44294cb45da029ffe0e6fd_1_0.
59430 [72d2f2102094885a0a6022bf82208c93] ExecutionGraph [flink-pekko.actor.default-dispatcher-10] INFO  upscale0 (4/6) (bd67806bab9fab04288360ffc130ea03_7559af08559a2c7079a359b85b7edab5_3_0) switched from CANCELING to CANCELED.
59430 [72d2f2102094885a0a6022bf82208c93] ExecutionGraph [flink-pekko.actor.default-dispatcher-10] INFO  upscale0 (5/6) (bd67806bab9fab04288360ffc130ea03_7559af08559a2c7079a359b85b7edab5_4_0) switched from CANCELING to CANCELED.
59430 [72d2f2102094885a0a6022bf82208c93] ExecutionGraph [flink-pekko.actor.default-dispatcher-10] INFO  downscale0 (4/4) (bd67806bab9fab04288360ffc130ea03_579c351891399448b6165717925f2b21_3_0) switched from CANCELING to CANCELED.
59430 [72d2f2102094885a0a6022bf82208c93] ExecutionGraph [flink-pekko.actor.default-dispatcher-10] INFO  rescale0 (2/4) (bd67806bab9fab04288360ffc130ea03_7b4c6fe4c6df355e1ed86e978ba4a96e_1_0) switched from CANCELING to CANCELED.
59430 [72d2f2102094885a0a6022bf82208c93] Task [rebalance0 (1/4)#0] INFO  rebalance0 (1/4)#0 (bd67806bab9fab04288360ffc130ea03_25a6d73fce56b9559bed0247061e93e0_0_0) switched from CANCELING to CANCELED.
59430 [72d2f2102094885a0a6022bf82208c93] ExecutionGraph [flink-pekko.actor.default-dispatcher-10] INFO  failing-map (2/3) (bd67806bab9fab04288360ffc130ea03_b8c789ec3a44294cb45da029ffe0e6fd_1_0) switched from CANCELING to CANCELED.
59430 [72d2f2102094885a0a6022bf82208c93] Task [rebalance0 (1/4)#0] INFO  Freeing task resources for rebalance0 (1/4)#0 (bd67806bab9fab04288360ffc130ea03_25a6d73fce56b9559bed0247061e93e0_0_0).
59430 [72d2f2102094885a0a6022bf82208c93] Task [flink-pekko.actor.default-dispatcher-9] INFO  Attempting to cancel task rebalance0 (3/4)#0 (bd67806bab9fab04288360ffc130ea03_25a6d73fce56b9559bed0247061e93e0_2_0).
59430 [72d2f2102094885a0a6022bf82208c93] Task [flink-pekko.actor.default-dispatcher-9] INFO  rebalance0 (3/4)#0 (bd67806bab9fab04288360ffc130ea03_25a6d73fce56b9559bed0247061e93e0_2_0) switched from RUNNING to CANCELING.
59430 [72d2f2102094885a0a6022bf82208c93] Task [flink-pekko.actor.default-dispatcher-9] INFO  Triggering cancellation of task code rebalance0 (3/4)#0 (bd67806bab9fab04288360ffc130ea03_25a6d73fce56b9559bed0247061e93e0_2_0).
59431 [72d2f2102094885a0a6022bf82208c93] Task [rebalance0 (3/4)#0] INFO  rebalance0 (3/4)#0 (bd67806bab9fab04288360ffc130ea03_25a6d73fce56b9559bed0247061e93e0_2_0) switched from CANCELING to CANCELED.
59431 [72d2f2102094885a0a6022bf82208c93] Task [rebalance0 (3/4)#0] INFO  Freeing task resources for rebalance0 (3/4)#0 (bd67806bab9fab04288360ffc130ea03_25a6d73fce56b9559bed0247061e93e0_2_0).
59431 [72d2f2102094885a0a6022bf82208c93] Task [flink-pekko.actor.default-dispatcher-6] INFO  Attempting to cancel task rescale0 (3/4)#0 (bd67806bab9fab04288360ffc130ea03_7b4c6fe4c6df355e1ed86e978ba4a96e_2_0).
59431 [72d2f2102094885a0a6022bf82208c93] Task [flink-pekko.actor.default-dispatcher-6] INFO  Task rescale0 (3/4)#0 is already in state CANCELED
59431 [72d2f2102094885a0a6022bf82208c93] ChannelStateWriteRequestExecutorImpl [Channel state writer] INFO  discarding 1 drained requests
59431 [72d2f2102094885a0a6022bf82208c93] Task [flink-pekko.actor.default-dispatcher-6] INFO  Attempting to cancel task failing-map (3/3)#0 (bd67806bab9fab04288360ffc130ea03_b8c789ec3a44294cb45da029ffe0e6fd_2_0).
59431 [72d2f2102094885a0a6022bf82208c93] Task [flink-pekko.actor.default-dispatcher-6] INFO  failing-map (3/3)#0 (bd67806bab9fab04288360ffc130ea03_b8c789ec3a44294cb45da029ffe0e6fd_2_0) switched from RUNNING to CANCELING.
59431 [72d2f2102094885a0a6022bf82208c93] Task [flink-pekko.actor.default-dispatcher-6] INFO  Triggering cancellation of task code failing-map (3/3)#0 (bd67806bab9fab04288360ffc130ea03_b8c789ec3a44294cb45da029ffe0e6fd_2_0).
59431 [72d2f2102094885a0a6022bf82208c93] Task [flink-pekko.actor.default-dispatcher-9] INFO  Attempting to cancel task upscale0 (1/6)#0 (bd67806bab9fab04288360ffc130ea03_7559af08559a2c7079a359b85b7edab5_0_0).
59431 [72d2f2102094885a0a6022bf82208c93] Task [flink-pekko.actor.default-dispatcher-9] INFO  upscale0 (1/6)#0 (bd67806bab9fab04288360ffc130ea03_7559af08559a2c7079a359b85b7edab5_0_0) switched from RUNNING to CANCELING.
59431 [72d2f2102094885a0a6022bf82208c93] Task [flink-pekko.actor.default-dispatcher-9] INFO  Triggering cancellation of task code upscale0 (1/6)#0 (bd67806bab9fab04288360ffc130ea03_7559af08559a2c7079a359b85b7edab5_0_0).
59431 [72d2f2102094885a0a6022bf82208c93] Task [upscale0 (1/6)#0] INFO  upscale0 (1/6)#0 (bd67806bab9fab04288360ffc130ea03_7559af08559a2c7079a359b85b7edab5_0_0) switched from CANCELING to CANCELED.
59431 [72d2f2102094885a0a6022bf82208c93] Task [upscale0 (1/6)#0] INFO  Freeing task resources for upscale0 (1/6)#0 (bd67806bab9fab04288360ffc130ea03_7559af08559a2c7079a359b85b7edab5_0_0).
59431 [72d2f2102094885a0a6022bf82208c93] Task [failing-map (3/3)#0] INFO  failing-map (3/3)#0 (bd67806bab9fab04288360ffc130ea03_b8c789ec3a44294cb45da029ffe0e6fd_2_0) switched from CANCELING to CANCELED.
59431 [                                ] TaskExecutor [flink-pekko.actor.default-dispatcher-6] INFO  Un-registering task and sending final execution state CANCELED to JobManager for task Source: source0 -> input-filter0 -> input-counter0 (2/3)#0 bd67806bab9fab04288360ffc130ea03_3e9b902627593008a6d790e9aeca7953_1_0.
59431 [72d2f2102094885a0a6022bf82208c93] Task [failing-map (3/3)#0] INFO  Freeing task resources for failing-map (3/3)#0 (bd67806bab9fab04288360ffc130ea03_b8c789ec3a44294cb45da029ffe0e6fd_2_0).
59431 [                                ] TaskExecutor [flink-pekko.actor.default-dispatcher-6] INFO  Un-registering task and sending final execution state CANCELED to JobManager for task global0 (2/3)#0 bd67806bab9fab04288360ffc130ea03_4eca6edb63b17eb77deb9de060a699d1_1_0.
59431 [                                ] TaskExecutor [flink-pekko.actor.default-dispatcher-6] INFO  Un-registering task and sending final execution state CANCELED to JobManager for task rebalance0 (2/4)#0 bd67806bab9fab04288360ffc130ea03_25a6d73fce56b9559bed0247061e93e0_1_0.
59431 [72d2f2102094885a0a6022bf82208c93] ChannelStateWriteRequestExecutorImpl [Channel state writer] INFO  discarding 1 drained requests
59431 [                                ] TaskExecutor [flink-pekko.actor.default-dispatcher-6] INFO  Un-registering task and sending final execution state CANCELED to JobManager for task upscale0 (2/6)#0 bd67806bab9fab04288360ffc130ea03_7559af08559a2c7079a359b85b7edab5_1_0.
59431 [                                ] TaskExecutor [flink-pekko.actor.default-dispatcher-6] INFO  Un-registering task and sending final execution state CANCELED to JobManager for task upscale0 (6/6)#0 bd67806bab9fab04288360ffc130ea03_7559af08559a2c7079a359b85b7edab5_5_0.
59431 [72d2f2102094885a0a6022bf82208c93] ExecutionGraph [flink-pekko.actor.default-dispatcher-10] INFO  Source: source0 -> input-filter0 -> input-counter0 (2/3) (bd67806bab9fab04288360ffc130ea03_3e9b902627593008a6d790e9aeca7953_1_0) switched from CANCELING to CANCELED.
59431 [                                ] TaskExecutor [flink-pekko.actor.default-dispatcher-6] INFO  Un-registering task and sending final execution state CANCELED to JobManager for task downscale0 (2/4)#0 bd67806bab9fab04288360ffc130ea03_579c351891399448b6165717925f2b21_1_0.
59431 [                                ] TaskExecutor [flink-pekko.actor.default-dispatcher-6] INFO  Un-registering task and sending final execution state CANCELED to JobManager for task keyby0 (2/3)#0 bd67806bab9fab04288360ffc130ea03_e32648f4a493dd25fdd7d9c66c500390_1_0.
59431 [72d2f2102094885a0a6022bf82208c93] ExecutionGraph [flink-pekko.actor.default-dispatcher-10] INFO  global0 (2/3) (bd67806bab9fab04288360ffc130ea03_4eca6edb63b17eb77deb9de060a699d1_1_0) switched from CANCELING to CANCELED.
59431 [                                ] TaskExecutor [flink-pekko.actor.default-dispatcher-6] INFO  Un-registering task and sending final execution state CANCELED to JobManager for task rescale0 (3/4)#0 bd67806bab9fab04288360ffc130ea03_7b4c6fe4c6df355e1ed86e978ba4a96e_2_0.
59431 [                                ] TaskExecutor [flink-pekko.actor.default-dispatcher-6] INFO  Un-registering task and sending final execution state CANCELED to JobManager for task failing-map (3/3)#0 bd67806bab9fab04288360ffc130ea03_b8c789ec3a44294cb45da029ffe0e6fd_2_0.
59431 [72d2f2102094885a0a6022bf82208c93] ExecutionGraph [flink-pekko.actor.default-dispatcher-10] INFO  rebalance0 (2/4) (bd67806bab9fab04288360ffc130ea03_25a6d73fce56b9559bed0247061e93e0_1_0) switched from CANCELING to CANCELED.
59431 [72d2f2102094885a0a6022bf82208c93] ExecutionGraph [flink-pekko.actor.default-dispatcher-10] INFO  upscale0 (2/6) (bd67806bab9fab04288360ffc130ea03_7559af08559a2c7079a359b85b7edab5_1_0) switched from CANCELING to CANCELED.
59431 [72d2f2102094885a0a6022bf82208c93] ExecutionGraph [flink-pekko.actor.default-dispatcher-10] INFO  upscale0 (6/6) (bd67806bab9fab04288360ffc130ea03_7559af08559a2c7079a359b85b7edab5_5_0) switched from CANCELING to CANCELED.
59431 [72d2f2102094885a0a6022bf82208c93] Task [flink-pekko.actor.default-dispatcher-9] INFO  Attempting to cancel task upscale0 (3/6)#0 (bd67806bab9fab04288360ffc130ea03_7559af08559a2c7079a359b85b7edab5_2_0).
59431 [72d2f2102094885a0a6022bf82208c93] Task [flink-pekko.actor.default-dispatcher-9] INFO  upscale0 (3/6)#0 (bd67806bab9fab04288360ffc130ea03_7559af08559a2c7079a359b85b7edab5_2_0) switched from RUNNING to CANCELING.
59431 [72d2f2102094885a0a6022bf82208c93] Task [flink-pekko.actor.default-dispatcher-9] INFO  Triggering cancellation of task code upscale0 (3/6)#0 (bd67806bab9fab04288360ffc130ea03_7559af08559a2c7079a359b85b7edab5_2_0).
59431 [72d2f2102094885a0a6022bf82208c93] ExecutionGraph [flink-pekko.actor.default-dispatcher-10] INFO  downscale0 (2/4) (bd67806bab9fab04288360ffc130ea03_579c351891399448b6165717925f2b21_1_0) switched from CANCELING to CANCELED.
59431 [72d2f2102094885a0a6022bf82208c93] ExecutionGraph [flink-pekko.actor.default-dispatcher-10] INFO  keyby0 (2/3) (bd67806bab9fab04288360ffc130ea03_e32648f4a493dd25fdd7d9c66c500390_1_0) switched from CANCELING to CANCELED.
59431 [72d2f2102094885a0a6022bf82208c93] ExecutionGraph [flink-pekko.actor.default-dispatcher-10] INFO  rescale0 (3/4) (bd67806bab9fab04288360ffc130ea03_7b4c6fe4c6df355e1ed86e978ba4a96e_2_0) switched from CANCELING to CANCELED.
59431 [72d2f2102094885a0a6022bf82208c93] Task [upscale0 (3/6)#0] INFO  upscale0 (3/6)#0 (bd67806bab9fab04288360ffc130ea03_7559af08559a2c7079a359b85b7edab5_2_0) switched from CANCELING to CANCELED.
59431 [72d2f2102094885a0a6022bf82208c93] ExecutionGraph [flink-pekko.actor.default-dispatcher-10] INFO  failing-map (3/3) (bd67806bab9fab04288360ffc130ea03_b8c789ec3a44294cb45da029ffe0e6fd_2_0) switched from CANCELING to CANCELED.
59431 [72d2f2102094885a0a6022bf82208c93] Task [flink-pekko.actor.default-dispatcher-9] INFO  Attempting to cancel task downscale0 (1/4)#0 (bd67806bab9fab04288360ffc130ea03_579c351891399448b6165717925f2b21_0_0).
59431 [72d2f2102094885a0a6022bf82208c93] Task [flink-pekko.actor.default-dispatcher-9] INFO  downscale0 (1/4)#0 (bd67806bab9fab04288360ffc130ea03_579c351891399448b6165717925f2b21_0_0) switched from RUNNING to CANCELING.
59431 [72d2f2102094885a0a6022bf82208c93] Task [flink-pekko.actor.default-dispatcher-9] INFO  Triggering cancellation of task code downscale0 (1/4)#0 (bd67806bab9fab04288360ffc130ea03_579c351891399448b6165717925f2b21_0_0).
59431 [72d2f2102094885a0a6022bf82208c93] Task [upscale0 (3/6)#0] INFO  Freeing task resources for upscale0 (3/6)#0 (bd67806bab9fab04288360ffc130ea03_7559af08559a2c7079a359b85b7edab5_2_0).
59431 [72d2f2102094885a0a6022bf82208c93] Task [downscale0 (1/4)#0] INFO  downscale0 (1/4)#0 (bd67806bab9fab04288360ffc130ea03_579c351891399448b6165717925f2b21_0_0) switched from CANCELING to CANCELED.
59432 [72d2f2102094885a0a6022bf82208c93] Task [downscale0 (1/4)#0] INFO  Freeing task resources for downscale0 (1/4)#0 (bd67806bab9fab04288360ffc130ea03_579c351891399448b6165717925f2b21_0_0).
59432 [72d2f2102094885a0a6022bf82208c93] Task [flink-pekko.actor.default-dispatcher-9] INFO  Attempting to cancel task downscale0 (3/4)#0 (bd67806bab9fab04288360ffc130ea03_579c351891399448b6165717925f2b21_2_0).
59432 [72d2f2102094885a0a6022bf82208c93] Task [flink-pekko.actor.default-dispatcher-9] INFO  downscale0 (3/4)#0 (bd67806bab9fab04288360ffc130ea03_579c351891399448b6165717925f2b21_2_0) switched from RUNNING to CANCELING.
59432 [72d2f2102094885a0a6022bf82208c93] Task [flink-pekko.actor.default-dispatcher-9] INFO  Triggering cancellation of task code downscale0 (3/4)#0 (bd67806bab9fab04288360ffc130ea03_579c351891399448b6165717925f2b21_2_0).
59432 [72d2f2102094885a0a6022bf82208c93] Task [downscale0 (3/4)#0] INFO  downscale0 (3/4)#0 (bd67806bab9fab04288360ffc130ea03_579c351891399448b6165717925f2b21_2_0) switched from CANCELING to CANCELED.
59432 [72d2f2102094885a0a6022bf82208c93] Task [flink-pekko.actor.default-dispatcher-9] INFO  Attempting to cancel task keyby0 (1/3)#0 (bd67806bab9fab04288360ffc130ea03_e32648f4a493dd25fdd7d9c66c500390_0_0).
59432 [72d2f2102094885a0a6022bf82208c93] Task [downscale0 (3/4)#0] INFO  Freeing task resources for downscale0 (3/4)#0 (bd67806bab9fab04288360ffc130ea03_579c351891399448b6165717925f2b21_2_0).
59432 [72d2f2102094885a0a6022bf82208c93] Task [flink-pekko.actor.default-dispatcher-9] INFO  keyby0 (1/3)#0 (bd67806bab9fab04288360ffc130ea03_e32648f4a493dd25fdd7d9c66c500390_0_0) switched from RUNNING to CANCELING.
59432 [72d2f2102094885a0a6022bf82208c93] Task [flink-pekko.actor.default-dispatcher-9] INFO  Triggering cancellation of task code keyby0 (1/3)#0 (bd67806bab9fab04288360ffc130ea03_e32648f4a493dd25fdd7d9c66c500390_0_0).
59432 [72d2f2102094885a0a6022bf82208c93] ChannelStateWriteRequestExecutorImpl [Channel state writer] INFO  discarding 1 drained requests
59432 [72d2f2102094885a0a6022bf82208c93] Task [keyby0 (1/3)#0] INFO  keyby0 (1/3)#0 (bd67806bab9fab04288360ffc130ea03_e32648f4a493dd25fdd7d9c66c500390_0_0) switched from CANCELING to CANCELED.
59432 [72d2f2102094885a0a6022bf82208c93] Task [keyby0 (1/3)#0] INFO  Freeing task resources for keyby0 (1/3)#0 (bd67806bab9fab04288360ffc130ea03_e32648f4a493dd25fdd7d9c66c500390_0_0).
59432 [72d2f2102094885a0a6022bf82208c93] Task [flink-pekko.actor.default-dispatcher-9] INFO  Attempting to cancel task keyby0 (3/3)#0 (bd67806bab9fab04288360ffc130ea03_e32648f4a493dd25fdd7d9c66c500390_2_0).
59432 [72d2f2102094885a0a6022bf82208c93] Task [flink-pekko.actor.default-dispatcher-9] INFO  keyby0 (3/3)#0 (bd67806bab9fab04288360ffc130ea03_e32648f4a493dd25fdd7d9c66c500390_2_0) switched from RUNNING to CANCELING.
59432 [72d2f2102094885a0a6022bf82208c93] Task [flink-pekko.actor.default-dispatcher-9] INFO  Triggering cancellation of task code keyby0 (3/3)#0 (bd67806bab9fab04288360ffc130ea03_e32648f4a493dd25fdd7d9c66c500390_2_0).
59432 [72d2f2102094885a0a6022bf82208c93] Task [keyby0 (3/3)#0] INFO  keyby0 (3/3)#0 (bd67806bab9fab04288360ffc130ea03_e32648f4a493dd25fdd7d9c66c500390_2_0) switched from CANCELING to CANCELED.
59432 [72d2f2102094885a0a6022bf82208c93] Task [flink-pekko.actor.default-dispatcher-9] INFO  Attempting to cancel task rescale0 (1/4)#0 (bd67806bab9fab04288360ffc130ea03_7b4c6fe4c6df355e1ed86e978ba4a96e_0_0).
59432 [72d2f2102094885a0a6022bf82208c93] Task [flink-pekko.actor.default-dispatcher-9] INFO  rescale0 (1/4)#0 (bd67806bab9fab04288360ffc130ea03_7b4c6fe4c6df355e1ed86e978ba4a96e_0_0) switched from RUNNING to CANCELING.
59432 [72d2f2102094885a0a6022bf82208c93] Task [keyby0 (3/3)#0] INFO  Freeing task resources for keyby0 (3/3)#0 (bd67806bab9fab04288360ffc130ea03_e32648f4a493dd25fdd7d9c66c500390_2_0).
59432 [72d2f2102094885a0a6022bf82208c93] Task [flink-pekko.actor.default-dispatcher-9] INFO  Triggering cancellation of task code rescale0 (1/4)#0 (bd67806bab9fab04288360ffc130ea03_7b4c6fe4c6df355e1ed86e978ba4a96e_0_0).
59432 [72d2f2102094885a0a6022bf82208c93] Task [rescale0 (1/4)#0] INFO  rescale0 (1/4)#0 (bd67806bab9fab04288360ffc130ea03_7b4c6fe4c6df355e1ed86e978ba4a96e_0_0) switched from CANCELING to CANCELED.
59432 [72d2f2102094885a0a6022bf82208c93] Task [flink-pekko.actor.default-dispatcher-9] INFO  Attempting to cancel task rescale0 (4/4)#0 (bd67806bab9fab04288360ffc130ea03_7b4c6fe4c6df355e1ed86e978ba4a96e_3_0).
59432 [72d2f2102094885a0a6022bf82208c93] Task [flink-pekko.actor.default-dispatcher-9] INFO  rescale0 (4/4)#0 (bd67806bab9fab04288360ffc130ea03_7b4c6fe4c6df355e1ed86e978ba4a96e_3_0) switched from RUNNING to CANCELING.
59432 [72d2f2102094885a0a6022bf82208c93] Task [flink-pekko.actor.default-dispatcher-9] INFO  Triggering cancellation of task code rescale0 (4/4)#0 (bd67806bab9fab04288360ffc130ea03_7b4c6fe4c6df355e1ed86e978ba4a96e_3_0).
59432 [72d2f2102094885a0a6022bf82208c93] Task [rescale0 (1/4)#0] INFO  Freeing task resources for rescale0 (1/4)#0 (bd67806bab9fab04288360ffc130ea03_7b4c6fe4c6df355e1ed86e978ba4a96e_0_0).
59432 [72d2f2102094885a0a6022bf82208c93] Task [rescale0 (4/4)#0] INFO  rescale0 (4/4)#0 (bd67806bab9fab04288360ffc130ea03_7b4c6fe4c6df355e1ed86e978ba4a96e_3_0) switched from CANCELING to CANCELED.
59433 [72d2f2102094885a0a6022bf82208c93] Task [rescale0 (4/4)#0] INFO  Freeing task resources for rescale0 (4/4)#0 (bd67806bab9fab04288360ffc130ea03_7b4c6fe4c6df355e1ed86e978ba4a96e_3_0).
59433 [72d2f2102094885a0a6022bf82208c93] Task [flink-pekko.actor.default-dispatcher-9] INFO  Attempting to cancel task Sink: sink (1/1)#0 (bd67806bab9fab04288360ffc130ea03_2e588ce1c86a9d46e2e85186773ce4fd_0_0).
59433 [72d2f2102094885a0a6022bf82208c93] Task [flink-pekko.actor.default-dispatcher-9] INFO  Sink: sink (1/1)#0 (bd67806bab9fab04288360ffc130ea03_2e588ce1c86a9d46e2e85186773ce4fd_0_0) switched from RUNNING to CANCELING.
59433 [72d2f2102094885a0a6022bf82208c93] Task [flink-pekko.actor.default-dispatcher-9] INFO  Triggering cancellation of task code Sink: sink (1/1)#0 (bd67806bab9fab04288360ffc130ea03_2e588ce1c86a9d46e2e85186773ce4fd_0_0).
59433 [72d2f2102094885a0a6022bf82208c93] ChannelStateWriteRequestExecutorImpl [Channel state writer] INFO  discarding 1 drained requests
59433 [72d2f2102094885a0a6022bf82208c93] Task [Sink: sink (1/1)#0] INFO  Sink: sink (1/1)#0 (bd67806bab9fab04288360ffc130ea03_2e588ce1c86a9d46e2e85186773ce4fd_0_0) switched from CANCELING to CANCELED.
59433 [72d2f2102094885a0a6022bf82208c93] UnalignedCheckpointTestBase [Sink: sink (1/1)#0] INFO  Last state StateBase{numOutOfOrderness=0, numLostValues=6520, numDuplicates=0, numOutput=112750, completedCheckpoints=5} @ 0 subtask (0 attempt)
59433 [72d2f2102094885a0a6022bf82208c93] Task [Sink: sink (1/1)#0] INFO  Freeing task resources for Sink: sink (1/1)#0 (bd67806bab9fab04288360ffc130ea03_2e588ce1c86a9d46e2e85186773ce4fd_0_0).
59433 [72d2f2102094885a0a6022bf82208c93] ChannelStateWriteRequestExecutorImpl [Channel state writer] INFO  discarding 1 drained requests
59433 [                                ] TaskExecutor [flink-pekko.actor.default-dispatcher-6] INFO  Un-registering task and sending final execution state CANCELED to JobManager for task Source: source0 -> input-filter0 -> input-counter0 (1/3)#0 bd67806bab9fab04288360ffc130ea03_3e9b902627593008a6d790e9aeca7953_0_0.
59433 [                                ] TaskExecutor [flink-pekko.actor.default-dispatcher-6] INFO  Un-registering task and sending final execution state CANCELED to JobManager for task global0 (1/3)#0 bd67806bab9fab04288360ffc130ea03_4eca6edb63b17eb77deb9de060a699d1_0_0.
59433 [                                ] TaskExecutor [flink-pekko.actor.default-dispatcher-6] INFO  Un-registering task and sending final execution state CANCELED to JobManager for task Source: source0 -> input-filter0 -> input-counter0 (3/3)#0 bd67806bab9fab04288360ffc130ea03_3e9b902627593008a6d790e9aeca7953_2_0.
59433 [                                ] TaskExecutor [flink-pekko.actor.default-dispatcher-6] INFO  Un-registering task and sending final execution state CANCELED to JobManager for task global0 (3/3)#0 bd67806bab9fab04288360ffc130ea03_4eca6edb63b17eb77deb9de060a699d1_2_0.
59433 [72d2f2102094885a0a6022bf82208c93] ExecutionGraph [flink-pekko.actor.default-dispatcher-8] INFO  Source: source0 -> input-filter0 -> input-counter0 (1/3) (bd67806bab9fab04288360ffc130ea03_3e9b902627593008a6d790e9aeca7953_0_0) switched from CANCELING to CANCELED.
59433 [                                ] TaskExecutor [flink-pekko.actor.default-dispatcher-6] INFO  Un-registering task and sending final execution state CANCELED to JobManager for task rebalance0 (1/4)#0 bd67806bab9fab04288360ffc130ea03_25a6d73fce56b9559bed0247061e93e0_0_0.
59433 [                                ] TaskExecutor [flink-pekko.actor.default-dispatcher-6] INFO  Un-registering task and sending final execution state CANCELED to JobManager for task rebalance0 (3/4)#0 bd67806bab9fab04288360ffc130ea03_25a6d73fce56b9559bed0247061e93e0_2_0.
59433 [                                ] TaskExecutor [flink-pekko.actor.default-dispatcher-6] INFO  Un-registering task and sending final execution state CANCELED to JobManager for task upscale0 (1/6)#0 bd67806bab9fab04288360ffc130ea03_7559af08559a2c7079a359b85b7edab5_0_0.
59433 [72d2f2102094885a0a6022bf82208c93] ExecutionGraph [flink-pekko.actor.default-dispatcher-8] INFO  global0 (1/3) (bd67806bab9fab04288360ffc130ea03_4eca6edb63b17eb77deb9de060a699d1_0_0) switched from CANCELING to CANCELED.
59433 [                                ] TaskExecutor [flink-pekko.actor.default-dispatcher-6] INFO  Un-registering task and sending final execution state CANCELED to JobManager for task upscale0 (3/6)#0 bd67806bab9fab04288360ffc130ea03_7559af08559a2c7079a359b85b7edab5_2_0.
59433 [                                ] TaskExecutor [flink-pekko.actor.default-dispatcher-6] INFO  Un-registering task and sending final execution state CANCELED to JobManager for task downscale0 (1/4)#0 bd67806bab9fab04288360ffc130ea03_579c351891399448b6165717925f2b21_0_0.
59433 [                                ] TaskExecutor [flink-pekko.actor.default-dispatcher-6] INFO  Un-registering task and sending final execution state CANCELED to JobManager for task downscale0 (3/4)#0 bd67806bab9fab04288360ffc130ea03_579c351891399448b6165717925f2b21_2_0.
59433 [72d2f2102094885a0a6022bf82208c93] ExecutionGraph [flink-pekko.actor.default-dispatcher-8] INFO  Source: source0 -> input-filter0 -> input-counter0 (3/3) (bd67806bab9fab04288360ffc130ea03_3e9b902627593008a6d790e9aeca7953_2_0) switched from CANCELING to CANCELED.
59433 [                                ] TaskExecutor [flink-pekko.actor.default-dispatcher-6] INFO  Un-registering task and sending final execution state CANCELED to JobManager for task keyby0 (1/3)#0 bd67806bab9fab04288360ffc130ea03_e32648f4a493dd25fdd7d9c66c500390_0_0.
59433 [                                ] TaskExecutor [flink-pekko.actor.default-dispatcher-6] INFO  Un-registering task and sending final execution state CANCELED to JobManager for task keyby0 (3/3)#0 bd67806bab9fab04288360ffc130ea03_e32648f4a493dd25fdd7d9c66c500390_2_0.
59433 [72d2f2102094885a0a6022bf82208c93] ExecutionGraph [flink-pekko.actor.default-dispatcher-8] INFO  global0 (3/3) (bd67806bab9fab04288360ffc130ea03_4eca6edb63b17eb77deb9de060a699d1_2_0) switched from CANCELING to CANCELED.
59433 [                                ] TaskExecutor [flink-pekko.actor.default-dispatcher-6] INFO  Un-registering task and sending final execution state CANCELED to JobManager for task rescale0 (1/4)#0 bd67806bab9fab04288360ffc130ea03_7b4c6fe4c6df355e1ed86e978ba4a96e_0_0.
59433 [                                ] TaskExecutor [flink-pekko.actor.default-dispatcher-6] INFO  Un-registering task and sending final execution state CANCELED to JobManager for task rescale0 (4/4)#0 bd67806bab9fab04288360ffc130ea03_7b4c6fe4c6df355e1ed86e978ba4a96e_3_0.
59433 [72d2f2102094885a0a6022bf82208c93] ExecutionGraph [flink-pekko.actor.default-dispatcher-8] INFO  rebalance0 (1/4) (bd67806bab9fab04288360ffc130ea03_25a6d73fce56b9559bed0247061e93e0_0_0) switched from CANCELING to CANCELED.
59433 [                                ] TaskExecutor [flink-pekko.actor.default-dispatcher-6] INFO  Un-registering task and sending final execution state CANCELED to JobManager for task Sink: sink (1/1)#0 bd67806bab9fab04288360ffc130ea03_2e588ce1c86a9d46e2e85186773ce4fd_0_0.
59433 [72d2f2102094885a0a6022bf82208c93] ExecutionGraph [flink-pekko.actor.default-dispatcher-8] INFO  rebalance0 (3/4) (bd67806bab9fab04288360ffc130ea03_25a6d73fce56b9559bed0247061e93e0_2_0) switched from CANCELING to CANCELED.
59433 [72d2f2102094885a0a6022bf82208c93] ExecutionGraph [flink-pekko.actor.default-dispatcher-8] INFO  upscale0 (1/6) (bd67806bab9fab04288360ffc130ea03_7559af08559a2c7079a359b85b7edab5_0_0) switched from CANCELING to CANCELED.
59433 [72d2f2102094885a0a6022bf82208c93] ExecutionGraph [flink-pekko.actor.default-dispatcher-8] INFO  upscale0 (3/6) (bd67806bab9fab04288360ffc130ea03_7559af08559a2c7079a359b85b7edab5_2_0) switched from CANCELING to CANCELED.
59433 [72d2f2102094885a0a6022bf82208c93] ExecutionGraph [flink-pekko.actor.default-dispatcher-8] INFO  downscale0 (1/4) (bd67806bab9fab04288360ffc130ea03_579c351891399448b6165717925f2b21_0_0) switched from CANCELING to CANCELED.
59433 [72d2f2102094885a0a6022bf82208c93] ExecutionGraph [flink-pekko.actor.default-dispatcher-8] INFO  downscale0 (3/4) (bd67806bab9fab04288360ffc130ea03_579c351891399448b6165717925f2b21_2_0) switched from CANCELING to CANCELED.
59433 [72d2f2102094885a0a6022bf82208c93] ExecutionGraph [flink-pekko.actor.default-dispatcher-8] INFO  keyby0 (1/3) (bd67806bab9fab04288360ffc130ea03_e32648f4a493dd25fdd7d9c66c500390_0_0) switched from CANCELING to CANCELED.
59433 [72d2f2102094885a0a6022bf82208c93] ExecutionGraph [flink-pekko.actor.default-dispatcher-8] INFO  keyby0 (3/3) (bd67806bab9fab04288360ffc130ea03_e32648f4a493dd25fdd7d9c66c500390_2_0) switched from CANCELING to CANCELED.
59433 [72d2f2102094885a0a6022bf82208c93] ExecutionGraph [flink-pekko.actor.default-dispatcher-8] INFO  rescale0 (1/4) (bd67806bab9fab04288360ffc130ea03_7b4c6fe4c6df355e1ed86e978ba4a96e_0_0) switched from CANCELING to CANCELED.
59433 [72d2f2102094885a0a6022bf82208c93] ExecutionGraph [flink-pekko.actor.default-dispatcher-8] INFO  rescale0 (4/4) (bd67806bab9fab04288360ffc130ea03_7b4c6fe4c6df355e1ed86e978ba4a96e_3_0) switched from CANCELING to CANCELED.
59433 [72d2f2102094885a0a6022bf82208c93] ExecutionGraph [flink-pekko.actor.default-dispatcher-8] INFO  Sink: sink (1/1) (bd67806bab9fab04288360ffc130ea03_2e588ce1c86a9d46e2e85186773ce4fd_0_0) switched from CANCELING to CANCELED.
59433 [72d2f2102094885a0a6022bf82208c93] ExecutionGraph [flink-pekko.actor.default-dispatcher-8] INFO  Job Flink Streaming Job (72d2f2102094885a0a6022bf82208c93) switched from state FAILING to FAILED.
org.apache.flink.runtime.JobException: Recovery is suppressed by FixedDelayRestartBackoffTimeStrategy(maxNumberRestartAttempts=0, backoffTimeMS=100)
	at org.apache.flink.runtime.executiongraph.failover.ExecutionFailureHandler.handleFailure(ExecutionFailureHandler.java:213)
	at org.apache.flink.runtime.executiongraph.failover.ExecutionFailureHandler.handleFailureAndReport(ExecutionFailureHandler.java:163)
	at org.apache.flink.runtime.executiongraph.failover.ExecutionFailureHandler.getFailureHandlingResult(ExecutionFailureHandler.java:118)
	at org.apache.flink.runtime.scheduler.DefaultScheduler.recordTaskFailure(DefaultScheduler.java:300)
	at org.apache.flink.runtime.scheduler.DefaultScheduler.handleTaskFailure(DefaultScheduler.java:291)
	at org.apache.flink.runtime.scheduler.DefaultScheduler.onTaskFailed(DefaultScheduler.java:284)
	at org.apache.flink.runtime.scheduler.SchedulerBase.onTaskExecutionStateUpdate(SchedulerBase.java:836)
	at org.apache.flink.runtime.scheduler.SchedulerBase.updateTaskExecutionState(SchedulerBase.java:813)
	at org.apache.flink.runtime.scheduler.SchedulerNG.updateTaskExecutionState(SchedulerNG.java:90)
	at org.apache.flink.runtime.jobmaster.JobMaster.updateTaskExecutionState(JobMaster.java:543)
	at jdk.internal.reflect.GeneratedMethodAccessor33.invoke(Unknown Source)
	at java.base/jdk.internal.reflect.DelegatingMethodAccessorImpl.invoke(DelegatingMethodAccessorImpl.java:43)
	at java.base/java.lang.reflect.Method.invoke(Method.java:566)
	at org.apache.flink.runtime.rpc.pekko.PekkoRpcActor.lambda$handleRpcInvocation$1(PekkoRpcActor.java:318)
	at org.apache.flink.runtime.concurrent.ClassLoadingUtils.runWithContextClassLoader(ClassLoadingUtils.java:83)
	at org.apache.flink.runtime.rpc.pekko.PekkoRpcActor.handleRpcInvocation(PekkoRpcActor.java:316)
	at org.apache.flink.runtime.rpc.pekko.PekkoRpcActor.handleRpcMessage(PekkoRpcActor.java:229)
	at org.apache.flink.runtime.rpc.pekko.FencedPekkoRpcActor.handleRpcMessage(FencedPekkoRpcActor.java:88)
	at org.apache.flink.runtime.rpc.pekko.PekkoRpcActor.handleMessage(PekkoRpcActor.java:174)
	at org.apache.pekko.japi.pf.UnitCaseStatement.apply(CaseStatements.scala:37)
	at org.apache.pekko.japi.pf.UnitCaseStatement.apply(CaseStatements.scala:33)
	at scala.PartialFunction.applyOrElse(PartialFunction.scala:127)
	at scala.PartialFunction.applyOrElse$(PartialFunction.scala:126)
	at org.apache.pekko.japi.pf.UnitCaseStatement.applyOrElse(CaseStatements.scala:33)
	at scala.PartialFunction$OrElse.applyOrElse(PartialFunction.scala:175)
	at scala.PartialFunction$OrElse.applyOrElse(PartialFunction.scala:176)
	at scala.PartialFunction$OrElse.applyOrElse(PartialFunction.scala:176)
	at org.apache.pekko.actor.Actor.aroundReceive(Actor.scala:547)
	at org.apache.pekko.actor.Actor.aroundReceive$(Actor.scala:545)
	at org.apache.pekko.actor.AbstractActor.aroundReceive(AbstractActor.scala:229)
	at org.apache.pekko.actor.ActorCell.receiveMessage(ActorCell.scala:590)
	at org.apache.pekko.actor.ActorCell.invoke(ActorCell.scala:557)
	at org.apache.pekko.dispatch.Mailbox.processMailbox(Mailbox.scala:273)
	at org.apache.pekko.dispatch.Mailbox.run(Mailbox.scala:234)
	at org.apache.pekko.dispatch.Mailbox.exec(Mailbox.scala:246)
	at java.base/java.util.concurrent.ForkJoinTask.doExec(ForkJoinTask.java:290)
	at java.base/java.util.concurrent.ForkJoinPool$WorkQueue.topLevelExec(ForkJoinPool.java:1020)
	at java.base/java.util.concurrent.ForkJoinPool.scan(ForkJoinPool.java:1656)
	at java.base/java.util.concurrent.ForkJoinPool.runWorker(ForkJoinPool.java:1594)
	at java.base/java.util.concurrent.ForkJoinWorkerThread.run(ForkJoinWorkerThread.java:183)
Caused by: java.io.IOException: Could not perform checkpoint 6 for operator failing-map (1/3)#0.
	at org.apache.flink.streaming.runtime.tasks.StreamTask.triggerCheckpointOnBarrier(StreamTask.java:1629)
	at org.apache.flink.streaming.runtime.io.checkpointing.CheckpointBarrierHandler.notifyCheckpoint(CheckpointBarrierHandler.java:147)
	at org.apache.flink.streaming.runtime.io.checkpointing.SingleCheckpointBarrierHandler.triggerCheckpoint(SingleCheckpointBarrierHandler.java:302)
	at org.apache.flink.streaming.runtime.io.checkpointing.SingleCheckpointBarrierHandler$ControllerImpl.triggerGlobalCheckpoint(SingleCheckpointBarrierHandler.java:503)
	at org.apache.flink.streaming.runtime.io.checkpointing.AlternatingWaitingForFirstBarrierUnaligned.barrierReceived(AlternatingWaitingForFirstBarrierUnaligned.java:79)
	at org.apache.flink.streaming.runtime.io.checkpointing.AbstractAlternatingAlignedBarrierHandlerState.barrierReceived(AbstractAlternatingAlignedBarrierHandlerState.java:56)
	at org.apache.flink.streaming.runtime.io.checkpointing.SingleCheckpointBarrierHandler.lambda$processBarrier$2(SingleCheckpointBarrierHandler.java:249)
	at org.apache.flink.streaming.runtime.io.checkpointing.SingleCheckpointBarrierHandler.markCheckpointAlignedAndTransformState(SingleCheckpointBarrierHandler.java:277)
	at org.apache.flink.streaming.runtime.io.checkpointing.SingleCheckpointBarrierHandler.processBarrier(SingleCheckpointBarrierHandler.java:246)
	at org.apache.flink.streaming.runtime.io.checkpointing.CheckpointedInputGate.handleEvent(CheckpointedInputGate.java:182)
	at org.apache.flink.streaming.runtime.io.checkpointing.CheckpointedInputGate.pollNext(CheckpointedInputGate.java:160)
	at org.apache.flink.streaming.runtime.io.AbstractStreamTaskNetworkInput.emitNext(AbstractStreamTaskNetworkInput.java:178)
	at org.apache.flink.streaming.runtime.io.StreamOneInputProcessor.processInput(StreamOneInputProcessor.java:65)
	at org.apache.flink.streaming.runtime.tasks.StreamTask.processInput(StreamTask.java:672)
	at org.apache.flink.streaming.runtime.tasks.mailbox.MailboxProcessor.runMailboxLoop(MailboxProcessor.java:231)
	at org.apache.flink.streaming.runtime.tasks.StreamTask.runMailboxLoop(StreamTask.java:1201)
	at org.apache.flink.streaming.runtime.tasks.StreamTask.invoke(StreamTask.java:1138)
	at org.apache.flink.runtime.taskmanager.Task.runWithSystemExitMonitoring(Task.java:987)
	at org.apache.flink.runtime.taskmanager.Task.restoreAndInvoke(Task.java:969)
	at org.apache.flink.runtime.taskmanager.Task.doRun(Task.java:774)
	at org.apache.flink.runtime.taskmanager.Task.run(Task.java:579)
	at java.base/java.lang.Thread.run(Thread.java:829)
Caused by: org.apache.flink.runtime.checkpoint.CheckpointException: Could not complete snapshot 6 for operator failing-map (1/3)#0. Failure reason: Checkpoint was declined.
	at org.apache.flink.streaming.api.operators.StreamOperatorStateHandler.snapshotState(StreamOperatorStateHandler.java:318)
	at org.apache.flink.streaming.api.operators.StreamOperatorStateHandler.snapshotState(StreamOperatorStateHandler.java:202)
	at org.apache.flink.streaming.api.operators.AbstractStreamOperator.snapshotState(AbstractStreamOperator.java:427)
	at org.apache.flink.streaming.runtime.tasks.RegularOperatorChain.checkpointStreamOperator(RegularOperatorChain.java:228)
	at org.apache.flink.streaming.runtime.tasks.RegularOperatorChain.buildOperatorSnapshotFutures(RegularOperatorChain.java:213)
	at org.apache.flink.streaming.runtime.tasks.RegularOperatorChain.snapshotState(RegularOperatorChain.java:192)
	at org.apache.flink.streaming.runtime.tasks.SubtaskCheckpointCoordinatorImpl.takeSnapshotSync(SubtaskCheckpointCoordinatorImpl.java:751)
	at org.apache.flink.streaming.runtime.tasks.SubtaskCheckpointCoordinatorImpl.checkpointState(SubtaskCheckpointCoordinatorImpl.java:362)
	at org.apache.flink.streaming.runtime.tasks.StreamTask.lambda$performCheckpoint$21(StreamTask.java:1672)
	at org.apache.flink.streaming.runtime.tasks.StreamTaskActionExecutor$1.runThrowing(StreamTaskActionExecutor.java:50)
	at org.apache.flink.streaming.runtime.tasks.StreamTask.performCheckpoint(StreamTask.java:1660)
	at org.apache.flink.streaming.runtime.tasks.StreamTask.triggerCheckpointOnBarrier(StreamTask.java:1617)
	... 21 more
Caused by: org.apache.flink.test.checkpointing.UnalignedCheckpointTestBase$TestException: Failing snapshotState @ 5 (0 attempt); last value 109217
	at org.apache.flink.test.checkpointing.UnalignedCheckpointTestBase$FailingMapper.failMapper(UnalignedCheckpointTestBase.java:954)
	at org.apache.flink.test.checkpointing.UnalignedCheckpointTestBase$FailingMapper.checkFail(UnalignedCheckpointTestBase.java:949)
	at org.apache.flink.test.checkpointing.UnalignedCheckpointTestBase$FailingMapper.snapshotState(UnalignedCheckpointTestBase.java:977)
	at org.apache.flink.streaming.util.functions.StreamingFunctionUtils.trySnapshotFunctionState(StreamingFunctionUtils.java:118)
	at org.apache.flink.streaming.util.functions.StreamingFunctionUtils.snapshotFunctionState(StreamingFunctionUtils.java:99)
	at org.apache.flink.streaming.api.operators.AbstractUdfStreamOperator.snapshotState(AbstractUdfStreamOperator.java:104)
	at org.apache.flink.streaming.api.operators.StreamOperatorStateHandler.snapshotState(StreamOperatorStateHandler.java:261)
	... 32 more
59434 [                                ] SingleJobApplication [flink-pekko.actor.default-dispatcher-6] INFO  Application completed with job status FAILED
59434 [72d2f2102094885a0a6022bf82208c93] CheckpointCoordinator [flink-pekko.actor.default-dispatcher-8] INFO  Stopping checkpoint coordinator for job 72d2f2102094885a0a6022bf82208c93.
59434 [                                ] AbstractApplication [flink-pekko.actor.default-dispatcher-6] INFO  Application SingleJobApplication(Flink Streaming Job) (72d2f2102094885a0a6022bf82208c93) switched from state RUNNING to FAILING.
59434 [                                ] AbstractApplication [flink-pekko.actor.default-dispatcher-6] INFO  Application SingleJobApplication(Flink Streaming Job) (72d2f2102094885a0a6022bf82208c93) switched from state FAILING to FAILED.
59434 [72d2f2102094885a0a6022bf82208c93] StandaloneDispatcher [flink-pekko.actor.default-dispatcher-8] INFO  Job 72d2f2102094885a0a6022bf82208c93 reached terminal state FAILED.
org.apache.flink.runtime.JobException: Recovery is suppressed by FixedDelayRestartBackoffTimeStrategy(maxNumberRestartAttempts=0, backoffTimeMS=100)
	at org.apache.flink.runtime.executiongraph.failover.ExecutionFailureHandler.handleFailure(ExecutionFailureHandler.java:213)
	at org.apache.flink.runtime.executiongraph.failover.ExecutionFailureHandler.handleFailureAndReport(ExecutionFailureHandler.java:163)
	at org.apache.flink.runtime.executiongraph.failover.ExecutionFailureHandler.getFailureHandlingResult(ExecutionFailureHandler.java:118)
	at org.apache.flink.runtime.scheduler.DefaultScheduler.recordTaskFailure(DefaultScheduler.java:300)
	at org.apache.flink.runtime.scheduler.DefaultScheduler.handleTaskFailure(DefaultScheduler.java:291)
	at org.apache.flink.runtime.scheduler.DefaultScheduler.onTaskFailed(DefaultScheduler.java:284)
	at org.apache.flink.runtime.scheduler.SchedulerBase.onTaskExecutionStateUpdate(SchedulerBase.java:836)
	at org.apache.flink.runtime.scheduler.SchedulerBase.updateTaskExecutionState(SchedulerBase.java:813)
	at org.apache.flink.runtime.scheduler.SchedulerNG.updateTaskExecutionState(SchedulerNG.java:90)
	at org.apache.flink.runtime.jobmaster.JobMaster.updateTaskExecutionState(JobMaster.java:543)
	at jdk.internal.reflect.GeneratedMethodAccessor33.invoke(Unknown Source)
	at java.base/jdk.internal.reflect.DelegatingMethodAccessorImpl.invoke(DelegatingMethodAccessorImpl.java:43)
	at java.base/java.lang.reflect.Method.invoke(Method.java:566)
	at org.apache.flink.runtime.rpc.pekko.PekkoRpcActor.lambda$handleRpcInvocation$1(PekkoRpcActor.java:318)
	at org.apache.flink.runtime.concurrent.ClassLoadingUtils.runWithContextClassLoader(ClassLoadingUtils.java:83)
	at org.apache.flink.runtime.rpc.pekko.PekkoRpcActor.handleRpcInvocation(PekkoRpcActor.java:316)
	at org.apache.flink.runtime.rpc.pekko.PekkoRpcActor.handleRpcMessage(PekkoRpcActor.java:229)
	at org.apache.flink.runtime.rpc.pekko.FencedPekkoRpcActor.handleRpcMessage(FencedPekkoRpcActor.java:88)
	at org.apache.flink.runtime.rpc.pekko.PekkoRpcActor.handleMessage(PekkoRpcActor.java:174)
	at org.apache.pekko.japi.pf.UnitCaseStatement.apply(CaseStatements.scala:37)
	at org.apache.pekko.japi.pf.UnitCaseStatement.apply(CaseStatements.scala:33)
	at scala.PartialFunction.applyOrElse(PartialFunction.scala:127)
	at scala.PartialFunction.applyOrElse$(PartialFunction.scala:126)
	at org.apache.pekko.japi.pf.UnitCaseStatement.applyOrElse(CaseStatements.scala:33)
	at scala.PartialFunction$OrElse.applyOrElse(PartialFunction.scala:175)
	at scala.PartialFunction$OrElse.applyOrElse(PartialFunction.scala:176)
	at scala.PartialFunction$OrElse.applyOrElse(PartialFunction.scala:176)
	at org.apache.pekko.actor.Actor.aroundReceive(Actor.scala:547)
	at org.apache.pekko.actor.Actor.aroundReceive$(Actor.scala:545)
	at org.apache.pekko.actor.AbstractActor.aroundReceive(AbstractActor.scala:229)
	at org.apache.pekko.actor.ActorCell.receiveMessage(ActorCell.scala:590)
	at org.apache.pekko.actor.ActorCell.invoke(ActorCell.scala:557)
	at org.apache.pekko.dispatch.Mailbox.processMailbox(Mailbox.scala:273)
	at org.apache.pekko.dispatch.Mailbox.run(Mailbox.scala:234)
	at org.apache.pekko.dispatch.Mailbox.exec(Mailbox.scala:246)
	at java.base/java.util.concurrent.ForkJoinTask.doExec(ForkJoinTask.java:290)
	at java.base/java.util.concurrent.ForkJoinPool$WorkQueue.topLevelExec(ForkJoinPool.java:1020)
	at java.base/java.util.concurrent.ForkJoinPool.scan(ForkJoinPool.java:1656)
	at java.base/java.util.concurrent.ForkJoinPool.runWorker(ForkJoinPool.java:1594)
	at java.base/java.util.concurrent.ForkJoinWorkerThread.run(ForkJoinWorkerThread.java:183)
Caused by: java.io.IOException: Could not perform checkpoint 6 for operator failing-map (1/3)#0.
	at org.apache.flink.streaming.runtime.tasks.StreamTask.triggerCheckpointOnBarrier(StreamTask.java:1629)
	at org.apache.flink.streaming.runtime.io.checkpointing.CheckpointBarrierHandler.notifyCheckpoint(CheckpointBarrierHandler.java:147)
	at org.apache.flink.streaming.runtime.io.checkpointing.SingleCheckpointBarrierHandler.triggerCheckpoint(SingleCheckpointBarrierHandler.java:302)
	at org.apache.flink.streaming.runtime.io.checkpointing.SingleCheckpointBarrierHandler$ControllerImpl.triggerGlobalCheckpoint(SingleCheckpointBarrierHandler.java:503)
	at org.apache.flink.streaming.runtime.io.checkpointing.AlternatingWaitingForFirstBarrierUnaligned.barrierReceived(AlternatingWaitingForFirstBarrierUnaligned.java:79)
	at org.apache.flink.streaming.runtime.io.checkpointing.AbstractAlternatingAlignedBarrierHandlerState.barrierReceived(AbstractAlternatingAlignedBarrierHandlerState.java:56)
	at org.apache.flink.streaming.runtime.io.checkpointing.SingleCheckpointBarrierHandler.lambda$processBarrier$2(SingleCheckpointBarrierHandler.java:249)
	at org.apache.flink.streaming.runtime.io.checkpointing.SingleCheckpointBarrierHandler.markCheckpointAlignedAndTransformState(SingleCheckpointBarrierHandler.java:277)
	at org.apache.flink.streaming.runtime.io.checkpointing.SingleCheckpointBarrierHandler.processBarrier(SingleCheckpointBarrierHandler.java:246)
	at org.apache.flink.streaming.runtime.io.checkpointing.CheckpointedInputGate.handleEvent(CheckpointedInputGate.java:182)
	at org.apache.flink.streaming.runtime.io.checkpointing.CheckpointedInputGate.pollNext(CheckpointedInputGate.java:160)
	at org.apache.flink.streaming.runtime.io.AbstractStreamTaskNetworkInput.emitNext(AbstractStreamTaskNetworkInput.java:178)
	at org.apache.flink.streaming.runtime.io.StreamOneInputProcessor.processInput(StreamOneInputProcessor.java:65)
	at org.apache.flink.streaming.runtime.tasks.StreamTask.processInput(StreamTask.java:672)
	at org.apache.flink.streaming.runtime.tasks.mailbox.MailboxProcessor.runMailboxLoop(MailboxProcessor.java:231)
	at org.apache.flink.streaming.runtime.tasks.StreamTask.runMailboxLoop(StreamTask.java:1201)
	at org.apache.flink.streaming.runtime.tasks.StreamTask.invoke(StreamTask.java:1138)
	at org.apache.flink.runtime.taskmanager.Task.runWithSystemExitMonitoring(Task.java:987)
	at org.apache.flink.runtime.taskmanager.Task.restoreAndInvoke(Task.java:969)
	at org.apache.flink.runtime.taskmanager.Task.doRun(Task.java:774)
	at org.apache.flink.runtime.taskmanager.Task.run(Task.java:579)
	at java.base/java.lang.Thread.run(Thread.java:829)
Caused by: org.apache.flink.runtime.checkpoint.CheckpointException: Could not complete snapshot 6 for operator failing-map (1/3)#0. Failure reason: Checkpoint was declined.
	at org.apache.flink.streaming.api.operators.StreamOperatorStateHandler.snapshotState(StreamOperatorStateHandler.java:318)
	at org.apache.flink.streaming.api.operators.StreamOperatorStateHandler.snapshotState(StreamOperatorStateHandler.java:202)
	at org.apache.flink.streaming.api.operators.AbstractStreamOperator.snapshotState(AbstractStreamOperator.java:427)
	at org.apache.flink.streaming.runtime.tasks.RegularOperatorChain.checkpointStreamOperator(RegularOperatorChain.java:228)
	at org.apache.flink.streaming.runtime.tasks.RegularOperatorChain.buildOperatorSnapshotFutures(RegularOperatorChain.java:213)
	at org.apache.flink.streaming.runtime.tasks.RegularOperatorChain.snapshotState(RegularOperatorChain.java:192)
	at org.apache.flink.streaming.runtime.tasks.SubtaskCheckpointCoordinatorImpl.takeSnapshotSync(SubtaskCheckpointCoordinatorImpl.java:751)
	at org.apache.flink.streaming.runtime.tasks.SubtaskCheckpointCoordinatorImpl.checkpointState(SubtaskCheckpointCoordinatorImpl.java:362)
	at org.apache.flink.streaming.runtime.tasks.StreamTask.lambda$performCheckpoint$21(StreamTask.java:1672)
	at org.apache.flink.streaming.runtime.tasks.StreamTaskActionExecutor$1.runThrowing(StreamTaskActionExecutor.java:50)
	at org.apache.flink.streaming.runtime.tasks.StreamTask.performCheckpoint(StreamTask.java:1660)
	at org.apache.flink.streaming.runtime.tasks.StreamTask.triggerCheckpointOnBarrier(StreamTask.java:1617)
	... 21 more
Caused by: org.apache.flink.test.checkpointing.UnalignedCheckpointTestBase$TestException: Failing snapshotState @ 5 (0 attempt); last value 109217
	at org.apache.flink.test.checkpointing.UnalignedCheckpointTestBase$FailingMapper.failMapper(UnalignedCheckpointTestBase.java:954)
	at org.apache.flink.test.checkpointing.UnalignedCheckpointTestBase$FailingMapper.checkFail(UnalignedCheckpointTestBase.java:949)
	at org.apache.flink.test.checkpointing.UnalignedCheckpointTestBase$FailingMapper.snapshotState(UnalignedCheckpointTestBase.java:977)
	at org.apache.flink.streaming.util.functions.StreamingFunctionUtils.trySnapshotFunctionState(StreamingFunctionUtils.java:118)
	at org.apache.flink.streaming.util.functions.StreamingFunctionUtils.snapshotFunctionState(StreamingFunctionUtils.java:99)
	at org.apache.flink.streaming.api.operators.AbstractUdfStreamOperator.snapshotState(AbstractUdfStreamOperator.java:104)
	at org.apache.flink.streaming.api.operators.StreamOperatorStateHandler.snapshotState(StreamOperatorStateHandler.java:261)
	... 32 more
59434 [                                ] MiniClusterWithClientResource [ForkJoinPool-1-worker-19] INFO  Finalization triggered: Cluster shutdown is going to be initiated.
59434 [                                ] StandaloneDispatcher [flink-pekko.actor.default-dispatcher-8] INFO  Archiving application (72d2f2102094885a0a6022bf82208c93) with terminal state FAILED.
59434 [72d2f2102094885a0a6022bf82208c93] JobMaster [flink-pekko.actor.default-dispatcher-9] INFO  Stopping the JobMaster for job 'Flink Streaming Job' (72d2f2102094885a0a6022bf82208c93).
59434 [72d2f2102094885a0a6022bf82208c93] StandaloneCompletedCheckpointStore [flink-pekko.actor.default-dispatcher-9] INFO  Shutting down
59434 [72d2f2102094885a0a6022bf82208c93] SourceCoordinator [Thread-883] INFO  Closing SourceCoordinator for source Source: source0.
59434 [72d2f2102094885a0a6022bf82208c93] StandaloneCompletedCheckpointStore [flink-pekko.actor.default-dispatcher-9] INFO  Checkpoint with ID 5 at 'file:/var/folders/m8/q6f016tn6cl2cp86hfq331_w0000gp/T/junit-8228656632016441026/junit638187050990921127/72d2f2102094885a0a6022bf82208c93/chk-5' not discarded.
59434 [72d2f2102094885a0a6022bf82208c93] SourceCoordinator [Thread-883] INFO  Source coordinator for source Source: source0 closed.
59434 [72d2f2102094885a0a6022bf82208c93] DefaultDeclarativeSlotPool [flink-pekko.actor.default-dispatcher-9] INFO  Releasing slot [dfb340fb61b031d3d4004c6315ed7b04].
59434 [72d2f2102094885a0a6022bf82208c93] DefaultDeclarativeSlotPool [flink-pekko.actor.default-dispatcher-9] INFO  Releasing slot [8083e1271a4d7cfbe695d82a148d60ca].
59434 [72d2f2102094885a0a6022bf82208c93] JobMaster [flink-pekko.actor.default-dispatcher-9] INFO  Disconnect TaskExecutor 9bc16582-3f6d-4e4f-afcf-319b33647d65 because: Stopping JobMaster for job 'Flink Streaming Job' (72d2f2102094885a0a6022bf82208c93).
59434 [72d2f2102094885a0a6022bf82208c93] DefaultDeclarativeSlotPool [flink-pekko.actor.default-dispatcher-9] INFO  Releasing slot [3ba8aa4d4472dc8bca7ee8759fda0bbd].
59434 [72d2f2102094885a0a6022bf82208c93] TaskSlotTableImpl [flink-pekko.actor.default-dispatcher-10] INFO  Free slot TaskSlot(index:3, state:ACTIVE, resource profile: ResourceProfile{taskHeapMemory=512.000gb (549755813888 bytes), taskOffHeapMemory=512.000gb (549755813888 bytes), managedMemory=40.000mb (41943040 bytes), networkMemory=16.000mb (16777216 bytes)}, allocationId: dfb340fb61b031d3d4004c6315ed7b04, jobId: 72d2f2102094885a0a6022bf82208c93).
59434 [72d2f2102094885a0a6022bf82208c93] DefaultDeclarativeSlotPool [flink-pekko.actor.default-dispatcher-9] INFO  Releasing slot [43b2053d974a39b19f7b048d07717c1b].
59435 [72d2f2102094885a0a6022bf82208c93] JobMaster [flink-pekko.actor.default-dispatcher-9] INFO  Disconnect TaskExecutor 0a92b9c5-783c-47d2-903d-046bd2e6f2f4 because: Stopping JobMaster for job 'Flink Streaming Job' (72d2f2102094885a0a6022bf82208c93).
59435 [72d2f2102094885a0a6022bf82208c93] DefaultDeclarativeSlotPool [flink-pekko.actor.default-dispatcher-9] INFO  Releasing slot [c25741976ea5802832882c41b796ebc6].
59435 [72d2f2102094885a0a6022bf82208c93] DefaultDeclarativeSlotPool [flink-pekko.actor.default-dispatcher-9] INFO  Releasing slot [8c2b9e45b9aea0e85419b20b015adecf].
59435 [72d2f2102094885a0a6022bf82208c93] JobMaster [flink-pekko.actor.default-dispatcher-9] INFO  Disconnect TaskExecutor 8a3f18d0-1c09-4b6c-ba09-561e45eadde2 because: Stopping JobMaster for job 'Flink Streaming Job' (72d2f2102094885a0a6022bf82208c93).
59435 [72d2f2102094885a0a6022bf82208c93] JobMaster [flink-pekko.actor.default-dispatcher-9] INFO  Close ResourceManager connection 201457a637b78ec1302d49ef903860b4: Stopping JobMaster for job 'Flink Streaming Job' (72d2f2102094885a0a6022bf82208c93).
59435 [                                ] MiniCluster [ForkJoinPool-1-worker-19] INFO  Shutting down Flink Mini Cluster
59435 [72d2f2102094885a0a6022bf82208c93] TaskSlotTableImpl [flink-pekko.actor.default-dispatcher-6] INFO  Free slot TaskSlot(index:2, state:ACTIVE, resource profile: ResourceProfile{taskHeapMemory=512.000gb (549755813888 bytes), taskOffHeapMemory=512.000gb (549755813888 bytes), managedMemory=40.000mb (41943040 bytes), networkMemory=16.000mb (16777216 bytes)}, allocationId: 3ba8aa4d4472dc8bca7ee8759fda0bbd, jobId: 72d2f2102094885a0a6022bf82208c93).
59435 [                                ] DispatcherRestEndpoint [ForkJoinPool-1-worker-19] INFO  Shutting down rest endpoint.
59435 [72d2f2102094885a0a6022bf82208c93] StandaloneResourceManager [flink-pekko.actor.default-dispatcher-9] INFO  Disconnect job manager 94851ccc9a25d3808e8d0abd6764424e@pekko://flink/user/rpc/jobmanager_321 for job 72d2f2102094885a0a6022bf82208c93 from the resource manager.
59435 [72d2f2102094885a0a6022bf82208c93] TaskSlotTableImpl [flink-pekko.actor.default-dispatcher-10] INFO  Free slot TaskSlot(index:2, state:ACTIVE, resource profile: ResourceProfile{taskHeapMemory=512.000gb (549755813888 bytes), taskOffHeapMemory=512.000gb (549755813888 bytes), managedMemory=40.000mb (41943040 bytes), networkMemory=16.000mb (16777216 bytes)}, allocationId: 8083e1271a4d7cfbe695d82a148d60ca, jobId: 72d2f2102094885a0a6022bf82208c93).
59435 [72d2f2102094885a0a6022bf82208c93] TaskSlotTableImpl [flink-pekko.actor.default-dispatcher-8] INFO  Free slot TaskSlot(index:3, state:ACTIVE, resource profile: ResourceProfile{taskHeapMemory=512.000gb (549755813888 bytes), taskOffHeapMemory=512.000gb (549755813888 bytes), managedMemory=40.000mb (41943040 bytes), networkMemory=16.000mb (16777216 bytes)}, allocationId: c25741976ea5802832882c41b796ebc6, jobId: 72d2f2102094885a0a6022bf82208c93).
59435 [72d2f2102094885a0a6022bf82208c93] TaskSlotTableImpl [flink-pekko.actor.default-dispatcher-6] INFO  Free slot TaskSlot(index:3, state:ACTIVE, resource profile: ResourceProfile{taskHeapMemory=512.000gb (549755813888 bytes), taskOffHeapMemory=512.000gb (549755813888 bytes), managedMemory=40.000mb (41943040 bytes), networkMemory=16.000mb (16777216 bytes)}, allocationId: 43b2053d974a39b19f7b048d07717c1b, jobId: 72d2f2102094885a0a6022bf82208c93).
59435 [72d2f2102094885a0a6022bf82208c93] DefaultSlotStatusSyncer [flink-pekko.actor.default-dispatcher-9] INFO  Freeing slot dfb340fb61b031d3d4004c6315ed7b04.
59435 [72d2f2102094885a0a6022bf82208c93] DefaultJobLeaderService [flink-pekko.actor.default-dispatcher-10] INFO  Remove job 72d2f2102094885a0a6022bf82208c93 from job leader monitoring.
59435 [72d2f2102094885a0a6022bf82208c93] DefaultSlotStatusSyncer [flink-pekko.actor.default-dispatcher-9] INFO  Freeing slot 3ba8aa4d4472dc8bca7ee8759fda0bbd.
59435 [72d2f2102094885a0a6022bf82208c93] DefaultSlotStatusSyncer [flink-pekko.actor.default-dispatcher-9] INFO  Freeing slot 8083e1271a4d7cfbe695d82a148d60ca.
59435 [72d2f2102094885a0a6022bf82208c93] TaskExecutor [flink-pekko.actor.default-dispatcher-10] INFO  Close JobManager connection for job 72d2f2102094885a0a6022bf82208c93.
59435 [72d2f2102094885a0a6022bf82208c93] DefaultJobLeaderService [flink-pekko.actor.default-dispatcher-6] INFO  Remove job 72d2f2102094885a0a6022bf82208c93 from job leader monitoring.
59435 [72d2f2102094885a0a6022bf82208c93] TaskExecutor [flink-pekko.actor.default-dispatcher-6] INFO  Close JobManager connection for job 72d2f2102094885a0a6022bf82208c93.
59435 [72d2f2102094885a0a6022bf82208c93] DefaultSlotStatusSyncer [flink-pekko.actor.default-dispatcher-9] INFO  Freeing slot 43b2053d974a39b19f7b048d07717c1b.
59435 [72d2f2102094885a0a6022bf82208c93] DefaultSlotStatusSyncer [flink-pekko.actor.default-dispatcher-9] INFO  Freeing slot c25741976ea5802832882c41b796ebc6.
59435 [72d2f2102094885a0a6022bf82208c93] TaskSlotTableImpl [flink-pekko.actor.default-dispatcher-8] INFO  Free slot TaskSlot(index:2, state:ACTIVE, resource profile: ResourceProfile{taskHeapMemory=512.000gb (549755813888 bytes), taskOffHeapMemory=512.000gb (549755813888 bytes), managedMemory=40.000mb (41943040 bytes), networkMemory=16.000mb (16777216 bytes)}, allocationId: 8c2b9e45b9aea0e85419b20b015adecf, jobId: 72d2f2102094885a0a6022bf82208c93).
59435 [72d2f2102094885a0a6022bf82208c93] DefaultJobLeaderService [flink-pekko.actor.default-dispatcher-8] INFO  Remove job 72d2f2102094885a0a6022bf82208c93 from job leader monitoring.
59435 [72d2f2102094885a0a6022bf82208c93] DefaultSlotStatusSyncer [flink-pekko.actor.default-dispatcher-9] INFO  Freeing slot 8c2b9e45b9aea0e85419b20b015adecf.
59435 [                                ] TaskExecutor [flink-pekko.actor.default-dispatcher-6] INFO  Stopping TaskExecutor pekko://flink/user/rpc/taskmanager_317.
59435 [                                ] TaskExecutor [flink-pekko.actor.default-dispatcher-6] INFO  Close ResourceManager connection 201457a637b78ec1302d49ef903860b4.
59435 [72d2f2102094885a0a6022bf82208c93] TaskExecutor [flink-pekko.actor.default-dispatcher-8] INFO  Close JobManager connection for job 72d2f2102094885a0a6022bf82208c93.
59435 [                                ] TaskExecutorStateChangelogStoragesManager [flink-pekko.actor.default-dispatcher-6] INFO  Shutting down TaskExecutorStateChangelogStoragesManager.
59435 [                                ] TaskExecutorChannelStateExecutorFactoryManager [flink-pekko.actor.default-dispatcher-6] INFO  Shutting down TaskExecutorChannelStateExecutorFactoryManager.
59435 [                                ] StandaloneResourceManager [flink-pekko.actor.default-dispatcher-9] INFO  Closing TaskExecutor connection 0a92b9c5-783c-47d2-903d-046bd2e6f2f4 because: The TaskExecutor is shutting down.
59435 [                                ] FineGrainedSlotManager [flink-pekko.actor.default-dispatcher-9] INFO  Unregistering task executor e0e4ad96a598b7e447d885c124882eb1 from the slot manager.
59435 [                                ] TaskExecutor [mini-cluster-io-thread-2] INFO  JobManager for job 72d2f2102094885a0a6022bf82208c93 with leader id 94851ccc9a25d3808e8d0abd6764424e lost leadership.
59435 [                                ] TaskExecutor [flink-pekko.actor.default-dispatcher-10] INFO  Stopping TaskExecutor pekko://flink/user/rpc/taskmanager_316.
59435 [                                ] TaskExecutor [flink-pekko.actor.default-dispatcher-10] INFO  Close ResourceManager connection 201457a637b78ec1302d49ef903860b4.
59435 [                                ] TaskExecutorStateChangelogStoragesManager [flink-pekko.actor.default-dispatcher-10] INFO  Shutting down TaskExecutorStateChangelogStoragesManager.
59435 [                                ] TaskExecutorChannelStateExecutorFactoryManager [flink-pekko.actor.default-dispatcher-10] INFO  Shutting down TaskExecutorChannelStateExecutorFactoryManager.
59435 [                                ] StandaloneResourceManager [flink-pekko.actor.default-dispatcher-9] INFO  Closing TaskExecutor connection 9bc16582-3f6d-4e4f-afcf-319b33647d65 because: The TaskExecutor is shutting down.
59435 [                                ] FineGrainedSlotManager [flink-pekko.actor.default-dispatcher-9] INFO  Unregistering task executor b78a5c01fba5f0cec04de616b9690738 from the slot manager.
59435 [                                ] DefaultJobLeaderService [flink-pekko.actor.default-dispatcher-6] INFO  Stop job leader service.
59435 [                                ] TaskExecutorLocalStateStoresManager [flink-pekko.actor.default-dispatcher-6] INFO  Shutting down TaskExecutorLocalStateStoresManager.
59435 [                                ] TaskExecutor [flink-pekko.actor.default-dispatcher-8] INFO  Stopping TaskExecutor pekko://flink/user/rpc/taskmanager_318.
59435 [                                ] TaskExecutor [flink-pekko.actor.default-dispatcher-8] INFO  Close ResourceManager connection 201457a637b78ec1302d49ef903860b4.
59435 [                                ] TaskExecutorStateChangelogStoragesManager [flink-pekko.actor.default-dispatcher-8] INFO  Shutting down TaskExecutorStateChangelogStoragesManager.
59435 [                                ] TaskExecutorChannelStateExecutorFactoryManager [flink-pekko.actor.default-dispatcher-8] INFO  Shutting down TaskExecutorChannelStateExecutorFactoryManager.
59435 [                                ] StandaloneResourceManager [flink-pekko.actor.default-dispatcher-9] INFO  Closing TaskExecutor connection 8a3f18d0-1c09-4b6c-ba09-561e45eadde2 because: The TaskExecutor is shutting down.
59435 [                                ] FineGrainedSlotManager [flink-pekko.actor.default-dispatcher-9] INFO  Unregistering task executor 9054848edfc9227764656bad9c9538d5 from the slot manager.
59435 [                                ] DefaultJobLeaderService [flink-pekko.actor.default-dispatcher-10] INFO  Stop job leader service.
59435 [                                ] TaskExecutorLocalStateStoresManager [flink-pekko.actor.default-dispatcher-10] INFO  Shutting down TaskExecutorLocalStateStoresManager.
59435 [                                ] DefaultJobLeaderService [flink-pekko.actor.default-dispatcher-8] INFO  Stop job leader service.
59435 [                                ] TaskExecutorLocalStateStoresManager [flink-pekko.actor.default-dispatcher-8] INFO  Shutting down TaskExecutorLocalStateStoresManager.
59435 [                                ] FileChannelManagerImpl [flink-pekko.actor.default-dispatcher-6] INFO  FileChannelManager removed spill file directory /var/folders/m8/q6f016tn6cl2cp86hfq331_w0000gp/T/junit7808560390333406207/junit12827901035184475028/flink-io-3707ff44-9d90-4d23-ba21-1b97f74d9b3c
59435 [                                ] NettyShuffleEnvironment [flink-pekko.actor.default-dispatcher-6] INFO  Shutting down the network environment and its components.
59435 [                                ] NettyClient [flink-pekko.actor.default-dispatcher-6] INFO  Successful shutdown (took 0 ms).
59435 [                                ] NettyServer [flink-pekko.actor.default-dispatcher-6] INFO  Successful shutdown (took 0 ms).
59436 [                                ] FileChannelManagerImpl [flink-pekko.actor.default-dispatcher-10] INFO  FileChannelManager removed spill file directory /var/folders/m8/q6f016tn6cl2cp86hfq331_w0000gp/T/junit7808560390333406207/junit12827901035184475028/flink-io-b9293242-ebea-4886-89eb-62732c182a19
59436 [                                ] NettyShuffleEnvironment [flink-pekko.actor.default-dispatcher-10] INFO  Shutting down the network environment and its components.
59436 [                                ] NettyClient [flink-pekko.actor.default-dispatcher-10] INFO  Successful shutdown (took 0 ms).
59436 [                                ] NettyServer [flink-pekko.actor.default-dispatcher-10] INFO  Successful shutdown (took 0 ms).
59436 [                                ] FileChannelManagerImpl [flink-pekko.actor.default-dispatcher-8] INFO  FileChannelManager removed spill file directory /var/folders/m8/q6f016tn6cl2cp86hfq331_w0000gp/T/junit7808560390333406207/junit12827901035184475028/flink-io-b46af35f-1607-4c63-86d3-3ea9c46a393c
59436 [                                ] NettyShuffleEnvironment [flink-pekko.actor.default-dispatcher-8] INFO  Shutting down the network environment and its components.
59436 [                                ] NettyClient [flink-pekko.actor.default-dispatcher-8] INFO  Successful shutdown (took 0 ms).
59436 [                                ] NettyServer [flink-pekko.actor.default-dispatcher-8] INFO  Successful shutdown (took 0 ms).
59436 [                                ] FileChannelManagerImpl [flink-pekko.actor.default-dispatcher-10] INFO  FileChannelManager removed spill file directory /var/folders/m8/q6f016tn6cl2cp86hfq331_w0000gp/T/junit7808560390333406207/junit12827901035184475028/flink-netty-shuffle-b9a43d09-6871-47a8-8918-cf2c741ec631
59436 [                                ] KvStateService [flink-pekko.actor.default-dispatcher-10] INFO  Shutting down the kvState service and its components.
59436 [                                ] DefaultJobLeaderService [flink-pekko.actor.default-dispatcher-10] INFO  Stop job leader service.
59436 [                                ] FileChannelManagerImpl [flink-pekko.actor.default-dispatcher-6] INFO  FileChannelManager removed spill file directory /var/folders/m8/q6f016tn6cl2cp86hfq331_w0000gp/T/junit7808560390333406207/junit12827901035184475028/flink-netty-shuffle-6b906ae8-ae84-4039-ab42-3d9a2be02e6e
59436 [                                ] KvStateService [flink-pekko.actor.default-dispatcher-6] INFO  Shutting down the kvState service and its components.
59436 [                                ] DefaultJobLeaderService [flink-pekko.actor.default-dispatcher-6] INFO  Stop job leader service.
59436 [                                ] FileChannelManagerImpl [flink-pekko.actor.default-dispatcher-8] INFO  FileChannelManager removed spill file directory /var/folders/m8/q6f016tn6cl2cp86hfq331_w0000gp/T/junit7808560390333406207/junit12827901035184475028/flink-netty-shuffle-bb007cee-2959-473a-be08-3772b086188b
59436 [                                ] KvStateService [flink-pekko.actor.default-dispatcher-8] INFO  Shutting down the kvState service and its components.
59436 [                                ] DefaultJobLeaderService [flink-pekko.actor.default-dispatcher-8] INFO  Stop job leader service.
59436 [                                ] FileCache [flink-pekko.actor.default-dispatcher-10] INFO  removed file cache directory /var/folders/m8/q6f016tn6cl2cp86hfq331_w0000gp/T/junit7808560390333406207/junit12827901035184475028/flink-dist-cache-5719cf9c-bc2b-4286-a329-4a8db73bf2b4
59436 [                                ] TaskExecutor [flink-pekko.actor.default-dispatcher-10] INFO  Stopped TaskExecutor pekko://flink/user/rpc/taskmanager_316.
59436 [                                ] FileCache [flink-pekko.actor.default-dispatcher-8] INFO  removed file cache directory /var/folders/m8/q6f016tn6cl2cp86hfq331_w0000gp/T/junit7808560390333406207/junit12827901035184475028/flink-dist-cache-898acbb2-41bf-4cef-8403-05fb6a23f9dd
59436 [                                ] TaskExecutor [flink-pekko.actor.default-dispatcher-8] INFO  Stopped TaskExecutor pekko://flink/user/rpc/taskmanager_318.
59436 [                                ] FileCache [flink-pekko.actor.default-dispatcher-6] INFO  removed file cache directory /var/folders/m8/q6f016tn6cl2cp86hfq331_w0000gp/T/junit7808560390333406207/junit12827901035184475028/flink-dist-cache-08271d6d-9600-4521-9d8b-a51ad1659a7a
59436 [                                ] TaskExecutor [flink-pekko.actor.default-dispatcher-6] INFO  Stopped TaskExecutor pekko://flink/user/rpc/taskmanager_317.
59437 [                                ] DispatcherRestEndpoint [ForkJoinPool.commonPool-worker-3] INFO  Removing cache directory /var/folders/m8/q6f016tn6cl2cp86hfq331_w0000gp/T/flink-web-ui
59437 [                                ] DispatcherRestEndpoint [ForkJoinPool.commonPool-worker-3] INFO  http://localhost:64536 lost leadership
59437 [                                ] DispatcherRestEndpoint [ForkJoinPool.commonPool-worker-3] INFO  Shut down complete.
59437 [                                ] StandaloneResourceManager [flink-pekko.actor.default-dispatcher-9] INFO  Shut down cluster because application is in CANCELED, diagnostics DispatcherResourceManagerComponent has been closed..
59437 [                                ] DispatcherResourceManagerComponent [flink-pekko.actor.default-dispatcher-9] INFO  Closing components.
59437 [                                ] SessionDispatcherLeaderProcess [flink-pekko.actor.default-dispatcher-9] INFO  Stopping SessionDispatcherLeaderProcess.
59437 [                                ] ResourceManagerServiceImpl [flink-pekko.actor.default-dispatcher-9] INFO  Stopping resource manager service.
59437 [                                ] StandaloneDispatcher [flink-pekko.actor.default-dispatcher-6] INFO  Stopping dispatcher pekko://flink/user/rpc/dispatcher_319.
59437 [                                ] StandaloneDispatcher [flink-pekko.actor.default-dispatcher-6] INFO  Stopping all currently running jobs of dispatcher pekko://flink/user/rpc/dispatcher_319.
59437 [                                ] ResourceManagerServiceImpl [pool-685-thread-1] INFO  Resource manager service is not running. Ignore revoking leadership.
59437 [                                ] StandaloneDispatcher [flink-pekko.actor.default-dispatcher-6] INFO  Stopping all currently running applications [] of dispatcher pekko://flink/user/rpc/dispatcher_319.
59437 [                                ] DefaultDelegationTokenManager [flink-pekko.actor.default-dispatcher-8] INFO  Stopping credential renewal
59437 [                                ] DefaultDelegationTokenManager [flink-pekko.actor.default-dispatcher-8] INFO  Stopped credential renewal
59437 [                                ] FineGrainedSlotManager [flink-pekko.actor.default-dispatcher-8] INFO  Closing the slot manager.
59437 [                                ] FineGrainedSlotManager [flink-pekko.actor.default-dispatcher-8] INFO  Suspending the slot manager.
59437 [                                ] StandaloneDispatcher [flink-pekko.actor.default-dispatcher-6] INFO  Stopped dispatcher pekko://flink/user/rpc/dispatcher_319.
59437 [                                ] PekkoRpcService [mini-cluster-io-thread-4] INFO  Stopping Pekko RPC service.
59438 [                                ] CoordinatedShutdown [flink-metrics-5] INFO  Running CoordinatedShutdown with reason [ActorSystemTerminateReason]
59445 [                                ] PekkoRpcService [flink-metrics-5] INFO  Stopping Pekko RPC service.
59445 [                                ] PekkoRpcService [flink-metrics-5] INFO  Stopped Pekko RPC service.
59445 [                                ] CoordinatedShutdown [flink-pekko.actor.default-dispatcher-6] INFO  Running CoordinatedShutdown with reason [ActorSystemTerminateReason]
59452 [                                ] PermanentBlobCache [flink-pekko.actor.default-dispatcher-6] INFO  Shutting down BLOB cache
59452 [                                ] TransientBlobCache [flink-pekko.actor.default-dispatcher-6] INFO  Shutting down BLOB cache
59452 [                                ] BlobServer [flink-pekko.actor.default-dispatcher-6] INFO  Stopped BLOB server at 0.0.0.0:64532
59452 [                                ] PekkoRpcService [flink-pekko.actor.default-dispatcher-6] INFO  Stopped Pekko RPC service.
59456 [                                ] PseudoRandomValueSelector [ForkJoinPool-1-worker-19] INFO  Randomly selected false for taskmanager.network.memory.buffer-debloat.enabled
59457 [                                ] TaskExecutorResourceUtils [ForkJoinPool-1-worker-19] INFO  The configuration option taskmanager.cpu.cores required for local execution is not set, setting it to the maximal possible value.
59457 [                                ] TaskExecutorResourceUtils [ForkJoinPool-1-worker-19] INFO  The configuration option taskmanager.memory.task.heap.size required for local execution is not set, setting it to the maximal possible value.
59457 [                                ] TaskExecutorResourceUtils [ForkJoinPool-1-worker-19] INFO  The configuration option taskmanager.memory.task.off-heap.size required for local execution is not set, setting it to the maximal possible value.
59457 [                                ] MiniCluster [ForkJoinPool-1-worker-19] INFO  Starting Flink Mini Cluster
59457 [                                ] MiniCluster [ForkJoinPool-1-worker-19] INFO  Starting Metrics Registry
59457 [                                ] MetricRegistryImpl [ForkJoinPool-1-worker-19] INFO  No metrics reporter configured, no metrics will be exposed/reported.
59457 [                                ] MetricRegistryImpl [ForkJoinPool-1-worker-19] INFO  No trace reporter configured, no traces will be exposed/reported.
59457 [                                ] MetricRegistryImpl [ForkJoinPool-1-worker-19] INFO  No event reporter configured, no events will be exposed/reported.
59457 [                                ] MiniCluster [ForkJoinPool-1-worker-19] INFO  Starting RPC Service(s)
59457 [                                ] PekkoRpcServiceUtils [ForkJoinPool-1-worker-19] INFO  Trying to start local actor system
59459 [                                ] Slf4jLogger [flink-pekko.actor.default-dispatcher-6] INFO  Slf4jLogger started
59459 [                                ] PekkoRpcServiceUtils [ForkJoinPool-1-worker-19] INFO  Actor system started at pekko://flink
59460 [                                ] PekkoRpcServiceUtils [ForkJoinPool-1-worker-19] INFO  Trying to start local actor system
59461 [                                ] Slf4jLogger [flink-metrics-6] INFO  Slf4jLogger started
59461 [                                ] PekkoRpcServiceUtils [ForkJoinPool-1-worker-19] INFO  Actor system started at pekko://flink-metrics
59462 [                                ] PekkoRpcService [ForkJoinPool-1-worker-19] INFO  Starting RPC endpoint for org.apache.flink.runtime.metrics.dump.MetricQueryService at pekko://flink-metrics/user/rpc/MetricQueryService .
59462 [                                ] DefaultDelegationTokenManager [ForkJoinPool-1-worker-19] INFO  Loading delegation token providers
59462 [                                ] HadoopFSDelegationTokenProvider [ForkJoinPool-1-worker-19] INFO  Hadoop FS is not available (not packaged with this application): NoClassDefFoundError : "org/apache/hadoop/hdfs/HdfsConfiguration".
59462 [                                ] DefaultDelegationTokenManager [ForkJoinPool-1-worker-19] INFO  Delegation token provider hadoopfs loaded and initialized
59462 [                                ] DefaultDelegationTokenManager [ForkJoinPool-1-worker-19] INFO  Delegation token provider hbase loaded and initialized
59462 [                                ] DefaultDelegationTokenManager [ForkJoinPool-1-worker-19] INFO  Delegation token provider test loaded and initialized
59462 [                                ] DefaultDelegationTokenManager [ForkJoinPool-1-worker-19] INFO  Delegation token provider throw loaded and initialized
59462 [                                ] DefaultDelegationTokenManager [ForkJoinPool-1-worker-19] INFO  Delegation token providers loaded successfully
59462 [                                ] DelegationTokenReceiverRepository [ForkJoinPool-1-worker-19] INFO  Loading delegation token receivers
59462 [                                ] DelegationTokenReceiverRepository [ForkJoinPool-1-worker-19] INFO  Delegation token receiver hadoopfs loaded and initialized
59462 [                                ] DelegationTokenReceiverRepository [ForkJoinPool-1-worker-19] INFO  Delegation token receiver hbase loaded and initialized
59463 [                                ] DelegationTokenReceiverRepository [ForkJoinPool-1-worker-19] INFO  Delegation token receiver test loaded and initialized
59463 [                                ] DelegationTokenReceiverRepository [ForkJoinPool-1-worker-19] INFO  Delegation token receiver throw loaded and initialized
59463 [                                ] DelegationTokenReceiverRepository [ForkJoinPool-1-worker-19] INFO  Delegation token receivers loaded successfully
59463 [                                ] DefaultDelegationTokenManager [ForkJoinPool-1-worker-19] INFO  Checking provider and receiver instances consistency
59463 [                                ] DefaultDelegationTokenManager [ForkJoinPool-1-worker-19] INFO  Provider and receiver instances are consistent
59463 [                                ] DefaultDelegationTokenManager [ForkJoinPool-1-worker-19] INFO  Obtaining delegation tokens
59463 [                                ] DefaultDelegationTokenManager [ForkJoinPool-1-worker-19] INFO  Delegation tokens obtained successfully
59463 [                                ] DefaultDelegationTokenManager [ForkJoinPool-1-worker-19] WARN  No tokens obtained so skipping notifications
59463 [                                ] DelegationTokenReceiverRepository [ForkJoinPool-1-worker-19] INFO  Loading delegation token receivers
59463 [                                ] DelegationTokenReceiverRepository [ForkJoinPool-1-worker-19] INFO  Delegation token receiver hadoopfs loaded and initialized
59463 [                                ] DelegationTokenReceiverRepository [ForkJoinPool-1-worker-19] INFO  Delegation token receiver hbase loaded and initialized
59463 [                                ] DelegationTokenReceiverRepository [ForkJoinPool-1-worker-19] INFO  Delegation token receiver test loaded and initialized
59463 [                                ] DelegationTokenReceiverRepository [ForkJoinPool-1-worker-19] INFO  Delegation token receiver throw loaded and initialized
59463 [                                ] DelegationTokenReceiverRepository [ForkJoinPool-1-worker-19] INFO  Delegation token receivers loaded successfully
59463 [                                ] BlobServer [ForkJoinPool-1-worker-19] INFO  Created BLOB server storage directory /var/folders/m8/q6f016tn6cl2cp86hfq331_w0000gp/T/junit11527954557374417671/junit7764784948782209175/minicluster_a99c889dd20c3801ae7a145964ca94b5/blobStorage
59463 [                                ] BlobServer [ForkJoinPool-1-worker-19] INFO  Started BLOB server at 0.0.0.0:64544 - max concurrent requests: 50 - max backlog: 1000
59466 [                                ] PermanentBlobCache [ForkJoinPool-1-worker-19] INFO  Created BLOB cache storage directory /var/folders/m8/q6f016tn6cl2cp86hfq331_w0000gp/T/junit11527954557374417671/junit7764784948782209175/minicluster_a99c889dd20c3801ae7a145964ca94b5/blobStorage
59466 [                                ] TransientBlobCache [ForkJoinPool-1-worker-19] INFO  Created BLOB cache storage directory /var/folders/m8/q6f016tn6cl2cp86hfq331_w0000gp/T/junit11527954557374417671/junit7764784948782209175/minicluster_a99c889dd20c3801ae7a145964ca94b5/blobStorage
59466 [                                ] MiniCluster [ForkJoinPool-1-worker-19] INFO  Starting 3 TaskManager(s)
59467 [                                ] TaskManagerRunner [ForkJoinPool-1-worker-19] INFO  Starting TaskManager with ResourceID: e56130a9-2f7d-45ae-9f38-de02a87425db
59467 [                                ] TaskManagerServices [ForkJoinPool-1-worker-19] INFO  Temporary file directory '/var/folders/m8/q6f016tn6cl2cp86hfq331_w0000gp/T/junit11527954557374417671/junit7764784948782209175': total 926 GB, usable 259 GB (27.97% usable)
59467 [                                ] IOManager [ForkJoinPool-1-worker-19] INFO  Created a new FileChannelManager for spilling of task related data to disk (joins, sorting, ...). Used directories:
	/var/folders/m8/q6f016tn6cl2cp86hfq331_w0000gp/T/junit11527954557374417671/junit7764784948782209175/flink-io-9cc3d4d5-d151-44f4-bd81-3e580e1c0715
59467 [                                ] NettyConfig [ForkJoinPool-1-worker-19] INFO  NettyConfig [server address: localhost/127.0.0.1, server port range: 0, ssl enabled: false, memory segment size (bytes): 4096, number of server threads: 2 (manual), number of client threads: 2 (manual), server connect backlog: 0 (use Netty's default), client connect timeout (sec): 120, send/receive buffer size (bytes): 0 (use Netty's default)]
59467 [                                ] NettyShuffleServiceFactory [ForkJoinPool-1-worker-19] INFO  Created a new FileChannelManager for storing result partitions of BLOCKING shuffles. Used directories:
	/var/folders/m8/q6f016tn6cl2cp86hfq331_w0000gp/T/junit11527954557374417671/junit7764784948782209175/flink-netty-shuffle-b821574d-5886-49bc-9c78-3f0a08c6cb4c
59473 [                                ] NetworkBufferPool [ForkJoinPool-1-worker-19] INFO  Allocated 32 MB for network buffer pool (number of memory segments: 8192, bytes per segment: 4096).
59473 [                                ] NettyShuffleEnvironment [ForkJoinPool-1-worker-19] INFO  Starting the network environment and its components.
59473 [                                ] NettyClient [ForkJoinPool-1-worker-19] INFO  Transport type 'auto': using NIO.
59473 [                                ] NettyClient [ForkJoinPool-1-worker-19] INFO  Successful initialization (took 0 ms).
59473 [                                ] NettyServer [ForkJoinPool-1-worker-19] INFO  Transport type 'auto': using NIO.
59473 [                                ] NettyServer [ForkJoinPool-1-worker-19] INFO  Successful initialization (took 0 ms). Listening on SocketAddress /127.0.0.1:64545.
59473 [                                ] TaskManagerServices [ForkJoinPool-1-worker-19] INFO  TaskManager data connection initialized successfully; listening internally on port: 64545
59473 [                                ] KvStateService [ForkJoinPool-1-worker-19] INFO  Starting the kvState service and its components.
59473 [                                ] Configuration [ForkJoinPool-1-worker-19] INFO  Config uses fallback configuration key 'pekko.ask.timeout' instead of key 'taskmanager.slot.timeout'
59473 [                                ] PekkoRpcService [ForkJoinPool-1-worker-19] INFO  Starting RPC endpoint for org.apache.flink.runtime.taskexecutor.TaskExecutor at pekko://flink/user/rpc/taskmanager_322 .
59473 [                                ] DefaultJobLeaderService [flink-pekko.actor.default-dispatcher-6] INFO  Start job leader service.
59473 [                                ] FileCache [flink-pekko.actor.default-dispatcher-6] INFO  User file cache uses directory /var/folders/m8/q6f016tn6cl2cp86hfq331_w0000gp/T/junit11527954557374417671/junit7764784948782209175/flink-dist-cache-21fc25e5-8fd9-4358-9228-07923668c7c1
59474 [                                ] TaskManagerRunner [ForkJoinPool-1-worker-19] INFO  Starting TaskManager with ResourceID: 2ab57488-aeb1-4db4-beb2-21395f4a361f
59474 [                                ] TaskManagerServices [ForkJoinPool-1-worker-19] INFO  Temporary file directory '/var/folders/m8/q6f016tn6cl2cp86hfq331_w0000gp/T/junit11527954557374417671/junit7764784948782209175': total 926 GB, usable 259 GB (27.97% usable)
59474 [                                ] IOManager [ForkJoinPool-1-worker-19] INFO  Created a new FileChannelManager for spilling of task related data to disk (joins, sorting, ...). Used directories:
	/var/folders/m8/q6f016tn6cl2cp86hfq331_w0000gp/T/junit11527954557374417671/junit7764784948782209175/flink-io-047c684f-9895-4aca-b9eb-fcd3d9891a5c
59474 [                                ] NettyConfig [ForkJoinPool-1-worker-19] INFO  NettyConfig [server address: localhost/127.0.0.1, server port range: 0, ssl enabled: false, memory segment size (bytes): 4096, number of server threads: 2 (manual), number of client threads: 2 (manual), server connect backlog: 0 (use Netty's default), client connect timeout (sec): 120, send/receive buffer size (bytes): 0 (use Netty's default)]
59474 [                                ] NettyShuffleServiceFactory [ForkJoinPool-1-worker-19] INFO  Created a new FileChannelManager for storing result partitions of BLOCKING shuffles. Used directories:
	/var/folders/m8/q6f016tn6cl2cp86hfq331_w0000gp/T/junit11527954557374417671/junit7764784948782209175/flink-netty-shuffle-cd5263aa-81d7-4ef9-86bc-b6bdfe239576
59479 [                                ] NetworkBufferPool [ForkJoinPool-1-worker-19] INFO  Allocated 32 MB for network buffer pool (number of memory segments: 8192, bytes per segment: 4096).
59479 [                                ] NettyShuffleEnvironment [ForkJoinPool-1-worker-19] INFO  Starting the network environment and its components.
59479 [                                ] NettyClient [ForkJoinPool-1-worker-19] INFO  Transport type 'auto': using NIO.
59479 [                                ] NettyClient [ForkJoinPool-1-worker-19] INFO  Successful initialization (took 0 ms).
59479 [                                ] NettyServer [ForkJoinPool-1-worker-19] INFO  Transport type 'auto': using NIO.
59479 [                                ] NettyServer [ForkJoinPool-1-worker-19] INFO  Successful initialization (took 0 ms). Listening on SocketAddress /127.0.0.1:64546.
59479 [                                ] TaskManagerServices [ForkJoinPool-1-worker-19] INFO  TaskManager data connection initialized successfully; listening internally on port: 64546
59479 [                                ] KvStateService [ForkJoinPool-1-worker-19] INFO  Starting the kvState service and its components.
59480 [                                ] Configuration [ForkJoinPool-1-worker-19] INFO  Config uses fallback configuration key 'pekko.ask.timeout' instead of key 'taskmanager.slot.timeout'
59480 [                                ] PekkoRpcService [ForkJoinPool-1-worker-19] INFO  Starting RPC endpoint for org.apache.flink.runtime.taskexecutor.TaskExecutor at pekko://flink/user/rpc/taskmanager_323 .
59480 [                                ] DefaultJobLeaderService [flink-pekko.actor.default-dispatcher-6] INFO  Start job leader service.
59480 [                                ] FileCache [flink-pekko.actor.default-dispatcher-6] INFO  User file cache uses directory /var/folders/m8/q6f016tn6cl2cp86hfq331_w0000gp/T/junit11527954557374417671/junit7764784948782209175/flink-dist-cache-5cdef3e4-c2b4-4937-96b5-841effc0c1c0
59480 [                                ] TaskManagerRunner [ForkJoinPool-1-worker-19] INFO  Starting TaskManager with ResourceID: 15051983-f52c-442f-9ad5-7a4d4074b3d5
59480 [                                ] TaskManagerServices [ForkJoinPool-1-worker-19] INFO  Temporary file directory '/var/folders/m8/q6f016tn6cl2cp86hfq331_w0000gp/T/junit11527954557374417671/junit7764784948782209175': total 926 GB, usable 259 GB (27.97% usable)
59480 [                                ] IOManager [ForkJoinPool-1-worker-19] INFO  Created a new FileChannelManager for spilling of task related data to disk (joins, sorting, ...). Used directories:
	/var/folders/m8/q6f016tn6cl2cp86hfq331_w0000gp/T/junit11527954557374417671/junit7764784948782209175/flink-io-9964b9df-55bf-4ca2-bd8b-a7a4cbdd595e
59480 [                                ] NettyConfig [ForkJoinPool-1-worker-19] INFO  NettyConfig [server address: localhost/127.0.0.1, server port range: 0, ssl enabled: false, memory segment size (bytes): 4096, number of server threads: 2 (manual), number of client threads: 2 (manual), server connect backlog: 0 (use Netty's default), client connect timeout (sec): 120, send/receive buffer size (bytes): 0 (use Netty's default)]
59481 [                                ] NettyShuffleServiceFactory [ForkJoinPool-1-worker-19] INFO  Created a new FileChannelManager for storing result partitions of BLOCKING shuffles. Used directories:
	/var/folders/m8/q6f016tn6cl2cp86hfq331_w0000gp/T/junit11527954557374417671/junit7764784948782209175/flink-netty-shuffle-3d981019-d9a7-44ae-aab9-dfa5c0849039
59485 [                                ] NetworkBufferPool [ForkJoinPool-1-worker-19] INFO  Allocated 32 MB for network buffer pool (number of memory segments: 8192, bytes per segment: 4096).
59485 [                                ] NettyShuffleEnvironment [ForkJoinPool-1-worker-19] INFO  Starting the network environment and its components.
59485 [                                ] NettyClient [ForkJoinPool-1-worker-19] INFO  Transport type 'auto': using NIO.
59485 [                                ] NettyClient [ForkJoinPool-1-worker-19] INFO  Successful initialization (took 0 ms).
59485 [                                ] NettyServer [ForkJoinPool-1-worker-19] INFO  Transport type 'auto': using NIO.
59485 [                                ] NettyServer [ForkJoinPool-1-worker-19] INFO  Successful initialization (took 0 ms). Listening on SocketAddress /127.0.0.1:64547.
59485 [                                ] TaskManagerServices [ForkJoinPool-1-worker-19] INFO  TaskManager data connection initialized successfully; listening internally on port: 64547
59485 [                                ] KvStateService [ForkJoinPool-1-worker-19] INFO  Starting the kvState service and its components.
59485 [                                ] Configuration [ForkJoinPool-1-worker-19] INFO  Config uses fallback configuration key 'pekko.ask.timeout' instead of key 'taskmanager.slot.timeout'
59485 [                                ] PekkoRpcService [ForkJoinPool-1-worker-19] INFO  Starting RPC endpoint for org.apache.flink.runtime.taskexecutor.TaskExecutor at pekko://flink/user/rpc/taskmanager_324 .
59485 [                                ] DefaultJobLeaderService [flink-pekko.actor.default-dispatcher-6] INFO  Start job leader service.
59485 [                                ] FileCache [flink-pekko.actor.default-dispatcher-6] INFO  User file cache uses directory /var/folders/m8/q6f016tn6cl2cp86hfq331_w0000gp/T/junit11527954557374417671/junit7764784948782209175/flink-dist-cache-c1aad51b-75e2-4acd-a50f-3886151bf7c9
59485 [                                ] DispatcherRestEndpoint [ForkJoinPool-1-worker-19] INFO  Starting rest endpoint.
59486 [                                ] WebMonitorUtils [ForkJoinPool-1-worker-19] WARN  Log file environment variable 'log.file' is not set.
59486 [                                ] WebMonitorUtils [ForkJoinPool-1-worker-19] WARN  JobManager log files are unavailable in the web dashboard. Log file location not found in environment variable 'log.file' or configuration key 'web.log.path'.
59487 [                                ] DispatcherRestEndpoint [ForkJoinPool-1-worker-19] INFO  Rest endpoint listening at localhost:64548
59487 [                                ] EmbeddedLeaderService [ForkJoinPool-1-worker-19] INFO  Proposing leadership to the contender that is registered under component ID 'rest_server'.
59487 [                                ] DispatcherRestEndpoint [ForkJoinPool-1-worker-19] INFO  Web frontend listening at http://localhost:64548.
59487 [                                ] DispatcherRestEndpoint [mini-cluster-io-thread-1] INFO  http://localhost:64548 was granted leadership with leaderSessionID=18e775f6-27d7-4108-b767-8922035173e3
59487 [                                ] EmbeddedLeaderService [mini-cluster-io-thread-1] INFO  Received confirmation of leadership for leader http://localhost:64548 , session=18e775f6-27d7-4108-b767-8922035173e3
59487 [                                ] EmbeddedLeaderService [ForkJoinPool-1-worker-19] INFO  Proposing leadership to the contender that is registered under component ID 'dispatcher'.
59487 [                                ] ResourceManagerServiceImpl [ForkJoinPool-1-worker-19] INFO  Starting resource manager service.
59487 [                                ] EmbeddedLeaderService [ForkJoinPool-1-worker-19] INFO  Proposing leadership to the contender that is registered under component ID 'resource_manager'.
59487 [                                ] DefaultDispatcherRunner [mini-cluster-io-thread-2] INFO  DefaultDispatcherRunner was granted leadership with leader id a05c4db1-584b-48dc-9d82-6c7cc260e67d. Creating new DispatcherLeaderProcess.
59487 [                                ] SessionDispatcherLeaderProcess [mini-cluster-io-thread-2] INFO  Start SessionDispatcherLeaderProcess.
59487 [                                ] MiniCluster [ForkJoinPool-1-worker-19] INFO  Flink Mini Cluster started successfully
59487 [                                ] SessionDispatcherLeaderProcess [mini-cluster-io-thread-4] INFO  Recover all persisted job graphs that are not finished, yet.
59487 [                                ] SessionDispatcherLeaderProcess [mini-cluster-io-thread-4] INFO  Successfully recovered 0 persisted job graphs.
59487 [                                ] SessionDispatcherLeaderProcess [mini-cluster-io-thread-4] INFO  Recover all persisted applications that are not finished, yet.
59487 [                                ] SessionDispatcherLeaderProcess [mini-cluster-io-thread-4] INFO  Successfully recovered 0 persisted applications.
59487 [                                ] ResourceManagerServiceImpl [pool-698-thread-1] INFO  Resource manager service is granted leadership with session id 9755ab5f-9041-45ae-928b-86c9ad6411d2.
59488 [                                ] PekkoRpcService [mini-cluster-io-thread-4] INFO  Starting RPC endpoint for org.apache.flink.runtime.dispatcher.StandaloneDispatcher at pekko://flink/user/rpc/dispatcher_325 .
59488 [                                ] Configuration [ForkJoinPool-1-worker-19] INFO  Config uses fallback configuration key 'jobmanager.rpc.address' instead of key 'rest.address'
59488 [                                ] PekkoRpcService [pool-698-thread-1] INFO  Starting RPC endpoint for org.apache.flink.runtime.resourcemanager.StandaloneResourceManager at pekko://flink/user/rpc/resourcemanager_326 .
59488 [                                ] StandaloneResourceManager [flink-pekko.actor.default-dispatcher-6] INFO  Starting the resource manager.
59488 [                                ] FineGrainedSlotManager [flink-pekko.actor.default-dispatcher-6] INFO  Starting the slot manager.
59488 [                                ] PseudoRandomValueSelector [ForkJoinPool-1-worker-19] INFO  Randomly selected true for execution.checkpointing.unaligned.enabled
59488 [                                ] PseudoRandomValueSelector [ForkJoinPool-1-worker-19] INFO  Randomly selected PT2S for execution.checkpointing.aligned-checkpoint-timeout
59488 [                                ] PseudoRandomValueSelector [ForkJoinPool-1-worker-19] INFO  Randomly selected false for execution.checkpointing.cleaner.parallel-mode
59488 [                                ] PseudoRandomValueSelector [ForkJoinPool-1-worker-19] INFO  Randomly selected false for execution.checkpointing.unaligned.interruptible-timers.enabled
59488 [                                ] PseudoRandomValueSelector [ForkJoinPool-1-worker-19] INFO  Randomly selected true for execution.checkpointing.snapshot-compression
59488 [                                ] PseudoRandomValueSelector [ForkJoinPool-1-worker-19] INFO  Randomly selected true for execution.checkpointing.file-merging.enabled
59488 [                                ] PseudoRandomValueSelector [ForkJoinPool-1-worker-19] INFO  Randomly selected false for state.backend.rocksdb.use-ingest-db-restore-mode
59488 [                                ] PseudoRandomValueSelector [ForkJoinPool-1-worker-19] INFO  Randomly selected 0 for pipeline.watermark-alignment.buffer-size
59488 [                                ] PseudoRandomValueSelector [ForkJoinPool-1-worker-19] INFO  Randomly selected 1 for table.exec.unbounded-over.version
59488 [                                ] PseudoRandomValueSelector [ForkJoinPool-1-worker-19] INFO  Randomly selected MAP for table.exec.sink.upsert-materialize-strategy.type
59488 [                                ] DefaultDelegationTokenManager [flink-pekko.actor.default-dispatcher-6] INFO  Starting tokens update task
59488 [                                ] DefaultDelegationTokenManager [flink-pekko.actor.default-dispatcher-6] WARN  No tokens obtained so skipping notifications
59488 [                                ] DefaultDelegationTokenManager [flink-pekko.actor.default-dispatcher-6] WARN  Tokens update task not started because either no tokens obtained or none of the tokens specified its renewal date
59488 [                                ] EmbeddedLeaderService [mini-cluster-io-thread-4] INFO  Received confirmation of leadership for leader pekko://flink/user/rpc/dispatcher_325 , session=a05c4db1-584b-48dc-9d82-6c7cc260e67d
59488 [                                ] EmbeddedLeaderService [mini-cluster-io-thread-3] INFO  Received confirmation of leadership for leader pekko://flink/user/rpc/resourcemanager_326 , session=9755ab5f-9041-45ae-928b-86c9ad6411d2
59488 [                                ] TaskExecutor [flink-pekko.actor.default-dispatcher-6] INFO  Connecting to ResourceManager pekko://flink/user/rpc/resourcemanager_326(928b86c9ad6411d29755ab5f904145ae).
59488 [                                ] TaskExecutor [flink-pekko.actor.default-dispatcher-9] INFO  Connecting to ResourceManager pekko://flink/user/rpc/resourcemanager_326(928b86c9ad6411d29755ab5f904145ae).
59488 [                                ] TaskExecutor [flink-pekko.actor.default-dispatcher-8] INFO  Connecting to ResourceManager pekko://flink/user/rpc/resourcemanager_326(928b86c9ad6411d29755ab5f904145ae).
59488 [                                ] TaskExecutor [flink-pekko.actor.default-dispatcher-6] INFO  Resolved ResourceManager address, beginning registration
59488 [                                ] TaskExecutor [flink-pekko.actor.default-dispatcher-8] INFO  Resolved ResourceManager address, beginning registration
59488 [                                ] TaskExecutor [flink-pekko.actor.default-dispatcher-10] INFO  Resolved ResourceManager address, beginning registration
59488 [                                ] StandaloneResourceManager [flink-pekko.actor.default-dispatcher-6] INFO  Registering TaskManager with ResourceID 2ab57488-aeb1-4db4-beb2-21395f4a361f (pekko://flink/user/rpc/taskmanager_323) at ResourceManager
59488 [                                ] StandaloneResourceManager [flink-pekko.actor.default-dispatcher-6] INFO  Registering TaskManager with ResourceID e56130a9-2f7d-45ae-9f38-de02a87425db (pekko://flink/user/rpc/taskmanager_322) at ResourceManager
59488 [                                ] StandaloneResourceManager [flink-pekko.actor.default-dispatcher-6] INFO  Registering TaskManager with ResourceID 15051983-f52c-442f-9ad5-7a4d4074b3d5 (pekko://flink/user/rpc/taskmanager_324) at ResourceManager
59488 [                                ] TaskExecutor [flink-pekko.actor.default-dispatcher-6] INFO  Successful registration at resource manager pekko://flink/user/rpc/resourcemanager_326 under registration id 70da6f1ac34420a7957228ede9554f39.
59488 [                                ] TaskExecutor [flink-pekko.actor.default-dispatcher-9] INFO  Successful registration at resource manager pekko://flink/user/rpc/resourcemanager_326 under registration id 902c83c2f699553a875af8e4ee0d4249.
59488 [                                ] TaskExecutor [flink-pekko.actor.default-dispatcher-10] INFO  Successful registration at resource manager pekko://flink/user/rpc/resourcemanager_326 under registration id e0436fbe017bbf363a92c5683cb1027a.
59488 [                                ] FineGrainedSlotManager [flink-pekko.actor.default-dispatcher-8] INFO  Registering task executor e56130a9-2f7d-45ae-9f38-de02a87425db under e0436fbe017bbf363a92c5683cb1027a at the slot manager.
59488 [                                ] FineGrainedSlotManager [flink-pekko.actor.default-dispatcher-8] INFO  Registering task executor 15051983-f52c-442f-9ad5-7a4d4074b3d5 under 70da6f1ac34420a7957228ede9554f39 at the slot manager.
59488 [                                ] FineGrainedSlotManager [flink-pekko.actor.default-dispatcher-8] INFO  Registering task executor 2ab57488-aeb1-4db4-beb2-21395f4a361f under 902c83c2f699553a875af8e4ee0d4249 at the slot manager.
Starting org.apache.flink.test.checkpointing.UnalignedCheckpointRescaleITCase#shouldRescaleUnalignedCheckpoint.
59490 [                                ] StandaloneDispatcher [flink-pekko.actor.default-dispatcher-9] INFO  Received application submission 'SingleJobApplication(Flink Streaming Job)' (e33b6259662c215ceb53ce68305ad6f9).
59490 [                                ] StandaloneDispatcher [flink-pekko.actor.default-dispatcher-9] INFO  Submitting application 'SingleJobApplication(Flink Streaming Job)' (e33b6259662c215ceb53ce68305ad6f9).
59490 [                                ] AbstractApplication [flink-pekko.actor.default-dispatcher-9] INFO  Application SingleJobApplication(Flink Streaming Job) (e33b6259662c215ceb53ce68305ad6f9) switched from state CREATED to RUNNING.
59490 [e33b6259662c215ceb53ce68305ad6f9] StandaloneDispatcher [flink-pekko.actor.default-dispatcher-9] INFO  Received job submission 'Flink Streaming Job' (e33b6259662c215ceb53ce68305ad6f9).
59490 [e33b6259662c215ceb53ce68305ad6f9] StandaloneDispatcher [flink-pekko.actor.default-dispatcher-9] INFO  Submitting job 'Flink Streaming Job' (e33b6259662c215ceb53ce68305ad6f9) with associated application (e33b6259662c215ceb53ce68305ad6f9).
59490 [e33b6259662c215ceb53ce68305ad6f9] EmbeddedLeaderService [flink-pekko.actor.default-dispatcher-9] INFO  Proposing leadership to the contender that is registered under component ID 'job-e33b6259662c215ceb53ce68305ad6f9'.
59490 [                                ] JobMasterServiceLeadershipRunner [mini-cluster-io-thread-3] INFO  JobMasterServiceLeadershipRunner for job e33b6259662c215ceb53ce68305ad6f9 was granted leadership with leader id aae168fb-c8b3-4628-80dc-931e6633af24. Creating new JobMasterServiceProcess.
59490 [e33b6259662c215ceb53ce68305ad6f9] PekkoRpcService [jobmanager-io-thread-1] INFO  Starting RPC endpoint for org.apache.flink.runtime.jobmaster.JobMaster at pekko://flink/user/rpc/jobmanager_327 .
59490 [e33b6259662c215ceb53ce68305ad6f9] JobMaster [jobmanager-io-thread-1] INFO  Initializing job 'Flink Streaming Job' (e33b6259662c215ceb53ce68305ad6f9).
59490 [e33b6259662c215ceb53ce68305ad6f9] JobMaster [jobmanager-io-thread-1] INFO  Using restart back off time strategy FixedDelayRestartBackoffTimeStrategy(maxNumberRestartAttempts=0, backoffTimeMS=100) for Flink Streaming Job (e33b6259662c215ceb53ce68305ad6f9).
59490 [e33b6259662c215ceb53ce68305ad6f9] ExecutionGraph [jobmanager-io-thread-1] INFO  Created execution graph 2f02b7ce8f717172c4ef4d23a6b4ba95 for job e33b6259662c215ceb53ce68305ad6f9.
59490 [e33b6259662c215ceb53ce68305ad6f9] JobMaster [jobmanager-io-thread-1] INFO  Running initialization on master for job Flink Streaming Job (e33b6259662c215ceb53ce68305ad6f9).
59490 [e33b6259662c215ceb53ce68305ad6f9] JobMaster [jobmanager-io-thread-1] INFO  Successfully ran initialization on master in 0 ms.
59491 [e33b6259662c215ceb53ce68305ad6f9] DefaultExecutionTopology [jobmanager-io-thread-1] INFO  Built 1 new pipelined regions in 0 ms, total 1 pipelined regions currently.
59491 [e33b6259662c215ceb53ce68305ad6f9] JobMaster [jobmanager-io-thread-1] INFO  State backend is set to heap memory org.apache.flink.runtime.state.hashmap.HashMapStateBackend@75af760f
59491 [e33b6259662c215ceb53ce68305ad6f9] StateBackendLoader [jobmanager-io-thread-1] INFO  State backend loader loads the state backend as HashMapStateBackend
59491 [e33b6259662c215ceb53ce68305ad6f9] JobMaster [jobmanager-io-thread-1] INFO  Checkpoint storage is set to 'filesystem': (checkpoints "file:/var/folders/m8/q6f016tn6cl2cp86hfq331_w0000gp/T/junit-8228656632016441026/junit613461646840897846")
59491 [e33b6259662c215ceb53ce68305ad6f9] CheckpointCoordinator [jobmanager-io-thread-1] INFO  No checkpoint found during restore.
59491 [e33b6259662c215ceb53ce68305ad6f9] CheckpointCoordinator [jobmanager-io-thread-1] INFO  Starting job e33b6259662c215ceb53ce68305ad6f9 from savepoint file:/var/folders/m8/q6f016tn6cl2cp86hfq331_w0000gp/T/junit-8228656632016441026/junit638187050990921127/72d2f2102094885a0a6022bf82208c93/chk-5 ()
59493 [e33b6259662c215ceb53ce68305ad6f9] CheckpointCoordinator [jobmanager-io-thread-1] INFO  Reset the checkpoint ID of job e33b6259662c215ceb53ce68305ad6f9 to 6.
59493 [e33b6259662c215ceb53ce68305ad6f9] CheckpointCoordinator [jobmanager-io-thread-1] INFO  Restoring job e33b6259662c215ceb53ce68305ad6f9 from Savepoint 5 @ 0 for e33b6259662c215ceb53ce68305ad6f9 located at file:/var/folders/m8/q6f016tn6cl2cp86hfq331_w0000gp/T/junit-8228656632016441026/junit638187050990921127/72d2f2102094885a0a6022bf82208c93/chk-5.
59494 [e33b6259662c215ceb53ce68305ad6f9] CheckpointCoordinator [jobmanager-io-thread-1] INFO  No master state to restore
59494 [e33b6259662c215ceb53ce68305ad6f9] RecreateOnResetOperatorCoordinator [jobmanager-io-thread-1] INFO  Resetting coordinator to checkpoint.
59494 [e33b6259662c215ceb53ce68305ad6f9] SourceCoordinator [Thread-896] INFO  Closing SourceCoordinator for source Source: source0.
59494 [e33b6259662c215ceb53ce68305ad6f9] SourceCoordinator [Thread-896] INFO  Source coordinator for source Source: source0 closed.
59494 [e33b6259662c215ceb53ce68305ad6f9] JobMaster [jobmanager-io-thread-1] INFO  Using failover strategy org.apache.flink.runtime.executiongraph.failover.RestartPipelinedRegionFailoverStrategy@4ec6b3b2 for Flink Streaming Job (e33b6259662c215ceb53ce68305ad6f9).
59494 [                                ] SourceCoordinator [Thread-896] INFO  Restoring SplitEnumerator of source Source: source0 from checkpoint.
59494 [e33b6259662c215ceb53ce68305ad6f9] EmbeddedLeaderService [jobmanager-io-thread-1] INFO  Received confirmation of leadership for leader pekko://flink/user/rpc/jobmanager_327 , session=aae168fb-c8b3-4628-80dc-931e6633af24
59494 [e33b6259662c215ceb53ce68305ad6f9] JobMaster [flink-pekko.actor.default-dispatcher-9] INFO  Starting execution of job 'Flink Streaming Job' (e33b6259662c215ceb53ce68305ad6f9) under job master id 80dc931e6633af24aae168fbc8b34628.
59494 [e33b6259662c215ceb53ce68305ad6f9] SourceCoordinator [flink-pekko.actor.default-dispatcher-9] INFO  Starting split enumerator for source Source: source0.
59494 [e33b6259662c215ceb53ce68305ad6f9] JobMaster [flink-pekko.actor.default-dispatcher-9] INFO  Starting scheduling with scheduling strategy [org.apache.flink.runtime.scheduler.strategy.PipelinedRegionSchedulingStrategy]
59494 [e33b6259662c215ceb53ce68305ad6f9] ExecutionGraph [flink-pekko.actor.default-dispatcher-9] INFO  Job Flink Streaming Job (e33b6259662c215ceb53ce68305ad6f9) switched from state CREATED to RUNNING.
59494 [e33b6259662c215ceb53ce68305ad6f9] ExecutionTrackingCheckpointCoordinatorDeActivator [flink-pekko.actor.default-dispatcher-9] INFO  Starting checkpoint scheduler
59494 [e33b6259662c215ceb53ce68305ad6f9] ExecutionGraph [flink-pekko.actor.default-dispatcher-9] INFO  Source: source0 -> input-filter0 -> input-counter0 (1/2) (2f02b7ce8f717172c4ef4d23a6b4ba95_3e9b902627593008a6d790e9aeca7953_0_0) switched from CREATED to SCHEDULED.
59494 [e33b6259662c215ceb53ce68305ad6f9] ExecutionTrackingCheckpointCoordinatorDeActivator [flink-pekko.actor.default-dispatcher-9] INFO  Stopping checkpoint scheduler, current job status: RUNNING
59494 [e33b6259662c215ceb53ce68305ad6f9] ExecutionGraph [flink-pekko.actor.default-dispatcher-9] INFO  Source: source0 -> input-filter0 -> input-counter0 (2/2) (2f02b7ce8f717172c4ef4d23a6b4ba95_3e9b902627593008a6d790e9aeca7953_1_0) switched from CREATED to SCHEDULED.
59494 [e33b6259662c215ceb53ce68305ad6f9] ExecutionGraph [flink-pekko.actor.default-dispatcher-9] INFO  global0 (1/2) (2f02b7ce8f717172c4ef4d23a6b4ba95_4eca6edb63b17eb77deb9de060a699d1_0_0) switched from CREATED to SCHEDULED.
59494 [e33b6259662c215ceb53ce68305ad6f9] ExecutionGraph [flink-pekko.actor.default-dispatcher-9] INFO  global0 (2/2) (2f02b7ce8f717172c4ef4d23a6b4ba95_4eca6edb63b17eb77deb9de060a699d1_1_0) switched from CREATED to SCHEDULED.
59494 [e33b6259662c215ceb53ce68305ad6f9] ExecutionGraph [flink-pekko.actor.default-dispatcher-9] INFO  rebalance0 (1/3) (2f02b7ce8f717172c4ef4d23a6b4ba95_25a6d73fce56b9559bed0247061e93e0_0_0) switched from CREATED to SCHEDULED.
59494 [e33b6259662c215ceb53ce68305ad6f9] ExecutionGraph [flink-pekko.actor.default-dispatcher-9] INFO  rebalance0 (2/3) (2f02b7ce8f717172c4ef4d23a6b4ba95_25a6d73fce56b9559bed0247061e93e0_1_0) switched from CREATED to SCHEDULED.
59494 [e33b6259662c215ceb53ce68305ad6f9] ExecutionGraph [flink-pekko.actor.default-dispatcher-9] INFO  rebalance0 (3/3) (2f02b7ce8f717172c4ef4d23a6b4ba95_25a6d73fce56b9559bed0247061e93e0_2_0) switched from CREATED to SCHEDULED.
59494 [e33b6259662c215ceb53ce68305ad6f9] ExecutionGraph [flink-pekko.actor.default-dispatcher-9] INFO  upscale0 (1/4) (2f02b7ce8f717172c4ef4d23a6b4ba95_7559af08559a2c7079a359b85b7edab5_0_0) switched from CREATED to SCHEDULED.
59494 [e33b6259662c215ceb53ce68305ad6f9] ExecutionGraph [flink-pekko.actor.default-dispatcher-9] INFO  upscale0 (2/4) (2f02b7ce8f717172c4ef4d23a6b4ba95_7559af08559a2c7079a359b85b7edab5_1_0) switched from CREATED to SCHEDULED.
59494 [e33b6259662c215ceb53ce68305ad6f9] ExecutionGraph [flink-pekko.actor.default-dispatcher-9] INFO  upscale0 (3/4) (2f02b7ce8f717172c4ef4d23a6b4ba95_7559af08559a2c7079a359b85b7edab5_2_0) switched from CREATED to SCHEDULED.
59494 [e33b6259662c215ceb53ce68305ad6f9] ExecutionGraph [flink-pekko.actor.default-dispatcher-9] INFO  upscale0 (4/4) (2f02b7ce8f717172c4ef4d23a6b4ba95_7559af08559a2c7079a359b85b7edab5_3_0) switched from CREATED to SCHEDULED.
59494 [e33b6259662c215ceb53ce68305ad6f9] ExecutionGraph [flink-pekko.actor.default-dispatcher-9] INFO  downscale0 (1/3) (2f02b7ce8f717172c4ef4d23a6b4ba95_579c351891399448b6165717925f2b21_0_0) switched from CREATED to SCHEDULED.
59494 [e33b6259662c215ceb53ce68305ad6f9] ExecutionGraph [flink-pekko.actor.default-dispatcher-9] INFO  downscale0 (2/3) (2f02b7ce8f717172c4ef4d23a6b4ba95_579c351891399448b6165717925f2b21_1_0) switched from CREATED to SCHEDULED.
59494 [e33b6259662c215ceb53ce68305ad6f9] ExecutionGraph [flink-pekko.actor.default-dispatcher-9] INFO  downscale0 (3/3) (2f02b7ce8f717172c4ef4d23a6b4ba95_579c351891399448b6165717925f2b21_2_0) switched from CREATED to SCHEDULED.
59494 [e33b6259662c215ceb53ce68305ad6f9] ExecutionGraph [flink-pekko.actor.default-dispatcher-9] INFO  keyby0 (1/2) (2f02b7ce8f717172c4ef4d23a6b4ba95_e32648f4a493dd25fdd7d9c66c500390_0_0) switched from CREATED to SCHEDULED.
59494 [e33b6259662c215ceb53ce68305ad6f9] ExecutionGraph [flink-pekko.actor.default-dispatcher-9] INFO  keyby0 (2/2) (2f02b7ce8f717172c4ef4d23a6b4ba95_e32648f4a493dd25fdd7d9c66c500390_1_0) switched from CREATED to SCHEDULED.
59494 [e33b6259662c215ceb53ce68305ad6f9] ExecutionGraph [flink-pekko.actor.default-dispatcher-9] INFO  rescale0 (1/3) (2f02b7ce8f717172c4ef4d23a6b4ba95_7b4c6fe4c6df355e1ed86e978ba4a96e_0_0) switched from CREATED to SCHEDULED.
59494 [e33b6259662c215ceb53ce68305ad6f9] ExecutionGraph [flink-pekko.actor.default-dispatcher-9] INFO  rescale0 (2/3) (2f02b7ce8f717172c4ef4d23a6b4ba95_7b4c6fe4c6df355e1ed86e978ba4a96e_1_0) switched from CREATED to SCHEDULED.
59494 [e33b6259662c215ceb53ce68305ad6f9] ExecutionGraph [flink-pekko.actor.default-dispatcher-9] INFO  rescale0 (3/3) (2f02b7ce8f717172c4ef4d23a6b4ba95_7b4c6fe4c6df355e1ed86e978ba4a96e_2_0) switched from CREATED to SCHEDULED.
59494 [e33b6259662c215ceb53ce68305ad6f9] ExecutionGraph [flink-pekko.actor.default-dispatcher-9] INFO  failing-map (1/2) (2f02b7ce8f717172c4ef4d23a6b4ba95_b8c789ec3a44294cb45da029ffe0e6fd_0_0) switched from CREATED to SCHEDULED.
59494 [e33b6259662c215ceb53ce68305ad6f9] ExecutionGraph [flink-pekko.actor.default-dispatcher-9] INFO  failing-map (2/2) (2f02b7ce8f717172c4ef4d23a6b4ba95_b8c789ec3a44294cb45da029ffe0e6fd_1_0) switched from CREATED to SCHEDULED.
59494 [e33b6259662c215ceb53ce68305ad6f9] ExecutionGraph [flink-pekko.actor.default-dispatcher-9] INFO  Sink: sink (1/1) (2f02b7ce8f717172c4ef4d23a6b4ba95_2e588ce1c86a9d46e2e85186773ce4fd_0_0) switched from CREATED to SCHEDULED.
59494 [e33b6259662c215ceb53ce68305ad6f9] JobMaster [flink-pekko.actor.default-dispatcher-9] INFO  Connecting to ResourceManager pekko://flink/user/rpc/resourcemanager_326(928b86c9ad6411d29755ab5f904145ae)
59494 [                                ] JobMaster [flink-pekko.actor.default-dispatcher-10] INFO  Resolved ResourceManager address, beginning registration
59494 [e33b6259662c215ceb53ce68305ad6f9] StandaloneResourceManager [flink-pekko.actor.default-dispatcher-10] INFO  Registering job manager 80dc931e6633af24aae168fbc8b34628@pekko://flink/user/rpc/jobmanager_327 for job e33b6259662c215ceb53ce68305ad6f9.
59494 [e33b6259662c215ceb53ce68305ad6f9] StandaloneResourceManager [flink-pekko.actor.default-dispatcher-6] INFO  Registered job manager 80dc931e6633af24aae168fbc8b34628@pekko://flink/user/rpc/jobmanager_327 for job e33b6259662c215ceb53ce68305ad6f9.
59495 [e33b6259662c215ceb53ce68305ad6f9] JobMaster [flink-pekko.actor.default-dispatcher-10] INFO  JobManager successfully registered at ResourceManager, leader id: 928b86c9ad6411d29755ab5f904145ae.
59495 [e33b6259662c215ceb53ce68305ad6f9] FineGrainedSlotManager [flink-pekko.actor.default-dispatcher-10] INFO  Received resource requirements from job e33b6259662c215ceb53ce68305ad6f9: [ResourceRequirement{resourceProfile=ResourceProfile{UNKNOWN}, numberOfRequiredSlots=4}]
59519 [e33b6259662c215ceb53ce68305ad6f9] FineGrainedSlotManager [flink-pekko.actor.default-dispatcher-6] INFO  Received resource requirements from job e33b6259662c215ceb53ce68305ad6f9: [ResourceRequirement{resourceProfile=ResourceProfile{UNKNOWN}, numberOfRequiredSlots=4}]
59550 [                                ] FineGrainedSlotManager [flink-pekko.actor.default-dispatcher-10] INFO  Matching resource requirements against available resources.
Missing resources:
	 Job e33b6259662c215ceb53ce68305ad6f9
		ResourceRequirement{resourceProfile=ResourceProfile{UNKNOWN}, numberOfRequiredSlots=4}
Current resources:
	TaskManager 15051983-f52c-442f-9ad5-7a4d4074b3d5
		Available: ResourceProfile{taskHeapMemory=1024.000gb (1099511627776 bytes), taskOffHeapMemory=1024.000gb (1099511627776 bytes), managedMemory=80.000mb (83886080 bytes), networkMemory=32.000mb (33554432 bytes)}
		Total:     ResourceProfile{taskHeapMemory=1024.000gb (1099511627776 bytes), taskOffHeapMemory=1024.000gb (1099511627776 bytes), managedMemory=80.000mb (83886080 bytes), networkMemory=32.000mb (33554432 bytes)}
	TaskManager e56130a9-2f7d-45ae-9f38-de02a87425db
		Available: ResourceProfile{taskHeapMemory=1024.000gb (1099511627776 bytes), taskOffHeapMemory=1024.000gb (1099511627776 bytes), managedMemory=80.000mb (83886080 bytes), networkMemory=32.000mb (33554432 bytes)}
		Total:     ResourceProfile{taskHeapMemory=1024.000gb (1099511627776 bytes), taskOffHeapMemory=1024.000gb (1099511627776 bytes), managedMemory=80.000mb (83886080 bytes), networkMemory=32.000mb (33554432 bytes)}
	TaskManager 2ab57488-aeb1-4db4-beb2-21395f4a361f
		Available: ResourceProfile{taskHeapMemory=1024.000gb (1099511627776 bytes), taskOffHeapMemory=1024.000gb (1099511627776 bytes), managedMemory=80.000mb (83886080 bytes), networkMemory=32.000mb (33554432 bytes)}
		Total:     ResourceProfile{taskHeapMemory=1024.000gb (1099511627776 bytes), taskOffHeapMemory=1024.000gb (1099511627776 bytes), managedMemory=80.000mb (83886080 bytes), networkMemory=32.000mb (33554432 bytes)}
59550 [e33b6259662c215ceb53ce68305ad6f9] DefaultSlotStatusSyncer [flink-pekko.actor.default-dispatcher-10] INFO  Starting allocation of slot 334bd6dcf8e371bcac09e1f03c3443c7 from 15051983-f52c-442f-9ad5-7a4d4074b3d5 for job e33b6259662c215ceb53ce68305ad6f9 with resource profile ResourceProfile{taskHeapMemory=512.000gb (549755813888 bytes), taskOffHeapMemory=512.000gb (549755813888 bytes), managedMemory=40.000mb (41943040 bytes), networkMemory=16.000mb (16777216 bytes)}.
59550 [e33b6259662c215ceb53ce68305ad6f9] DefaultSlotStatusSyncer [flink-pekko.actor.default-dispatcher-10] INFO  Starting allocation of slot 306777177b554cdc3bf0e6fe2c45e9d0 from 15051983-f52c-442f-9ad5-7a4d4074b3d5 for job e33b6259662c215ceb53ce68305ad6f9 with resource profile ResourceProfile{taskHeapMemory=512.000gb (549755813888 bytes), taskOffHeapMemory=512.000gb (549755813888 bytes), managedMemory=40.000mb (41943040 bytes), networkMemory=16.000mb (16777216 bytes)}.
59550 [e33b6259662c215ceb53ce68305ad6f9] TaskExecutor [flink-pekko.actor.default-dispatcher-6] INFO  Receive slot request 334bd6dcf8e371bcac09e1f03c3443c7 for job e33b6259662c215ceb53ce68305ad6f9 from resource manager with leader id 928b86c9ad6411d29755ab5f904145ae.
59550 [e33b6259662c215ceb53ce68305ad6f9] TaskSlotTableImpl [flink-pekko.actor.default-dispatcher-6] INFO  Allocated slot for 334bd6dcf8e371bcac09e1f03c3443c7 with resources ResourceProfile{taskHeapMemory=512.000gb (549755813888 bytes), taskOffHeapMemory=512.000gb (549755813888 bytes), managedMemory=40.000mb (41943040 bytes), networkMemory=16.000mb (16777216 bytes)}.
59550 [e33b6259662c215ceb53ce68305ad6f9] DefaultSlotStatusSyncer [flink-pekko.actor.default-dispatcher-10] INFO  Starting allocation of slot de76262377b5e028047c31610c353817 from e56130a9-2f7d-45ae-9f38-de02a87425db for job e33b6259662c215ceb53ce68305ad6f9 with resource profile ResourceProfile{taskHeapMemory=512.000gb (549755813888 bytes), taskOffHeapMemory=512.000gb (549755813888 bytes), managedMemory=40.000mb (41943040 bytes), networkMemory=16.000mb (16777216 bytes)}.
59550 [e33b6259662c215ceb53ce68305ad6f9] DefaultSlotStatusSyncer [flink-pekko.actor.default-dispatcher-10] INFO  Starting allocation of slot a56c84c60f2a594c433f235dcb62c200 from e56130a9-2f7d-45ae-9f38-de02a87425db for job e33b6259662c215ceb53ce68305ad6f9 with resource profile ResourceProfile{taskHeapMemory=512.000gb (549755813888 bytes), taskOffHeapMemory=512.000gb (549755813888 bytes), managedMemory=40.000mb (41943040 bytes), networkMemory=16.000mb (16777216 bytes)}.
59550 [e33b6259662c215ceb53ce68305ad6f9] TaskExecutor [flink-pekko.actor.default-dispatcher-9] INFO  Receive slot request de76262377b5e028047c31610c353817 for job e33b6259662c215ceb53ce68305ad6f9 from resource manager with leader id 928b86c9ad6411d29755ab5f904145ae.
59550 [e33b6259662c215ceb53ce68305ad6f9] TaskSlotTableImpl [flink-pekko.actor.default-dispatcher-9] INFO  Allocated slot for de76262377b5e028047c31610c353817 with resources ResourceProfile{taskHeapMemory=512.000gb (549755813888 bytes), taskOffHeapMemory=512.000gb (549755813888 bytes), managedMemory=40.000mb (41943040 bytes), networkMemory=16.000mb (16777216 bytes)}.
59550 [e33b6259662c215ceb53ce68305ad6f9] DefaultJobLeaderService [flink-pekko.actor.default-dispatcher-6] INFO  Add job e33b6259662c215ceb53ce68305ad6f9 for job leader monitoring.
59550 [                                ] DefaultJobLeaderService [mini-cluster-io-thread-3] INFO  Try to register at job manager pekko://flink/user/rpc/jobmanager_327 with leader id aae168fb-c8b3-4628-80dc-931e6633af24.
59550 [e33b6259662c215ceb53ce68305ad6f9] TaskExecutor [flink-pekko.actor.default-dispatcher-6] INFO  Receive slot request 306777177b554cdc3bf0e6fe2c45e9d0 for job e33b6259662c215ceb53ce68305ad6f9 from resource manager with leader id 928b86c9ad6411d29755ab5f904145ae.
59550 [e33b6259662c215ceb53ce68305ad6f9] TaskSlotTableImpl [flink-pekko.actor.default-dispatcher-6] INFO  Allocated slot for 306777177b554cdc3bf0e6fe2c45e9d0 with resources ResourceProfile{taskHeapMemory=512.000gb (549755813888 bytes), taskOffHeapMemory=512.000gb (549755813888 bytes), managedMemory=40.000mb (41943040 bytes), networkMemory=16.000mb (16777216 bytes)}.
59550 [e33b6259662c215ceb53ce68305ad6f9] DefaultJobLeaderService [flink-pekko.actor.default-dispatcher-9] INFO  Add job e33b6259662c215ceb53ce68305ad6f9 for job leader monitoring.
59550 [e33b6259662c215ceb53ce68305ad6f9] TaskExecutor [flink-pekko.actor.default-dispatcher-9] INFO  Receive slot request a56c84c60f2a594c433f235dcb62c200 for job e33b6259662c215ceb53ce68305ad6f9 from resource manager with leader id 928b86c9ad6411d29755ab5f904145ae.
59550 [                                ] DefaultJobLeaderService [mini-cluster-io-thread-1] INFO  Try to register at job manager pekko://flink/user/rpc/jobmanager_327 with leader id aae168fb-c8b3-4628-80dc-931e6633af24.
59550 [e33b6259662c215ceb53ce68305ad6f9] TaskSlotTableImpl [flink-pekko.actor.default-dispatcher-9] INFO  Allocated slot for a56c84c60f2a594c433f235dcb62c200 with resources ResourceProfile{taskHeapMemory=512.000gb (549755813888 bytes), taskOffHeapMemory=512.000gb (549755813888 bytes), managedMemory=40.000mb (41943040 bytes), networkMemory=16.000mb (16777216 bytes)}.
59550 [                                ] DefaultJobLeaderService [flink-pekko.actor.default-dispatcher-6] INFO  Resolved JobManager address, beginning registration
59550 [                                ] DefaultJobLeaderService [flink-pekko.actor.default-dispatcher-9] INFO  Resolved JobManager address, beginning registration
59550 [                                ] DefaultJobLeaderService [flink-pekko.actor.default-dispatcher-10] INFO  Successful registration at job manager pekko://flink/user/rpc/jobmanager_327 for job e33b6259662c215ceb53ce68305ad6f9.
59550 [                                ] DefaultJobLeaderService [flink-pekko.actor.default-dispatcher-9] INFO  Successful registration at job manager pekko://flink/user/rpc/jobmanager_327 for job e33b6259662c215ceb53ce68305ad6f9.
59550 [                                ] TaskExecutor [flink-pekko.actor.default-dispatcher-10] INFO  Establish JobManager connection for job e33b6259662c215ceb53ce68305ad6f9.
59550 [                                ] TaskExecutor [flink-pekko.actor.default-dispatcher-9] INFO  Establish JobManager connection for job e33b6259662c215ceb53ce68305ad6f9.
59550 [                                ] TaskExecutor [flink-pekko.actor.default-dispatcher-10] INFO  Offer reserved slots to the leader of job e33b6259662c215ceb53ce68305ad6f9.
59550 [                                ] TaskExecutor [flink-pekko.actor.default-dispatcher-9] INFO  Offer reserved slots to the leader of job e33b6259662c215ceb53ce68305ad6f9.
59551 [e33b6259662c215ceb53ce68305ad6f9] TaskSlotTableImpl [flink-pekko.actor.default-dispatcher-8] INFO  Activate slot a56c84c60f2a594c433f235dcb62c200.
59551 [e33b6259662c215ceb53ce68305ad6f9] TaskSlotTableImpl [flink-pekko.actor.default-dispatcher-8] INFO  Activate slot de76262377b5e028047c31610c353817.
59551 [e33b6259662c215ceb53ce68305ad6f9] ExecutionGraph [flink-pekko.actor.default-dispatcher-9] INFO  Source: source0 -> input-filter0 -> input-counter0 (1/2) (2f02b7ce8f717172c4ef4d23a6b4ba95_3e9b902627593008a6d790e9aeca7953_0_0) switched from SCHEDULED to DEPLOYING.
59551 [e33b6259662c215ceb53ce68305ad6f9] ExecutionGraph [flink-pekko.actor.default-dispatcher-9] INFO  Deploying Source: source0 -> input-filter0 -> input-counter0 (1/2) (attempt #0) with attempt id 2f02b7ce8f717172c4ef4d23a6b4ba95_3e9b902627593008a6d790e9aeca7953_0_0 and vertex id 3e9b902627593008a6d790e9aeca7953_0 to e56130a9-2f7d-45ae-9f38-de02a87425db @ localhost (dataPort=64545) with allocation id a56c84c60f2a594c433f235dcb62c200
59551 [e33b6259662c215ceb53ce68305ad6f9] ExecutionGraph [flink-pekko.actor.default-dispatcher-9] INFO  Source: source0 -> input-filter0 -> input-counter0 (2/2) (2f02b7ce8f717172c4ef4d23a6b4ba95_3e9b902627593008a6d790e9aeca7953_1_0) switched from SCHEDULED to DEPLOYING.
59551 [e33b6259662c215ceb53ce68305ad6f9] ExecutionGraph [flink-pekko.actor.default-dispatcher-9] INFO  Deploying Source: source0 -> input-filter0 -> input-counter0 (2/2) (attempt #0) with attempt id 2f02b7ce8f717172c4ef4d23a6b4ba95_3e9b902627593008a6d790e9aeca7953_1_0 and vertex id 3e9b902627593008a6d790e9aeca7953_1 to 15051983-f52c-442f-9ad5-7a4d4074b3d5 @ localhost (dataPort=64547) with allocation id 334bd6dcf8e371bcac09e1f03c3443c7
59551 [e33b6259662c215ceb53ce68305ad6f9] ExecutionGraph [flink-pekko.actor.default-dispatcher-9] INFO  global0 (1/2) (2f02b7ce8f717172c4ef4d23a6b4ba95_4eca6edb63b17eb77deb9de060a699d1_0_0) switched from SCHEDULED to DEPLOYING.
59551 [e33b6259662c215ceb53ce68305ad6f9] ExecutionGraph [flink-pekko.actor.default-dispatcher-9] INFO  Deploying global0 (1/2) (attempt #0) with attempt id 2f02b7ce8f717172c4ef4d23a6b4ba95_4eca6edb63b17eb77deb9de060a699d1_0_0 and vertex id 4eca6edb63b17eb77deb9de060a699d1_0 to e56130a9-2f7d-45ae-9f38-de02a87425db @ localhost (dataPort=64545) with allocation id a56c84c60f2a594c433f235dcb62c200
59551 [e33b6259662c215ceb53ce68305ad6f9] ExecutionGraph [flink-pekko.actor.default-dispatcher-9] INFO  global0 (2/2) (2f02b7ce8f717172c4ef4d23a6b4ba95_4eca6edb63b17eb77deb9de060a699d1_1_0) switched from SCHEDULED to DEPLOYING.
59551 [e33b6259662c215ceb53ce68305ad6f9] ExecutionGraph [flink-pekko.actor.default-dispatcher-9] INFO  Deploying global0 (2/2) (attempt #0) with attempt id 2f02b7ce8f717172c4ef4d23a6b4ba95_4eca6edb63b17eb77deb9de060a699d1_1_0 and vertex id 4eca6edb63b17eb77deb9de060a699d1_1 to 15051983-f52c-442f-9ad5-7a4d4074b3d5 @ localhost (dataPort=64547) with allocation id 334bd6dcf8e371bcac09e1f03c3443c7
59551 [e33b6259662c215ceb53ce68305ad6f9] ExecutionGraph [flink-pekko.actor.default-dispatcher-9] INFO  rebalance0 (1/3) (2f02b7ce8f717172c4ef4d23a6b4ba95_25a6d73fce56b9559bed0247061e93e0_0_0) switched from SCHEDULED to DEPLOYING.
59551 [e33b6259662c215ceb53ce68305ad6f9] ExecutionGraph [flink-pekko.actor.default-dispatcher-9] INFO  Deploying rebalance0 (1/3) (attempt #0) with attempt id 2f02b7ce8f717172c4ef4d23a6b4ba95_25a6d73fce56b9559bed0247061e93e0_0_0 and vertex id 25a6d73fce56b9559bed0247061e93e0_0 to e56130a9-2f7d-45ae-9f38-de02a87425db @ localhost (dataPort=64545) with allocation id a56c84c60f2a594c433f235dcb62c200
59551 [e33b6259662c215ceb53ce68305ad6f9] ExecutionGraph [flink-pekko.actor.default-dispatcher-9] INFO  rebalance0 (2/3) (2f02b7ce8f717172c4ef4d23a6b4ba95_25a6d73fce56b9559bed0247061e93e0_1_0) switched from SCHEDULED to DEPLOYING.
59551 [e33b6259662c215ceb53ce68305ad6f9] ExecutionGraph [flink-pekko.actor.default-dispatcher-9] INFO  Deploying rebalance0 (2/3) (attempt #0) with attempt id 2f02b7ce8f717172c4ef4d23a6b4ba95_25a6d73fce56b9559bed0247061e93e0_1_0 and vertex id 25a6d73fce56b9559bed0247061e93e0_1 to 15051983-f52c-442f-9ad5-7a4d4074b3d5 @ localhost (dataPort=64547) with allocation id 334bd6dcf8e371bcac09e1f03c3443c7
59551 [e33b6259662c215ceb53ce68305ad6f9] ExecutionGraph [flink-pekko.actor.default-dispatcher-9] INFO  rebalance0 (3/3) (2f02b7ce8f717172c4ef4d23a6b4ba95_25a6d73fce56b9559bed0247061e93e0_2_0) switched from SCHEDULED to DEPLOYING.
59551 [e33b6259662c215ceb53ce68305ad6f9] ExecutionGraph [flink-pekko.actor.default-dispatcher-9] INFO  Deploying rebalance0 (3/3) (attempt #0) with attempt id 2f02b7ce8f717172c4ef4d23a6b4ba95_25a6d73fce56b9559bed0247061e93e0_2_0 and vertex id 25a6d73fce56b9559bed0247061e93e0_2 to e56130a9-2f7d-45ae-9f38-de02a87425db @ localhost (dataPort=64545) with allocation id de76262377b5e028047c31610c353817
59551 [e33b6259662c215ceb53ce68305ad6f9] ExecutionGraph [flink-pekko.actor.default-dispatcher-9] INFO  upscale0 (1/4) (2f02b7ce8f717172c4ef4d23a6b4ba95_7559af08559a2c7079a359b85b7edab5_0_0) switched from SCHEDULED to DEPLOYING.
59551 [e33b6259662c215ceb53ce68305ad6f9] ExecutionGraph [flink-pekko.actor.default-dispatcher-9] INFO  Deploying upscale0 (1/4) (attempt #0) with attempt id 2f02b7ce8f717172c4ef4d23a6b4ba95_7559af08559a2c7079a359b85b7edab5_0_0 and vertex id 7559af08559a2c7079a359b85b7edab5_0 to e56130a9-2f7d-45ae-9f38-de02a87425db @ localhost (dataPort=64545) with allocation id a56c84c60f2a594c433f235dcb62c200
59551 [e33b6259662c215ceb53ce68305ad6f9] ExecutionGraph [flink-pekko.actor.default-dispatcher-9] INFO  upscale0 (2/4) (2f02b7ce8f717172c4ef4d23a6b4ba95_7559af08559a2c7079a359b85b7edab5_1_0) switched from SCHEDULED to DEPLOYING.
59551 [e33b6259662c215ceb53ce68305ad6f9] ExecutionGraph [flink-pekko.actor.default-dispatcher-9] INFO  Deploying upscale0 (2/4) (attempt #0) with attempt id 2f02b7ce8f717172c4ef4d23a6b4ba95_7559af08559a2c7079a359b85b7edab5_1_0 and vertex id 7559af08559a2c7079a359b85b7edab5_1 to 15051983-f52c-442f-9ad5-7a4d4074b3d5 @ localhost (dataPort=64547) with allocation id 334bd6dcf8e371bcac09e1f03c3443c7
59551 [e33b6259662c215ceb53ce68305ad6f9] ExecutionGraph [flink-pekko.actor.default-dispatcher-9] INFO  upscale0 (3/4) (2f02b7ce8f717172c4ef4d23a6b4ba95_7559af08559a2c7079a359b85b7edab5_2_0) switched from SCHEDULED to DEPLOYING.
59551 [e33b6259662c215ceb53ce68305ad6f9] ExecutionGraph [flink-pekko.actor.default-dispatcher-9] INFO  Deploying upscale0 (3/4) (attempt #0) with attempt id 2f02b7ce8f717172c4ef4d23a6b4ba95_7559af08559a2c7079a359b85b7edab5_2_0 and vertex id 7559af08559a2c7079a359b85b7edab5_2 to e56130a9-2f7d-45ae-9f38-de02a87425db @ localhost (dataPort=64545) with allocation id de76262377b5e028047c31610c353817
59551 [e33b6259662c215ceb53ce68305ad6f9] ExecutionGraph [flink-pekko.actor.default-dispatcher-9] INFO  upscale0 (4/4) (2f02b7ce8f717172c4ef4d23a6b4ba95_7559af08559a2c7079a359b85b7edab5_3_0) switched from SCHEDULED to DEPLOYING.
59551 [e33b6259662c215ceb53ce68305ad6f9] ExecutionGraph [flink-pekko.actor.default-dispatcher-9] INFO  Deploying upscale0 (4/4) (attempt #0) with attempt id 2f02b7ce8f717172c4ef4d23a6b4ba95_7559af08559a2c7079a359b85b7edab5_3_0 and vertex id 7559af08559a2c7079a359b85b7edab5_3 to 15051983-f52c-442f-9ad5-7a4d4074b3d5 @ localhost (dataPort=64547) with allocation id 306777177b554cdc3bf0e6fe2c45e9d0
59551 [e33b6259662c215ceb53ce68305ad6f9] ExecutionGraph [flink-pekko.actor.default-dispatcher-9] INFO  downscale0 (1/3) (2f02b7ce8f717172c4ef4d23a6b4ba95_579c351891399448b6165717925f2b21_0_0) switched from SCHEDULED to DEPLOYING.
59551 [e33b6259662c215ceb53ce68305ad6f9] ExecutionGraph [flink-pekko.actor.default-dispatcher-9] INFO  Deploying downscale0 (1/3) (attempt #0) with attempt id 2f02b7ce8f717172c4ef4d23a6b4ba95_579c351891399448b6165717925f2b21_0_0 and vertex id 579c351891399448b6165717925f2b21_0 to e56130a9-2f7d-45ae-9f38-de02a87425db @ localhost (dataPort=64545) with allocation id a56c84c60f2a594c433f235dcb62c200
59551 [e33b6259662c215ceb53ce68305ad6f9] ExecutionGraph [flink-pekko.actor.default-dispatcher-9] INFO  downscale0 (2/3) (2f02b7ce8f717172c4ef4d23a6b4ba95_579c351891399448b6165717925f2b21_1_0) switched from SCHEDULED to DEPLOYING.
59551 [e33b6259662c215ceb53ce68305ad6f9] ExecutionGraph [flink-pekko.actor.default-dispatcher-9] INFO  Deploying downscale0 (2/3) (attempt #0) with attempt id 2f02b7ce8f717172c4ef4d23a6b4ba95_579c351891399448b6165717925f2b21_1_0 and vertex id 579c351891399448b6165717925f2b21_1 to 15051983-f52c-442f-9ad5-7a4d4074b3d5 @ localhost (dataPort=64547) with allocation id 334bd6dcf8e371bcac09e1f03c3443c7
59551 [e33b6259662c215ceb53ce68305ad6f9] ExecutionGraph [flink-pekko.actor.default-dispatcher-9] INFO  downscale0 (3/3) (2f02b7ce8f717172c4ef4d23a6b4ba95_579c351891399448b6165717925f2b21_2_0) switched from SCHEDULED to DEPLOYING.
59551 [e33b6259662c215ceb53ce68305ad6f9] ExecutionGraph [flink-pekko.actor.default-dispatcher-9] INFO  Deploying downscale0 (3/3) (attempt #0) with attempt id 2f02b7ce8f717172c4ef4d23a6b4ba95_579c351891399448b6165717925f2b21_2_0 and vertex id 579c351891399448b6165717925f2b21_2 to e56130a9-2f7d-45ae-9f38-de02a87425db @ localhost (dataPort=64545) with allocation id de76262377b5e028047c31610c353817
59551 [e33b6259662c215ceb53ce68305ad6f9] ExecutionGraph [flink-pekko.actor.default-dispatcher-9] INFO  keyby0 (1/2) (2f02b7ce8f717172c4ef4d23a6b4ba95_e32648f4a493dd25fdd7d9c66c500390_0_0) switched from SCHEDULED to DEPLOYING.
59551 [e33b6259662c215ceb53ce68305ad6f9] ExecutionGraph [flink-pekko.actor.default-dispatcher-9] INFO  Deploying keyby0 (1/2) (attempt #0) with attempt id 2f02b7ce8f717172c4ef4d23a6b4ba95_e32648f4a493dd25fdd7d9c66c500390_0_0 and vertex id e32648f4a493dd25fdd7d9c66c500390_0 to e56130a9-2f7d-45ae-9f38-de02a87425db @ localhost (dataPort=64545) with allocation id a56c84c60f2a594c433f235dcb62c200
59551 [e33b6259662c215ceb53ce68305ad6f9] ExecutionGraph [flink-pekko.actor.default-dispatcher-9] INFO  keyby0 (2/2) (2f02b7ce8f717172c4ef4d23a6b4ba95_e32648f4a493dd25fdd7d9c66c500390_1_0) switched from SCHEDULED to DEPLOYING.
59551 [e33b6259662c215ceb53ce68305ad6f9] ExecutionGraph [flink-pekko.actor.default-dispatcher-9] INFO  Deploying keyby0 (2/2) (attempt #0) with attempt id 2f02b7ce8f717172c4ef4d23a6b4ba95_e32648f4a493dd25fdd7d9c66c500390_1_0 and vertex id e32648f4a493dd25fdd7d9c66c500390_1 to 15051983-f52c-442f-9ad5-7a4d4074b3d5 @ localhost (dataPort=64547) with allocation id 334bd6dcf8e371bcac09e1f03c3443c7
59551 [e33b6259662c215ceb53ce68305ad6f9] ExecutionGraph [flink-pekko.actor.default-dispatcher-9] INFO  rescale0 (1/3) (2f02b7ce8f717172c4ef4d23a6b4ba95_7b4c6fe4c6df355e1ed86e978ba4a96e_0_0) switched from SCHEDULED to DEPLOYING.
59551 [e33b6259662c215ceb53ce68305ad6f9] ExecutionGraph [flink-pekko.actor.default-dispatcher-9] INFO  Deploying rescale0 (1/3) (attempt #0) with attempt id 2f02b7ce8f717172c4ef4d23a6b4ba95_7b4c6fe4c6df355e1ed86e978ba4a96e_0_0 and vertex id 7b4c6fe4c6df355e1ed86e978ba4a96e_0 to e56130a9-2f7d-45ae-9f38-de02a87425db @ localhost (dataPort=64545) with allocation id a56c84c60f2a594c433f235dcb62c200
59551 [e33b6259662c215ceb53ce68305ad6f9] ExecutionGraph [flink-pekko.actor.default-dispatcher-9] INFO  rescale0 (2/3) (2f02b7ce8f717172c4ef4d23a6b4ba95_7b4c6fe4c6df355e1ed86e978ba4a96e_1_0) switched from SCHEDULED to DEPLOYING.
59551 [e33b6259662c215ceb53ce68305ad6f9] ExecutionGraph [flink-pekko.actor.default-dispatcher-9] INFO  Deploying rescale0 (2/3) (attempt #0) with attempt id 2f02b7ce8f717172c4ef4d23a6b4ba95_7b4c6fe4c6df355e1ed86e978ba4a96e_1_0 and vertex id 7b4c6fe4c6df355e1ed86e978ba4a96e_1 to e56130a9-2f7d-45ae-9f38-de02a87425db @ localhost (dataPort=64545) with allocation id de76262377b5e028047c31610c353817
59551 [e33b6259662c215ceb53ce68305ad6f9] ExecutionGraph [flink-pekko.actor.default-dispatcher-9] INFO  rescale0 (3/3) (2f02b7ce8f717172c4ef4d23a6b4ba95_7b4c6fe4c6df355e1ed86e978ba4a96e_2_0) switched from SCHEDULED to DEPLOYING.
59551 [e33b6259662c215ceb53ce68305ad6f9] ExecutionGraph [flink-pekko.actor.default-dispatcher-9] INFO  Deploying rescale0 (3/3) (attempt #0) with attempt id 2f02b7ce8f717172c4ef4d23a6b4ba95_7b4c6fe4c6df355e1ed86e978ba4a96e_2_0 and vertex id 7b4c6fe4c6df355e1ed86e978ba4a96e_2 to 15051983-f52c-442f-9ad5-7a4d4074b3d5 @ localhost (dataPort=64547) with allocation id 334bd6dcf8e371bcac09e1f03c3443c7
59551 [e33b6259662c215ceb53ce68305ad6f9] ExecutionGraph [flink-pekko.actor.default-dispatcher-9] INFO  failing-map (1/2) (2f02b7ce8f717172c4ef4d23a6b4ba95_b8c789ec3a44294cb45da029ffe0e6fd_0_0) switched from SCHEDULED to DEPLOYING.
59551 [e33b6259662c215ceb53ce68305ad6f9] ExecutionGraph [flink-pekko.actor.default-dispatcher-9] INFO  Deploying failing-map (1/2) (attempt #0) with attempt id 2f02b7ce8f717172c4ef4d23a6b4ba95_b8c789ec3a44294cb45da029ffe0e6fd_0_0 and vertex id b8c789ec3a44294cb45da029ffe0e6fd_0 to e56130a9-2f7d-45ae-9f38-de02a87425db @ localhost (dataPort=64545) with allocation id a56c84c60f2a594c433f235dcb62c200
59551 [e33b6259662c215ceb53ce68305ad6f9] ExecutionGraph [flink-pekko.actor.default-dispatcher-9] INFO  failing-map (2/2) (2f02b7ce8f717172c4ef4d23a6b4ba95_b8c789ec3a44294cb45da029ffe0e6fd_1_0) switched from SCHEDULED to DEPLOYING.
59551 [e33b6259662c215ceb53ce68305ad6f9] ExecutionGraph [flink-pekko.actor.default-dispatcher-9] INFO  Deploying failing-map (2/2) (attempt #0) with attempt id 2f02b7ce8f717172c4ef4d23a6b4ba95_b8c789ec3a44294cb45da029ffe0e6fd_1_0 and vertex id b8c789ec3a44294cb45da029ffe0e6fd_1 to e56130a9-2f7d-45ae-9f38-de02a87425db @ localhost (dataPort=64545) with allocation id de76262377b5e028047c31610c353817
59551 [e33b6259662c215ceb53ce68305ad6f9] ExecutionGraph [flink-pekko.actor.default-dispatcher-9] INFO  Sink: sink (1/1) (2f02b7ce8f717172c4ef4d23a6b4ba95_2e588ce1c86a9d46e2e85186773ce4fd_0_0) switched from SCHEDULED to DEPLOYING.
59551 [e33b6259662c215ceb53ce68305ad6f9] ExecutionGraph [flink-pekko.actor.default-dispatcher-9] INFO  Deploying Sink: sink (1/1) (attempt #0) with attempt id 2f02b7ce8f717172c4ef4d23a6b4ba95_2e588ce1c86a9d46e2e85186773ce4fd_0_0 and vertex id 2e588ce1c86a9d46e2e85186773ce4fd_0 to e56130a9-2f7d-45ae-9f38-de02a87425db @ localhost (dataPort=64545) with allocation id a56c84c60f2a594c433f235dcb62c200
59551 [e33b6259662c215ceb53ce68305ad6f9] TaskSlotTableImpl [flink-pekko.actor.default-dispatcher-10] INFO  Activate slot 334bd6dcf8e371bcac09e1f03c3443c7.
59551 [e33b6259662c215ceb53ce68305ad6f9] TaskSlotTableImpl [flink-pekko.actor.default-dispatcher-8] INFO  Activate slot a56c84c60f2a594c433f235dcb62c200.
59552 [e33b6259662c215ceb53ce68305ad6f9] TaskExecutorFileMergingManager [flink-pekko.actor.default-dispatcher-8] INFO  Registered new file merging snapshot manager for job e33b6259662c215ceb53ce68305ad6f9.
59552 [e33b6259662c215ceb53ce68305ad6f9] TaskExecutorFileMergingManager [flink-pekko.actor.default-dispatcher-10] INFO  Registered new file merging snapshot manager for job e33b6259662c215ceb53ce68305ad6f9.
59552 [e33b6259662c215ceb53ce68305ad6f9] StateChangelogStorageLoader [flink-pekko.actor.default-dispatcher-8] INFO  Creating a changelog storage with name 'filesystem'.
59552 [e33b6259662c215ceb53ce68305ad6f9] StateChangelogStorageLoader [flink-pekko.actor.default-dispatcher-10] INFO  Creating a changelog storage with name 'filesystem'.
59552 [e33b6259662c215ceb53ce68305ad6f9] TaskExecutorChannelStateExecutorFactoryManager [flink-pekko.actor.default-dispatcher-8] INFO  Creating the channel state executor factory for job id e33b6259662c215ceb53ce68305ad6f9
59552 [e33b6259662c215ceb53ce68305ad6f9] TaskExecutorChannelStateExecutorFactoryManager [flink-pekko.actor.default-dispatcher-10] INFO  Creating the channel state executor factory for job id e33b6259662c215ceb53ce68305ad6f9
59552 [e33b6259662c215ceb53ce68305ad6f9] TaskExecutor [flink-pekko.actor.default-dispatcher-8] INFO  Received task Source: source0 -> input-filter0 -> input-counter0 (1/2)#0 (2f02b7ce8f717172c4ef4d23a6b4ba95_3e9b902627593008a6d790e9aeca7953_0_0), deploy into slot with allocation id a56c84c60f2a594c433f235dcb62c200.
59552 [e33b6259662c215ceb53ce68305ad6f9] TaskExecutor [flink-pekko.actor.default-dispatcher-10] INFO  Received task Source: source0 -> input-filter0 -> input-counter0 (2/2)#0 (2f02b7ce8f717172c4ef4d23a6b4ba95_3e9b902627593008a6d790e9aeca7953_1_0), deploy into slot with allocation id 334bd6dcf8e371bcac09e1f03c3443c7.
59552 [e33b6259662c215ceb53ce68305ad6f9] TaskSlotTableImpl [flink-pekko.actor.default-dispatcher-8] INFO  Activate slot a56c84c60f2a594c433f235dcb62c200.
59552 [e33b6259662c215ceb53ce68305ad6f9] Task [Source: source0 -> input-filter0 -> input-counter0 (1/2)#0] INFO  Source: source0 -> input-filter0 -> input-counter0 (1/2)#0 (2f02b7ce8f717172c4ef4d23a6b4ba95_3e9b902627593008a6d790e9aeca7953_0_0) switched from CREATED to DEPLOYING.
59552 [e33b6259662c215ceb53ce68305ad6f9] TaskSlotTableImpl [flink-pekko.actor.default-dispatcher-10] INFO  Activate slot 334bd6dcf8e371bcac09e1f03c3443c7.
59552 [e33b6259662c215ceb53ce68305ad6f9] TaskSlotTableImpl [flink-pekko.actor.default-dispatcher-10] INFO  Activate slot 306777177b554cdc3bf0e6fe2c45e9d0.
59552 [e33b6259662c215ceb53ce68305ad6f9] TaskSlotTableImpl [flink-pekko.actor.default-dispatcher-10] INFO  Activate slot 334bd6dcf8e371bcac09e1f03c3443c7.
59552 [e33b6259662c215ceb53ce68305ad6f9] Task [Source: source0 -> input-filter0 -> input-counter0 (2/2)#0] INFO  Source: source0 -> input-filter0 -> input-counter0 (2/2)#0 (2f02b7ce8f717172c4ef4d23a6b4ba95_3e9b902627593008a6d790e9aeca7953_1_0) switched from CREATED to DEPLOYING.
59552 [e33b6259662c215ceb53ce68305ad6f9] Task [Source: source0 -> input-filter0 -> input-counter0 (1/2)#0] INFO  Loading JAR files for task Source: source0 -> input-filter0 -> input-counter0 (1/2)#0 (2f02b7ce8f717172c4ef4d23a6b4ba95_3e9b902627593008a6d790e9aeca7953_0_0) [DEPLOYING].
59552 [e33b6259662c215ceb53ce68305ad6f9] Task [Source: source0 -> input-filter0 -> input-counter0 (2/2)#0] INFO  Loading JAR files for task Source: source0 -> input-filter0 -> input-counter0 (2/2)#0 (2f02b7ce8f717172c4ef4d23a6b4ba95_3e9b902627593008a6d790e9aeca7953_1_0) [DEPLOYING].
59552 [e33b6259662c215ceb53ce68305ad6f9] TaskExecutor [flink-pekko.actor.default-dispatcher-10] INFO  Received task global0 (2/2)#0 (2f02b7ce8f717172c4ef4d23a6b4ba95_4eca6edb63b17eb77deb9de060a699d1_1_0), deploy into slot with allocation id 334bd6dcf8e371bcac09e1f03c3443c7.
59552 [e33b6259662c215ceb53ce68305ad6f9] TaskExecutor [flink-pekko.actor.default-dispatcher-8] INFO  Received task global0 (1/2)#0 (2f02b7ce8f717172c4ef4d23a6b4ba95_4eca6edb63b17eb77deb9de060a699d1_0_0), deploy into slot with allocation id a56c84c60f2a594c433f235dcb62c200.
59552 [e33b6259662c215ceb53ce68305ad6f9] StreamTask [Source: source0 -> input-filter0 -> input-counter0 (1/2)#0] INFO  State backend is set to heap memory org.apache.flink.runtime.state.hashmap.HashMapStateBackend@311fcf98
59552 [e33b6259662c215ceb53ce68305ad6f9] StateBackendLoader [Source: source0 -> input-filter0 -> input-counter0 (1/2)#0] INFO  State backend loader loads the state backend as HashMapStateBackend
59552 [e33b6259662c215ceb53ce68305ad6f9] StreamTask [Source: source0 -> input-filter0 -> input-counter0 (1/2)#0] INFO  Checkpoint storage is set to 'filesystem': (checkpoints "file:/var/folders/m8/q6f016tn6cl2cp86hfq331_w0000gp/T/junit-8228656632016441026/junit613461646840897846")
59552 [e33b6259662c215ceb53ce68305ad6f9] StreamTask [Source: source0 -> input-filter0 -> input-counter0 (2/2)#0] INFO  State backend is set to heap memory org.apache.flink.runtime.state.hashmap.HashMapStateBackend@6aeb0233
59552 [e33b6259662c215ceb53ce68305ad6f9] StateBackendLoader [Source: source0 -> input-filter0 -> input-counter0 (2/2)#0] INFO  State backend loader loads the state backend as HashMapStateBackend
59552 [e33b6259662c215ceb53ce68305ad6f9] StreamTask [Source: source0 -> input-filter0 -> input-counter0 (2/2)#0] INFO  Checkpoint storage is set to 'filesystem': (checkpoints "file:/var/folders/m8/q6f016tn6cl2cp86hfq331_w0000gp/T/junit-8228656632016441026/junit613461646840897846")
59552 [e33b6259662c215ceb53ce68305ad6f9] TaskSlotTableImpl [flink-pekko.actor.default-dispatcher-8] INFO  Activate slot a56c84c60f2a594c433f235dcb62c200.
59552 [e33b6259662c215ceb53ce68305ad6f9] Task [global0 (1/2)#0] INFO  global0 (1/2)#0 (2f02b7ce8f717172c4ef4d23a6b4ba95_4eca6edb63b17eb77deb9de060a699d1_0_0) switched from CREATED to DEPLOYING.
59552 [e33b6259662c215ceb53ce68305ad6f9] Task [global0 (1/2)#0] INFO  Loading JAR files for task global0 (1/2)#0 (2f02b7ce8f717172c4ef4d23a6b4ba95_4eca6edb63b17eb77deb9de060a699d1_0_0) [DEPLOYING].
59552 [e33b6259662c215ceb53ce68305ad6f9] TaskSlotTableImpl [flink-pekko.actor.default-dispatcher-10] INFO  Activate slot 334bd6dcf8e371bcac09e1f03c3443c7.
59552 [e33b6259662c215ceb53ce68305ad6f9] Task [global0 (2/2)#0] INFO  global0 (2/2)#0 (2f02b7ce8f717172c4ef4d23a6b4ba95_4eca6edb63b17eb77deb9de060a699d1_1_0) switched from CREATED to DEPLOYING.
59552 [e33b6259662c215ceb53ce68305ad6f9] Task [global0 (2/2)#0] INFO  Loading JAR files for task global0 (2/2)#0 (2f02b7ce8f717172c4ef4d23a6b4ba95_4eca6edb63b17eb77deb9de060a699d1_1_0) [DEPLOYING].
59552 [e33b6259662c215ceb53ce68305ad6f9] StreamTask [global0 (1/2)#0] INFO  State backend is set to heap memory org.apache.flink.runtime.state.hashmap.HashMapStateBackend@3bf55889
59552 [e33b6259662c215ceb53ce68305ad6f9] FileMergingSnapshotManager [Source: source0 -> input-filter0 -> input-counter0 (2/2)#0] INFO  Created a directory file:/var/folders/m8/q6f016tn6cl2cp86hfq331_w0000gp/T/junit-8228656632016441026/junit613461646840897846/e33b6259662c215ceb53ce68305ad6f9/taskowned/job_e33b6259662c215ceb53ce68305ad6f9_tm_15051983-f52c-442f-9ad5-7a4d4074b3d5 for checkpoint file-merging.
59552 [e33b6259662c215ceb53ce68305ad6f9] StateBackendLoader [global0 (1/2)#0] INFO  State backend loader loads the state backend as HashMapStateBackend
59553 [e33b6259662c215ceb53ce68305ad6f9] StreamTask [global0 (1/2)#0] INFO  Checkpoint storage is set to 'filesystem': (checkpoints "file:/var/folders/m8/q6f016tn6cl2cp86hfq331_w0000gp/T/junit-8228656632016441026/junit613461646840897846")
59553 [e33b6259662c215ceb53ce68305ad6f9] FileMergingSnapshotManager [Source: source0 -> input-filter0 -> input-counter0 (1/2)#0] INFO  Created a directory file:/var/folders/m8/q6f016tn6cl2cp86hfq331_w0000gp/T/junit-8228656632016441026/junit613461646840897846/e33b6259662c215ceb53ce68305ad6f9/taskowned/job_e33b6259662c215ceb53ce68305ad6f9_tm_e56130a9-2f7d-45ae-9f38-de02a87425db for checkpoint file-merging.
59553 [e33b6259662c215ceb53ce68305ad6f9] StreamTask [global0 (2/2)#0] INFO  State backend is set to heap memory org.apache.flink.runtime.state.hashmap.HashMapStateBackend@40184613
59553 [e33b6259662c215ceb53ce68305ad6f9] StateBackendLoader [global0 (2/2)#0] INFO  State backend loader loads the state backend as HashMapStateBackend
59553 [e33b6259662c215ceb53ce68305ad6f9] StreamTask [global0 (2/2)#0] INFO  Checkpoint storage is set to 'filesystem': (checkpoints "file:/var/folders/m8/q6f016tn6cl2cp86hfq331_w0000gp/T/junit-8228656632016441026/junit613461646840897846")
59553 [e33b6259662c215ceb53ce68305ad6f9] FileMergingSnapshotManager [Source: source0 -> input-filter0 -> input-counter0 (2/2)#0] INFO  Created a directory file:/var/folders/m8/q6f016tn6cl2cp86hfq331_w0000gp/T/junit-8228656632016441026/junit613461646840897846/e33b6259662c215ceb53ce68305ad6f9/shared/job_e33b6259662c215ceb53ce68305ad6f9_op_3e9b902627593008a6d790e9aeca7953_1_2 for checkpoint file-merging.
59553 [e33b6259662c215ceb53ce68305ad6f9] FileMergingSnapshotManager [Source: source0 -> input-filter0 -> input-counter0 (1/2)#0] INFO  Created a directory file:/var/folders/m8/q6f016tn6cl2cp86hfq331_w0000gp/T/junit-8228656632016441026/junit613461646840897846/e33b6259662c215ceb53ce68305ad6f9/shared/job_e33b6259662c215ceb53ce68305ad6f9_op_3e9b902627593008a6d790e9aeca7953_0_2 for checkpoint file-merging.
59553 [e33b6259662c215ceb53ce68305ad6f9] TaskExecutor [flink-pekko.actor.default-dispatcher-8] INFO  Received task rebalance0 (1/3)#0 (2f02b7ce8f717172c4ef4d23a6b4ba95_25a6d73fce56b9559bed0247061e93e0_0_0), deploy into slot with allocation id a56c84c60f2a594c433f235dcb62c200.
59553 [e33b6259662c215ceb53ce68305ad6f9] FileMergingSnapshotManager [global0 (1/2)#0] INFO  Created a directory file:/var/folders/m8/q6f016tn6cl2cp86hfq331_w0000gp/T/junit-8228656632016441026/junit613461646840897846/e33b6259662c215ceb53ce68305ad6f9/shared/job_e33b6259662c215ceb53ce68305ad6f9_op_4eca6edb63b17eb77deb9de060a699d1_0_2 for checkpoint file-merging.
59553 [e33b6259662c215ceb53ce68305ad6f9] Task [Source: source0 -> input-filter0 -> input-counter0 (2/2)#0] INFO  Source: source0 -> input-filter0 -> input-counter0 (2/2)#0 (2f02b7ce8f717172c4ef4d23a6b4ba95_3e9b902627593008a6d790e9aeca7953_1_0) switched from DEPLOYING to INITIALIZING.
59553 [e33b6259662c215ceb53ce68305ad6f9] ExecutionGraph [flink-pekko.actor.default-dispatcher-6] INFO  Source: source0 -> input-filter0 -> input-counter0 (2/2) (2f02b7ce8f717172c4ef4d23a6b4ba95_3e9b902627593008a6d790e9aeca7953_1_0) switched from DEPLOYING to INITIALIZING.
59553 [e33b6259662c215ceb53ce68305ad6f9] TaskSlotTableImpl [flink-pekko.actor.default-dispatcher-8] INFO  Activate slot de76262377b5e028047c31610c353817.
59553 [e33b6259662c215ceb53ce68305ad6f9] FileMergingSnapshotManager [global0 (2/2)#0] INFO  Created a directory file:/var/folders/m8/q6f016tn6cl2cp86hfq331_w0000gp/T/junit-8228656632016441026/junit613461646840897846/e33b6259662c215ceb53ce68305ad6f9/shared/job_e33b6259662c215ceb53ce68305ad6f9_op_4eca6edb63b17eb77deb9de060a699d1_1_2 for checkpoint file-merging.
59553 [e33b6259662c215ceb53ce68305ad6f9] Task [rebalance0 (1/3)#0] INFO  rebalance0 (1/3)#0 (2f02b7ce8f717172c4ef4d23a6b4ba95_25a6d73fce56b9559bed0247061e93e0_0_0) switched from CREATED to DEPLOYING.
59553 [e33b6259662c215ceb53ce68305ad6f9] TaskExecutor [flink-pekko.actor.default-dispatcher-10] INFO  Received task rebalance0 (2/3)#0 (2f02b7ce8f717172c4ef4d23a6b4ba95_25a6d73fce56b9559bed0247061e93e0_1_0), deploy into slot with allocation id 334bd6dcf8e371bcac09e1f03c3443c7.
59553 [e33b6259662c215ceb53ce68305ad6f9] Task [rebalance0 (1/3)#0] INFO  Loading JAR files for task rebalance0 (1/3)#0 (2f02b7ce8f717172c4ef4d23a6b4ba95_25a6d73fce56b9559bed0247061e93e0_0_0) [DEPLOYING].
59553 [e33b6259662c215ceb53ce68305ad6f9] Task [global0 (2/2)#0] INFO  global0 (2/2)#0 (2f02b7ce8f717172c4ef4d23a6b4ba95_4eca6edb63b17eb77deb9de060a699d1_1_0) switched from DEPLOYING to INITIALIZING.
59553 [e33b6259662c215ceb53ce68305ad6f9] ExecutionGraph [flink-pekko.actor.default-dispatcher-9] INFO  global0 (2/2) (2f02b7ce8f717172c4ef4d23a6b4ba95_4eca6edb63b17eb77deb9de060a699d1_1_0) switched from DEPLOYING to INITIALIZING.
59553 [e33b6259662c215ceb53ce68305ad6f9] Task [Source: source0 -> input-filter0 -> input-counter0 (1/2)#0] INFO  Source: source0 -> input-filter0 -> input-counter0 (1/2)#0 (2f02b7ce8f717172c4ef4d23a6b4ba95_3e9b902627593008a6d790e9aeca7953_0_0) switched from DEPLOYING to INITIALIZING.
59553 [e33b6259662c215ceb53ce68305ad6f9] Task [global0 (1/2)#0] INFO  global0 (1/2)#0 (2f02b7ce8f717172c4ef4d23a6b4ba95_4eca6edb63b17eb77deb9de060a699d1_0_0) switched from DEPLOYING to INITIALIZING.
59553 [e33b6259662c215ceb53ce68305ad6f9] ExecutionGraph [flink-pekko.actor.default-dispatcher-6] INFO  Source: source0 -> input-filter0 -> input-counter0 (1/2) (2f02b7ce8f717172c4ef4d23a6b4ba95_3e9b902627593008a6d790e9aeca7953_0_0) switched from DEPLOYING to INITIALIZING.
59553 [e33b6259662c215ceb53ce68305ad6f9] ExecutionGraph [flink-pekko.actor.default-dispatcher-6] INFO  global0 (1/2) (2f02b7ce8f717172c4ef4d23a6b4ba95_4eca6edb63b17eb77deb9de060a699d1_0_0) switched from DEPLOYING to INITIALIZING.
59553 [e33b6259662c215ceb53ce68305ad6f9] TaskSlotTableImpl [flink-pekko.actor.default-dispatcher-10] INFO  Activate slot 334bd6dcf8e371bcac09e1f03c3443c7.
59553 [e33b6259662c215ceb53ce68305ad6f9] StreamTask [rebalance0 (1/3)#0] INFO  State backend is set to heap memory org.apache.flink.runtime.state.hashmap.HashMapStateBackend@7350156c
59553 [e33b6259662c215ceb53ce68305ad6f9] StateBackendLoader [rebalance0 (1/3)#0] INFO  State backend loader loads the state backend as HashMapStateBackend
59553 [e33b6259662c215ceb53ce68305ad6f9] Task [rebalance0 (2/3)#0] INFO  rebalance0 (2/3)#0 (2f02b7ce8f717172c4ef4d23a6b4ba95_25a6d73fce56b9559bed0247061e93e0_1_0) switched from CREATED to DEPLOYING.
59553 [e33b6259662c215ceb53ce68305ad6f9] Task [rebalance0 (2/3)#0] INFO  Loading JAR files for task rebalance0 (2/3)#0 (2f02b7ce8f717172c4ef4d23a6b4ba95_25a6d73fce56b9559bed0247061e93e0_1_0) [DEPLOYING].
59553 [e33b6259662c215ceb53ce68305ad6f9] StreamTask [rebalance0 (1/3)#0] INFO  Checkpoint storage is set to 'filesystem': (checkpoints "file:/var/folders/m8/q6f016tn6cl2cp86hfq331_w0000gp/T/junit-8228656632016441026/junit613461646840897846")
59553 [e33b6259662c215ceb53ce68305ad6f9] TaskExecutor [flink-pekko.actor.default-dispatcher-8] INFO  Received task rebalance0 (3/3)#0 (2f02b7ce8f717172c4ef4d23a6b4ba95_25a6d73fce56b9559bed0247061e93e0_2_0), deploy into slot with allocation id de76262377b5e028047c31610c353817.
59553 [e33b6259662c215ceb53ce68305ad6f9] TaskSlotTableImpl [flink-pekko.actor.default-dispatcher-8] INFO  Activate slot a56c84c60f2a594c433f235dcb62c200.
59553 [e33b6259662c215ceb53ce68305ad6f9] Task [rebalance0 (3/3)#0] INFO  rebalance0 (3/3)#0 (2f02b7ce8f717172c4ef4d23a6b4ba95_25a6d73fce56b9559bed0247061e93e0_2_0) switched from CREATED to DEPLOYING.
59553 [e33b6259662c215ceb53ce68305ad6f9] FileMergingSnapshotManager [rebalance0 (1/3)#0] INFO  Created a directory file:/var/folders/m8/q6f016tn6cl2cp86hfq331_w0000gp/T/junit-8228656632016441026/junit613461646840897846/e33b6259662c215ceb53ce68305ad6f9/shared/job_e33b6259662c215ceb53ce68305ad6f9_op_25a6d73fce56b9559bed0247061e93e0_0_3 for checkpoint file-merging.
59553 [e33b6259662c215ceb53ce68305ad6f9] Task [rebalance0 (1/3)#0] INFO  rebalance0 (1/3)#0 (2f02b7ce8f717172c4ef4d23a6b4ba95_25a6d73fce56b9559bed0247061e93e0_0_0) switched from DEPLOYING to INITIALIZING.
59553 [e33b6259662c215ceb53ce68305ad6f9] Task [rebalance0 (3/3)#0] INFO  Loading JAR files for task rebalance0 (3/3)#0 (2f02b7ce8f717172c4ef4d23a6b4ba95_25a6d73fce56b9559bed0247061e93e0_2_0) [DEPLOYING].
59553 [e33b6259662c215ceb53ce68305ad6f9] StreamTask [rebalance0 (2/3)#0] INFO  State backend is set to heap memory org.apache.flink.runtime.state.hashmap.HashMapStateBackend@31174f2b
59553 [e33b6259662c215ceb53ce68305ad6f9] StateBackendLoader [rebalance0 (2/3)#0] INFO  State backend loader loads the state backend as HashMapStateBackend
59553 [e33b6259662c215ceb53ce68305ad6f9] StateBackendLoader [global0 (2/2)#0] INFO  State backend is set to heap memory org.apache.flink.runtime.state.hashmap.HashMapStateBackend@17cb0c19
59553 [e33b6259662c215ceb53ce68305ad6f9] ExecutionGraph [flink-pekko.actor.default-dispatcher-6] INFO  rebalance0 (1/3) (2f02b7ce8f717172c4ef4d23a6b4ba95_25a6d73fce56b9559bed0247061e93e0_0_0) switched from DEPLOYING to INITIALIZING.
59553 [e33b6259662c215ceb53ce68305ad6f9] StreamTask [rebalance0 (2/3)#0] INFO  Checkpoint storage is set to 'filesystem': (checkpoints "file:/var/folders/m8/q6f016tn6cl2cp86hfq331_w0000gp/T/junit-8228656632016441026/junit613461646840897846")
59553 [e33b6259662c215ceb53ce68305ad6f9] AbstractStreamOperator [Source: source0 -> input-filter0 -> input-counter0 (2/2)#0] INFO  Switch mode from null to OUTPUT_NOT_INITIALIZED after 1779494865909 ms, currentMaxDesiredWatermark=9223372036854775807, latestWatermark=-9223372036854775808, oldestWatermark=-9223372036854775808
59553 [e33b6259662c215ceb53ce68305ad6f9] AbstractStreamOperator [Source: source0 -> input-filter0 -> input-counter0 (2/2)#0] INFO  SourceOperator initialized, wait for 1st checkpoint: false
59553 [e33b6259662c215ceb53ce68305ad6f9] AbstractStreamOperator [Source: source0 -> input-filter0 -> input-counter0 (1/2)#0] INFO  Switch mode from null to OUTPUT_NOT_INITIALIZED after 1779494865909 ms, currentMaxDesiredWatermark=9223372036854775807, latestWatermark=-9223372036854775808, oldestWatermark=-9223372036854775808
59553 [e33b6259662c215ceb53ce68305ad6f9] AbstractStreamOperator [Source: source0 -> input-filter0 -> input-counter0 (1/2)#0] INFO  SourceOperator initialized, wait for 1st checkpoint: false
59553 [e33b6259662c215ceb53ce68305ad6f9] StateBackendLoader [Source: source0 -> input-filter0 -> input-counter0 (2/2)#0] INFO  State backend is set to heap memory org.apache.flink.runtime.state.hashmap.HashMapStateBackend@3a93b0d2
59553 [e33b6259662c215ceb53ce68305ad6f9] StateBackendLoader [Source: source0 -> input-filter0 -> input-counter0 (1/2)#0] INFO  State backend is set to heap memory org.apache.flink.runtime.state.hashmap.HashMapStateBackend@67ac145c
59553 [e33b6259662c215ceb53ce68305ad6f9] StateBackendLoader [rebalance0 (1/3)#0] INFO  State backend is set to heap memory org.apache.flink.runtime.state.hashmap.HashMapStateBackend@2fd76089
59553 [e33b6259662c215ceb53ce68305ad6f9] TaskExecutor [flink-pekko.actor.default-dispatcher-8] INFO  Received task upscale0 (1/4)#0 (2f02b7ce8f717172c4ef4d23a6b4ba95_7559af08559a2c7079a359b85b7edab5_0_0), deploy into slot with allocation id a56c84c60f2a594c433f235dcb62c200.
59553 [e33b6259662c215ceb53ce68305ad6f9] Task [global0 (2/2)#0] INFO  global0 (2/2)#0 (2f02b7ce8f717172c4ef4d23a6b4ba95_4eca6edb63b17eb77deb9de060a699d1_1_0) switched from INITIALIZING to RUNNING.
59553 [e33b6259662c215ceb53ce68305ad6f9] StateBackendLoader [global0 (1/2)#0] INFO  State backend is set to heap memory org.apache.flink.runtime.state.hashmap.HashMapStateBackend@41f9a649
59553 [e33b6259662c215ceb53ce68305ad6f9] TaskExecutor [flink-pekko.actor.default-dispatcher-10] INFO  Received task upscale0 (2/4)#0 (2f02b7ce8f717172c4ef4d23a6b4ba95_7559af08559a2c7079a359b85b7edab5_1_0), deploy into slot with allocation id 334bd6dcf8e371bcac09e1f03c3443c7.
59554 [e33b6259662c215ceb53ce68305ad6f9] StateBackendLoader [Source: source0 -> input-filter0 -> input-counter0 (2/2)#0] INFO  State backend is set to heap memory org.apache.flink.runtime.state.hashmap.HashMapStateBackend@508c877d
59554 [e33b6259662c215ceb53ce68305ad6f9] FileMergingSnapshotManager [rebalance0 (2/3)#0] INFO  Created a directory file:/var/folders/m8/q6f016tn6cl2cp86hfq331_w0000gp/T/junit-8228656632016441026/junit613461646840897846/e33b6259662c215ceb53ce68305ad6f9/shared/job_e33b6259662c215ceb53ce68305ad6f9_op_25a6d73fce56b9559bed0247061e93e0_1_3 for checkpoint file-merging.
59554 [e33b6259662c215ceb53ce68305ad6f9] StateBackendLoader [Source: source0 -> input-filter0 -> input-counter0 (2/2)#0] INFO  State backend is set to heap memory org.apache.flink.runtime.state.hashmap.HashMapStateBackend@1ed46536
59554 [e33b6259662c215ceb53ce68305ad6f9] TaskSlotTableImpl [flink-pekko.actor.default-dispatcher-8] INFO  Activate slot de76262377b5e028047c31610c353817.
59554 [e33b6259662c215ceb53ce68305ad6f9] Task [upscale0 (1/4)#0] INFO  upscale0 (1/4)#0 (2f02b7ce8f717172c4ef4d23a6b4ba95_7559af08559a2c7079a359b85b7edab5_0_0) switched from CREATED to DEPLOYING.
59554 [e33b6259662c215ceb53ce68305ad6f9] Task [upscale0 (1/4)#0] INFO  Loading JAR files for task upscale0 (1/4)#0 (2f02b7ce8f717172c4ef4d23a6b4ba95_7559af08559a2c7079a359b85b7edab5_0_0) [DEPLOYING].
59554 [e33b6259662c215ceb53ce68305ad6f9] Task [rebalance0 (2/3)#0] INFO  rebalance0 (2/3)#0 (2f02b7ce8f717172c4ef4d23a6b4ba95_25a6d73fce56b9559bed0247061e93e0_1_0) switched from DEPLOYING to INITIALIZING.
59554 [e33b6259662c215ceb53ce68305ad6f9] StateBackendLoader [Source: source0 -> input-filter0 -> input-counter0 (1/2)#0] INFO  State backend is set to heap memory org.apache.flink.runtime.state.hashmap.HashMapStateBackend@6ae186c9
59554 [e33b6259662c215ceb53ce68305ad6f9] StateBackendLoader [Source: source0 -> input-filter0 -> input-counter0 (1/2)#0] INFO  State backend is set to heap memory org.apache.flink.runtime.state.hashmap.HashMapStateBackend@44a39e92
59554 [e33b6259662c215ceb53ce68305ad6f9] StreamTask [rebalance0 (3/3)#0] INFO  State backend is set to heap memory org.apache.flink.runtime.state.hashmap.HashMapStateBackend@2872b48e
59554 [e33b6259662c215ceb53ce68305ad6f9] StateBackendLoader [rebalance0 (3/3)#0] INFO  State backend loader loads the state backend as HashMapStateBackend
59554 [e33b6259662c215ceb53ce68305ad6f9] StreamTask [rebalance0 (3/3)#0] INFO  Checkpoint storage is set to 'filesystem': (checkpoints "file:/var/folders/m8/q6f016tn6cl2cp86hfq331_w0000gp/T/junit-8228656632016441026/junit613461646840897846")
59554 [e33b6259662c215ceb53ce68305ad6f9] TaskSlotTableImpl [flink-pekko.actor.default-dispatcher-10] INFO  Activate slot 306777177b554cdc3bf0e6fe2c45e9d0.
59554 [e33b6259662c215ceb53ce68305ad6f9] AbstractStreamOperator [Source: source0 -> input-filter0 -> input-counter0 (2/2)#0] INFO  Restoring state for 1 split(s) to reader.
59554 [e33b6259662c215ceb53ce68305ad6f9] UnalignedCheckpointTestBase [Source: source0 -> input-filter0 -> input-counter0 (2/2)#0] INFO  Added splits [LongSplit{increment=3, nextNumber=113879}], finishing=false, pumping until null @ 1 subtask (0 attempt)
59554 [e33b6259662c215ceb53ce68305ad6f9] Task [upscale0 (2/4)#0] INFO  upscale0 (2/4)#0 (2f02b7ce8f717172c4ef4d23a6b4ba95_7559af08559a2c7079a359b85b7edab5_1_0) switched from CREATED to DEPLOYING.
59554 [e33b6259662c215ceb53ce68305ad6f9] Task [upscale0 (2/4)#0] INFO  Loading JAR files for task upscale0 (2/4)#0 (2f02b7ce8f717172c4ef4d23a6b4ba95_7559af08559a2c7079a359b85b7edab5_1_0) [DEPLOYING].
59554 [e33b6259662c215ceb53ce68305ad6f9] AbstractStreamOperator [Source: source0 -> input-filter0 -> input-counter0 (1/2)#0] INFO  Restoring state for 2 split(s) to reader.
59554 [e33b6259662c215ceb53ce68305ad6f9] UnalignedCheckpointTestBase [Source: source0 -> input-filter0 -> input-counter0 (1/2)#0] INFO  Added splits [LongSplit{increment=3, nextNumber=120322}, LongSplit{increment=3, nextNumber=116220}], finishing=false, pumping until null @ 0 subtask (0 attempt)
59554 [e33b6259662c215ceb53ce68305ad6f9] TaskExecutor [flink-pekko.actor.default-dispatcher-8] INFO  Received task upscale0 (3/4)#0 (2f02b7ce8f717172c4ef4d23a6b4ba95_7559af08559a2c7079a359b85b7edab5_2_0), deploy into slot with allocation id de76262377b5e028047c31610c353817.
59554 [e33b6259662c215ceb53ce68305ad6f9] TaskExecutor [flink-pekko.actor.default-dispatcher-10] INFO  Received task upscale0 (4/4)#0 (2f02b7ce8f717172c4ef4d23a6b4ba95_7559af08559a2c7079a359b85b7edab5_3_0), deploy into slot with allocation id 306777177b554cdc3bf0e6fe2c45e9d0.
59554 [e33b6259662c215ceb53ce68305ad6f9] StateBackendLoader [rebalance0 (2/3)#0] INFO  State backend is set to heap memory org.apache.flink.runtime.state.hashmap.HashMapStateBackend@71e7fc8a
59554 [e33b6259662c215ceb53ce68305ad6f9] ExecutionGraph [flink-pekko.actor.default-dispatcher-9] INFO  global0 (2/2) (2f02b7ce8f717172c4ef4d23a6b4ba95_4eca6edb63b17eb77deb9de060a699d1_1_0) switched from INITIALIZING to RUNNING.
59554 [e33b6259662c215ceb53ce68305ad6f9] FileMergingSnapshotManager [rebalance0 (3/3)#0] INFO  Created a directory file:/var/folders/m8/q6f016tn6cl2cp86hfq331_w0000gp/T/junit-8228656632016441026/junit613461646840897846/e33b6259662c215ceb53ce68305ad6f9/shared/job_e33b6259662c215ceb53ce68305ad6f9_op_25a6d73fce56b9559bed0247061e93e0_2_3 for checkpoint file-merging.
59554 [e33b6259662c215ceb53ce68305ad6f9] ExecutionGraph [flink-pekko.actor.default-dispatcher-9] INFO  rebalance0 (2/3) (2f02b7ce8f717172c4ef4d23a6b4ba95_25a6d73fce56b9559bed0247061e93e0_1_0) switched from DEPLOYING to INITIALIZING.
59554 [e33b6259662c215ceb53ce68305ad6f9] Task [rebalance0 (3/3)#0] INFO  rebalance0 (3/3)#0 (2f02b7ce8f717172c4ef4d23a6b4ba95_25a6d73fce56b9559bed0247061e93e0_2_0) switched from DEPLOYING to INITIALIZING.
59554 [e33b6259662c215ceb53ce68305ad6f9] ExecutionGraph [flink-pekko.actor.default-dispatcher-9] INFO  rebalance0 (3/3) (2f02b7ce8f717172c4ef4d23a6b4ba95_25a6d73fce56b9559bed0247061e93e0_2_0) switched from DEPLOYING to INITIALIZING.
59554 [e33b6259662c215ceb53ce68305ad6f9] SourceCoordinator [SourceCoordinator-Source: source0] INFO  Source Source: source0 registering reader for parallel task 1 (#0) @ 
59554 [e33b6259662c215ceb53ce68305ad6f9] SourceCoordinator [SourceCoordinator-Source: source0] INFO  Source Source: source0 registering reader for parallel task 0 (#0) @ 
59554 [e33b6259662c215ceb53ce68305ad6f9] CheckpointFailureManager [Checkpoint Timer] INFO  Failed to trigger checkpoint for job e33b6259662c215ceb53ce68305ad6f9 since Checkpoint triggering task Source: source0 -> input-filter0 -> input-counter0 (1/2) of job e33b6259662c215ceb53ce68305ad6f9 is not being executed at the moment. Aborting checkpoint. Failure reason: Not all required tasks are currently running..
59554 [e33b6259662c215ceb53ce68305ad6f9] Task [upscale0 (4/4)#0] INFO  upscale0 (4/4)#0 (2f02b7ce8f717172c4ef4d23a6b4ba95_7559af08559a2c7079a359b85b7edab5_3_0) switched from CREATED to DEPLOYING.
59554 [e33b6259662c215ceb53ce68305ad6f9] Task [upscale0 (4/4)#0] INFO  Loading JAR files for task upscale0 (4/4)#0 (2f02b7ce8f717172c4ef4d23a6b4ba95_7559af08559a2c7079a359b85b7edab5_3_0) [DEPLOYING].
59554 [e33b6259662c215ceb53ce68305ad6f9] TaskSlotTableImpl [flink-pekko.actor.default-dispatcher-10] INFO  Activate slot 334bd6dcf8e371bcac09e1f03c3443c7.
59554 [e33b6259662c215ceb53ce68305ad6f9] StateBackendLoader [rebalance0 (3/3)#0] INFO  State backend is set to heap memory org.apache.flink.runtime.state.hashmap.HashMapStateBackend@21470e1b
59555 [e33b6259662c215ceb53ce68305ad6f9] Task [Source: source0 -> input-filter0 -> input-counter0 (2/2)#0] INFO  Source: source0 -> input-filter0 -> input-counter0 (2/2)#0 (2f02b7ce8f717172c4ef4d23a6b4ba95_3e9b902627593008a6d790e9aeca7953_1_0) switched from INITIALIZING to RUNNING.
59555 [e33b6259662c215ceb53ce68305ad6f9] Task [rebalance0 (1/3)#0] INFO  rebalance0 (1/3)#0 (2f02b7ce8f717172c4ef4d23a6b4ba95_25a6d73fce56b9559bed0247061e93e0_0_0) switched from INITIALIZING to RUNNING.
59555 [e33b6259662c215ceb53ce68305ad6f9] StreamTask [upscale0 (2/4)#0] INFO  State backend is set to heap memory org.apache.flink.runtime.state.hashmap.HashMapStateBackend@c1a8db1
59555 [e33b6259662c215ceb53ce68305ad6f9] StateBackendLoader [upscale0 (2/4)#0] INFO  State backend loader loads the state backend as HashMapStateBackend
59555 [e33b6259662c215ceb53ce68305ad6f9] StreamTask [upscale0 (2/4)#0] INFO  Checkpoint storage is set to 'filesystem': (checkpoints "file:/var/folders/m8/q6f016tn6cl2cp86hfq331_w0000gp/T/junit-8228656632016441026/junit613461646840897846")
59555 [e33b6259662c215ceb53ce68305ad6f9] TaskSlotTableImpl [flink-pekko.actor.default-dispatcher-8] INFO  Activate slot a56c84c60f2a594c433f235dcb62c200.
59555 [e33b6259662c215ceb53ce68305ad6f9] Task [upscale0 (3/4)#0] INFO  upscale0 (3/4)#0 (2f02b7ce8f717172c4ef4d23a6b4ba95_7559af08559a2c7079a359b85b7edab5_2_0) switched from CREATED to DEPLOYING.
59555 [e33b6259662c215ceb53ce68305ad6f9] FileMergingSnapshotManager [upscale0 (2/4)#0] INFO  Created a directory file:/var/folders/m8/q6f016tn6cl2cp86hfq331_w0000gp/T/junit-8228656632016441026/junit613461646840897846/e33b6259662c215ceb53ce68305ad6f9/shared/job_e33b6259662c215ceb53ce68305ad6f9_op_7559af08559a2c7079a359b85b7edab5_1_4 for checkpoint file-merging.
59555 [e33b6259662c215ceb53ce68305ad6f9] Task [upscale0 (3/4)#0] INFO  Loading JAR files for task upscale0 (3/4)#0 (2f02b7ce8f717172c4ef4d23a6b4ba95_7559af08559a2c7079a359b85b7edab5_2_0) [DEPLOYING].
59555 [e33b6259662c215ceb53ce68305ad6f9] Task [upscale0 (2/4)#0] INFO  upscale0 (2/4)#0 (2f02b7ce8f717172c4ef4d23a6b4ba95_7559af08559a2c7079a359b85b7edab5_1_0) switched from DEPLOYING to INITIALIZING.
59555 [e33b6259662c215ceb53ce68305ad6f9] TaskExecutor [flink-pekko.actor.default-dispatcher-10] INFO  Received task downscale0 (2/3)#0 (2f02b7ce8f717172c4ef4d23a6b4ba95_579c351891399448b6165717925f2b21_1_0), deploy into slot with allocation id 334bd6dcf8e371bcac09e1f03c3443c7.
59555 [e33b6259662c215ceb53ce68305ad6f9] StreamTask [upscale0 (1/4)#0] INFO  State backend is set to heap memory org.apache.flink.runtime.state.hashmap.HashMapStateBackend@1d3c9a89
59555 [e33b6259662c215ceb53ce68305ad6f9] StateBackendLoader [upscale0 (1/4)#0] INFO  State backend loader loads the state backend as HashMapStateBackend
59555 [e33b6259662c215ceb53ce68305ad6f9] StreamTask [upscale0 (1/4)#0] INFO  Checkpoint storage is set to 'filesystem': (checkpoints "file:/var/folders/m8/q6f016tn6cl2cp86hfq331_w0000gp/T/junit-8228656632016441026/junit613461646840897846")
59555 [e33b6259662c215ceb53ce68305ad6f9] Task [rebalance0 (2/3)#0] INFO  rebalance0 (2/3)#0 (2f02b7ce8f717172c4ef4d23a6b4ba95_25a6d73fce56b9559bed0247061e93e0_1_0) switched from INITIALIZING to RUNNING.
59555 [e33b6259662c215ceb53ce68305ad6f9] StateBackendLoader [upscale0 (2/4)#0] INFO  State backend is set to heap memory org.apache.flink.runtime.state.hashmap.HashMapStateBackend@7653bebc
59555 [e33b6259662c215ceb53ce68305ad6f9] FileMergingSnapshotManager [upscale0 (1/4)#0] INFO  Created a directory file:/var/folders/m8/q6f016tn6cl2cp86hfq331_w0000gp/T/junit-8228656632016441026/junit613461646840897846/e33b6259662c215ceb53ce68305ad6f9/shared/job_e33b6259662c215ceb53ce68305ad6f9_op_7559af08559a2c7079a359b85b7edab5_0_4 for checkpoint file-merging.
59555 [e33b6259662c215ceb53ce68305ad6f9] Task [upscale0 (1/4)#0] INFO  upscale0 (1/4)#0 (2f02b7ce8f717172c4ef4d23a6b4ba95_7559af08559a2c7079a359b85b7edab5_0_0) switched from DEPLOYING to INITIALIZING.
59555 [e33b6259662c215ceb53ce68305ad6f9] StateBackendLoader [upscale0 (1/4)#0] INFO  State backend is set to heap memory org.apache.flink.runtime.state.hashmap.HashMapStateBackend@6fcc1484
59555 [e33b6259662c215ceb53ce68305ad6f9] TaskSlotTableImpl [flink-pekko.actor.default-dispatcher-10] INFO  Activate slot 334bd6dcf8e371bcac09e1f03c3443c7.
59555 [e33b6259662c215ceb53ce68305ad6f9] Task [downscale0 (2/3)#0] INFO  downscale0 (2/3)#0 (2f02b7ce8f717172c4ef4d23a6b4ba95_579c351891399448b6165717925f2b21_1_0) switched from CREATED to DEPLOYING.
59555 [e33b6259662c215ceb53ce68305ad6f9] Task [downscale0 (2/3)#0] INFO  Loading JAR files for task downscale0 (2/3)#0 (2f02b7ce8f717172c4ef4d23a6b4ba95_579c351891399448b6165717925f2b21_1_0) [DEPLOYING].
59556 [e33b6259662c215ceb53ce68305ad6f9] Task [Source: source0 -> input-filter0 -> input-counter0 (1/2)#0] INFO  Source: source0 -> input-filter0 -> input-counter0 (1/2)#0 (2f02b7ce8f717172c4ef4d23a6b4ba95_3e9b902627593008a6d790e9aeca7953_0_0) switched from INITIALIZING to RUNNING.
59556 [e33b6259662c215ceb53ce68305ad6f9] AbstractStreamOperator [Source: source0 -> input-filter0 -> input-counter0 (1/2)#0] INFO  Switch mode from OUTPUT_NOT_INITIALIZED to READING after 3 ms, currentMaxDesiredWatermark=9223372036854775807, latestWatermark=-9223372036854775808, oldestWatermark=-9223372036854775808
59556 [e33b6259662c215ceb53ce68305ad6f9] Task [rebalance0 (3/3)#0] INFO  rebalance0 (3/3)#0 (2f02b7ce8f717172c4ef4d23a6b4ba95_25a6d73fce56b9559bed0247061e93e0_2_0) switched from INITIALIZING to RUNNING.
59556 [e33b6259662c215ceb53ce68305ad6f9] TaskExecutor [flink-pekko.actor.default-dispatcher-8] INFO  Received task downscale0 (1/3)#0 (2f02b7ce8f717172c4ef4d23a6b4ba95_579c351891399448b6165717925f2b21_0_0), deploy into slot with allocation id a56c84c60f2a594c433f235dcb62c200.
59556 [e33b6259662c215ceb53ce68305ad6f9] Task [global0 (1/2)#0] INFO  global0 (1/2)#0 (2f02b7ce8f717172c4ef4d23a6b4ba95_4eca6edb63b17eb77deb9de060a699d1_0_0) switched from INITIALIZING to RUNNING.
59556 [e33b6259662c215ceb53ce68305ad6f9] TaskExecutor [flink-pekko.actor.default-dispatcher-10] INFO  Received task rescale0 (3/3)#0 (2f02b7ce8f717172c4ef4d23a6b4ba95_7b4c6fe4c6df355e1ed86e978ba4a96e_2_0), deploy into slot with allocation id 334bd6dcf8e371bcac09e1f03c3443c7.
59556 [e33b6259662c215ceb53ce68305ad6f9] AbstractStreamOperator [Source: source0 -> input-filter0 -> input-counter0 (2/2)#0] INFO  Switch mode from OUTPUT_NOT_INITIALIZED to READING after 3 ms, currentMaxDesiredWatermark=9223372036854775807, latestWatermark=-9223372036854775808, oldestWatermark=-9223372036854775808
59556 [e33b6259662c215ceb53ce68305ad6f9] ExecutionGraph [flink-pekko.actor.default-dispatcher-6] INFO  Source: source0 -> input-filter0 -> input-counter0 (2/2) (2f02b7ce8f717172c4ef4d23a6b4ba95_3e9b902627593008a6d790e9aeca7953_1_0) switched from INITIALIZING to RUNNING.
59556 [e33b6259662c215ceb53ce68305ad6f9] StreamTask [upscale0 (4/4)#0] INFO  State backend is set to heap memory org.apache.flink.runtime.state.hashmap.HashMapStateBackend@205d54b5
59556 [e33b6259662c215ceb53ce68305ad6f9] StateBackendLoader [upscale0 (4/4)#0] INFO  State backend loader loads the state backend as HashMapStateBackend
59556 [e33b6259662c215ceb53ce68305ad6f9] StreamTask [upscale0 (4/4)#0] INFO  Checkpoint storage is set to 'filesystem': (checkpoints "file:/var/folders/m8/q6f016tn6cl2cp86hfq331_w0000gp/T/junit-8228656632016441026/junit613461646840897846")
59556 [e33b6259662c215ceb53ce68305ad6f9] ExecutionGraph [flink-pekko.actor.default-dispatcher-6] INFO  rebalance0 (1/3) (2f02b7ce8f717172c4ef4d23a6b4ba95_25a6d73fce56b9559bed0247061e93e0_0_0) switched from INITIALIZING to RUNNING.
59556 [e33b6259662c215ceb53ce68305ad6f9] ExecutionGraph [flink-pekko.actor.default-dispatcher-6] INFO  upscale0 (2/4) (2f02b7ce8f717172c4ef4d23a6b4ba95_7559af08559a2c7079a359b85b7edab5_1_0) switched from DEPLOYING to INITIALIZING.
59556 [e33b6259662c215ceb53ce68305ad6f9] TaskSlotTableImpl [flink-pekko.actor.default-dispatcher-10] INFO  Activate slot 334bd6dcf8e371bcac09e1f03c3443c7.
59556 [e33b6259662c215ceb53ce68305ad6f9] Task [rescale0 (3/3)#0] INFO  rescale0 (3/3)#0 (2f02b7ce8f717172c4ef4d23a6b4ba95_7b4c6fe4c6df355e1ed86e978ba4a96e_2_0) switched from CREATED to DEPLOYING.
59556 [e33b6259662c215ceb53ce68305ad6f9] Task [rescale0 (3/3)#0] INFO  Loading JAR files for task rescale0 (3/3)#0 (2f02b7ce8f717172c4ef4d23a6b4ba95_7b4c6fe4c6df355e1ed86e978ba4a96e_2_0) [DEPLOYING].
59556 [e33b6259662c215ceb53ce68305ad6f9] FileMergingSnapshotManager [upscale0 (4/4)#0] INFO  Created a directory file:/var/folders/m8/q6f016tn6cl2cp86hfq331_w0000gp/T/junit-8228656632016441026/junit613461646840897846/e33b6259662c215ceb53ce68305ad6f9/shared/job_e33b6259662c215ceb53ce68305ad6f9_op_7559af08559a2c7079a359b85b7edab5_3_4 for checkpoint file-merging.
59556 [e33b6259662c215ceb53ce68305ad6f9] Task [upscale0 (4/4)#0] INFO  upscale0 (4/4)#0 (2f02b7ce8f717172c4ef4d23a6b4ba95_7559af08559a2c7079a359b85b7edab5_3_0) switched from DEPLOYING to INITIALIZING.
59556 [e33b6259662c215ceb53ce68305ad6f9] TaskSlotTableImpl [flink-pekko.actor.default-dispatcher-8] INFO  Activate slot de76262377b5e028047c31610c353817.
59556 [e33b6259662c215ceb53ce68305ad6f9] Task [downscale0 (1/3)#0] INFO  downscale0 (1/3)#0 (2f02b7ce8f717172c4ef4d23a6b4ba95_579c351891399448b6165717925f2b21_0_0) switched from CREATED to DEPLOYING.
59556 [e33b6259662c215ceb53ce68305ad6f9] Task [downscale0 (1/3)#0] INFO  Loading JAR files for task downscale0 (1/3)#0 (2f02b7ce8f717172c4ef4d23a6b4ba95_579c351891399448b6165717925f2b21_0_0) [DEPLOYING].
59557 [e33b6259662c215ceb53ce68305ad6f9] StateBackendLoader [upscale0 (4/4)#0] INFO  State backend is set to heap memory org.apache.flink.runtime.state.hashmap.HashMapStateBackend@424316a1
59557 [e33b6259662c215ceb53ce68305ad6f9] StreamTask [downscale0 (1/3)#0] INFO  State backend is set to heap memory org.apache.flink.runtime.state.hashmap.HashMapStateBackend@24abcf2a
59557 [e33b6259662c215ceb53ce68305ad6f9] StateBackendLoader [downscale0 (1/3)#0] INFO  State backend loader loads the state backend as HashMapStateBackend
59557 [e33b6259662c215ceb53ce68305ad6f9] StreamTask [downscale0 (1/3)#0] INFO  Checkpoint storage is set to 'filesystem': (checkpoints "file:/var/folders/m8/q6f016tn6cl2cp86hfq331_w0000gp/T/junit-8228656632016441026/junit613461646840897846")
59557 [e33b6259662c215ceb53ce68305ad6f9] TaskExecutor [flink-pekko.actor.default-dispatcher-10] INFO  Received task keyby0 (2/2)#0 (2f02b7ce8f717172c4ef4d23a6b4ba95_e32648f4a493dd25fdd7d9c66c500390_1_0), deploy into slot with allocation id 334bd6dcf8e371bcac09e1f03c3443c7.
59557 [e33b6259662c215ceb53ce68305ad6f9] TaskExecutor [flink-pekko.actor.default-dispatcher-8] INFO  Received task downscale0 (3/3)#0 (2f02b7ce8f717172c4ef4d23a6b4ba95_579c351891399448b6165717925f2b21_2_0), deploy into slot with allocation id de76262377b5e028047c31610c353817.
59557 [e33b6259662c215ceb53ce68305ad6f9] StreamTask [downscale0 (2/3)#0] INFO  State backend is set to heap memory org.apache.flink.runtime.state.hashmap.HashMapStateBackend@162a0474
59557 [e33b6259662c215ceb53ce68305ad6f9] StateBackendLoader [downscale0 (2/3)#0] INFO  State backend loader loads the state backend as HashMapStateBackend
59557 [e33b6259662c215ceb53ce68305ad6f9] StreamTask [downscale0 (2/3)#0] INFO  Checkpoint storage is set to 'filesystem': (checkpoints "file:/var/folders/m8/q6f016tn6cl2cp86hfq331_w0000gp/T/junit-8228656632016441026/junit613461646840897846")
59557 [e33b6259662c215ceb53ce68305ad6f9] FileMergingSnapshotManager [downscale0 (1/3)#0] INFO  Created a directory file:/var/folders/m8/q6f016tn6cl2cp86hfq331_w0000gp/T/junit-8228656632016441026/junit613461646840897846/e33b6259662c215ceb53ce68305ad6f9/shared/job_e33b6259662c215ceb53ce68305ad6f9_op_579c351891399448b6165717925f2b21_0_3 for checkpoint file-merging.
59557 [e33b6259662c215ceb53ce68305ad6f9] TaskSlotTableImpl [flink-pekko.actor.default-dispatcher-8] INFO  Activate slot a56c84c60f2a594c433f235dcb62c200.
59557 [e33b6259662c215ceb53ce68305ad6f9] Task [downscale0 (3/3)#0] INFO  downscale0 (3/3)#0 (2f02b7ce8f717172c4ef4d23a6b4ba95_579c351891399448b6165717925f2b21_2_0) switched from CREATED to DEPLOYING.
59557 [e33b6259662c215ceb53ce68305ad6f9] FileMergingSnapshotManager [downscale0 (2/3)#0] INFO  Created a directory file:/var/folders/m8/q6f016tn6cl2cp86hfq331_w0000gp/T/junit-8228656632016441026/junit613461646840897846/e33b6259662c215ceb53ce68305ad6f9/shared/job_e33b6259662c215ceb53ce68305ad6f9_op_579c351891399448b6165717925f2b21_1_3 for checkpoint file-merging.
59557 [e33b6259662c215ceb53ce68305ad6f9] Task [downscale0 (3/3)#0] INFO  Loading JAR files for task downscale0 (3/3)#0 (2f02b7ce8f717172c4ef4d23a6b4ba95_579c351891399448b6165717925f2b21_2_0) [DEPLOYING].
59557 [e33b6259662c215ceb53ce68305ad6f9] Task [downscale0 (1/3)#0] INFO  downscale0 (1/3)#0 (2f02b7ce8f717172c4ef4d23a6b4ba95_579c351891399448b6165717925f2b21_0_0) switched from DEPLOYING to INITIALIZING.
59557 [e33b6259662c215ceb53ce68305ad6f9] StreamTask [downscale0 (3/3)#0] INFO  State backend is set to heap memory org.apache.flink.runtime.state.hashmap.HashMapStateBackend@6d00c225
59557 [e33b6259662c215ceb53ce68305ad6f9] StateBackendLoader [downscale0 (3/3)#0] INFO  State backend loader loads the state backend as HashMapStateBackend
59557 [e33b6259662c215ceb53ce68305ad6f9] StreamTask [downscale0 (3/3)#0] INFO  Checkpoint storage is set to 'filesystem': (checkpoints "file:/var/folders/m8/q6f016tn6cl2cp86hfq331_w0000gp/T/junit-8228656632016441026/junit613461646840897846")
59557 [e33b6259662c215ceb53ce68305ad6f9] StateBackendLoader [downscale0 (1/3)#0] INFO  State backend is set to heap memory org.apache.flink.runtime.state.hashmap.HashMapStateBackend@72a8af6
59557 [e33b6259662c215ceb53ce68305ad6f9] StreamTask [upscale0 (3/4)#0] INFO  State backend is set to heap memory org.apache.flink.runtime.state.hashmap.HashMapStateBackend@392b5bfe
59557 [e33b6259662c215ceb53ce68305ad6f9] StateBackendLoader [upscale0 (3/4)#0] INFO  State backend loader loads the state backend as HashMapStateBackend
59557 [e33b6259662c215ceb53ce68305ad6f9] TaskExecutor [flink-pekko.actor.default-dispatcher-8] INFO  Received task rescale0 (1/3)#0 (2f02b7ce8f717172c4ef4d23a6b4ba95_7b4c6fe4c6df355e1ed86e978ba4a96e_0_0), deploy into slot with allocation id a56c84c60f2a594c433f235dcb62c200.
59557 [e33b6259662c215ceb53ce68305ad6f9] FileMergingSnapshotManager [downscale0 (3/3)#0] INFO  Created a directory file:/var/folders/m8/q6f016tn6cl2cp86hfq331_w0000gp/T/junit-8228656632016441026/junit613461646840897846/e33b6259662c215ceb53ce68305ad6f9/shared/job_e33b6259662c215ceb53ce68305ad6f9_op_579c351891399448b6165717925f2b21_2_3 for checkpoint file-merging.
59557 [e33b6259662c215ceb53ce68305ad6f9] Task [downscale0 (3/3)#0] INFO  downscale0 (3/3)#0 (2f02b7ce8f717172c4ef4d23a6b4ba95_579c351891399448b6165717925f2b21_2_0) switched from DEPLOYING to INITIALIZING.
59557 [e33b6259662c215ceb53ce68305ad6f9] StreamTask [upscale0 (3/4)#0] INFO  Checkpoint storage is set to 'filesystem': (checkpoints "file:/var/folders/m8/q6f016tn6cl2cp86hfq331_w0000gp/T/junit-8228656632016441026/junit613461646840897846")
59557 [e33b6259662c215ceb53ce68305ad6f9] TaskSlotTableImpl [flink-pekko.actor.default-dispatcher-8] INFO  Activate slot de76262377b5e028047c31610c353817.
59557 [e33b6259662c215ceb53ce68305ad6f9] Task [rescale0 (1/3)#0] INFO  rescale0 (1/3)#0 (2f02b7ce8f717172c4ef4d23a6b4ba95_7b4c6fe4c6df355e1ed86e978ba4a96e_0_0) switched from CREATED to DEPLOYING.
59557 [e33b6259662c215ceb53ce68305ad6f9] Task [rescale0 (1/3)#0] INFO  Loading JAR files for task rescale0 (1/3)#0 (2f02b7ce8f717172c4ef4d23a6b4ba95_7b4c6fe4c6df355e1ed86e978ba4a96e_0_0) [DEPLOYING].
59557 [e33b6259662c215ceb53ce68305ad6f9] FileMergingSnapshotManager [upscale0 (3/4)#0] INFO  Created a directory file:/var/folders/m8/q6f016tn6cl2cp86hfq331_w0000gp/T/junit-8228656632016441026/junit613461646840897846/e33b6259662c215ceb53ce68305ad6f9/shared/job_e33b6259662c215ceb53ce68305ad6f9_op_7559af08559a2c7079a359b85b7edab5_2_4 for checkpoint file-merging.
59557 [e33b6259662c215ceb53ce68305ad6f9] Task [upscale0 (3/4)#0] INFO  upscale0 (3/4)#0 (2f02b7ce8f717172c4ef4d23a6b4ba95_7559af08559a2c7079a359b85b7edab5_2_0) switched from DEPLOYING to INITIALIZING.
59558 [e33b6259662c215ceb53ce68305ad6f9] StateBackendLoader [downscale0 (3/3)#0] INFO  State backend is set to heap memory org.apache.flink.runtime.state.hashmap.HashMapStateBackend@70454cbd
59558 [e33b6259662c215ceb53ce68305ad6f9] StateBackendLoader [upscale0 (3/4)#0] INFO  State backend is set to heap memory org.apache.flink.runtime.state.hashmap.HashMapStateBackend@aa01948
59558 [e33b6259662c215ceb53ce68305ad6f9] Task [downscale0 (2/3)#0] INFO  downscale0 (2/3)#0 (2f02b7ce8f717172c4ef4d23a6b4ba95_579c351891399448b6165717925f2b21_1_0) switched from DEPLOYING to INITIALIZING.
59558 [e33b6259662c215ceb53ce68305ad6f9] TaskExecutor [flink-pekko.actor.default-dispatcher-8] INFO  Received task rescale0 (2/3)#0 (2f02b7ce8f717172c4ef4d23a6b4ba95_7b4c6fe4c6df355e1ed86e978ba4a96e_1_0), deploy into slot with allocation id de76262377b5e028047c31610c353817.
59558 [e33b6259662c215ceb53ce68305ad6f9] Task [keyby0 (2/2)#0] INFO  keyby0 (2/2)#0 (2f02b7ce8f717172c4ef4d23a6b4ba95_e32648f4a493dd25fdd7d9c66c500390_1_0) switched from CREATED to DEPLOYING.
59558 [e33b6259662c215ceb53ce68305ad6f9] Task [keyby0 (2/2)#0] INFO  Loading JAR files for task keyby0 (2/2)#0 (2f02b7ce8f717172c4ef4d23a6b4ba95_e32648f4a493dd25fdd7d9c66c500390_1_0) [DEPLOYING].
59558 [e33b6259662c215ceb53ce68305ad6f9] StateBackendLoader [downscale0 (2/3)#0] INFO  State backend is set to heap memory org.apache.flink.runtime.state.hashmap.HashMapStateBackend@b6c7c88
59559 [e33b6259662c215ceb53ce68305ad6f9] StreamTask [rescale0 (3/3)#0] INFO  State backend is set to heap memory org.apache.flink.runtime.state.hashmap.HashMapStateBackend@32841314
59559 [e33b6259662c215ceb53ce68305ad6f9] StateBackendLoader [rescale0 (3/3)#0] INFO  State backend loader loads the state backend as HashMapStateBackend
59559 [e33b6259662c215ceb53ce68305ad6f9] StreamTask [rescale0 (3/3)#0] INFO  Checkpoint storage is set to 'filesystem': (checkpoints "file:/var/folders/m8/q6f016tn6cl2cp86hfq331_w0000gp/T/junit-8228656632016441026/junit613461646840897846")
59559 [e33b6259662c215ceb53ce68305ad6f9] FileMergingSnapshotManager [rescale0 (3/3)#0] INFO  Created a directory file:/var/folders/m8/q6f016tn6cl2cp86hfq331_w0000gp/T/junit-8228656632016441026/junit613461646840897846/e33b6259662c215ceb53ce68305ad6f9/shared/job_e33b6259662c215ceb53ce68305ad6f9_op_7b4c6fe4c6df355e1ed86e978ba4a96e_2_3 for checkpoint file-merging.
59559 [e33b6259662c215ceb53ce68305ad6f9] Task [rescale0 (3/3)#0] INFO  rescale0 (3/3)#0 (2f02b7ce8f717172c4ef4d23a6b4ba95_7b4c6fe4c6df355e1ed86e978ba4a96e_2_0) switched from DEPLOYING to INITIALIZING.
59559 [e33b6259662c215ceb53ce68305ad6f9] StateBackendLoader [rescale0 (3/3)#0] INFO  State backend is set to heap memory org.apache.flink.runtime.state.hashmap.HashMapStateBackend@2210fdb0
59559 [e33b6259662c215ceb53ce68305ad6f9] Task [upscale0 (4/4)#0] INFO  upscale0 (4/4)#0 (2f02b7ce8f717172c4ef4d23a6b4ba95_7559af08559a2c7079a359b85b7edab5_3_0) switched from INITIALIZING to RUNNING.
59559 [e33b6259662c215ceb53ce68305ad6f9] Task [upscale0 (1/4)#0] INFO  upscale0 (1/4)#0 (2f02b7ce8f717172c4ef4d23a6b4ba95_7559af08559a2c7079a359b85b7edab5_0_0) switched from INITIALIZING to RUNNING.
59559 [e33b6259662c215ceb53ce68305ad6f9] Task [upscale0 (2/4)#0] INFO  upscale0 (2/4)#0 (2f02b7ce8f717172c4ef4d23a6b4ba95_7559af08559a2c7079a359b85b7edab5_1_0) switched from INITIALIZING to RUNNING.
59560 [e33b6259662c215ceb53ce68305ad6f9] ExecutionGraph [flink-pekko.actor.default-dispatcher-6] INFO  rebalance0 (2/3) (2f02b7ce8f717172c4ef4d23a6b4ba95_25a6d73fce56b9559bed0247061e93e0_1_0) switched from INITIALIZING to RUNNING.
59560 [e33b6259662c215ceb53ce68305ad6f9] ExecutionGraph [flink-pekko.actor.default-dispatcher-6] INFO  upscale0 (1/4) (2f02b7ce8f717172c4ef4d23a6b4ba95_7559af08559a2c7079a359b85b7edab5_0_0) switched from DEPLOYING to INITIALIZING.
59560 [e33b6259662c215ceb53ce68305ad6f9] Task [downscale0 (2/3)#0] INFO  downscale0 (2/3)#0 (2f02b7ce8f717172c4ef4d23a6b4ba95_579c351891399448b6165717925f2b21_1_0) switched from INITIALIZING to RUNNING.
59560 [e33b6259662c215ceb53ce68305ad6f9] ExecutionGraph [flink-pekko.actor.default-dispatcher-6] INFO  Source: source0 -> input-filter0 -> input-counter0 (1/2) (2f02b7ce8f717172c4ef4d23a6b4ba95_3e9b902627593008a6d790e9aeca7953_0_0) switched from INITIALIZING to RUNNING.
59560 [e33b6259662c215ceb53ce68305ad6f9] Task [upscale0 (2/4)#0] WARN  upscale0 (2/4)#0 (2f02b7ce8f717172c4ef4d23a6b4ba95_7559af08559a2c7079a359b85b7edab5_1_0) switched from RUNNING to FAILED with failure cause:
java.io.IOException: Can't get next record for channel InputChannelInfo{gateIdx=0, inputChannelIdx=0}
	at org.apache.flink.streaming.runtime.io.AbstractStreamTaskNetworkInput.emitNext(AbstractStreamTaskNetworkInput.java:162)
	at org.apache.flink.streaming.runtime.io.StreamOneInputProcessor.processInput(StreamOneInputProcessor.java:65)
	at org.apache.flink.streaming.runtime.tasks.StreamTask.processInput(StreamTask.java:672)
	at org.apache.flink.streaming.runtime.tasks.mailbox.MailboxProcessor.runMailboxLoop(MailboxProcessor.java:231)
	at org.apache.flink.streaming.runtime.tasks.StreamTask.runMailboxLoop(StreamTask.java:1201)
	at org.apache.flink.streaming.runtime.tasks.StreamTask.invoke(StreamTask.java:1138)
	at org.apache.flink.runtime.taskmanager.Task.runWithSystemExitMonitoring(Task.java:987)
	at org.apache.flink.runtime.taskmanager.Task.restoreAndInvoke(Task.java:969)
	at org.apache.flink.runtime.taskmanager.Task.doRun(Task.java:774)
	at org.apache.flink.runtime.taskmanager.Task.run(Task.java:579)
	at java.base/java.lang.Thread.run(Thread.java:829)
Caused by: java.io.EOFException
	at org.apache.flink.core.memory.DataInputDeserializer.readByte(DataInputDeserializer.java:134)
	at org.apache.flink.streaming.runtime.streamrecord.StreamElementSerializer.deserialize(StreamElementSerializer.java:201)
	at org.apache.flink.streaming.runtime.streamrecord.StreamElementSerializer.deserialize(StreamElementSerializer.java:44)
	at org.apache.flink.runtime.plugable.NonReusingDeserializationDelegate.read(NonReusingDeserializationDelegate.java:53)
	at org.apache.flink.runtime.io.network.api.serialization.SpillingAdaptiveSpanningRecordDeserializer.readNextRecord(SpillingAdaptiveSpanningRecordDeserializer.java:112)
	at org.apache.flink.runtime.io.network.api.serialization.SpillingAdaptiveSpanningRecordDeserializer.getNextRecord(SpillingAdaptiveSpanningRecordDeserializer.java:95)
	at org.apache.flink.streaming.runtime.io.AbstractStreamTaskNetworkInput.emitNext(AbstractStreamTaskNetworkInput.java:159)
	... 10 more
59560 [e33b6259662c215ceb53ce68305ad6f9] Task [rescale0 (3/3)#0] INFO  rescale0 (3/3)#0 (2f02b7ce8f717172c4ef4d23a6b4ba95_7b4c6fe4c6df355e1ed86e978ba4a96e_2_0) switched from INITIALIZING to RUNNING.
59560 [e33b6259662c215ceb53ce68305ad6f9] Task [downscale0 (1/3)#0] INFO  downscale0 (1/3)#0 (2f02b7ce8f717172c4ef4d23a6b4ba95_579c351891399448b6165717925f2b21_0_0) switched from INITIALIZING to RUNNING.
59561 [e33b6259662c215ceb53ce68305ad6f9] Task [upscale0 (1/4)#0] WARN  upscale0 (1/4)#0 (2f02b7ce8f717172c4ef4d23a6b4ba95_7559af08559a2c7079a359b85b7edab5_0_0) switched from RUNNING to FAILED with failure cause:
java.io.IOException: Can't get next record for channel InputChannelInfo{gateIdx=0, inputChannelIdx=0}
	at org.apache.flink.streaming.runtime.io.AbstractStreamTaskNetworkInput.emitNext(AbstractStreamTaskNetworkInput.java:162)
	at org.apache.flink.streaming.runtime.io.StreamOneInputProcessor.processInput(StreamOneInputProcessor.java:65)
	at org.apache.flink.streaming.runtime.tasks.StreamTask.processInput(StreamTask.java:672)
	at org.apache.flink.streaming.runtime.tasks.mailbox.MailboxProcessor.runMailboxLoop(MailboxProcessor.java:231)
	at org.apache.flink.streaming.runtime.tasks.StreamTask.runMailboxLoop(StreamTask.java:1201)
	at org.apache.flink.streaming.runtime.tasks.StreamTask.invoke(StreamTask.java:1138)
	at org.apache.flink.runtime.taskmanager.Task.runWithSystemExitMonitoring(Task.java:987)
	at org.apache.flink.runtime.taskmanager.Task.restoreAndInvoke(Task.java:969)
	at org.apache.flink.runtime.taskmanager.Task.doRun(Task.java:774)
	at org.apache.flink.runtime.taskmanager.Task.run(Task.java:579)
	at java.base/java.lang.Thread.run(Thread.java:829)
Caused by: java.io.EOFException
	at org.apache.flink.core.memory.DataInputDeserializer.readByte(DataInputDeserializer.java:134)
	at org.apache.flink.streaming.runtime.streamrecord.StreamElementSerializer.deserialize(StreamElementSerializer.java:201)
	at org.apache.flink.streaming.runtime.streamrecord.StreamElementSerializer.deserialize(StreamElementSerializer.java:44)
	at org.apache.flink.runtime.plugable.NonReusingDeserializationDelegate.read(NonReusingDeserializationDelegate.java:53)
	at org.apache.flink.runtime.io.network.api.serialization.SpillingAdaptiveSpanningRecordDeserializer.readNextRecord(SpillingAdaptiveSpanningRecordDeserializer.java:112)
	at org.apache.flink.runtime.io.network.api.serialization.SpillingAdaptiveSpanningRecordDeserializer.getNextRecord(SpillingAdaptiveSpanningRecordDeserializer.java:95)
	at org.apache.flink.streaming.runtime.io.AbstractStreamTaskNetworkInput.emitNext(AbstractStreamTaskNetworkInput.java:159)
	... 10 more
59561 [e33b6259662c215ceb53ce68305ad6f9] StreamTask [keyby0 (2/2)#0] INFO  State backend is set to heap memory org.apache.flink.runtime.state.hashmap.HashMapStateBackend@5a71c3a
59561 [e33b6259662c215ceb53ce68305ad6f9] StateBackendLoader [keyby0 (2/2)#0] INFO  State backend loader loads the state backend as HashMapStateBackend
59561 [e33b6259662c215ceb53ce68305ad6f9] StreamTask [keyby0 (2/2)#0] INFO  Checkpoint storage is set to 'filesystem': (checkpoints "file:/var/folders/m8/q6f016tn6cl2cp86hfq331_w0000gp/T/junit-8228656632016441026/junit613461646840897846")
59561 [e33b6259662c215ceb53ce68305ad6f9] Task [upscale0 (2/4)#0] INFO  Freeing task resources for upscale0 (2/4)#0 (2f02b7ce8f717172c4ef4d23a6b4ba95_7559af08559a2c7079a359b85b7edab5_1_0).
59561 [e33b6259662c215ceb53ce68305ad6f9] FileMergingSnapshotManager [keyby0 (2/2)#0] INFO  Created a directory file:/var/folders/m8/q6f016tn6cl2cp86hfq331_w0000gp/T/junit-8228656632016441026/junit613461646840897846/e33b6259662c215ceb53ce68305ad6f9/shared/job_e33b6259662c215ceb53ce68305ad6f9_op_e32648f4a493dd25fdd7d9c66c500390_1_2 for checkpoint file-merging.
59561 [e33b6259662c215ceb53ce68305ad6f9] Task [keyby0 (2/2)#0] INFO  keyby0 (2/2)#0 (2f02b7ce8f717172c4ef4d23a6b4ba95_e32648f4a493dd25fdd7d9c66c500390_1_0) switched from DEPLOYING to INITIALIZING.
59561 [e33b6259662c215ceb53ce68305ad6f9] StreamTask [rescale0 (1/3)#0] INFO  State backend is set to heap memory org.apache.flink.runtime.state.hashmap.HashMapStateBackend@33b76fde
59561 [e33b6259662c215ceb53ce68305ad6f9] StateBackendLoader [rescale0 (1/3)#0] INFO  State backend loader loads the state backend as HashMapStateBackend
59561 [e33b6259662c215ceb53ce68305ad6f9] StreamTask [rescale0 (1/3)#0] INFO  Checkpoint storage is set to 'filesystem': (checkpoints "file:/var/folders/m8/q6f016tn6cl2cp86hfq331_w0000gp/T/junit-8228656632016441026/junit613461646840897846")
59561 [                                ] TaskExecutor [flink-pekko.actor.default-dispatcher-10] INFO  Un-registering task and sending final execution state FAILED to JobManager for task upscale0 (2/4)#0 2f02b7ce8f717172c4ef4d23a6b4ba95_7559af08559a2c7079a359b85b7edab5_1_0.
59561 [e33b6259662c215ceb53ce68305ad6f9] TaskSlotTableImpl [flink-pekko.actor.default-dispatcher-8] INFO  Activate slot a56c84c60f2a594c433f235dcb62c200.
59561 [e33b6259662c215ceb53ce68305ad6f9] FileMergingSnapshotManager [rescale0 (1/3)#0] INFO  Created a directory file:/var/folders/m8/q6f016tn6cl2cp86hfq331_w0000gp/T/junit-8228656632016441026/junit613461646840897846/e33b6259662c215ceb53ce68305ad6f9/shared/job_e33b6259662c215ceb53ce68305ad6f9_op_7b4c6fe4c6df355e1ed86e978ba4a96e_0_3 for checkpoint file-merging.
59561 [e33b6259662c215ceb53ce68305ad6f9] Task [rescale0 (2/3)#0] INFO  rescale0 (2/3)#0 (2f02b7ce8f717172c4ef4d23a6b4ba95_7b4c6fe4c6df355e1ed86e978ba4a96e_1_0) switched from CREATED to DEPLOYING.
59561 [e33b6259662c215ceb53ce68305ad6f9] Task [rescale0 (2/3)#0] INFO  Loading JAR files for task rescale0 (2/3)#0 (2f02b7ce8f717172c4ef4d23a6b4ba95_7b4c6fe4c6df355e1ed86e978ba4a96e_1_0) [DEPLOYING].
59561 [e33b6259662c215ceb53ce68305ad6f9] Task [rescale0 (1/3)#0] INFO  rescale0 (1/3)#0 (2f02b7ce8f717172c4ef4d23a6b4ba95_7b4c6fe4c6df355e1ed86e978ba4a96e_0_0) switched from DEPLOYING to INITIALIZING.
59561 [e33b6259662c215ceb53ce68305ad6f9] StateBackendLoader [keyby0 (2/2)#0] INFO  State backend is set to heap memory org.apache.flink.runtime.state.hashmap.HashMapStateBackend@28189ccc
59561 [e33b6259662c215ceb53ce68305ad6f9] Task [upscale0 (1/4)#0] INFO  Freeing task resources for upscale0 (1/4)#0 (2f02b7ce8f717172c4ef4d23a6b4ba95_7559af08559a2c7079a359b85b7edab5_0_0).
59561 [e33b6259662c215ceb53ce68305ad6f9] StateBackendLoader [rescale0 (1/3)#0] INFO  State backend is set to heap memory org.apache.flink.runtime.state.hashmap.HashMapStateBackend@4a917ceb
59561 [e33b6259662c215ceb53ce68305ad6f9] HeapRestoreOperation [keyby0 (2/2)#0] INFO  Starting to restore from state handle: KeyGroupsStateHandle{groupRangeOffsets=KeyGroupRangeOffsets{keyGroupRange=KeyGroupRange{startKeyGroup=64, endKeyGroup=85}}, stateHandle=Segment File State: file:/var/folders/m8/q6f016tn6cl2cp86hfq331_w0000gp/T/junit-8228656632016441026/junit638187050990921127/72d2f2102094885a0a6022bf82208c93/taskowned/job_72d2f2102094885a0a6022bf82208c93_tm_8a3f18d0-1c09-4b6c-ba09-561e45eadde2/5a71dbfb-dcd1-44f1-a324-8e30b2b3cf6a [Starting Position: 0, 2018 bytes]}.
59562 [e33b6259662c215ceb53ce68305ad6f9] TaskExecutor [flink-pekko.actor.default-dispatcher-8] INFO  Received task keyby0 (1/2)#0 (2f02b7ce8f717172c4ef4d23a6b4ba95_e32648f4a493dd25fdd7d9c66c500390_0_0), deploy into slot with allocation id a56c84c60f2a594c433f235dcb62c200.
59562 [e33b6259662c215ceb53ce68305ad6f9] HeapRestoreOperation [keyby0 (2/2)#0] INFO  Finished restoring from state handle: KeyGroupsStateHandle{groupRangeOffsets=KeyGroupRangeOffsets{keyGroupRange=KeyGroupRange{startKeyGroup=64, endKeyGroup=85}}, stateHandle=Segment File State: file:/var/folders/m8/q6f016tn6cl2cp86hfq331_w0000gp/T/junit-8228656632016441026/junit638187050990921127/72d2f2102094885a0a6022bf82208c93/taskowned/job_72d2f2102094885a0a6022bf82208c93_tm_8a3f18d0-1c09-4b6c-ba09-561e45eadde2/5a71dbfb-dcd1-44f1-a324-8e30b2b3cf6a [Starting Position: 0, 2018 bytes]}.
59562 [e33b6259662c215ceb53ce68305ad6f9] Task [rescale0 (1/3)#0] INFO  rescale0 (1/3)#0 (2f02b7ce8f717172c4ef4d23a6b4ba95_7b4c6fe4c6df355e1ed86e978ba4a96e_0_0) switched from INITIALIZING to RUNNING.
59562 [e33b6259662c215ceb53ce68305ad6f9] HeapRestoreOperation [keyby0 (2/2)#0] INFO  Starting to restore from state handle: KeyGroupsStateHandle{groupRangeOffsets=KeyGroupRangeOffsets{keyGroupRange=KeyGroupRange{startKeyGroup=86, endKeyGroup=127}}, stateHandle=Segment File State: file:/var/folders/m8/q6f016tn6cl2cp86hfq331_w0000gp/T/junit-8228656632016441026/junit638187050990921127/72d2f2102094885a0a6022bf82208c93/taskowned/job_72d2f2102094885a0a6022bf82208c93_tm_0a92b9c5-783c-47d2-903d-046bd2e6f2f4/e16ca5c7-6731-4210-9a6e-044b5e70dc3f [Starting Position: 0, 2014 bytes]}.
59562 [e33b6259662c215ceb53ce68305ad6f9] TaskSlotTableImpl [flink-pekko.actor.default-dispatcher-8] INFO  Activate slot de76262377b5e028047c31610c353817.
59562 [e33b6259662c215ceb53ce68305ad6f9] Task [keyby0 (1/2)#0] INFO  keyby0 (1/2)#0 (2f02b7ce8f717172c4ef4d23a6b4ba95_e32648f4a493dd25fdd7d9c66c500390_0_0) switched from CREATED to DEPLOYING.
59562 [e33b6259662c215ceb53ce68305ad6f9] Task [keyby0 (1/2)#0] INFO  Loading JAR files for task keyby0 (1/2)#0 (2f02b7ce8f717172c4ef4d23a6b4ba95_e32648f4a493dd25fdd7d9c66c500390_0_0) [DEPLOYING].
59562 [e33b6259662c215ceb53ce68305ad6f9] StreamTask [rescale0 (2/3)#0] INFO  State backend is set to heap memory org.apache.flink.runtime.state.hashmap.HashMapStateBackend@64cfdcc3
59562 [e33b6259662c215ceb53ce68305ad6f9] StateBackendLoader [rescale0 (2/3)#0] INFO  State backend loader loads the state backend as HashMapStateBackend
59562 [e33b6259662c215ceb53ce68305ad6f9] StreamTask [rescale0 (2/3)#0] INFO  Checkpoint storage is set to 'filesystem': (checkpoints "file:/var/folders/m8/q6f016tn6cl2cp86hfq331_w0000gp/T/junit-8228656632016441026/junit613461646840897846")
59562 [e33b6259662c215ceb53ce68305ad6f9] TaskExecutor [flink-pekko.actor.default-dispatcher-8] INFO  Received task failing-map (2/2)#0 (2f02b7ce8f717172c4ef4d23a6b4ba95_b8c789ec3a44294cb45da029ffe0e6fd_1_0), deploy into slot with allocation id de76262377b5e028047c31610c353817.
59562 [e33b6259662c215ceb53ce68305ad6f9] FileMergingSnapshotManager [rescale0 (2/3)#0] INFO  Created a directory file:/var/folders/m8/q6f016tn6cl2cp86hfq331_w0000gp/T/junit-8228656632016441026/junit613461646840897846/e33b6259662c215ceb53ce68305ad6f9/shared/job_e33b6259662c215ceb53ce68305ad6f9_op_7b4c6fe4c6df355e1ed86e978ba4a96e_1_3 for checkpoint file-merging.
59562 [e33b6259662c215ceb53ce68305ad6f9] Task [rescale0 (2/3)#0] INFO  rescale0 (2/3)#0 (2f02b7ce8f717172c4ef4d23a6b4ba95_7b4c6fe4c6df355e1ed86e978ba4a96e_1_0) switched from DEPLOYING to INITIALIZING.
59562 [e33b6259662c215ceb53ce68305ad6f9] HeapRestoreOperation [keyby0 (2/2)#0] INFO  Finished restoring from state handle: KeyGroupsStateHandle{groupRangeOffsets=KeyGroupRangeOffsets{keyGroupRange=KeyGroupRange{startKeyGroup=86, endKeyGroup=127}}, stateHandle=Segment File State: file:/var/folders/m8/q6f016tn6cl2cp86hfq331_w0000gp/T/junit-8228656632016441026/junit638187050990921127/72d2f2102094885a0a6022bf82208c93/taskowned/job_72d2f2102094885a0a6022bf82208c93_tm_0a92b9c5-783c-47d2-903d-046bd2e6f2f4/e16ca5c7-6731-4210-9a6e-044b5e70dc3f [Starting Position: 0, 2014 bytes]}.
59562 [e33b6259662c215ceb53ce68305ad6f9] HeapKeyedStateBackendBuilder [keyby0 (2/2)#0] INFO  Finished to build heap keyed state-backend.
59562 [e33b6259662c215ceb53ce68305ad6f9] HeapKeyedStateBackend [keyby0 (2/2)#0] INFO  Initializing heap keyed state backend with stream factory.
59562 [e33b6259662c215ceb53ce68305ad6f9] StreamTask [keyby0 (1/2)#0] INFO  State backend is set to heap memory org.apache.flink.runtime.state.hashmap.HashMapStateBackend@771b22cc
59562 [e33b6259662c215ceb53ce68305ad6f9] StateBackendLoader [keyby0 (1/2)#0] INFO  State backend loader loads the state backend as HashMapStateBackend
59562 [e33b6259662c215ceb53ce68305ad6f9] StreamTask [keyby0 (1/2)#0] INFO  Checkpoint storage is set to 'filesystem': (checkpoints "file:/var/folders/m8/q6f016tn6cl2cp86hfq331_w0000gp/T/junit-8228656632016441026/junit613461646840897846")
59562 [e33b6259662c215ceb53ce68305ad6f9] StateBackendLoader [rescale0 (2/3)#0] INFO  State backend is set to heap memory org.apache.flink.runtime.state.hashmap.HashMapStateBackend@16b51927
59563 [e33b6259662c215ceb53ce68305ad6f9] Task [upscale0 (3/4)#0] INFO  upscale0 (3/4)#0 (2f02b7ce8f717172c4ef4d23a6b4ba95_7559af08559a2c7079a359b85b7edab5_2_0) switched from INITIALIZING to RUNNING.
59563 [e33b6259662c215ceb53ce68305ad6f9] FileMergingSnapshotManager [keyby0 (1/2)#0] INFO  Created a directory file:/var/folders/m8/q6f016tn6cl2cp86hfq331_w0000gp/T/junit-8228656632016441026/junit613461646840897846/e33b6259662c215ceb53ce68305ad6f9/shared/job_e33b6259662c215ceb53ce68305ad6f9_op_e32648f4a493dd25fdd7d9c66c500390_0_2 for checkpoint file-merging.
59563 [e33b6259662c215ceb53ce68305ad6f9] Task [rescale0 (2/3)#0] INFO  rescale0 (2/3)#0 (2f02b7ce8f717172c4ef4d23a6b4ba95_7b4c6fe4c6df355e1ed86e978ba4a96e_1_0) switched from INITIALIZING to RUNNING.
59563 [e33b6259662c215ceb53ce68305ad6f9] ExecutionGraph [flink-pekko.actor.default-dispatcher-6] INFO  rebalance0 (3/3) (2f02b7ce8f717172c4ef4d23a6b4ba95_25a6d73fce56b9559bed0247061e93e0_2_0) switched from INITIALIZING to RUNNING.
59563 [e33b6259662c215ceb53ce68305ad6f9] Task [keyby0 (1/2)#0] INFO  keyby0 (1/2)#0 (2f02b7ce8f717172c4ef4d23a6b4ba95_e32648f4a493dd25fdd7d9c66c500390_0_0) switched from DEPLOYING to INITIALIZING.
59563 [e33b6259662c215ceb53ce68305ad6f9] Task [downscale0 (3/3)#0] INFO  downscale0 (3/3)#0 (2f02b7ce8f717172c4ef4d23a6b4ba95_579c351891399448b6165717925f2b21_2_0) switched from INITIALIZING to RUNNING.
59563 [e33b6259662c215ceb53ce68305ad6f9] TaskSlotTableImpl [flink-pekko.actor.default-dispatcher-8] INFO  Activate slot a56c84c60f2a594c433f235dcb62c200.
59563 [e33b6259662c215ceb53ce68305ad6f9] Task [failing-map (2/2)#0] INFO  failing-map (2/2)#0 (2f02b7ce8f717172c4ef4d23a6b4ba95_b8c789ec3a44294cb45da029ffe0e6fd_1_0) switched from CREATED to DEPLOYING.
59563 [e33b6259662c215ceb53ce68305ad6f9] Task [failing-map (2/2)#0] INFO  Loading JAR files for task failing-map (2/2)#0 (2f02b7ce8f717172c4ef4d23a6b4ba95_b8c789ec3a44294cb45da029ffe0e6fd_1_0) [DEPLOYING].
59563 [e33b6259662c215ceb53ce68305ad6f9] StateBackendLoader [keyby0 (1/2)#0] INFO  State backend is set to heap memory org.apache.flink.runtime.state.hashmap.HashMapStateBackend@4a1f5d5
59563 [e33b6259662c215ceb53ce68305ad6f9] HeapRestoreOperation [keyby0 (1/2)#0] INFO  Starting to restore from state handle: KeyGroupsStateHandle{groupRangeOffsets=KeyGroupRangeOffsets{keyGroupRange=KeyGroupRange{startKeyGroup=0, endKeyGroup=42}}, stateHandle=Segment File State: file:/var/folders/m8/q6f016tn6cl2cp86hfq331_w0000gp/T/junit-8228656632016441026/junit638187050990921127/72d2f2102094885a0a6022bf82208c93/taskowned/job_72d2f2102094885a0a6022bf82208c93_tm_0a92b9c5-783c-47d2-903d-046bd2e6f2f4/e2346353-8ac1-4fb3-b8f2-1ab2bba9e80d [Starting Position: 219, 2054 bytes]}.
59563 [e33b6259662c215ceb53ce68305ad6f9] StreamTask [failing-map (2/2)#0] INFO  State backend is set to heap memory org.apache.flink.runtime.state.hashmap.HashMapStateBackend@64328d77
59563 [e33b6259662c215ceb53ce68305ad6f9] StateBackendLoader [failing-map (2/2)#0] INFO  State backend loader loads the state backend as HashMapStateBackend
59563 [e33b6259662c215ceb53ce68305ad6f9] StreamTask [failing-map (2/2)#0] INFO  Checkpoint storage is set to 'filesystem': (checkpoints "file:/var/folders/m8/q6f016tn6cl2cp86hfq331_w0000gp/T/junit-8228656632016441026/junit613461646840897846")
59563 [e33b6259662c215ceb53ce68305ad6f9] TaskExecutor [flink-pekko.actor.default-dispatcher-8] INFO  Received task failing-map (1/2)#0 (2f02b7ce8f717172c4ef4d23a6b4ba95_b8c789ec3a44294cb45da029ffe0e6fd_0_0), deploy into slot with allocation id a56c84c60f2a594c433f235dcb62c200.
59563 [e33b6259662c215ceb53ce68305ad6f9] FileMergingSnapshotManager [failing-map (2/2)#0] INFO  Created a directory file:/var/folders/m8/q6f016tn6cl2cp86hfq331_w0000gp/T/junit-8228656632016441026/junit613461646840897846/e33b6259662c215ceb53ce68305ad6f9/shared/job_e33b6259662c215ceb53ce68305ad6f9_op_b8c789ec3a44294cb45da029ffe0e6fd_1_2 for checkpoint file-merging.
59564 [e33b6259662c215ceb53ce68305ad6f9] Task [failing-map (2/2)#0] INFO  failing-map (2/2)#0 (2f02b7ce8f717172c4ef4d23a6b4ba95_b8c789ec3a44294cb45da029ffe0e6fd_1_0) switched from DEPLOYING to INITIALIZING.
59564 [e33b6259662c215ceb53ce68305ad6f9] ExecutionGraph [flink-pekko.actor.default-dispatcher-10] INFO  global0 (1/2) (2f02b7ce8f717172c4ef4d23a6b4ba95_4eca6edb63b17eb77deb9de060a699d1_0_0) switched from INITIALIZING to RUNNING.
59564 [e33b6259662c215ceb53ce68305ad6f9] ExecutionGraph [flink-pekko.actor.default-dispatcher-10] INFO  upscale0 (4/4) (2f02b7ce8f717172c4ef4d23a6b4ba95_7559af08559a2c7079a359b85b7edab5_3_0) switched from DEPLOYING to INITIALIZING.
59564 [e33b6259662c215ceb53ce68305ad6f9] ExecutionGraph [flink-pekko.actor.default-dispatcher-10] INFO  downscale0 (1/3) (2f02b7ce8f717172c4ef4d23a6b4ba95_579c351891399448b6165717925f2b21_0_0) switched from DEPLOYING to INITIALIZING.
59564 [e33b6259662c215ceb53ce68305ad6f9] ExecutionGraph [flink-pekko.actor.default-dispatcher-10] INFO  downscale0 (3/3) (2f02b7ce8f717172c4ef4d23a6b4ba95_579c351891399448b6165717925f2b21_2_0) switched from DEPLOYING to INITIALIZING.
59564 [e33b6259662c215ceb53ce68305ad6f9] ExecutionGraph [flink-pekko.actor.default-dispatcher-10] INFO  upscale0 (3/4) (2f02b7ce8f717172c4ef4d23a6b4ba95_7559af08559a2c7079a359b85b7edab5_2_0) switched from DEPLOYING to INITIALIZING.
59564 [e33b6259662c215ceb53ce68305ad6f9] ExecutionGraph [flink-pekko.actor.default-dispatcher-10] INFO  downscale0 (2/3) (2f02b7ce8f717172c4ef4d23a6b4ba95_579c351891399448b6165717925f2b21_1_0) switched from DEPLOYING to INITIALIZING.
59564 [e33b6259662c215ceb53ce68305ad6f9] ExecutionGraph [flink-pekko.actor.default-dispatcher-10] INFO  rescale0 (3/3) (2f02b7ce8f717172c4ef4d23a6b4ba95_7b4c6fe4c6df355e1ed86e978ba4a96e_2_0) switched from DEPLOYING to INITIALIZING.
59564 [e33b6259662c215ceb53ce68305ad6f9] StateBackendLoader [failing-map (2/2)#0] INFO  State backend is set to heap memory org.apache.flink.runtime.state.hashmap.HashMapStateBackend@76b76ad
59564 [e33b6259662c215ceb53ce68305ad6f9] HeapRestoreOperation [keyby0 (1/2)#0] INFO  Finished restoring from state handle: KeyGroupsStateHandle{groupRangeOffsets=KeyGroupRangeOffsets{keyGroupRange=KeyGroupRange{startKeyGroup=0, endKeyGroup=42}}, stateHandle=Segment File State: file:/var/folders/m8/q6f016tn6cl2cp86hfq331_w0000gp/T/junit-8228656632016441026/junit638187050990921127/72d2f2102094885a0a6022bf82208c93/taskowned/job_72d2f2102094885a0a6022bf82208c93_tm_0a92b9c5-783c-47d2-903d-046bd2e6f2f4/e2346353-8ac1-4fb3-b8f2-1ab2bba9e80d [Starting Position: 219, 2054 bytes]}.
59564 [e33b6259662c215ceb53ce68305ad6f9] HeapRestoreOperation [keyby0 (1/2)#0] INFO  Starting to restore from state handle: KeyGroupsStateHandle{groupRangeOffsets=KeyGroupRangeOffsets{keyGroupRange=KeyGroupRange{startKeyGroup=43, endKeyGroup=63}}, stateHandle=Segment File State: file:/var/folders/m8/q6f016tn6cl2cp86hfq331_w0000gp/T/junit-8228656632016441026/junit638187050990921127/72d2f2102094885a0a6022bf82208c93/taskowned/job_72d2f2102094885a0a6022bf82208c93_tm_8a3f18d0-1c09-4b6c-ba09-561e45eadde2/5a71dbfb-dcd1-44f1-a324-8e30b2b3cf6a [Starting Position: 0, 2018 bytes]}.
59564 [e33b6259662c215ceb53ce68305ad6f9] ExecutionGraph [flink-pekko.actor.default-dispatcher-10] INFO  upscale0 (4/4) (2f02b7ce8f717172c4ef4d23a6b4ba95_7559af08559a2c7079a359b85b7edab5_3_0) switched from INITIALIZING to RUNNING.
59564 [e33b6259662c215ceb53ce68305ad6f9] TaskSlotTableImpl [flink-pekko.actor.default-dispatcher-8] INFO  Activate slot a56c84c60f2a594c433f235dcb62c200.
59564 [e33b6259662c215ceb53ce68305ad6f9] Task [failing-map (1/2)#0] INFO  failing-map (1/2)#0 (2f02b7ce8f717172c4ef4d23a6b4ba95_b8c789ec3a44294cb45da029ffe0e6fd_0_0) switched from CREATED to DEPLOYING.
59564 [e33b6259662c215ceb53ce68305ad6f9] Task [failing-map (1/2)#0] INFO  Loading JAR files for task failing-map (1/2)#0 (2f02b7ce8f717172c4ef4d23a6b4ba95_b8c789ec3a44294cb45da029ffe0e6fd_0_0) [DEPLOYING].
59564 [e33b6259662c215ceb53ce68305ad6f9] HeapRestoreOperation [keyby0 (1/2)#0] INFO  Finished restoring from state handle: KeyGroupsStateHandle{groupRangeOffsets=KeyGroupRangeOffsets{keyGroupRange=KeyGroupRange{startKeyGroup=43, endKeyGroup=63}}, stateHandle=Segment File State: file:/var/folders/m8/q6f016tn6cl2cp86hfq331_w0000gp/T/junit-8228656632016441026/junit638187050990921127/72d2f2102094885a0a6022bf82208c93/taskowned/job_72d2f2102094885a0a6022bf82208c93_tm_8a3f18d0-1c09-4b6c-ba09-561e45eadde2/5a71dbfb-dcd1-44f1-a324-8e30b2b3cf6a [Starting Position: 0, 2018 bytes]}.
59564 [e33b6259662c215ceb53ce68305ad6f9] HeapKeyedStateBackendBuilder [keyby0 (1/2)#0] INFO  Finished to build heap keyed state-backend.
59564 [e33b6259662c215ceb53ce68305ad6f9] HeapKeyedStateBackend [keyby0 (1/2)#0] INFO  Initializing heap keyed state backend with stream factory.
59564 [e33b6259662c215ceb53ce68305ad6f9] ExecutionGraph [flink-pekko.actor.default-dispatcher-10] INFO  upscale0 (1/4) (2f02b7ce8f717172c4ef4d23a6b4ba95_7559af08559a2c7079a359b85b7edab5_0_0) switched from INITIALIZING to RUNNING.
59564 [e33b6259662c215ceb53ce68305ad6f9] TaskExecutor [flink-pekko.actor.default-dispatcher-8] INFO  Received task Sink: sink (1/1)#0 (2f02b7ce8f717172c4ef4d23a6b4ba95_2e588ce1c86a9d46e2e85186773ce4fd_0_0), deploy into slot with allocation id a56c84c60f2a594c433f235dcb62c200.
59565 [e33b6259662c215ceb53ce68305ad6f9] ExecutionGraph [flink-pekko.actor.default-dispatcher-10] INFO  upscale0 (2/4) (2f02b7ce8f717172c4ef4d23a6b4ba95_7559af08559a2c7079a359b85b7edab5_1_0) switched from INITIALIZING to RUNNING.
59565 [e33b6259662c215ceb53ce68305ad6f9] ExecutionGraph [flink-pekko.actor.default-dispatcher-10] INFO  downscale0 (2/3) (2f02b7ce8f717172c4ef4d23a6b4ba95_579c351891399448b6165717925f2b21_1_0) switched from INITIALIZING to RUNNING.
59565 [e33b6259662c215ceb53ce68305ad6f9] ExecutionGraph [flink-pekko.actor.default-dispatcher-10] INFO  rescale0 (3/3) (2f02b7ce8f717172c4ef4d23a6b4ba95_7b4c6fe4c6df355e1ed86e978ba4a96e_2_0) switched from INITIALIZING to RUNNING.
59565 [e33b6259662c215ceb53ce68305ad6f9] ExecutionGraph [flink-pekko.actor.default-dispatcher-10] INFO  downscale0 (1/3) (2f02b7ce8f717172c4ef4d23a6b4ba95_579c351891399448b6165717925f2b21_0_0) switched from INITIALIZING to RUNNING.
59565 [e33b6259662c215ceb53ce68305ad6f9] ExecutionGraph [flink-pekko.actor.default-dispatcher-10] INFO  keyby0 (2/2) (2f02b7ce8f717172c4ef4d23a6b4ba95_e32648f4a493dd25fdd7d9c66c500390_1_0) switched from DEPLOYING to INITIALIZING.
59565 [e33b6259662c215ceb53ce68305ad6f9] ExecutionGraph [flink-pekko.actor.default-dispatcher-10] INFO  upscale0 (2/4) (2f02b7ce8f717172c4ef4d23a6b4ba95_7559af08559a2c7079a359b85b7edab5_1_0) switched from RUNNING to FAILED on 15051983-f52c-442f-9ad5-7a4d4074b3d5 @ localhost (dataPort=64547).
java.io.IOException: Can't get next record for channel InputChannelInfo{gateIdx=0, inputChannelIdx=0}
	at org.apache.flink.streaming.runtime.io.AbstractStreamTaskNetworkInput.emitNext(AbstractStreamTaskNetworkInput.java:162)
	at org.apache.flink.streaming.runtime.io.StreamOneInputProcessor.processInput(StreamOneInputProcessor.java:65)
	at org.apache.flink.streaming.runtime.tasks.StreamTask.processInput(StreamTask.java:672)
	at org.apache.flink.streaming.runtime.tasks.mailbox.MailboxProcessor.runMailboxLoop(MailboxProcessor.java:231)
	at org.apache.flink.streaming.runtime.tasks.StreamTask.runMailboxLoop(StreamTask.java:1201)
	at org.apache.flink.streaming.runtime.tasks.StreamTask.invoke(StreamTask.java:1138)
	at org.apache.flink.runtime.taskmanager.Task.runWithSystemExitMonitoring(Task.java:987)
	at org.apache.flink.runtime.taskmanager.Task.restoreAndInvoke(Task.java:969)
	at org.apache.flink.runtime.taskmanager.Task.doRun(Task.java:774)
	at org.apache.flink.runtime.taskmanager.Task.run(Task.java:579)
	at java.base/java.lang.Thread.run(Thread.java:829)
Caused by: java.io.EOFException
	at org.apache.flink.core.memory.DataInputDeserializer.readByte(DataInputDeserializer.java:134)
	at org.apache.flink.streaming.runtime.streamrecord.StreamElementSerializer.deserialize(StreamElementSerializer.java:201)
	at org.apache.flink.streaming.runtime.streamrecord.StreamElementSerializer.deserialize(StreamElementSerializer.java:44)
	at org.apache.flink.runtime.plugable.NonReusingDeserializationDelegate.read(NonReusingDeserializationDelegate.java:53)
	at org.apache.flink.runtime.io.network.api.serialization.SpillingAdaptiveSpanningRecordDeserializer.readNextRecord(SpillingAdaptiveSpanningRecordDeserializer.java:112)
	at org.apache.flink.runtime.io.network.api.serialization.SpillingAdaptiveSpanningRecordDeserializer.getNextRecord(SpillingAdaptiveSpanningRecordDeserializer.java:95)
	at org.apache.flink.streaming.runtime.io.AbstractStreamTaskNetworkInput.emitNext(AbstractStreamTaskNetworkInput.java:159)
	... 10 more
59565 [                                ] TaskExecutor [flink-pekko.actor.default-dispatcher-8] INFO  Un-registering task and sending final execution state FAILED to JobManager for task upscale0 (1/4)#0 2f02b7ce8f717172c4ef4d23a6b4ba95_7559af08559a2c7079a359b85b7edab5_0_0.
59565 [e33b6259662c215ceb53ce68305ad6f9] Task [Sink: sink (1/1)#0] INFO  Sink: sink (1/1)#0 (2f02b7ce8f717172c4ef4d23a6b4ba95_2e588ce1c86a9d46e2e85186773ce4fd_0_0) switched from CREATED to DEPLOYING.
59565 [e33b6259662c215ceb53ce68305ad6f9] Task [Sink: sink (1/1)#0] INFO  Loading JAR files for task Sink: sink (1/1)#0 (2f02b7ce8f717172c4ef4d23a6b4ba95_2e588ce1c86a9d46e2e85186773ce4fd_0_0) [DEPLOYING].
59565 [e33b6259662c215ceb53ce68305ad6f9] StreamTask [failing-map (1/2)#0] INFO  State backend is set to heap memory org.apache.flink.runtime.state.hashmap.HashMapStateBackend@2f824751
59565 [e33b6259662c215ceb53ce68305ad6f9] StateBackendLoader [failing-map (1/2)#0] INFO  State backend loader loads the state backend as HashMapStateBackend
59565 [e33b6259662c215ceb53ce68305ad6f9] StreamTask [failing-map (1/2)#0] INFO  Checkpoint storage is set to 'filesystem': (checkpoints "file:/var/folders/m8/q6f016tn6cl2cp86hfq331_w0000gp/T/junit-8228656632016441026/junit613461646840897846")
59565 [e33b6259662c215ceb53ce68305ad6f9] StreamTask [Sink: sink (1/1)#0] INFO  State backend is set to heap memory org.apache.flink.runtime.state.hashmap.HashMapStateBackend@5974ce3d
59565 [e33b6259662c215ceb53ce68305ad6f9] StateBackendLoader [Sink: sink (1/1)#0] INFO  State backend loader loads the state backend as HashMapStateBackend
59565 [e33b6259662c215ceb53ce68305ad6f9] FileMergingSnapshotManager [failing-map (1/2)#0] INFO  Created a directory file:/var/folders/m8/q6f016tn6cl2cp86hfq331_w0000gp/T/junit-8228656632016441026/junit613461646840897846/e33b6259662c215ceb53ce68305ad6f9/shared/job_e33b6259662c215ceb53ce68305ad6f9_op_b8c789ec3a44294cb45da029ffe0e6fd_0_2 for checkpoint file-merging.
59565 [e33b6259662c215ceb53ce68305ad6f9] StreamTask [Sink: sink (1/1)#0] INFO  Checkpoint storage is set to 'filesystem': (checkpoints "file:/var/folders/m8/q6f016tn6cl2cp86hfq331_w0000gp/T/junit-8228656632016441026/junit613461646840897846")
59565 [e33b6259662c215ceb53ce68305ad6f9] Task [failing-map (1/2)#0] INFO  failing-map (1/2)#0 (2f02b7ce8f717172c4ef4d23a6b4ba95_b8c789ec3a44294cb45da029ffe0e6fd_0_0) switched from DEPLOYING to INITIALIZING.
59565 [e33b6259662c215ceb53ce68305ad6f9] ExecutionGraph [flink-pekko.actor.default-dispatcher-10] INFO  Job Flink Streaming Job (e33b6259662c215ceb53ce68305ad6f9) switched from state RUNNING to FAILING.
org.apache.flink.runtime.JobException: Recovery is suppressed by FixedDelayRestartBackoffTimeStrategy(maxNumberRestartAttempts=0, backoffTimeMS=100)
	at org.apache.flink.runtime.executiongraph.failover.ExecutionFailureHandler.handleFailure(ExecutionFailureHandler.java:213)
	at org.apache.flink.runtime.executiongraph.failover.ExecutionFailureHandler.handleFailureAndReport(ExecutionFailureHandler.java:163)
	at org.apache.flink.runtime.executiongraph.failover.ExecutionFailureHandler.getFailureHandlingResult(ExecutionFailureHandler.java:118)
	at org.apache.flink.runtime.scheduler.DefaultScheduler.recordTaskFailure(DefaultScheduler.java:300)
	at org.apache.flink.runtime.scheduler.DefaultScheduler.handleTaskFailure(DefaultScheduler.java:291)
	at org.apache.flink.runtime.scheduler.DefaultScheduler.onTaskFailed(DefaultScheduler.java:284)
	at org.apache.flink.runtime.scheduler.SchedulerBase.onTaskExecutionStateUpdate(SchedulerBase.java:836)
	at org.apache.flink.runtime.scheduler.SchedulerBase.updateTaskExecutionState(SchedulerBase.java:813)
	at org.apache.flink.runtime.scheduler.SchedulerNG.updateTaskExecutionState(SchedulerNG.java:90)
	at org.apache.flink.runtime.jobmaster.JobMaster.updateTaskExecutionState(JobMaster.java:543)
	at jdk.internal.reflect.GeneratedMethodAccessor33.invoke(Unknown Source)
	at java.base/jdk.internal.reflect.DelegatingMethodAccessorImpl.invoke(DelegatingMethodAccessorImpl.java:43)
	at java.base/java.lang.reflect.Method.invoke(Method.java:566)
	at org.apache.flink.runtime.rpc.pekko.PekkoRpcActor.lambda$handleRpcInvocation$1(PekkoRpcActor.java:318)
	at org.apache.flink.runtime.concurrent.ClassLoadingUtils.runWithContextClassLoader(ClassLoadingUtils.java:83)
	at org.apache.flink.runtime.rpc.pekko.PekkoRpcActor.handleRpcInvocation(PekkoRpcActor.java:316)
	at org.apache.flink.runtime.rpc.pekko.PekkoRpcActor.handleRpcMessage(PekkoRpcActor.java:229)
	at org.apache.flink.runtime.rpc.pekko.FencedPekkoRpcActor.handleRpcMessage(FencedPekkoRpcActor.java:88)
	at org.apache.flink.runtime.rpc.pekko.PekkoRpcActor.handleMessage(PekkoRpcActor.java:174)
	at org.apache.pekko.japi.pf.UnitCaseStatement.apply(CaseStatements.scala:37)
	at org.apache.pekko.japi.pf.UnitCaseStatement.apply(CaseStatements.scala:33)
	at scala.PartialFunction.applyOrElse(PartialFunction.scala:127)
	at scala.PartialFunction.applyOrElse$(PartialFunction.scala:126)
	at org.apache.pekko.japi.pf.UnitCaseStatement.applyOrElse(CaseStatements.scala:33)
	at scala.PartialFunction$OrElse.applyOrElse(PartialFunction.scala:175)
	at scala.PartialFunction$OrElse.applyOrElse(PartialFunction.scala:176)
	at scala.PartialFunction$OrElse.applyOrElse(PartialFunction.scala:176)
	at org.apache.pekko.actor.Actor.aroundReceive(Actor.scala:547)
	at org.apache.pekko.actor.Actor.aroundReceive$(Actor.scala:545)
	at org.apache.pekko.actor.AbstractActor.aroundReceive(AbstractActor.scala:229)
	at org.apache.pekko.actor.ActorCell.receiveMessage(ActorCell.scala:590)
	at org.apache.pekko.actor.ActorCell.invoke(ActorCell.scala:557)
	at org.apache.pekko.dispatch.Mailbox.processMailbox(Mailbox.scala:273)
	at org.apache.pekko.dispatch.Mailbox.run(Mailbox.scala:234)
	at org.apache.pekko.dispatch.Mailbox.exec(Mailbox.scala:246)
	at java.base/java.util.concurrent.ForkJoinTask.doExec(ForkJoinTask.java:290)
	at java.base/java.util.concurrent.ForkJoinPool$WorkQueue.topLevelExec(ForkJoinPool.java:1020)
	at java.base/java.util.concurrent.ForkJoinPool.scan(ForkJoinPool.java:1656)
	at java.base/java.util.concurrent.ForkJoinPool.runWorker(ForkJoinPool.java:1594)
	at java.base/java.util.concurrent.ForkJoinWorkerThread.run(ForkJoinWorkerThread.java:183)
Caused by: java.io.IOException: Can't get next record for channel InputChannelInfo{gateIdx=0, inputChannelIdx=0}
	at org.apache.flink.streaming.runtime.io.AbstractStreamTaskNetworkInput.emitNext(AbstractStreamTaskNetworkInput.java:162)
	at org.apache.flink.streaming.runtime.io.StreamOneInputProcessor.processInput(StreamOneInputProcessor.java:65)
	at org.apache.flink.streaming.runtime.tasks.StreamTask.processInput(StreamTask.java:672)
	at org.apache.flink.streaming.runtime.tasks.mailbox.MailboxProcessor.runMailboxLoop(MailboxProcessor.java:231)
	at org.apache.flink.streaming.runtime.tasks.StreamTask.runMailboxLoop(StreamTask.java:1201)
	at org.apache.flink.streaming.runtime.tasks.StreamTask.invoke(StreamTask.java:1138)
	at org.apache.flink.runtime.taskmanager.Task.runWithSystemExitMonitoring(Task.java:987)
	at org.apache.flink.runtime.taskmanager.Task.restoreAndInvoke(Task.java:969)
	at org.apache.flink.runtime.taskmanager.Task.doRun(Task.java:774)
	at org.apache.flink.runtime.taskmanager.Task.run(Task.java:579)
	at java.base/java.lang.Thread.run(Thread.java:829)
Caused by: java.io.EOFException
	at org.apache.flink.core.memory.DataInputDeserializer.readByte(DataInputDeserializer.java:134)
	at org.apache.flink.streaming.runtime.streamrecord.StreamElementSerializer.deserialize(StreamElementSerializer.java:201)
	at org.apache.flink.streaming.runtime.streamrecord.StreamElementSerializer.deserialize(StreamElementSerializer.java:44)
	at org.apache.flink.runtime.plugable.NonReusingDeserializationDelegate.read(NonReusingDeserializationDelegate.java:53)
	at org.apache.flink.runtime.io.network.api.serialization.SpillingAdaptiveSpanningRecordDeserializer.readNextRecord(SpillingAdaptiveSpanningRecordDeserializer.java:112)
	at org.apache.flink.runtime.io.network.api.serialization.SpillingAdaptiveSpanningRecordDeserializer.getNextRecord(SpillingAdaptiveSpanningRecordDeserializer.java:95)
	at org.apache.flink.streaming.runtime.io.AbstractStreamTaskNetworkInput.emitNext(AbstractStreamTaskNetworkInput.java:159)
	... 10 more
59565 [e33b6259662c215ceb53ce68305ad6f9] StateBackendLoader [failing-map (1/2)#0] INFO  State backend is set to heap memory org.apache.flink.runtime.state.hashmap.HashMapStateBackend@48e00fb7
59565 [e33b6259662c215ceb53ce68305ad6f9] ExecutionGraph [flink-pekko.actor.default-dispatcher-10] INFO  Source: source0 -> input-filter0 -> input-counter0 (1/2) (2f02b7ce8f717172c4ef4d23a6b4ba95_3e9b902627593008a6d790e9aeca7953_0_0) switched from RUNNING to CANCELING.
59565 [e33b6259662c215ceb53ce68305ad6f9] ExecutionGraph [flink-pekko.actor.default-dispatcher-10] INFO  Source: source0 -> input-filter0 -> input-counter0 (2/2) (2f02b7ce8f717172c4ef4d23a6b4ba95_3e9b902627593008a6d790e9aeca7953_1_0) switched from RUNNING to CANCELING.
59565 [e33b6259662c215ceb53ce68305ad6f9] ExecutionGraph [flink-pekko.actor.default-dispatcher-10] INFO  global0 (1/2) (2f02b7ce8f717172c4ef4d23a6b4ba95_4eca6edb63b17eb77deb9de060a699d1_0_0) switched from RUNNING to CANCELING.
59565 [e33b6259662c215ceb53ce68305ad6f9] ExecutionGraph [flink-pekko.actor.default-dispatcher-10] INFO  global0 (2/2) (2f02b7ce8f717172c4ef4d23a6b4ba95_4eca6edb63b17eb77deb9de060a699d1_1_0) switched from RUNNING to CANCELING.
59565 [e33b6259662c215ceb53ce68305ad6f9] Task [flink-pekko.actor.default-dispatcher-9] INFO  Attempting to cancel task Source: source0 -> input-filter0 -> input-counter0 (1/2)#0 (2f02b7ce8f717172c4ef4d23a6b4ba95_3e9b902627593008a6d790e9aeca7953_0_0).
59565 [e33b6259662c215ceb53ce68305ad6f9] ExecutionGraph [flink-pekko.actor.default-dispatcher-10] INFO  rebalance0 (1/3) (2f02b7ce8f717172c4ef4d23a6b4ba95_25a6d73fce56b9559bed0247061e93e0_0_0) switched from RUNNING to CANCELING.
59565 [e33b6259662c215ceb53ce68305ad6f9] ExecutionGraph [flink-pekko.actor.default-dispatcher-10] INFO  rebalance0 (2/3) (2f02b7ce8f717172c4ef4d23a6b4ba95_25a6d73fce56b9559bed0247061e93e0_1_0) switched from RUNNING to CANCELING.
59565 [e33b6259662c215ceb53ce68305ad6f9] Task [flink-pekko.actor.default-dispatcher-9] INFO  Source: source0 -> input-filter0 -> input-counter0 (1/2)#0 (2f02b7ce8f717172c4ef4d23a6b4ba95_3e9b902627593008a6d790e9aeca7953_0_0) switched from RUNNING to CANCELING.
59565 [e33b6259662c215ceb53ce68305ad6f9] Task [flink-pekko.actor.default-dispatcher-9] INFO  Triggering cancellation of task code Source: source0 -> input-filter0 -> input-counter0 (1/2)#0 (2f02b7ce8f717172c4ef4d23a6b4ba95_3e9b902627593008a6d790e9aeca7953_0_0).
59565 [e33b6259662c215ceb53ce68305ad6f9] ExecutionGraph [flink-pekko.actor.default-dispatcher-10] INFO  rebalance0 (3/3) (2f02b7ce8f717172c4ef4d23a6b4ba95_25a6d73fce56b9559bed0247061e93e0_2_0) switched from RUNNING to CANCELING.
59565 [e33b6259662c215ceb53ce68305ad6f9] ExecutionGraph [flink-pekko.actor.default-dispatcher-10] INFO  upscale0 (1/4) (2f02b7ce8f717172c4ef4d23a6b4ba95_7559af08559a2c7079a359b85b7edab5_0_0) switched from RUNNING to CANCELING.
59565 [e33b6259662c215ceb53ce68305ad6f9] ExecutionGraph [flink-pekko.actor.default-dispatcher-10] INFO  upscale0 (3/4) (2f02b7ce8f717172c4ef4d23a6b4ba95_7559af08559a2c7079a359b85b7edab5_2_0) switched from INITIALIZING to CANCELING.
59565 [e33b6259662c215ceb53ce68305ad6f9] Task [keyby0 (2/2)#0] INFO  keyby0 (2/2)#0 (2f02b7ce8f717172c4ef4d23a6b4ba95_e32648f4a493dd25fdd7d9c66c500390_1_0) switched from INITIALIZING to RUNNING.
59565 [e33b6259662c215ceb53ce68305ad6f9] ExecutionGraph [flink-pekko.actor.default-dispatcher-10] INFO  upscale0 (4/4) (2f02b7ce8f717172c4ef4d23a6b4ba95_7559af08559a2c7079a359b85b7edab5_3_0) switched from RUNNING to CANCELING.
59565 [e33b6259662c215ceb53ce68305ad6f9] ExecutionGraph [flink-pekko.actor.default-dispatcher-10] INFO  downscale0 (1/3) (2f02b7ce8f717172c4ef4d23a6b4ba95_579c351891399448b6165717925f2b21_0_0) switched from RUNNING to CANCELING.
59565 [e33b6259662c215ceb53ce68305ad6f9] ExecutionGraph [flink-pekko.actor.default-dispatcher-10] INFO  downscale0 (2/3) (2f02b7ce8f717172c4ef4d23a6b4ba95_579c351891399448b6165717925f2b21_1_0) switched from RUNNING to CANCELING.
59565 [e33b6259662c215ceb53ce68305ad6f9] ExecutionGraph [flink-pekko.actor.default-dispatcher-10] INFO  downscale0 (3/3) (2f02b7ce8f717172c4ef4d23a6b4ba95_579c351891399448b6165717925f2b21_2_0) switched from INITIALIZING to CANCELING.
59565 [e33b6259662c215ceb53ce68305ad6f9] ExecutionGraph [flink-pekko.actor.default-dispatcher-10] INFO  keyby0 (1/2) (2f02b7ce8f717172c4ef4d23a6b4ba95_e32648f4a493dd25fdd7d9c66c500390_0_0) switched from DEPLOYING to CANCELING.
59565 [e33b6259662c215ceb53ce68305ad6f9] ExecutionGraph [flink-pekko.actor.default-dispatcher-10] INFO  keyby0 (2/2) (2f02b7ce8f717172c4ef4d23a6b4ba95_e32648f4a493dd25fdd7d9c66c500390_1_0) switched from INITIALIZING to CANCELING.
59565 [e33b6259662c215ceb53ce68305ad6f9] ExecutionGraph [flink-pekko.actor.default-dispatcher-10] INFO  rescale0 (1/3) (2f02b7ce8f717172c4ef4d23a6b4ba95_7b4c6fe4c6df355e1ed86e978ba4a96e_0_0) switched from DEPLOYING to CANCELING.
59565 [e33b6259662c215ceb53ce68305ad6f9] ExecutionGraph [flink-pekko.actor.default-dispatcher-10] INFO  rescale0 (2/3) (2f02b7ce8f717172c4ef4d23a6b4ba95_7b4c6fe4c6df355e1ed86e978ba4a96e_1_0) switched from DEPLOYING to CANCELING.
59565 [e33b6259662c215ceb53ce68305ad6f9] ExecutionGraph [flink-pekko.actor.default-dispatcher-10] INFO  rescale0 (3/3) (2f02b7ce8f717172c4ef4d23a6b4ba95_7b4c6fe4c6df355e1ed86e978ba4a96e_2_0) switched from RUNNING to CANCELING.
59565 [e33b6259662c215ceb53ce68305ad6f9] Task [flink-pekko.actor.default-dispatcher-8] INFO  Attempting to cancel task Source: source0 -> input-filter0 -> input-counter0 (2/2)#0 (2f02b7ce8f717172c4ef4d23a6b4ba95_3e9b902627593008a6d790e9aeca7953_1_0).
59565 [e33b6259662c215ceb53ce68305ad6f9] Task [flink-pekko.actor.default-dispatcher-8] INFO  Source: source0 -> input-filter0 -> input-counter0 (2/2)#0 (2f02b7ce8f717172c4ef4d23a6b4ba95_3e9b902627593008a6d790e9aeca7953_1_0) switched from RUNNING to CANCELING.
59565 [e33b6259662c215ceb53ce68305ad6f9] Task [flink-pekko.actor.default-dispatcher-8] INFO  Triggering cancellation of task code Source: source0 -> input-filter0 -> input-counter0 (2/2)#0 (2f02b7ce8f717172c4ef4d23a6b4ba95_3e9b902627593008a6d790e9aeca7953_1_0).
59565 [e33b6259662c215ceb53ce68305ad6f9] ExecutionGraph [flink-pekko.actor.default-dispatcher-10] INFO  failing-map (1/2) (2f02b7ce8f717172c4ef4d23a6b4ba95_b8c789ec3a44294cb45da029ffe0e6fd_0_0) switched from DEPLOYING to CANCELING.
59565 [e33b6259662c215ceb53ce68305ad6f9] ExecutionGraph [flink-pekko.actor.default-dispatcher-10] INFO  failing-map (2/2) (2f02b7ce8f717172c4ef4d23a6b4ba95_b8c789ec3a44294cb45da029ffe0e6fd_1_0) switched from DEPLOYING to CANCELING.
59565 [e33b6259662c215ceb53ce68305ad6f9] ExecutionGraph [flink-pekko.actor.default-dispatcher-10] INFO  Sink: sink (1/1) (2f02b7ce8f717172c4ef4d23a6b4ba95_2e588ce1c86a9d46e2e85186773ce4fd_0_0) switched from DEPLOYING to CANCELING.
59565 [e33b6259662c215ceb53ce68305ad6f9] Task [failing-map (2/2)#0] INFO  failing-map (2/2)#0 (2f02b7ce8f717172c4ef4d23a6b4ba95_b8c789ec3a44294cb45da029ffe0e6fd_1_0) switched from INITIALIZING to RUNNING.
59565 [e33b6259662c215ceb53ce68305ad6f9] FileMergingSnapshotManager [Sink: sink (1/1)#0] INFO  Created a directory file:/var/folders/m8/q6f016tn6cl2cp86hfq331_w0000gp/T/junit-8228656632016441026/junit613461646840897846/e33b6259662c215ceb53ce68305ad6f9/shared/job_e33b6259662c215ceb53ce68305ad6f9_op_2e588ce1c86a9d46e2e85186773ce4fd_0_1 for checkpoint file-merging.
59565 [e33b6259662c215ceb53ce68305ad6f9] Task [Sink: sink (1/1)#0] INFO  Sink: sink (1/1)#0 (2f02b7ce8f717172c4ef4d23a6b4ba95_2e588ce1c86a9d46e2e85186773ce4fd_0_0) switched from DEPLOYING to INITIALIZING.
59566 [e33b6259662c215ceb53ce68305ad6f9] Task [Source: source0 -> input-filter0 -> input-counter0 (1/2)#0] INFO  Source: source0 -> input-filter0 -> input-counter0 (1/2)#0 (2f02b7ce8f717172c4ef4d23a6b4ba95_3e9b902627593008a6d790e9aeca7953_0_0) switched from CANCELING to CANCELED.
59566 [e33b6259662c215ceb53ce68305ad6f9] ExecutionGraph [flink-pekko.actor.default-dispatcher-6] INFO  upscale0 (1/4) (2f02b7ce8f717172c4ef4d23a6b4ba95_7559af08559a2c7079a359b85b7edab5_0_0) switched from CANCELING to CANCELED.
59566 [e33b6259662c215ceb53ce68305ad6f9] ExecutionGraph [flink-pekko.actor.default-dispatcher-6] INFO  Discarding the results produced by task execution 2f02b7ce8f717172c4ef4d23a6b4ba95_7559af08559a2c7079a359b85b7edab5_0_0.
59566 [e33b6259662c215ceb53ce68305ad6f9] ExecutionGraph [flink-pekko.actor.default-dispatcher-6] INFO  Discarding the results produced by task execution 2f02b7ce8f717172c4ef4d23a6b4ba95_7559af08559a2c7079a359b85b7edab5_0_0.
59566 [e33b6259662c215ceb53ce68305ad6f9] StateBackendLoader [Sink: sink (1/1)#0] INFO  State backend is set to heap memory org.apache.flink.runtime.state.hashmap.HashMapStateBackend@7311f246
59566 [e33b6259662c215ceb53ce68305ad6f9] KryoSerializer [failing-map (1/2)#0] INFO  Legacy kryo serializer scala extensions are not available.
59566 [e33b6259662c215ceb53ce68305ad6f9] KryoSerializer [failing-map (1/2)#0] INFO  Kryo serializer scala extensions are not available.
59566 [e33b6259662c215ceb53ce68305ad6f9] Task [Source: source0 -> input-filter0 -> input-counter0 (2/2)#0] INFO  Source: source0 -> input-filter0 -> input-counter0 (2/2)#0 (2f02b7ce8f717172c4ef4d23a6b4ba95_3e9b902627593008a6d790e9aeca7953_1_0) switched from CANCELING to CANCELED.
59566 [e33b6259662c215ceb53ce68305ad6f9] Task [flink-pekko.actor.default-dispatcher-8] INFO  Attempting to cancel task global0 (2/2)#0 (2f02b7ce8f717172c4ef4d23a6b4ba95_4eca6edb63b17eb77deb9de060a699d1_1_0).
59566 [e33b6259662c215ceb53ce68305ad6f9] Task [flink-pekko.actor.default-dispatcher-8] INFO  global0 (2/2)#0 (2f02b7ce8f717172c4ef4d23a6b4ba95_4eca6edb63b17eb77deb9de060a699d1_1_0) switched from RUNNING to CANCELING.
59566 [e33b6259662c215ceb53ce68305ad6f9] Task [flink-pekko.actor.default-dispatcher-8] INFO  Triggering cancellation of task code global0 (2/2)#0 (2f02b7ce8f717172c4ef4d23a6b4ba95_4eca6edb63b17eb77deb9de060a699d1_1_0).
59566 [e33b6259662c215ceb53ce68305ad6f9] Task [Source: source0 -> input-filter0 -> input-counter0 (1/2)#0] INFO  Freeing task resources for Source: source0 -> input-filter0 -> input-counter0 (1/2)#0 (2f02b7ce8f717172c4ef4d23a6b4ba95_3e9b902627593008a6d790e9aeca7953_0_0).
59566 [e33b6259662c215ceb53ce68305ad6f9] KryoSerializer [Sink: sink (1/1)#0] INFO  Legacy kryo serializer scala extensions are not available.
59566 [e33b6259662c215ceb53ce68305ad6f9] KryoSerializer [Sink: sink (1/1)#0] INFO  Kryo serializer scala extensions are not available.
59566 [e33b6259662c215ceb53ce68305ad6f9] Task [keyby0 (1/2)#0] INFO  keyby0 (1/2)#0 (2f02b7ce8f717172c4ef4d23a6b4ba95_e32648f4a493dd25fdd7d9c66c500390_0_0) switched from INITIALIZING to RUNNING.
59566 [e33b6259662c215ceb53ce68305ad6f9] Task [Source: source0 -> input-filter0 -> input-counter0 (2/2)#0] INFO  Freeing task resources for Source: source0 -> input-filter0 -> input-counter0 (2/2)#0 (2f02b7ce8f717172c4ef4d23a6b4ba95_3e9b902627593008a6d790e9aeca7953_1_0).
59566 [e33b6259662c215ceb53ce68305ad6f9] TypeExtractor [Sink: sink (1/1)#0] INFO  class org.apache.flink.test.checkpointing.UnalignedCheckpointRescaleITCase$VerifyingSink$State does not contain a getter for field encounteredNumbers
59566 [e33b6259662c215ceb53ce68305ad6f9] TypeExtractor [Sink: sink (1/1)#0] INFO  class org.apache.flink.test.checkpointing.UnalignedCheckpointRescaleITCase$VerifyingSink$State does not contain a setter for field encounteredNumbers
59566 [e33b6259662c215ceb53ce68305ad6f9] TypeExtractor [Sink: sink (1/1)#0] INFO  Class class org.apache.flink.test.checkpointing.UnalignedCheckpointRescaleITCase$VerifyingSink$State cannot be used as a POJO type because not all fields are valid POJO fields, and must be processed as GenericType. Please read the Flink documentation on "Data Types & Serialization" for details of the effect on performance and schema evolution.
59566 [e33b6259662c215ceb53ce68305ad6f9] UnalignedCheckpointTestBase [Sink: sink (1/1)#0] INFO  Inducing no backpressure @ 0 subtask (0 attempt)
59566 [e33b6259662c215ceb53ce68305ad6f9] Task [global0 (2/2)#0] INFO  global0 (2/2)#0 (2f02b7ce8f717172c4ef4d23a6b4ba95_4eca6edb63b17eb77deb9de060a699d1_1_0) switched from CANCELING to CANCELED.
59567 [e33b6259662c215ceb53ce68305ad6f9] Task [downscale0 (2/3)#0] WARN  downscale0 (2/3)#0 (2f02b7ce8f717172c4ef4d23a6b4ba95_579c351891399448b6165717925f2b21_1_0) switched from RUNNING to FAILED with failure cause:
java.io.IOException: Can't get next record for channel InputChannelInfo{gateIdx=0, inputChannelIdx=1}
	at org.apache.flink.streaming.runtime.io.AbstractStreamTaskNetworkInput.emitNext(AbstractStreamTaskNetworkInput.java:162)
	at org.apache.flink.streaming.runtime.io.StreamOneInputProcessor.processInput(StreamOneInputProcessor.java:65)
	at org.apache.flink.streaming.runtime.tasks.StreamTask.processInput(StreamTask.java:672)
	at org.apache.flink.streaming.runtime.tasks.mailbox.MailboxProcessor.runMailboxLoop(MailboxProcessor.java:231)
	at org.apache.flink.streaming.runtime.tasks.StreamTask.runMailboxLoop(StreamTask.java:1201)
	at org.apache.flink.streaming.runtime.tasks.StreamTask.invoke(StreamTask.java:1138)
	at org.apache.flink.runtime.taskmanager.Task.runWithSystemExitMonitoring(Task.java:987)
	at org.apache.flink.runtime.taskmanager.Task.restoreAndInvoke(Task.java:969)
	at org.apache.flink.runtime.taskmanager.Task.doRun(Task.java:774)
	at org.apache.flink.runtime.taskmanager.Task.run(Task.java:579)
	at java.base/java.lang.Thread.run(Thread.java:829)
Caused by: java.io.EOFException
	at org.apache.flink.core.memory.DataInputDeserializer.readByte(DataInputDeserializer.java:134)
	at org.apache.flink.streaming.runtime.streamrecord.StreamElementSerializer.deserialize(StreamElementSerializer.java:201)
	at org.apache.flink.streaming.runtime.streamrecord.StreamElementSerializer.deserialize(StreamElementSerializer.java:44)
	at org.apache.flink.runtime.plugable.NonReusingDeserializationDelegate.read(NonReusingDeserializationDelegate.java:53)
	at org.apache.flink.runtime.io.network.api.serialization.SpillingAdaptiveSpanningRecordDeserializer.readNextRecord(SpillingAdaptiveSpanningRecordDeserializer.java:112)
	at org.apache.flink.runtime.io.network.api.serialization.SpillingAdaptiveSpanningRecordDeserializer.getNextRecord(SpillingAdaptiveSpanningRecordDeserializer.java:95)
	at org.apache.flink.streaming.runtime.io.AbstractStreamTaskNetworkInput.emitNext(AbstractStreamTaskNetworkInput.java:159)
	... 10 more
59567 [e33b6259662c215ceb53ce68305ad6f9] Task [global0 (2/2)#0] INFO  Freeing task resources for global0 (2/2)#0 (2f02b7ce8f717172c4ef4d23a6b4ba95_4eca6edb63b17eb77deb9de060a699d1_1_0).
59567 [e33b6259662c215ceb53ce68305ad6f9] Task [flink-pekko.actor.default-dispatcher-9] INFO  Attempting to cancel task global0 (1/2)#0 (2f02b7ce8f717172c4ef4d23a6b4ba95_4eca6edb63b17eb77deb9de060a699d1_0_0).
59567 [e33b6259662c215ceb53ce68305ad6f9] Task [flink-pekko.actor.default-dispatcher-9] INFO  global0 (1/2)#0 (2f02b7ce8f717172c4ef4d23a6b4ba95_4eca6edb63b17eb77deb9de060a699d1_0_0) switched from RUNNING to CANCELING.
59567 [e33b6259662c215ceb53ce68305ad6f9] Task [flink-pekko.actor.default-dispatcher-9] INFO  Triggering cancellation of task code global0 (1/2)#0 (2f02b7ce8f717172c4ef4d23a6b4ba95_4eca6edb63b17eb77deb9de060a699d1_0_0).
59567 [e33b6259662c215ceb53ce68305ad6f9] Task [keyby0 (2/2)#0] WARN  keyby0 (2/2)#0 (2f02b7ce8f717172c4ef4d23a6b4ba95_e32648f4a493dd25fdd7d9c66c500390_1_0) switched from RUNNING to FAILED with failure cause:
java.lang.IllegalArgumentException: Stream corrupted. Cannot find the header abcdeafc00000000 in the value b86fabcd
	at org.apache.flink.test.checkpointing.UnalignedCheckpointTestBase.checkHeader(UnalignedCheckpointTestBase.java:1205)
	at org.apache.flink.test.checkpointing.UnalignedCheckpointTestBase.withoutHeader(UnalignedCheckpointTestBase.java:1195)
	at org.apache.flink.test.checkpointing.UnalignedCheckpointRescaleITCase$Topology.lambda$createSourcePipeline$22f4bf07$1(UnalignedCheckpointRescaleITCase.java:502)
	at org.apache.flink.streaming.api.operators.AbstractStreamOperator.setKeyContextElement(AbstractStreamOperator.java:594)
	at org.apache.flink.streaming.api.operators.AbstractStreamOperator.setKeyContextElement1(AbstractStreamOperator.java:570)
	at org.apache.flink.streaming.api.operators.OneInputStreamOperator.setKeyContextElement(OneInputStreamOperator.java:36)
	at org.apache.flink.streaming.runtime.io.RecordProcessorUtils.lambda$getRecordProcessor$0(RecordProcessorUtils.java:63)
	at org.apache.flink.streaming.runtime.tasks.OneInputStreamTask$StreamTaskNetworkOutput.emitRecord(OneInputStreamTask.java:252)
	at org.apache.flink.streaming.runtime.io.AbstractStreamTaskNetworkInput.processElement(AbstractStreamTaskNetworkInput.java:213)
	at org.apache.flink.streaming.runtime.io.AbstractStreamTaskNetworkInput.emitNext(AbstractStreamTaskNetworkInput.java:170)
	at org.apache.flink.streaming.runtime.io.StreamOneInputProcessor.processInput(StreamOneInputProcessor.java:65)
	at org.apache.flink.streaming.runtime.tasks.StreamTask.processInput(StreamTask.java:672)
	at org.apache.flink.streaming.runtime.tasks.mailbox.MailboxProcessor.runMailboxLoop(MailboxProcessor.java:231)
	at org.apache.flink.streaming.runtime.tasks.StreamTask.runMailboxLoop(StreamTask.java:1201)
	at org.apache.flink.streaming.runtime.tasks.StreamTask.invoke(StreamTask.java:1138)
	at org.apache.flink.runtime.taskmanager.Task.runWithSystemExitMonitoring(Task.java:987)
	at org.apache.flink.runtime.taskmanager.Task.restoreAndInvoke(Task.java:969)
	at org.apache.flink.runtime.taskmanager.Task.doRun(Task.java:774)
	at org.apache.flink.runtime.taskmanager.Task.run(Task.java:579)
	at java.base/java.lang.Thread.run(Thread.java:829)
59567 [e33b6259662c215ceb53ce68305ad6f9] Task [global0 (1/2)#0] INFO  global0 (1/2)#0 (2f02b7ce8f717172c4ef4d23a6b4ba95_4eca6edb63b17eb77deb9de060a699d1_0_0) switched from CANCELING to CANCELED.
59567 [e33b6259662c215ceb53ce68305ad6f9] Task [downscale0 (2/3)#0] INFO  Freeing task resources for downscale0 (2/3)#0 (2f02b7ce8f717172c4ef4d23a6b4ba95_579c351891399448b6165717925f2b21_1_0).
59568 [e33b6259662c215ceb53ce68305ad6f9] Task [keyby0 (2/2)#0] INFO  Freeing task resources for keyby0 (2/2)#0 (2f02b7ce8f717172c4ef4d23a6b4ba95_e32648f4a493dd25fdd7d9c66c500390_1_0).
59568 [e33b6259662c215ceb53ce68305ad6f9] Task [global0 (1/2)#0] INFO  Freeing task resources for global0 (1/2)#0 (2f02b7ce8f717172c4ef4d23a6b4ba95_4eca6edb63b17eb77deb9de060a699d1_0_0).
59568 [e33b6259662c215ceb53ce68305ad6f9] Task [flink-pekko.actor.default-dispatcher-8] INFO  Attempting to cancel task rebalance0 (2/3)#0 (2f02b7ce8f717172c4ef4d23a6b4ba95_25a6d73fce56b9559bed0247061e93e0_1_0).
59568 [e33b6259662c215ceb53ce68305ad6f9] Task [flink-pekko.actor.default-dispatcher-8] INFO  rebalance0 (2/3)#0 (2f02b7ce8f717172c4ef4d23a6b4ba95_25a6d73fce56b9559bed0247061e93e0_1_0) switched from RUNNING to CANCELING.
59568 [e33b6259662c215ceb53ce68305ad6f9] Task [flink-pekko.actor.default-dispatcher-8] INFO  Triggering cancellation of task code rebalance0 (2/3)#0 (2f02b7ce8f717172c4ef4d23a6b4ba95_25a6d73fce56b9559bed0247061e93e0_1_0).
59568 [e33b6259662c215ceb53ce68305ad6f9] Task [rebalance0 (2/3)#0] INFO  rebalance0 (2/3)#0 (2f02b7ce8f717172c4ef4d23a6b4ba95_25a6d73fce56b9559bed0247061e93e0_1_0) switched from CANCELING to CANCELED.
59569 [e33b6259662c215ceb53ce68305ad6f9] Task [failing-map (1/2)#0] INFO  failing-map (1/2)#0 (2f02b7ce8f717172c4ef4d23a6b4ba95_b8c789ec3a44294cb45da029ffe0e6fd_0_0) switched from INITIALIZING to RUNNING.
59569 [e33b6259662c215ceb53ce68305ad6f9] Task [flink-pekko.actor.default-dispatcher-9] INFO  Attempting to cancel task rebalance0 (1/3)#0 (2f02b7ce8f717172c4ef4d23a6b4ba95_25a6d73fce56b9559bed0247061e93e0_0_0).
59569 [e33b6259662c215ceb53ce68305ad6f9] Task [flink-pekko.actor.default-dispatcher-9] INFO  rebalance0 (1/3)#0 (2f02b7ce8f717172c4ef4d23a6b4ba95_25a6d73fce56b9559bed0247061e93e0_0_0) switched from RUNNING to CANCELING.
59569 [e33b6259662c215ceb53ce68305ad6f9] Task [flink-pekko.actor.default-dispatcher-9] INFO  Triggering cancellation of task code rebalance0 (1/3)#0 (2f02b7ce8f717172c4ef4d23a6b4ba95_25a6d73fce56b9559bed0247061e93e0_0_0).
59569 [e33b6259662c215ceb53ce68305ad6f9] Task [rebalance0 (2/3)#0] INFO  Freeing task resources for rebalance0 (2/3)#0 (2f02b7ce8f717172c4ef4d23a6b4ba95_25a6d73fce56b9559bed0247061e93e0_1_0).
59569 [e33b6259662c215ceb53ce68305ad6f9] Task [rebalance0 (1/3)#0] INFO  rebalance0 (1/3)#0 (2f02b7ce8f717172c4ef4d23a6b4ba95_25a6d73fce56b9559bed0247061e93e0_0_0) switched from CANCELING to CANCELED.
59569 [e33b6259662c215ceb53ce68305ad6f9] Task [flink-pekko.actor.default-dispatcher-9] INFO  Attempting to cancel task rebalance0 (3/3)#0 (2f02b7ce8f717172c4ef4d23a6b4ba95_25a6d73fce56b9559bed0247061e93e0_2_0).
59569 [e33b6259662c215ceb53ce68305ad6f9] Task [flink-pekko.actor.default-dispatcher-9] INFO  rebalance0 (3/3)#0 (2f02b7ce8f717172c4ef4d23a6b4ba95_25a6d73fce56b9559bed0247061e93e0_2_0) switched from RUNNING to CANCELING.
59569 [e33b6259662c215ceb53ce68305ad6f9] Task [flink-pekko.actor.default-dispatcher-9] INFO  Triggering cancellation of task code rebalance0 (3/3)#0 (2f02b7ce8f717172c4ef4d23a6b4ba95_25a6d73fce56b9559bed0247061e93e0_2_0).
59569 [e33b6259662c215ceb53ce68305ad6f9] Task [failing-map (1/2)#0] WARN  failing-map (1/2)#0 (2f02b7ce8f717172c4ef4d23a6b4ba95_b8c789ec3a44294cb45da029ffe0e6fd_0_0) switched from RUNNING to FAILED with failure cause:
java.io.IOException: Can't get next record for channel InputChannelInfo{gateIdx=0, inputChannelIdx=1}
	at org.apache.flink.streaming.runtime.io.AbstractStreamTaskNetworkInput.emitNext(AbstractStreamTaskNetworkInput.java:162)
	at org.apache.flink.streaming.runtime.io.StreamOneInputProcessor.processInput(StreamOneInputProcessor.java:65)
	at org.apache.flink.streaming.runtime.tasks.StreamTask.processInput(StreamTask.java:672)
	at org.apache.flink.streaming.runtime.tasks.mailbox.MailboxProcessor.runMailboxLoop(MailboxProcessor.java:231)
	at org.apache.flink.streaming.runtime.tasks.StreamTask.runMailboxLoop(StreamTask.java:1201)
	at org.apache.flink.streaming.runtime.tasks.StreamTask.invoke(StreamTask.java:1138)
	at org.apache.flink.runtime.taskmanager.Task.runWithSystemExitMonitoring(Task.java:987)
	at org.apache.flink.runtime.taskmanager.Task.restoreAndInvoke(Task.java:969)
	at org.apache.flink.runtime.taskmanager.Task.doRun(Task.java:774)
	at org.apache.flink.runtime.taskmanager.Task.run(Task.java:579)
	at java.base/java.lang.Thread.run(Thread.java:829)
Caused by: java.io.EOFException
	at org.apache.flink.core.memory.DataInputDeserializer.readByte(DataInputDeserializer.java:134)
	at org.apache.flink.streaming.runtime.streamrecord.StreamElementSerializer.deserialize(StreamElementSerializer.java:201)
	at org.apache.flink.streaming.runtime.streamrecord.StreamElementSerializer.deserialize(StreamElementSerializer.java:44)
	at org.apache.flink.runtime.plugable.NonReusingDeserializationDelegate.read(NonReusingDeserializationDelegate.java:53)
	at org.apache.flink.runtime.io.network.api.serialization.SpillingAdaptiveSpanningRecordDeserializer.readNextRecord(SpillingAdaptiveSpanningRecordDeserializer.java:112)
	at org.apache.flink.runtime.io.network.api.serialization.SpillingAdaptiveSpanningRecordDeserializer.getNextRecord(SpillingAdaptiveSpanningRecordDeserializer.java:95)
	at org.apache.flink.streaming.runtime.io.AbstractStreamTaskNetworkInput.emitNext(AbstractStreamTaskNetworkInput.java:159)
	... 10 more
59569 [e33b6259662c215ceb53ce68305ad6f9] Task [rescale0 (3/3)#0] INFO  rescale0 (3/3)#0 (2f02b7ce8f717172c4ef4d23a6b4ba95_7b4c6fe4c6df355e1ed86e978ba4a96e_2_0) switched from RUNNING to CANCELED due to CancelTaskException.
59569 [e33b6259662c215ceb53ce68305ad6f9] Task [rebalance0 (3/3)#0] INFO  rebalance0 (3/3)#0 (2f02b7ce8f717172c4ef4d23a6b4ba95_25a6d73fce56b9559bed0247061e93e0_2_0) switched from CANCELING to CANCELED.
59569 [e33b6259662c215ceb53ce68305ad6f9] Task [rebalance0 (1/3)#0] INFO  Freeing task resources for rebalance0 (1/3)#0 (2f02b7ce8f717172c4ef4d23a6b4ba95_25a6d73fce56b9559bed0247061e93e0_0_0).
59569 [e33b6259662c215ceb53ce68305ad6f9] Task [flink-pekko.actor.default-dispatcher-9] INFO  Attempting to cancel task upscale0 (3/4)#0 (2f02b7ce8f717172c4ef4d23a6b4ba95_7559af08559a2c7079a359b85b7edab5_2_0).
59569 [e33b6259662c215ceb53ce68305ad6f9] Task [flink-pekko.actor.default-dispatcher-9] INFO  upscale0 (3/4)#0 (2f02b7ce8f717172c4ef4d23a6b4ba95_7559af08559a2c7079a359b85b7edab5_2_0) switched from RUNNING to CANCELING.
59569 [e33b6259662c215ceb53ce68305ad6f9] Task [flink-pekko.actor.default-dispatcher-9] INFO  Triggering cancellation of task code upscale0 (3/4)#0 (2f02b7ce8f717172c4ef4d23a6b4ba95_7559af08559a2c7079a359b85b7edab5_2_0).
59569 [e33b6259662c215ceb53ce68305ad6f9] Task [Sink: sink (1/1)#0] INFO  Sink: sink (1/1)#0 (2f02b7ce8f717172c4ef4d23a6b4ba95_2e588ce1c86a9d46e2e85186773ce4fd_0_0) switched from INITIALIZING to RUNNING.
59569 [e33b6259662c215ceb53ce68305ad6f9] Task [failing-map (1/2)#0] INFO  Freeing task resources for failing-map (1/2)#0 (2f02b7ce8f717172c4ef4d23a6b4ba95_b8c789ec3a44294cb45da029ffe0e6fd_0_0).
59569 [e33b6259662c215ceb53ce68305ad6f9] Task [rescale0 (3/3)#0] INFO  Freeing task resources for rescale0 (3/3)#0 (2f02b7ce8f717172c4ef4d23a6b4ba95_7b4c6fe4c6df355e1ed86e978ba4a96e_2_0).
59569 [e33b6259662c215ceb53ce68305ad6f9] ChannelStateWriteRequestExecutorImpl [Channel state writer] INFO  discarding 1 drained requests
59569 [e33b6259662c215ceb53ce68305ad6f9] Task [upscale0 (3/4)#0] INFO  upscale0 (3/4)#0 (2f02b7ce8f717172c4ef4d23a6b4ba95_7559af08559a2c7079a359b85b7edab5_2_0) switched from CANCELING to CANCELED.
59570 [e33b6259662c215ceb53ce68305ad6f9] Task [upscale0 (3/4)#0] INFO  Freeing task resources for upscale0 (3/4)#0 (2f02b7ce8f717172c4ef4d23a6b4ba95_7559af08559a2c7079a359b85b7edab5_2_0).
59570 [e33b6259662c215ceb53ce68305ad6f9] Task [rebalance0 (3/3)#0] INFO  Freeing task resources for rebalance0 (3/3)#0 (2f02b7ce8f717172c4ef4d23a6b4ba95_25a6d73fce56b9559bed0247061e93e0_2_0).
59570 [e33b6259662c215ceb53ce68305ad6f9] Task [flink-pekko.actor.default-dispatcher-8] INFO  Attempting to cancel task upscale0 (4/4)#0 (2f02b7ce8f717172c4ef4d23a6b4ba95_7559af08559a2c7079a359b85b7edab5_3_0).
59570 [e33b6259662c215ceb53ce68305ad6f9] Task [flink-pekko.actor.default-dispatcher-8] INFO  upscale0 (4/4)#0 (2f02b7ce8f717172c4ef4d23a6b4ba95_7559af08559a2c7079a359b85b7edab5_3_0) switched from RUNNING to CANCELING.
59570 [e33b6259662c215ceb53ce68305ad6f9] Task [flink-pekko.actor.default-dispatcher-8] INFO  Triggering cancellation of task code upscale0 (4/4)#0 (2f02b7ce8f717172c4ef4d23a6b4ba95_7559af08559a2c7079a359b85b7edab5_3_0).
59570 [e33b6259662c215ceb53ce68305ad6f9] Task [flink-pekko.actor.default-dispatcher-9] INFO  Attempting to cancel task downscale0 (1/3)#0 (2f02b7ce8f717172c4ef4d23a6b4ba95_579c351891399448b6165717925f2b21_0_0).
59570 [e33b6259662c215ceb53ce68305ad6f9] Task [flink-pekko.actor.default-dispatcher-9] INFO  downscale0 (1/3)#0 (2f02b7ce8f717172c4ef4d23a6b4ba95_579c351891399448b6165717925f2b21_0_0) switched from RUNNING to CANCELING.
59570 [e33b6259662c215ceb53ce68305ad6f9] Task [flink-pekko.actor.default-dispatcher-9] INFO  Triggering cancellation of task code downscale0 (1/3)#0 (2f02b7ce8f717172c4ef4d23a6b4ba95_579c351891399448b6165717925f2b21_0_0).
59570 [e33b6259662c215ceb53ce68305ad6f9] ChannelStateWriteRequestExecutorImpl [Channel state writer] INFO  discarding 1 drained requests
59570 [e33b6259662c215ceb53ce68305ad6f9] Task [upscale0 (4/4)#0] INFO  upscale0 (4/4)#0 (2f02b7ce8f717172c4ef4d23a6b4ba95_7559af08559a2c7079a359b85b7edab5_3_0) switched from CANCELING to CANCELED.
59570 [e33b6259662c215ceb53ce68305ad6f9] Task [upscale0 (4/4)#0] INFO  Freeing task resources for upscale0 (4/4)#0 (2f02b7ce8f717172c4ef4d23a6b4ba95_7559af08559a2c7079a359b85b7edab5_3_0).
59570 [e33b6259662c215ceb53ce68305ad6f9] ChannelStateWriteRequestExecutorImpl [Channel state writer] INFO  discarding 1 drained requests
59570 [e33b6259662c215ceb53ce68305ad6f9] Task [downscale0 (1/3)#0] INFO  downscale0 (1/3)#0 (2f02b7ce8f717172c4ef4d23a6b4ba95_579c351891399448b6165717925f2b21_0_0) switched from CANCELING to CANCELED.
59570 [e33b6259662c215ceb53ce68305ad6f9] Task [flink-pekko.actor.default-dispatcher-9] INFO  Attempting to cancel task downscale0 (3/3)#0 (2f02b7ce8f717172c4ef4d23a6b4ba95_579c351891399448b6165717925f2b21_2_0).
59570 [e33b6259662c215ceb53ce68305ad6f9] Task [flink-pekko.actor.default-dispatcher-9] INFO  downscale0 (3/3)#0 (2f02b7ce8f717172c4ef4d23a6b4ba95_579c351891399448b6165717925f2b21_2_0) switched from RUNNING to CANCELING.
59570 [e33b6259662c215ceb53ce68305ad6f9] Task [flink-pekko.actor.default-dispatcher-9] INFO  Triggering cancellation of task code downscale0 (3/3)#0 (2f02b7ce8f717172c4ef4d23a6b4ba95_579c351891399448b6165717925f2b21_2_0).
59570 [e33b6259662c215ceb53ce68305ad6f9] Task [downscale0 (1/3)#0] INFO  Freeing task resources for downscale0 (1/3)#0 (2f02b7ce8f717172c4ef4d23a6b4ba95_579c351891399448b6165717925f2b21_0_0).
59570 [e33b6259662c215ceb53ce68305ad6f9] Task [downscale0 (3/3)#0] INFO  downscale0 (3/3)#0 (2f02b7ce8f717172c4ef4d23a6b4ba95_579c351891399448b6165717925f2b21_2_0) switched from CANCELING to CANCELED.
59570 [e33b6259662c215ceb53ce68305ad6f9] Task [flink-pekko.actor.default-dispatcher-8] INFO  Attempting to cancel task downscale0 (2/3)#0 (2f02b7ce8f717172c4ef4d23a6b4ba95_579c351891399448b6165717925f2b21_1_0).
59570 [e33b6259662c215ceb53ce68305ad6f9] Task [flink-pekko.actor.default-dispatcher-8] INFO  Task downscale0 (2/3)#0 is already in state FAILED
59570 [e33b6259662c215ceb53ce68305ad6f9] Task [flink-pekko.actor.default-dispatcher-8] INFO  Attempting to cancel task keyby0 (2/2)#0 (2f02b7ce8f717172c4ef4d23a6b4ba95_e32648f4a493dd25fdd7d9c66c500390_1_0).
59570 [e33b6259662c215ceb53ce68305ad6f9] Task [flink-pekko.actor.default-dispatcher-8] INFO  Task keyby0 (2/2)#0 is already in state FAILED
59570 [e33b6259662c215ceb53ce68305ad6f9] Task [flink-pekko.actor.default-dispatcher-8] INFO  Attempting to cancel task rescale0 (3/3)#0 (2f02b7ce8f717172c4ef4d23a6b4ba95_7b4c6fe4c6df355e1ed86e978ba4a96e_2_0).
59570 [e33b6259662c215ceb53ce68305ad6f9] Task [flink-pekko.actor.default-dispatcher-8] INFO  Task rescale0 (3/3)#0 is already in state CANCELED
59570 [e33b6259662c215ceb53ce68305ad6f9] Task [flink-pekko.actor.default-dispatcher-8] INFO  Attempting to cancel task keyby0 (2/2)#0 (2f02b7ce8f717172c4ef4d23a6b4ba95_e32648f4a493dd25fdd7d9c66c500390_1_0).
59570 [e33b6259662c215ceb53ce68305ad6f9] Task [flink-pekko.actor.default-dispatcher-8] INFO  Task keyby0 (2/2)#0 is already in state FAILED
59570 [e33b6259662c215ceb53ce68305ad6f9] Task [flink-pekko.actor.default-dispatcher-8] INFO  Attempting to fail task externally keyby0 (2/2)#0 (2f02b7ce8f717172c4ef4d23a6b4ba95_e32648f4a493dd25fdd7d9c66c500390_1_0).
59570 [e33b6259662c215ceb53ce68305ad6f9] Task [flink-pekko.actor.default-dispatcher-8] INFO  Task keyby0 (2/2)#0 is already in state FAILED
59570 [                                ] TaskExecutor [flink-pekko.actor.default-dispatcher-8] INFO  Un-registering task and sending final execution state CANCELED to JobManager for task Source: source0 -> input-filter0 -> input-counter0 (2/2)#0 2f02b7ce8f717172c4ef4d23a6b4ba95_3e9b902627593008a6d790e9aeca7953_1_0.
59570 [                                ] TaskExecutor [flink-pekko.actor.default-dispatcher-8] INFO  Un-registering task and sending final execution state CANCELED to JobManager for task global0 (2/2)#0 2f02b7ce8f717172c4ef4d23a6b4ba95_4eca6edb63b17eb77deb9de060a699d1_1_0.
59570 [                                ] TaskExecutor [flink-pekko.actor.default-dispatcher-8] INFO  Un-registering task and sending final execution state FAILED to JobManager for task downscale0 (2/3)#0 2f02b7ce8f717172c4ef4d23a6b4ba95_579c351891399448b6165717925f2b21_1_0.
59571 [                                ] TaskExecutor [flink-pekko.actor.default-dispatcher-8] INFO  Un-registering task and sending final execution state FAILED to JobManager for task keyby0 (2/2)#0 2f02b7ce8f717172c4ef4d23a6b4ba95_e32648f4a493dd25fdd7d9c66c500390_1_0.
59571 [                                ] TaskExecutor [flink-pekko.actor.default-dispatcher-8] INFO  Un-registering task and sending final execution state CANCELED to JobManager for task rebalance0 (2/3)#0 2f02b7ce8f717172c4ef4d23a6b4ba95_25a6d73fce56b9559bed0247061e93e0_1_0.
59571 [                                ] TaskExecutor [flink-pekko.actor.default-dispatcher-8] INFO  Un-registering task and sending final execution state CANCELED to JobManager for task rescale0 (3/3)#0 2f02b7ce8f717172c4ef4d23a6b4ba95_7b4c6fe4c6df355e1ed86e978ba4a96e_2_0.
59571 [                                ] TaskExecutor [flink-pekko.actor.default-dispatcher-8] INFO  Un-registering task and sending final execution state CANCELED to JobManager for task upscale0 (4/4)#0 2f02b7ce8f717172c4ef4d23a6b4ba95_7559af08559a2c7079a359b85b7edab5_3_0.
59571 [e33b6259662c215ceb53ce68305ad6f9] Task [downscale0 (3/3)#0] INFO  Freeing task resources for downscale0 (3/3)#0 (2f02b7ce8f717172c4ef4d23a6b4ba95_579c351891399448b6165717925f2b21_2_0).
59571 [e33b6259662c215ceb53ce68305ad6f9] ExecutionGraph [flink-pekko.actor.default-dispatcher-10] INFO  Source: source0 -> input-filter0 -> input-counter0 (2/2) (2f02b7ce8f717172c4ef4d23a6b4ba95_3e9b902627593008a6d790e9aeca7953_1_0) switched from CANCELING to CANCELED.
59571 [e33b6259662c215ceb53ce68305ad6f9] Task [flink-pekko.actor.default-dispatcher-9] INFO  Attempting to cancel task keyby0 (1/2)#0 (2f02b7ce8f717172c4ef4d23a6b4ba95_e32648f4a493dd25fdd7d9c66c500390_0_0).
59571 [e33b6259662c215ceb53ce68305ad6f9] Task [flink-pekko.actor.default-dispatcher-9] INFO  keyby0 (1/2)#0 (2f02b7ce8f717172c4ef4d23a6b4ba95_e32648f4a493dd25fdd7d9c66c500390_0_0) switched from RUNNING to CANCELING.
59571 [e33b6259662c215ceb53ce68305ad6f9] Task [flink-pekko.actor.default-dispatcher-9] INFO  Triggering cancellation of task code keyby0 (1/2)#0 (2f02b7ce8f717172c4ef4d23a6b4ba95_e32648f4a493dd25fdd7d9c66c500390_0_0).
59571 [e33b6259662c215ceb53ce68305ad6f9] ExecutionGraph [flink-pekko.actor.default-dispatcher-10] INFO  global0 (2/2) (2f02b7ce8f717172c4ef4d23a6b4ba95_4eca6edb63b17eb77deb9de060a699d1_1_0) switched from CANCELING to CANCELED.
59571 [e33b6259662c215ceb53ce68305ad6f9] Task [keyby0 (1/2)#0] INFO  keyby0 (1/2)#0 (2f02b7ce8f717172c4ef4d23a6b4ba95_e32648f4a493dd25fdd7d9c66c500390_0_0) switched from CANCELING to CANCELED.
59571 [e33b6259662c215ceb53ce68305ad6f9] Task [flink-pekko.actor.default-dispatcher-9] INFO  Attempting to cancel task rescale0 (1/3)#0 (2f02b7ce8f717172c4ef4d23a6b4ba95_7b4c6fe4c6df355e1ed86e978ba4a96e_0_0).
59571 [e33b6259662c215ceb53ce68305ad6f9] Task [flink-pekko.actor.default-dispatcher-9] INFO  rescale0 (1/3)#0 (2f02b7ce8f717172c4ef4d23a6b4ba95_7b4c6fe4c6df355e1ed86e978ba4a96e_0_0) switched from RUNNING to CANCELING.
59571 [e33b6259662c215ceb53ce68305ad6f9] Task [flink-pekko.actor.default-dispatcher-9] INFO  Triggering cancellation of task code rescale0 (1/3)#0 (2f02b7ce8f717172c4ef4d23a6b4ba95_7b4c6fe4c6df355e1ed86e978ba4a96e_0_0).
59571 [e33b6259662c215ceb53ce68305ad6f9] ExecutionGraph [flink-pekko.actor.default-dispatcher-10] INFO  downscale0 (2/3) (2f02b7ce8f717172c4ef4d23a6b4ba95_579c351891399448b6165717925f2b21_1_0) switched from CANCELING to CANCELED.
59571 [e33b6259662c215ceb53ce68305ad6f9] ExecutionGraph [flink-pekko.actor.default-dispatcher-10] INFO  Discarding the results produced by task execution 2f02b7ce8f717172c4ef4d23a6b4ba95_579c351891399448b6165717925f2b21_1_0.
59571 [e33b6259662c215ceb53ce68305ad6f9] ExecutionGraph [flink-pekko.actor.default-dispatcher-10] INFO  Discarding the results produced by task execution 2f02b7ce8f717172c4ef4d23a6b4ba95_579c351891399448b6165717925f2b21_1_0.
59571 [e33b6259662c215ceb53ce68305ad6f9] ExecutionGraph [flink-pekko.actor.default-dispatcher-10] INFO  keyby0 (2/2) (2f02b7ce8f717172c4ef4d23a6b4ba95_e32648f4a493dd25fdd7d9c66c500390_1_0) switched from CANCELING to CANCELED.
59571 [e33b6259662c215ceb53ce68305ad6f9] ExecutionGraph [flink-pekko.actor.default-dispatcher-10] INFO  Discarding the results produced by task execution 2f02b7ce8f717172c4ef4d23a6b4ba95_e32648f4a493dd25fdd7d9c66c500390_1_0.
59571 [e33b6259662c215ceb53ce68305ad6f9] ExecutionGraph [flink-pekko.actor.default-dispatcher-10] INFO  Discarding the results produced by task execution 2f02b7ce8f717172c4ef4d23a6b4ba95_e32648f4a493dd25fdd7d9c66c500390_1_0.
59571 [e33b6259662c215ceb53ce68305ad6f9] Task [rescale0 (1/3)#0] INFO  rescale0 (1/3)#0 (2f02b7ce8f717172c4ef4d23a6b4ba95_7b4c6fe4c6df355e1ed86e978ba4a96e_0_0) switched from CANCELING to CANCELED.
59571 [e33b6259662c215ceb53ce68305ad6f9] ExecutionGraph [flink-pekko.actor.default-dispatcher-10] INFO  rebalance0 (2/3) (2f02b7ce8f717172c4ef4d23a6b4ba95_25a6d73fce56b9559bed0247061e93e0_1_0) switched from CANCELING to CANCELED.
59571 [e33b6259662c215ceb53ce68305ad6f9] Task [flink-pekko.actor.default-dispatcher-9] INFO  Attempting to cancel task rescale0 (2/3)#0 (2f02b7ce8f717172c4ef4d23a6b4ba95_7b4c6fe4c6df355e1ed86e978ba4a96e_1_0).
59571 [e33b6259662c215ceb53ce68305ad6f9] Task [flink-pekko.actor.default-dispatcher-9] INFO  rescale0 (2/3)#0 (2f02b7ce8f717172c4ef4d23a6b4ba95_7b4c6fe4c6df355e1ed86e978ba4a96e_1_0) switched from RUNNING to CANCELING.
59571 [e33b6259662c215ceb53ce68305ad6f9] Task [flink-pekko.actor.default-dispatcher-9] INFO  Triggering cancellation of task code rescale0 (2/3)#0 (2f02b7ce8f717172c4ef4d23a6b4ba95_7b4c6fe4c6df355e1ed86e978ba4a96e_1_0).
59571 [e33b6259662c215ceb53ce68305ad6f9] ExecutionGraph [flink-pekko.actor.default-dispatcher-10] INFO  rescale0 (3/3) (2f02b7ce8f717172c4ef4d23a6b4ba95_7b4c6fe4c6df355e1ed86e978ba4a96e_2_0) switched from CANCELING to CANCELED.
59571 [e33b6259662c215ceb53ce68305ad6f9] Task [keyby0 (1/2)#0] INFO  Freeing task resources for keyby0 (1/2)#0 (2f02b7ce8f717172c4ef4d23a6b4ba95_e32648f4a493dd25fdd7d9c66c500390_0_0).
59571 [e33b6259662c215ceb53ce68305ad6f9] ExecutionGraph [flink-pekko.actor.default-dispatcher-10] INFO  upscale0 (4/4) (2f02b7ce8f717172c4ef4d23a6b4ba95_7559af08559a2c7079a359b85b7edab5_3_0) switched from CANCELING to CANCELED.
59571 [e33b6259662c215ceb53ce68305ad6f9] Task [rescale0 (2/3)#0] INFO  rescale0 (2/3)#0 (2f02b7ce8f717172c4ef4d23a6b4ba95_7b4c6fe4c6df355e1ed86e978ba4a96e_1_0) switched from CANCELING to CANCELED.
59571 [e33b6259662c215ceb53ce68305ad6f9] Task [rescale0 (1/3)#0] INFO  Freeing task resources for rescale0 (1/3)#0 (2f02b7ce8f717172c4ef4d23a6b4ba95_7b4c6fe4c6df355e1ed86e978ba4a96e_0_0).
59572 [e33b6259662c215ceb53ce68305ad6f9] Task [rescale0 (2/3)#0] INFO  Freeing task resources for rescale0 (2/3)#0 (2f02b7ce8f717172c4ef4d23a6b4ba95_7b4c6fe4c6df355e1ed86e978ba4a96e_1_0).
59572 [e33b6259662c215ceb53ce68305ad6f9] ChannelStateWriteRequestExecutorImpl [Channel state writer] INFO  discarding 1 drained requests
59572 [e33b6259662c215ceb53ce68305ad6f9] Task [flink-pekko.actor.default-dispatcher-9] INFO  Attempting to cancel task failing-map (1/2)#0 (2f02b7ce8f717172c4ef4d23a6b4ba95_b8c789ec3a44294cb45da029ffe0e6fd_0_0).
59572 [e33b6259662c215ceb53ce68305ad6f9] Task [flink-pekko.actor.default-dispatcher-9] INFO  Task failing-map (1/2)#0 is already in state FAILED
59572 [e33b6259662c215ceb53ce68305ad6f9] Task [flink-pekko.actor.default-dispatcher-9] INFO  Attempting to cancel task failing-map (2/2)#0 (2f02b7ce8f717172c4ef4d23a6b4ba95_b8c789ec3a44294cb45da029ffe0e6fd_1_0).
59572 [e33b6259662c215ceb53ce68305ad6f9] Task [flink-pekko.actor.default-dispatcher-9] INFO  failing-map (2/2)#0 (2f02b7ce8f717172c4ef4d23a6b4ba95_b8c789ec3a44294cb45da029ffe0e6fd_1_0) switched from RUNNING to CANCELING.
59572 [e33b6259662c215ceb53ce68305ad6f9] Task [flink-pekko.actor.default-dispatcher-9] INFO  Triggering cancellation of task code failing-map (2/2)#0 (2f02b7ce8f717172c4ef4d23a6b4ba95_b8c789ec3a44294cb45da029ffe0e6fd_1_0).
59572 [e33b6259662c215ceb53ce68305ad6f9] Task [failing-map (2/2)#0] INFO  failing-map (2/2)#0 (2f02b7ce8f717172c4ef4d23a6b4ba95_b8c789ec3a44294cb45da029ffe0e6fd_1_0) switched from CANCELING to CANCELED.
59572 [e33b6259662c215ceb53ce68305ad6f9] Task [flink-pekko.actor.default-dispatcher-9] INFO  Attempting to cancel task Sink: sink (1/1)#0 (2f02b7ce8f717172c4ef4d23a6b4ba95_2e588ce1c86a9d46e2e85186773ce4fd_0_0).
59572 [e33b6259662c215ceb53ce68305ad6f9] Task [flink-pekko.actor.default-dispatcher-9] INFO  Sink: sink (1/1)#0 (2f02b7ce8f717172c4ef4d23a6b4ba95_2e588ce1c86a9d46e2e85186773ce4fd_0_0) switched from RUNNING to CANCELING.
59572 [e33b6259662c215ceb53ce68305ad6f9] Task [flink-pekko.actor.default-dispatcher-9] INFO  Triggering cancellation of task code Sink: sink (1/1)#0 (2f02b7ce8f717172c4ef4d23a6b4ba95_2e588ce1c86a9d46e2e85186773ce4fd_0_0).
59572 [e33b6259662c215ceb53ce68305ad6f9] Task [Sink: sink (1/1)#0] INFO  Sink: sink (1/1)#0 (2f02b7ce8f717172c4ef4d23a6b4ba95_2e588ce1c86a9d46e2e85186773ce4fd_0_0) switched from CANCELING to CANCELED.
59572 [e33b6259662c215ceb53ce68305ad6f9] Task [failing-map (2/2)#0] INFO  Freeing task resources for failing-map (2/2)#0 (2f02b7ce8f717172c4ef4d23a6b4ba95_b8c789ec3a44294cb45da029ffe0e6fd_1_0).
59572 [e33b6259662c215ceb53ce68305ad6f9] Task [flink-pekko.actor.default-dispatcher-9] INFO  Attempting to cancel task rescale0 (1/3)#0 (2f02b7ce8f717172c4ef4d23a6b4ba95_7b4c6fe4c6df355e1ed86e978ba4a96e_0_0).
59572 [e33b6259662c215ceb53ce68305ad6f9] Task [flink-pekko.actor.default-dispatcher-9] INFO  Task rescale0 (1/3)#0 is already in state CANCELED
59572 [e33b6259662c215ceb53ce68305ad6f9] Task [flink-pekko.actor.default-dispatcher-9] INFO  Attempting to fail task externally rescale0 (1/3)#0 (2f02b7ce8f717172c4ef4d23a6b4ba95_7b4c6fe4c6df355e1ed86e978ba4a96e_0_0).
59572 [e33b6259662c215ceb53ce68305ad6f9] Task [flink-pekko.actor.default-dispatcher-9] INFO  Task rescale0 (1/3)#0 is already in state CANCELED
59572 [e33b6259662c215ceb53ce68305ad6f9] Task [flink-pekko.actor.default-dispatcher-9] INFO  Attempting to cancel task rescale0 (1/3)#0 (2f02b7ce8f717172c4ef4d23a6b4ba95_7b4c6fe4c6df355e1ed86e978ba4a96e_0_0).
59572 [e33b6259662c215ceb53ce68305ad6f9] Task [flink-pekko.actor.default-dispatcher-9] INFO  Task rescale0 (1/3)#0 is already in state CANCELED
59572 [e33b6259662c215ceb53ce68305ad6f9] UnalignedCheckpointTestBase [Sink: sink (1/1)#0] INFO  Last state StateBase{numOutOfOrderness=0, numLostValues=34733, numDuplicates=0, numOutput=31592, completedCheckpoints=4} @ 0 subtask (0 attempt)
59572 [e33b6259662c215ceb53ce68305ad6f9] Task [Sink: sink (1/1)#0] INFO  Freeing task resources for Sink: sink (1/1)#0 (2f02b7ce8f717172c4ef4d23a6b4ba95_2e588ce1c86a9d46e2e85186773ce4fd_0_0).
59572 [e33b6259662c215ceb53ce68305ad6f9] Task [flink-pekko.actor.default-dispatcher-9] INFO  Attempting to cancel task rescale0 (2/3)#0 (2f02b7ce8f717172c4ef4d23a6b4ba95_7b4c6fe4c6df355e1ed86e978ba4a96e_1_0).
59572 [e33b6259662c215ceb53ce68305ad6f9] Task [flink-pekko.actor.default-dispatcher-9] INFO  Task rescale0 (2/3)#0 is already in state CANCELED
59572 [e33b6259662c215ceb53ce68305ad6f9] Task [flink-pekko.actor.default-dispatcher-9] INFO  Attempting to cancel task upscale0 (3/4)#0 (2f02b7ce8f717172c4ef4d23a6b4ba95_7559af08559a2c7079a359b85b7edab5_2_0).
59572 [e33b6259662c215ceb53ce68305ad6f9] Task [flink-pekko.actor.default-dispatcher-9] INFO  Task upscale0 (3/4)#0 is already in state CANCELED
59572 [e33b6259662c215ceb53ce68305ad6f9] Task [flink-pekko.actor.default-dispatcher-9] INFO  Attempting to cancel task rescale0 (2/3)#0 (2f02b7ce8f717172c4ef4d23a6b4ba95_7b4c6fe4c6df355e1ed86e978ba4a96e_1_0).
59572 [e33b6259662c215ceb53ce68305ad6f9] Task [flink-pekko.actor.default-dispatcher-9] INFO  Task rescale0 (2/3)#0 is already in state CANCELED
59572 [e33b6259662c215ceb53ce68305ad6f9] ChannelStateWriteRequestExecutorImpl [Channel state writer] INFO  discarding 1 drained requests
59572 [e33b6259662c215ceb53ce68305ad6f9] Task [flink-pekko.actor.default-dispatcher-9] INFO  Attempting to fail task externally rescale0 (1/3)#0 (2f02b7ce8f717172c4ef4d23a6b4ba95_7b4c6fe4c6df355e1ed86e978ba4a96e_0_0).
59572 [e33b6259662c215ceb53ce68305ad6f9] Task [flink-pekko.actor.default-dispatcher-9] INFO  Task rescale0 (1/3)#0 is already in state CANCELED
59572 [e33b6259662c215ceb53ce68305ad6f9] Task [flink-pekko.actor.default-dispatcher-9] INFO  Attempting to cancel task keyby0 (1/2)#0 (2f02b7ce8f717172c4ef4d23a6b4ba95_e32648f4a493dd25fdd7d9c66c500390_0_0).
59572 [e33b6259662c215ceb53ce68305ad6f9] Task [flink-pekko.actor.default-dispatcher-9] INFO  Task keyby0 (1/2)#0 is already in state CANCELED
59572 [e33b6259662c215ceb53ce68305ad6f9] Task [flink-pekko.actor.default-dispatcher-9] INFO  Attempting to cancel task downscale0 (3/3)#0 (2f02b7ce8f717172c4ef4d23a6b4ba95_579c351891399448b6165717925f2b21_2_0).
59572 [e33b6259662c215ceb53ce68305ad6f9] Task [flink-pekko.actor.default-dispatcher-9] INFO  Task downscale0 (3/3)#0 is already in state CANCELED
59572 [e33b6259662c215ceb53ce68305ad6f9] Task [flink-pekko.actor.default-dispatcher-9] INFO  Attempting to cancel task failing-map (2/2)#0 (2f02b7ce8f717172c4ef4d23a6b4ba95_b8c789ec3a44294cb45da029ffe0e6fd_1_0).
59572 [e33b6259662c215ceb53ce68305ad6f9] Task [flink-pekko.actor.default-dispatcher-9] INFO  Task failing-map (2/2)#0 is already in state CANCELED
59572 [e33b6259662c215ceb53ce68305ad6f9] Task [flink-pekko.actor.default-dispatcher-9] INFO  Attempting to fail task externally upscale0 (3/4)#0 (2f02b7ce8f717172c4ef4d23a6b4ba95_7559af08559a2c7079a359b85b7edab5_2_0).
59572 [e33b6259662c215ceb53ce68305ad6f9] Task [flink-pekko.actor.default-dispatcher-9] INFO  Task upscale0 (3/4)#0 is already in state CANCELED
59572 [e33b6259662c215ceb53ce68305ad6f9] Task [flink-pekko.actor.default-dispatcher-9] INFO  Attempting to fail task externally rescale0 (2/3)#0 (2f02b7ce8f717172c4ef4d23a6b4ba95_7b4c6fe4c6df355e1ed86e978ba4a96e_1_0).
59572 [e33b6259662c215ceb53ce68305ad6f9] Task [flink-pekko.actor.default-dispatcher-9] INFO  Task rescale0 (2/3)#0 is already in state CANCELED
59572 [e33b6259662c215ceb53ce68305ad6f9] Task [flink-pekko.actor.default-dispatcher-9] INFO  Attempting to fail task externally keyby0 (1/2)#0 (2f02b7ce8f717172c4ef4d23a6b4ba95_e32648f4a493dd25fdd7d9c66c500390_0_0).
59572 [e33b6259662c215ceb53ce68305ad6f9] Task [flink-pekko.actor.default-dispatcher-9] INFO  Task keyby0 (1/2)#0 is already in state CANCELED
59572 [e33b6259662c215ceb53ce68305ad6f9] Task [flink-pekko.actor.default-dispatcher-9] INFO  Attempting to fail task externally rescale0 (2/3)#0 (2f02b7ce8f717172c4ef4d23a6b4ba95_7b4c6fe4c6df355e1ed86e978ba4a96e_1_0).
59572 [e33b6259662c215ceb53ce68305ad6f9] Task [flink-pekko.actor.default-dispatcher-9] INFO  Task rescale0 (2/3)#0 is already in state CANCELED
59572 [e33b6259662c215ceb53ce68305ad6f9] Task [flink-pekko.actor.default-dispatcher-9] INFO  Attempting to fail task externally downscale0 (3/3)#0 (2f02b7ce8f717172c4ef4d23a6b4ba95_579c351891399448b6165717925f2b21_2_0).
59572 [e33b6259662c215ceb53ce68305ad6f9] Task [flink-pekko.actor.default-dispatcher-9] INFO  Task downscale0 (3/3)#0 is already in state CANCELED
59572 [e33b6259662c215ceb53ce68305ad6f9] Task [flink-pekko.actor.default-dispatcher-9] INFO  Attempting to fail task externally failing-map (2/2)#0 (2f02b7ce8f717172c4ef4d23a6b4ba95_b8c789ec3a44294cb45da029ffe0e6fd_1_0).
59572 [e33b6259662c215ceb53ce68305ad6f9] Task [flink-pekko.actor.default-dispatcher-9] INFO  Task failing-map (2/2)#0 is already in state CANCELED
59572 [e33b6259662c215ceb53ce68305ad6f9] Task [flink-pekko.actor.default-dispatcher-9] INFO  Attempting to cancel task failing-map (1/2)#0 (2f02b7ce8f717172c4ef4d23a6b4ba95_b8c789ec3a44294cb45da029ffe0e6fd_0_0).
59572 [e33b6259662c215ceb53ce68305ad6f9] Task [flink-pekko.actor.default-dispatcher-9] INFO  Task failing-map (1/2)#0 is already in state FAILED
59572 [e33b6259662c215ceb53ce68305ad6f9] Task [flink-pekko.actor.default-dispatcher-9] INFO  Attempting to cancel task failing-map (2/2)#0 (2f02b7ce8f717172c4ef4d23a6b4ba95_b8c789ec3a44294cb45da029ffe0e6fd_1_0).
59572 [e33b6259662c215ceb53ce68305ad6f9] Task [flink-pekko.actor.default-dispatcher-9] INFO  Task failing-map (2/2)#0 is already in state CANCELED
59572 [e33b6259662c215ceb53ce68305ad6f9] Task [flink-pekko.actor.default-dispatcher-9] INFO  Attempting to cancel task Sink: sink (1/1)#0 (2f02b7ce8f717172c4ef4d23a6b4ba95_2e588ce1c86a9d46e2e85186773ce4fd_0_0).
59572 [e33b6259662c215ceb53ce68305ad6f9] Task [flink-pekko.actor.default-dispatcher-9] INFO  Task Sink: sink (1/1)#0 is already in state CANCELED
59572 [e33b6259662c215ceb53ce68305ad6f9] Task [flink-pekko.actor.default-dispatcher-9] INFO  Attempting to fail task externally failing-map (1/2)#0 (2f02b7ce8f717172c4ef4d23a6b4ba95_b8c789ec3a44294cb45da029ffe0e6fd_0_0).
59572 [e33b6259662c215ceb53ce68305ad6f9] Task [flink-pekko.actor.default-dispatcher-9] INFO  Task failing-map (1/2)#0 is already in state FAILED
59572 [e33b6259662c215ceb53ce68305ad6f9] Task [flink-pekko.actor.default-dispatcher-9] INFO  Attempting to fail task externally failing-map (2/2)#0 (2f02b7ce8f717172c4ef4d23a6b4ba95_b8c789ec3a44294cb45da029ffe0e6fd_1_0).
59572 [e33b6259662c215ceb53ce68305ad6f9] Task [flink-pekko.actor.default-dispatcher-9] INFO  Task failing-map (2/2)#0 is already in state CANCELED
59572 [e33b6259662c215ceb53ce68305ad6f9] Task [flink-pekko.actor.default-dispatcher-9] INFO  Attempting to fail task externally Sink: sink (1/1)#0 (2f02b7ce8f717172c4ef4d23a6b4ba95_2e588ce1c86a9d46e2e85186773ce4fd_0_0).
59572 [e33b6259662c215ceb53ce68305ad6f9] Task [flink-pekko.actor.default-dispatcher-9] INFO  Task Sink: sink (1/1)#0 is already in state CANCELED
59572 [                                ] TaskExecutor [flink-pekko.actor.default-dispatcher-9] INFO  Un-registering task and sending final execution state CANCELED to JobManager for task Source: source0 -> input-filter0 -> input-counter0 (1/2)#0 2f02b7ce8f717172c4ef4d23a6b4ba95_3e9b902627593008a6d790e9aeca7953_0_0.
59572 [e33b6259662c215ceb53ce68305ad6f9] Task [flink-pekko.actor.default-dispatcher-9] INFO  Attempting to cancel task keyby0 (1/2)#0 (2f02b7ce8f717172c4ef4d23a6b4ba95_e32648f4a493dd25fdd7d9c66c500390_0_0).
59572 [e33b6259662c215ceb53ce68305ad6f9] Task [flink-pekko.actor.default-dispatcher-9] INFO  Task keyby0 (1/2)#0 is already in state CANCELED
59572 [e33b6259662c215ceb53ce68305ad6f9] Task [flink-pekko.actor.default-dispatcher-9] INFO  Attempting to fail task externally keyby0 (1/2)#0 (2f02b7ce8f717172c4ef4d23a6b4ba95_e32648f4a493dd25fdd7d9c66c500390_0_0).
59572 [e33b6259662c215ceb53ce68305ad6f9] Task [flink-pekko.actor.default-dispatcher-9] INFO  Task keyby0 (1/2)#0 is already in state CANCELED
59572 [                                ] TaskExecutor [flink-pekko.actor.default-dispatcher-9] INFO  Un-registering task and sending final execution state CANCELED to JobManager for task global0 (1/2)#0 2f02b7ce8f717172c4ef4d23a6b4ba95_4eca6edb63b17eb77deb9de060a699d1_0_0.
59572 [e33b6259662c215ceb53ce68305ad6f9] ExecutionGraph [flink-pekko.actor.default-dispatcher-10] INFO  Source: source0 -> input-filter0 -> input-counter0 (1/2) (2f02b7ce8f717172c4ef4d23a6b4ba95_3e9b902627593008a6d790e9aeca7953_0_0) switched from CANCELING to CANCELED.
59572 [e33b6259662c215ceb53ce68305ad6f9] Task [flink-pekko.actor.default-dispatcher-9] INFO  Attempting to cancel task failing-map (1/2)#0 (2f02b7ce8f717172c4ef4d23a6b4ba95_b8c789ec3a44294cb45da029ffe0e6fd_0_0).
59572 [e33b6259662c215ceb53ce68305ad6f9] Task [flink-pekko.actor.default-dispatcher-9] INFO  Task failing-map (1/2)#0 is already in state FAILED
59572 [e33b6259662c215ceb53ce68305ad6f9] Task [flink-pekko.actor.default-dispatcher-9] INFO  Attempting to fail task externally failing-map (1/2)#0 (2f02b7ce8f717172c4ef4d23a6b4ba95_b8c789ec3a44294cb45da029ffe0e6fd_0_0).
59572 [e33b6259662c215ceb53ce68305ad6f9] Task [flink-pekko.actor.default-dispatcher-9] INFO  Task failing-map (1/2)#0 is already in state FAILED
59572 [                                ] TaskExecutor [flink-pekko.actor.default-dispatcher-9] INFO  Un-registering task and sending final execution state CANCELED to JobManager for task rebalance0 (1/3)#0 2f02b7ce8f717172c4ef4d23a6b4ba95_25a6d73fce56b9559bed0247061e93e0_0_0.
59572 [e33b6259662c215ceb53ce68305ad6f9] Task [flink-pekko.actor.default-dispatcher-9] INFO  Attempting to cancel task Sink: sink (1/1)#0 (2f02b7ce8f717172c4ef4d23a6b4ba95_2e588ce1c86a9d46e2e85186773ce4fd_0_0).
59572 [e33b6259662c215ceb53ce68305ad6f9] Task [flink-pekko.actor.default-dispatcher-9] INFO  Task Sink: sink (1/1)#0 is already in state CANCELED
59572 [e33b6259662c215ceb53ce68305ad6f9] ExecutionGraph [flink-pekko.actor.default-dispatcher-10] INFO  global0 (1/2) (2f02b7ce8f717172c4ef4d23a6b4ba95_4eca6edb63b17eb77deb9de060a699d1_0_0) switched from CANCELING to CANCELED.
59572 [e33b6259662c215ceb53ce68305ad6f9] Task [flink-pekko.actor.default-dispatcher-9] INFO  Attempting to fail task externally Sink: sink (1/1)#0 (2f02b7ce8f717172c4ef4d23a6b4ba95_2e588ce1c86a9d46e2e85186773ce4fd_0_0).
59572 [e33b6259662c215ceb53ce68305ad6f9] Task [flink-pekko.actor.default-dispatcher-9] INFO  Task Sink: sink (1/1)#0 is already in state CANCELED
59572 [                                ] TaskExecutor [flink-pekko.actor.default-dispatcher-9] INFO  Un-registering task and sending final execution state FAILED to JobManager for task failing-map (1/2)#0 2f02b7ce8f717172c4ef4d23a6b4ba95_b8c789ec3a44294cb45da029ffe0e6fd_0_0.
59572 [e33b6259662c215ceb53ce68305ad6f9] ExecutionGraph [flink-pekko.actor.default-dispatcher-10] INFO  rebalance0 (1/3) (2f02b7ce8f717172c4ef4d23a6b4ba95_25a6d73fce56b9559bed0247061e93e0_0_0) switched from CANCELING to CANCELED.
59572 [                                ] TaskExecutor [flink-pekko.actor.default-dispatcher-9] INFO  Un-registering task and sending final execution state CANCELED to JobManager for task upscale0 (3/4)#0 2f02b7ce8f717172c4ef4d23a6b4ba95_7559af08559a2c7079a359b85b7edab5_2_0.
59572 [e33b6259662c215ceb53ce68305ad6f9] ExecutionGraph [flink-pekko.actor.default-dispatcher-10] INFO  failing-map (1/2) (2f02b7ce8f717172c4ef4d23a6b4ba95_b8c789ec3a44294cb45da029ffe0e6fd_0_0) switched from CANCELING to CANCELED.
59572 [                                ] TaskExecutor [flink-pekko.actor.default-dispatcher-9] INFO  Un-registering task and sending final execution state CANCELED to JobManager for task rebalance0 (3/3)#0 2f02b7ce8f717172c4ef4d23a6b4ba95_25a6d73fce56b9559bed0247061e93e0_2_0.
59572 [e33b6259662c215ceb53ce68305ad6f9] ExecutionGraph [flink-pekko.actor.default-dispatcher-10] INFO  Discarding the results produced by task execution 2f02b7ce8f717172c4ef4d23a6b4ba95_b8c789ec3a44294cb45da029ffe0e6fd_0_0.
59573 [                                ] TaskExecutor [flink-pekko.actor.default-dispatcher-9] INFO  Un-registering task and sending final execution state CANCELED to JobManager for task downscale0 (1/3)#0 2f02b7ce8f717172c4ef4d23a6b4ba95_579c351891399448b6165717925f2b21_0_0.
59573 [e33b6259662c215ceb53ce68305ad6f9] ExecutionGraph [flink-pekko.actor.default-dispatcher-10] INFO  Discarding the results produced by task execution 2f02b7ce8f717172c4ef4d23a6b4ba95_b8c789ec3a44294cb45da029ffe0e6fd_0_0.
59573 [                                ] TaskExecutor [flink-pekko.actor.default-dispatcher-9] INFO  Un-registering task and sending final execution state CANCELED to JobManager for task downscale0 (3/3)#0 2f02b7ce8f717172c4ef4d23a6b4ba95_579c351891399448b6165717925f2b21_2_0.
59573 [e33b6259662c215ceb53ce68305ad6f9] ExecutionGraph [flink-pekko.actor.default-dispatcher-10] INFO  upscale0 (3/4) (2f02b7ce8f717172c4ef4d23a6b4ba95_7559af08559a2c7079a359b85b7edab5_2_0) switched from CANCELING to CANCELED.
59573 [                                ] TaskExecutor [flink-pekko.actor.default-dispatcher-9] INFO  Un-registering task and sending final execution state CANCELED to JobManager for task keyby0 (1/2)#0 2f02b7ce8f717172c4ef4d23a6b4ba95_e32648f4a493dd25fdd7d9c66c500390_0_0.
59573 [                                ] TaskExecutor [flink-pekko.actor.default-dispatcher-9] INFO  Un-registering task and sending final execution state CANCELED to JobManager for task rescale0 (1/3)#0 2f02b7ce8f717172c4ef4d23a6b4ba95_7b4c6fe4c6df355e1ed86e978ba4a96e_0_0.
59573 [e33b6259662c215ceb53ce68305ad6f9] ExecutionGraph [flink-pekko.actor.default-dispatcher-10] INFO  rebalance0 (3/3) (2f02b7ce8f717172c4ef4d23a6b4ba95_25a6d73fce56b9559bed0247061e93e0_2_0) switched from CANCELING to CANCELED.
59573 [                                ] TaskExecutor [flink-pekko.actor.default-dispatcher-9] INFO  Un-registering task and sending final execution state CANCELED to JobManager for task rescale0 (2/3)#0 2f02b7ce8f717172c4ef4d23a6b4ba95_7b4c6fe4c6df355e1ed86e978ba4a96e_1_0.
59573 [                                ] TaskExecutor [flink-pekko.actor.default-dispatcher-9] INFO  Un-registering task and sending final execution state CANCELED to JobManager for task failing-map (2/2)#0 2f02b7ce8f717172c4ef4d23a6b4ba95_b8c789ec3a44294cb45da029ffe0e6fd_1_0.
59573 [e33b6259662c215ceb53ce68305ad6f9] ExecutionGraph [flink-pekko.actor.default-dispatcher-10] INFO  downscale0 (1/3) (2f02b7ce8f717172c4ef4d23a6b4ba95_579c351891399448b6165717925f2b21_0_0) switched from CANCELING to CANCELED.
59573 [                                ] TaskExecutor [flink-pekko.actor.default-dispatcher-9] INFO  Un-registering task and sending final execution state CANCELED to JobManager for task Sink: sink (1/1)#0 2f02b7ce8f717172c4ef4d23a6b4ba95_2e588ce1c86a9d46e2e85186773ce4fd_0_0.
59573 [e33b6259662c215ceb53ce68305ad6f9] ExecutionGraph [flink-pekko.actor.default-dispatcher-10] INFO  downscale0 (3/3) (2f02b7ce8f717172c4ef4d23a6b4ba95_579c351891399448b6165717925f2b21_2_0) switched from CANCELING to CANCELED.
59573 [e33b6259662c215ceb53ce68305ad6f9] ExecutionGraph [flink-pekko.actor.default-dispatcher-10] INFO  keyby0 (1/2) (2f02b7ce8f717172c4ef4d23a6b4ba95_e32648f4a493dd25fdd7d9c66c500390_0_0) switched from CANCELING to CANCELED.
59573 [e33b6259662c215ceb53ce68305ad6f9] ExecutionGraph [flink-pekko.actor.default-dispatcher-10] INFO  rescale0 (1/3) (2f02b7ce8f717172c4ef4d23a6b4ba95_7b4c6fe4c6df355e1ed86e978ba4a96e_0_0) switched from CANCELING to CANCELED.
59573 [e33b6259662c215ceb53ce68305ad6f9] ExecutionGraph [flink-pekko.actor.default-dispatcher-10] INFO  rescale0 (2/3) (2f02b7ce8f717172c4ef4d23a6b4ba95_7b4c6fe4c6df355e1ed86e978ba4a96e_1_0) switched from CANCELING to CANCELED.
59573 [e33b6259662c215ceb53ce68305ad6f9] ExecutionGraph [flink-pekko.actor.default-dispatcher-9] INFO  failing-map (2/2) (2f02b7ce8f717172c4ef4d23a6b4ba95_b8c789ec3a44294cb45da029ffe0e6fd_1_0) switched from CANCELING to CANCELED.
59573 [e33b6259662c215ceb53ce68305ad6f9] ExecutionGraph [flink-pekko.actor.default-dispatcher-9] INFO  Sink: sink (1/1) (2f02b7ce8f717172c4ef4d23a6b4ba95_2e588ce1c86a9d46e2e85186773ce4fd_0_0) switched from CANCELING to CANCELED.
59573 [e33b6259662c215ceb53ce68305ad6f9] ExecutionGraph [flink-pekko.actor.default-dispatcher-9] INFO  Job Flink Streaming Job (e33b6259662c215ceb53ce68305ad6f9) switched from state FAILING to FAILED.
org.apache.flink.runtime.JobException: Recovery is suppressed by FixedDelayRestartBackoffTimeStrategy(maxNumberRestartAttempts=0, backoffTimeMS=100)
	at org.apache.flink.runtime.executiongraph.failover.ExecutionFailureHandler.handleFailure(ExecutionFailureHandler.java:213)
	at org.apache.flink.runtime.executiongraph.failover.ExecutionFailureHandler.handleFailureAndReport(ExecutionFailureHandler.java:163)
	at org.apache.flink.runtime.executiongraph.failover.ExecutionFailureHandler.getFailureHandlingResult(ExecutionFailureHandler.java:118)
	at org.apache.flink.runtime.scheduler.DefaultScheduler.recordTaskFailure(DefaultScheduler.java:300)
	at org.apache.flink.runtime.scheduler.DefaultScheduler.handleTaskFailure(DefaultScheduler.java:291)
	at org.apache.flink.runtime.scheduler.DefaultScheduler.onTaskFailed(DefaultScheduler.java:284)
	at org.apache.flink.runtime.scheduler.SchedulerBase.onTaskExecutionStateUpdate(SchedulerBase.java:836)
	at org.apache.flink.runtime.scheduler.SchedulerBase.updateTaskExecutionState(SchedulerBase.java:813)
	at org.apache.flink.runtime.scheduler.SchedulerNG.updateTaskExecutionState(SchedulerNG.java:90)
	at org.apache.flink.runtime.jobmaster.JobMaster.updateTaskExecutionState(JobMaster.java:543)
	at jdk.internal.reflect.GeneratedMethodAccessor33.invoke(Unknown Source)
	at java.base/jdk.internal.reflect.DelegatingMethodAccessorImpl.invoke(DelegatingMethodAccessorImpl.java:43)
	at java.base/java.lang.reflect.Method.invoke(Method.java:566)
	at org.apache.flink.runtime.rpc.pekko.PekkoRpcActor.lambda$handleRpcInvocation$1(PekkoRpcActor.java:318)
	at org.apache.flink.runtime.concurrent.ClassLoadingUtils.runWithContextClassLoader(ClassLoadingUtils.java:83)
	at org.apache.flink.runtime.rpc.pekko.PekkoRpcActor.handleRpcInvocation(PekkoRpcActor.java:316)
	at org.apache.flink.runtime.rpc.pekko.PekkoRpcActor.handleRpcMessage(PekkoRpcActor.java:229)
	at org.apache.flink.runtime.rpc.pekko.FencedPekkoRpcActor.handleRpcMessage(FencedPekkoRpcActor.java:88)
	at org.apache.flink.runtime.rpc.pekko.PekkoRpcActor.handleMessage(PekkoRpcActor.java:174)
	at org.apache.pekko.japi.pf.UnitCaseStatement.apply(CaseStatements.scala:37)
	at org.apache.pekko.japi.pf.UnitCaseStatement.apply(CaseStatements.scala:33)
	at scala.PartialFunction.applyOrElse(PartialFunction.scala:127)
	at scala.PartialFunction.applyOrElse$(PartialFunction.scala:126)
	at org.apache.pekko.japi.pf.UnitCaseStatement.applyOrElse(CaseStatements.scala:33)
	at scala.PartialFunction$OrElse.applyOrElse(PartialFunction.scala:175)
	at scala.PartialFunction$OrElse.applyOrElse(PartialFunction.scala:176)
	at scala.PartialFunction$OrElse.applyOrElse(PartialFunction.scala:176)
	at org.apache.pekko.actor.Actor.aroundReceive(Actor.scala:547)
	at org.apache.pekko.actor.Actor.aroundReceive$(Actor.scala:545)
	at org.apache.pekko.actor.AbstractActor.aroundReceive(AbstractActor.scala:229)
	at org.apache.pekko.actor.ActorCell.receiveMessage(ActorCell.scala:590)
	at org.apache.pekko.actor.ActorCell.invoke(ActorCell.scala:557)
	at org.apache.pekko.dispatch.Mailbox.processMailbox(Mailbox.scala:273)
	at org.apache.pekko.dispatch.Mailbox.run(Mailbox.scala:234)
	at org.apache.pekko.dispatch.Mailbox.exec(Mailbox.scala:246)
	at java.base/java.util.concurrent.ForkJoinTask.doExec(ForkJoinTask.java:290)
	at java.base/java.util.concurrent.ForkJoinPool$WorkQueue.topLevelExec(ForkJoinPool.java:1020)
	at java.base/java.util.concurrent.ForkJoinPool.scan(ForkJoinPool.java:1656)
	at java.base/java.util.concurrent.ForkJoinPool.runWorker(ForkJoinPool.java:1594)
	at java.base/java.util.concurrent.ForkJoinWorkerThread.run(ForkJoinWorkerThread.java:183)
Caused by: java.io.IOException: Can't get next record for channel InputChannelInfo{gateIdx=0, inputChannelIdx=0}
	at org.apache.flink.streaming.runtime.io.AbstractStreamTaskNetworkInput.emitNext(AbstractStreamTaskNetworkInput.java:162)
	at org.apache.flink.streaming.runtime.io.StreamOneInputProcessor.processInput(StreamOneInputProcessor.java:65)
	at org.apache.flink.streaming.runtime.tasks.StreamTask.processInput(StreamTask.java:672)
	at org.apache.flink.streaming.runtime.tasks.mailbox.MailboxProcessor.runMailboxLoop(MailboxProcessor.java:231)
	at org.apache.flink.streaming.runtime.tasks.StreamTask.runMailboxLoop(StreamTask.java:1201)
	at org.apache.flink.streaming.runtime.tasks.StreamTask.invoke(StreamTask.java:1138)
	at org.apache.flink.runtime.taskmanager.Task.runWithSystemExitMonitoring(Task.java:987)
	at org.apache.flink.runtime.taskmanager.Task.restoreAndInvoke(Task.java:969)
	at org.apache.flink.runtime.taskmanager.Task.doRun(Task.java:774)
	at org.apache.flink.runtime.taskmanager.Task.run(Task.java:579)
	at java.base/java.lang.Thread.run(Thread.java:829)
Caused by: java.io.EOFException
	at org.apache.flink.core.memory.DataInputDeserializer.readByte(DataInputDeserializer.java:134)
	at org.apache.flink.streaming.runtime.streamrecord.StreamElementSerializer.deserialize(StreamElementSerializer.java:201)
	at org.apache.flink.streaming.runtime.streamrecord.StreamElementSerializer.deserialize(StreamElementSerializer.java:44)
	at org.apache.flink.runtime.plugable.NonReusingDeserializationDelegate.read(NonReusingDeserializationDelegate.java:53)
	at org.apache.flink.runtime.io.network.api.serialization.SpillingAdaptiveSpanningRecordDeserializer.readNextRecord(SpillingAdaptiveSpanningRecordDeserializer.java:112)
	at org.apache.flink.runtime.io.network.api.serialization.SpillingAdaptiveSpanningRecordDeserializer.getNextRecord(SpillingAdaptiveSpanningRecordDeserializer.java:95)
	at org.apache.flink.streaming.runtime.io.AbstractStreamTaskNetworkInput.emitNext(AbstractStreamTaskNetworkInput.java:159)
	... 10 more
59573 [                                ] SingleJobApplication [flink-pekko.actor.default-dispatcher-10] INFO  Application completed with job status FAILED
59573 [e33b6259662c215ceb53ce68305ad6f9] CheckpointCoordinator [flink-pekko.actor.default-dispatcher-9] INFO  Stopping checkpoint coordinator for job e33b6259662c215ceb53ce68305ad6f9.
59573 [                                ] AbstractApplication [flink-pekko.actor.default-dispatcher-10] INFO  Application SingleJobApplication(Flink Streaming Job) (e33b6259662c215ceb53ce68305ad6f9) switched from state RUNNING to FAILING.
59573 [                                ] AbstractApplication [flink-pekko.actor.default-dispatcher-10] INFO  Application SingleJobApplication(Flink Streaming Job) (e33b6259662c215ceb53ce68305ad6f9) switched from state FAILING to FAILED.
59573 [e33b6259662c215ceb53ce68305ad6f9] StandaloneDispatcher [flink-pekko.actor.default-dispatcher-9] INFO  Job e33b6259662c215ceb53ce68305ad6f9 reached terminal state FAILED.
org.apache.flink.runtime.JobException: Recovery is suppressed by FixedDelayRestartBackoffTimeStrategy(maxNumberRestartAttempts=0, backoffTimeMS=100)
	at org.apache.flink.runtime.executiongraph.failover.ExecutionFailureHandler.handleFailure(ExecutionFailureHandler.java:213)
	at org.apache.flink.runtime.executiongraph.failover.ExecutionFailureHandler.handleFailureAndReport(ExecutionFailureHandler.java:163)
	at org.apache.flink.runtime.executiongraph.failover.ExecutionFailureHandler.getFailureHandlingResult(ExecutionFailureHandler.java:118)
	at org.apache.flink.runtime.scheduler.DefaultScheduler.recordTaskFailure(DefaultScheduler.java:300)
	at org.apache.flink.runtime.scheduler.DefaultScheduler.handleTaskFailure(DefaultScheduler.java:291)
	at org.apache.flink.runtime.scheduler.DefaultScheduler.onTaskFailed(DefaultScheduler.java:284)
	at org.apache.flink.runtime.scheduler.SchedulerBase.onTaskExecutionStateUpdate(SchedulerBase.java:836)
	at org.apache.flink.runtime.scheduler.SchedulerBase.updateTaskExecutionState(SchedulerBase.java:813)
	at org.apache.flink.runtime.scheduler.SchedulerNG.updateTaskExecutionState(SchedulerNG.java:90)
	at org.apache.flink.runtime.jobmaster.JobMaster.updateTaskExecutionState(JobMaster.java:543)
	at jdk.internal.reflect.GeneratedMethodAccessor33.invoke(Unknown Source)
	at java.base/jdk.internal.reflect.DelegatingMethodAccessorImpl.invoke(DelegatingMethodAccessorImpl.java:43)
	at java.base/java.lang.reflect.Method.invoke(Method.java:566)
	at org.apache.flink.runtime.rpc.pekko.PekkoRpcActor.lambda$handleRpcInvocation$1(PekkoRpcActor.java:318)
	at org.apache.flink.runtime.concurrent.ClassLoadingUtils.runWithContextClassLoader(ClassLoadingUtils.java:83)
	at org.apache.flink.runtime.rpc.pekko.PekkoRpcActor.handleRpcInvocation(PekkoRpcActor.java:316)
	at org.apache.flink.runtime.rpc.pekko.PekkoRpcActor.handleRpcMessage(PekkoRpcActor.java:229)
	at org.apache.flink.runtime.rpc.pekko.FencedPekkoRpcActor.handleRpcMessage(FencedPekkoRpcActor.java:88)
	at org.apache.flink.runtime.rpc.pekko.PekkoRpcActor.handleMessage(PekkoRpcActor.java:174)
	at org.apache.pekko.japi.pf.UnitCaseStatement.apply(CaseStatements.scala:37)
	at org.apache.pekko.japi.pf.UnitCaseStatement.apply(CaseStatements.scala:33)
	at scala.PartialFunction.applyOrElse(PartialFunction.scala:127)
	at scala.PartialFunction.applyOrElse$(PartialFunction.scala:126)
	at org.apache.pekko.japi.pf.UnitCaseStatement.applyOrElse(CaseStatements.scala:33)
	at scala.PartialFunction$OrElse.applyOrElse(PartialFunction.scala:175)
	at scala.PartialFunction$OrElse.applyOrElse(PartialFunction.scala:176)
	at scala.PartialFunction$OrElse.applyOrElse(PartialFunction.scala:176)
	at org.apache.pekko.actor.Actor.aroundReceive(Actor.scala:547)
	at org.apache.pekko.actor.Actor.aroundReceive$(Actor.scala:545)
	at org.apache.pekko.actor.AbstractActor.aroundReceive(AbstractActor.scala:229)
	at org.apache.pekko.actor.ActorCell.receiveMessage(ActorCell.scala:590)
	at org.apache.pekko.actor.ActorCell.invoke(ActorCell.scala:557)
	at org.apache.pekko.dispatch.Mailbox.processMailbox(Mailbox.scala:273)
	at org.apache.pekko.dispatch.Mailbox.run(Mailbox.scala:234)
	at org.apache.pekko.dispatch.Mailbox.exec(Mailbox.scala:246)
	at java.base/java.util.concurrent.ForkJoinTask.doExec(ForkJoinTask.java:290)
	at java.base/java.util.concurrent.ForkJoinPool$WorkQueue.topLevelExec(ForkJoinPool.java:1020)
	at java.base/java.util.concurrent.ForkJoinPool.scan(ForkJoinPool.java:1656)
	at java.base/java.util.concurrent.ForkJoinPool.runWorker(ForkJoinPool.java:1594)
	at java.base/java.util.concurrent.ForkJoinWorkerThread.run(ForkJoinWorkerThread.java:183)
Caused by: java.io.IOException: Can't get next record for channel InputChannelInfo{gateIdx=0, inputChannelIdx=0}
	at org.apache.flink.streaming.runtime.io.AbstractStreamTaskNetworkInput.emitNext(AbstractStreamTaskNetworkInput.java:162)
	at org.apache.flink.streaming.runtime.io.StreamOneInputProcessor.processInput(StreamOneInputProcessor.java:65)
	at org.apache.flink.streaming.runtime.tasks.StreamTask.processInput(StreamTask.java:672)
	at org.apache.flink.streaming.runtime.tasks.mailbox.MailboxProcessor.runMailboxLoop(MailboxProcessor.java:231)
	at org.apache.flink.streaming.runtime.tasks.StreamTask.runMailboxLoop(StreamTask.java:1201)
	at org.apache.flink.streaming.runtime.tasks.StreamTask.invoke(StreamTask.java:1138)
	at org.apache.flink.runtime.taskmanager.Task.runWithSystemExitMonitoring(Task.java:987)
	at org.apache.flink.runtime.taskmanager.Task.restoreAndInvoke(Task.java:969)
	at org.apache.flink.runtime.taskmanager.Task.doRun(Task.java:774)
	at org.apache.flink.runtime.taskmanager.Task.run(Task.java:579)
	at java.base/java.lang.Thread.run(Thread.java:829)
Caused by: java.io.EOFException
	at org.apache.flink.core.memory.DataInputDeserializer.readByte(DataInputDeserializer.java:134)
	at org.apache.flink.streaming.runtime.streamrecord.StreamElementSerializer.deserialize(StreamElementSerializer.java:201)
	at org.apache.flink.streaming.runtime.streamrecord.StreamElementSerializer.deserialize(StreamElementSerializer.java:44)
	at org.apache.flink.runtime.plugable.NonReusingDeserializationDelegate.read(NonReusingDeserializationDelegate.java:53)
	at org.apache.flink.runtime.io.network.api.serialization.SpillingAdaptiveSpanningRecordDeserializer.readNextRecord(SpillingAdaptiveSpanningRecordDeserializer.java:112)
	at org.apache.flink.runtime.io.network.api.serialization.SpillingAdaptiveSpanningRecordDeserializer.getNextRecord(SpillingAdaptiveSpanningRecordDeserializer.java:95)
	at org.apache.flink.streaming.runtime.io.AbstractStreamTaskNetworkInput.emitNext(AbstractStreamTaskNetworkInput.java:159)
	... 10 more
59573 [                                ] StandaloneDispatcher [flink-pekko.actor.default-dispatcher-9] INFO  Archiving application (e33b6259662c215ceb53ce68305ad6f9) with terminal state FAILED.
59573 [e33b6259662c215ceb53ce68305ad6f9] JobMaster [flink-pekko.actor.default-dispatcher-6] INFO  Stopping the JobMaster for job 'Flink Streaming Job' (e33b6259662c215ceb53ce68305ad6f9).
59573 [e33b6259662c215ceb53ce68305ad6f9] SourceCoordinator [Thread-900] INFO  Closing SourceCoordinator for source Source: source0.
59573 [e33b6259662c215ceb53ce68305ad6f9] StandaloneCompletedCheckpointStore [flink-pekko.actor.default-dispatcher-6] INFO  Shutting down
59574 [e33b6259662c215ceb53ce68305ad6f9] StandaloneCompletedCheckpointStore [flink-pekko.actor.default-dispatcher-6] INFO  Checkpoint with ID 5 at 'file:/var/folders/m8/q6f016tn6cl2cp86hfq331_w0000gp/T/junit-8228656632016441026/junit638187050990921127/72d2f2102094885a0a6022bf82208c93/chk-5' not discarded.
59574 [e33b6259662c215ceb53ce68305ad6f9] SourceCoordinator [Thread-900] INFO  Source coordinator for source Source: source0 closed.
59574 [e33b6259662c215ceb53ce68305ad6f9] DefaultDeclarativeSlotPool [flink-pekko.actor.default-dispatcher-6] INFO  Releasing slot [334bd6dcf8e371bcac09e1f03c3443c7].
59574 [e33b6259662c215ceb53ce68305ad6f9] DefaultDeclarativeSlotPool [flink-pekko.actor.default-dispatcher-6] INFO  Releasing slot [306777177b554cdc3bf0e6fe2c45e9d0].
59574 [e33b6259662c215ceb53ce68305ad6f9] JobMaster [flink-pekko.actor.default-dispatcher-6] INFO  Disconnect TaskExecutor 15051983-f52c-442f-9ad5-7a4d4074b3d5 because: Stopping JobMaster for job 'Flink Streaming Job' (e33b6259662c215ceb53ce68305ad6f9).
59574 [e33b6259662c215ceb53ce68305ad6f9] DefaultDeclarativeSlotPool [flink-pekko.actor.default-dispatcher-6] INFO  Releasing slot [de76262377b5e028047c31610c353817].
59574 [e33b6259662c215ceb53ce68305ad6f9] TaskSlotTableImpl [flink-pekko.actor.default-dispatcher-9] INFO  Free slot TaskSlot(index:2, state:ACTIVE, resource profile: ResourceProfile{taskHeapMemory=512.000gb (549755813888 bytes), taskOffHeapMemory=512.000gb (549755813888 bytes), managedMemory=40.000mb (41943040 bytes), networkMemory=16.000mb (16777216 bytes)}, allocationId: 334bd6dcf8e371bcac09e1f03c3443c7, jobId: e33b6259662c215ceb53ce68305ad6f9).
59574 [e33b6259662c215ceb53ce68305ad6f9] DefaultDeclarativeSlotPool [flink-pekko.actor.default-dispatcher-6] INFO  Releasing slot [a56c84c60f2a594c433f235dcb62c200].
59574 [e33b6259662c215ceb53ce68305ad6f9] JobMaster [flink-pekko.actor.default-dispatcher-6] INFO  Disconnect TaskExecutor e56130a9-2f7d-45ae-9f38-de02a87425db because: Stopping JobMaster for job 'Flink Streaming Job' (e33b6259662c215ceb53ce68305ad6f9).
59574 [e33b6259662c215ceb53ce68305ad6f9] JobMaster [flink-pekko.actor.default-dispatcher-6] INFO  Close ResourceManager connection c03092e1d4d31cdc98612d210db13e92: Stopping JobMaster for job 'Flink Streaming Job' (e33b6259662c215ceb53ce68305ad6f9).
59574 [e33b6259662c215ceb53ce68305ad6f9] TaskSlotTableImpl [flink-pekko.actor.default-dispatcher-10] INFO  Free slot TaskSlot(index:2, state:ACTIVE, resource profile: ResourceProfile{taskHeapMemory=512.000gb (549755813888 bytes), taskOffHeapMemory=512.000gb (549755813888 bytes), managedMemory=40.000mb (41943040 bytes), networkMemory=16.000mb (16777216 bytes)}, allocationId: de76262377b5e028047c31610c353817, jobId: e33b6259662c215ceb53ce68305ad6f9).
59574 [e33b6259662c215ceb53ce68305ad6f9] StandaloneResourceManager [flink-pekko.actor.default-dispatcher-8] INFO  Disconnect job manager 80dc931e6633af24aae168fbc8b34628@pekko://flink/user/rpc/jobmanager_327 for job e33b6259662c215ceb53ce68305ad6f9 from the resource manager.
59574 [e33b6259662c215ceb53ce68305ad6f9] TaskSlotTableImpl [flink-pekko.actor.default-dispatcher-9] INFO  Free slot TaskSlot(index:3, state:ACTIVE, resource profile: ResourceProfile{taskHeapMemory=512.000gb (549755813888 bytes), taskOffHeapMemory=512.000gb (549755813888 bytes), managedMemory=40.000mb (41943040 bytes), networkMemory=16.000mb (16777216 bytes)}, allocationId: 306777177b554cdc3bf0e6fe2c45e9d0, jobId: e33b6259662c215ceb53ce68305ad6f9).
59574 [e33b6259662c215ceb53ce68305ad6f9] DefaultSlotStatusSyncer [flink-pekko.actor.default-dispatcher-8] INFO  Freeing slot 334bd6dcf8e371bcac09e1f03c3443c7.
59574 [e33b6259662c215ceb53ce68305ad6f9] DefaultSlotStatusSyncer [flink-pekko.actor.default-dispatcher-8] INFO  Freeing slot de76262377b5e028047c31610c353817.
59574 [e33b6259662c215ceb53ce68305ad6f9] TaskSlotTableImpl [flink-pekko.actor.default-dispatcher-10] INFO  Free slot TaskSlot(index:3, state:ACTIVE, resource profile: ResourceProfile{taskHeapMemory=512.000gb (549755813888 bytes), taskOffHeapMemory=512.000gb (549755813888 bytes), managedMemory=40.000mb (41943040 bytes), networkMemory=16.000mb (16777216 bytes)}, allocationId: a56c84c60f2a594c433f235dcb62c200, jobId: e33b6259662c215ceb53ce68305ad6f9).
59574 [e33b6259662c215ceb53ce68305ad6f9] DefaultSlotStatusSyncer [flink-pekko.actor.default-dispatcher-6] INFO  Freeing slot 306777177b554cdc3bf0e6fe2c45e9d0.
59574 [e33b6259662c215ceb53ce68305ad6f9] DefaultJobLeaderService [flink-pekko.actor.default-dispatcher-9] INFO  Remove job e33b6259662c215ceb53ce68305ad6f9 from job leader monitoring.
59574 [e33b6259662c215ceb53ce68305ad6f9] TaskExecutor [flink-pekko.actor.default-dispatcher-9] INFO  Close JobManager connection for job e33b6259662c215ceb53ce68305ad6f9.
59574 [                                ] TaskExecutor [mini-cluster-io-thread-3] INFO  JobManager for job e33b6259662c215ceb53ce68305ad6f9 with leader id 80dc931e6633af24aae168fbc8b34628 lost leadership.
59574 [e33b6259662c215ceb53ce68305ad6f9] DefaultJobLeaderService [flink-pekko.actor.default-dispatcher-10] INFO  Remove job e33b6259662c215ceb53ce68305ad6f9 from job leader monitoring.
59574 [e33b6259662c215ceb53ce68305ad6f9] DefaultSlotStatusSyncer [flink-pekko.actor.default-dispatcher-6] INFO  Freeing slot a56c84c60f2a594c433f235dcb62c200.
59574 [e33b6259662c215ceb53ce68305ad6f9] TaskExecutor [flink-pekko.actor.default-dispatcher-10] INFO  Close JobManager connection for job e33b6259662c215ceb53ce68305ad6f9.
59593 [                                ] MiniClusterWithClientResource [ForkJoinPool-1-worker-19] INFO  Finalization triggered: Cluster shutdown is going to be initiated.
59593 [                                ] MiniCluster [ForkJoinPool-1-worker-19] INFO  Shutting down Flink Mini Cluster
59593 [                                ] TaskExecutor [flink-pekko.actor.default-dispatcher-8] INFO  Stopping TaskExecutor pekko://flink/user/rpc/taskmanager_324.
59593 [                                ] TaskExecutor [flink-pekko.actor.default-dispatcher-10] INFO  Stopping TaskExecutor pekko://flink/user/rpc/taskmanager_322.
59593 [                                ] DispatcherRestEndpoint [ForkJoinPool-1-worker-19] INFO  Shutting down rest endpoint.
59593 [                                ] TaskExecutor [flink-pekko.actor.default-dispatcher-9] INFO  Stopping TaskExecutor pekko://flink/user/rpc/taskmanager_323.
59593 [                                ] TaskExecutor [flink-pekko.actor.default-dispatcher-8] INFO  Close ResourceManager connection c03092e1d4d31cdc98612d210db13e92.
59593 [                                ] TaskExecutor [flink-pekko.actor.default-dispatcher-10] INFO  Close ResourceManager connection c03092e1d4d31cdc98612d210db13e92.
59593 [                                ] TaskExecutor [flink-pekko.actor.default-dispatcher-9] INFO  Close ResourceManager connection c03092e1d4d31cdc98612d210db13e92.
59593 [                                ] TaskExecutorStateChangelogStoragesManager [flink-pekko.actor.default-dispatcher-8] INFO  Shutting down TaskExecutorStateChangelogStoragesManager.
59593 [                                ] TaskExecutorChannelStateExecutorFactoryManager [flink-pekko.actor.default-dispatcher-8] INFO  Shutting down TaskExecutorChannelStateExecutorFactoryManager.
59593 [                                ] TaskExecutorStateChangelogStoragesManager [flink-pekko.actor.default-dispatcher-9] INFO  Shutting down TaskExecutorStateChangelogStoragesManager.
59593 [                                ] TaskExecutorChannelStateExecutorFactoryManager [flink-pekko.actor.default-dispatcher-9] INFO  Shutting down TaskExecutorChannelStateExecutorFactoryManager.
59593 [                                ] TaskExecutorStateChangelogStoragesManager [flink-pekko.actor.default-dispatcher-10] INFO  Shutting down TaskExecutorStateChangelogStoragesManager.
59593 [                                ] TaskExecutorChannelStateExecutorFactoryManager [flink-pekko.actor.default-dispatcher-10] INFO  Shutting down TaskExecutorChannelStateExecutorFactoryManager.
59593 [                                ] DefaultJobLeaderService [flink-pekko.actor.default-dispatcher-9] INFO  Stop job leader service.
59593 [                                ] TaskExecutorLocalStateStoresManager [flink-pekko.actor.default-dispatcher-9] INFO  Shutting down TaskExecutorLocalStateStoresManager.
59593 [                                ] StandaloneResourceManager [flink-pekko.actor.default-dispatcher-6] INFO  Closing TaskExecutor connection 2ab57488-aeb1-4db4-beb2-21395f4a361f because: The TaskExecutor is shutting down.
59593 [                                ] FineGrainedSlotManager [flink-pekko.actor.default-dispatcher-6] INFO  Unregistering task executor 902c83c2f699553a875af8e4ee0d4249 from the slot manager.
59593 [                                ] StandaloneResourceManager [flink-pekko.actor.default-dispatcher-6] INFO  Closing TaskExecutor connection e56130a9-2f7d-45ae-9f38-de02a87425db because: The TaskExecutor is shutting down.
59593 [                                ] FineGrainedSlotManager [flink-pekko.actor.default-dispatcher-6] INFO  Unregistering task executor e0436fbe017bbf363a92c5683cb1027a from the slot manager.
59593 [                                ] StandaloneResourceManager [flink-pekko.actor.default-dispatcher-6] INFO  Closing TaskExecutor connection 15051983-f52c-442f-9ad5-7a4d4074b3d5 because: The TaskExecutor is shutting down.
59593 [                                ] FineGrainedSlotManager [flink-pekko.actor.default-dispatcher-6] INFO  Unregistering task executor 70da6f1ac34420a7957228ede9554f39 from the slot manager.
59593 [                                ] DefaultJobLeaderService [flink-pekko.actor.default-dispatcher-10] INFO  Stop job leader service.
59593 [                                ] DefaultJobLeaderService [flink-pekko.actor.default-dispatcher-8] INFO  Stop job leader service.
59593 [                                ] TaskExecutorLocalStateStoresManager [flink-pekko.actor.default-dispatcher-10] INFO  Shutting down TaskExecutorLocalStateStoresManager.
59593 [                                ] TaskExecutorLocalStateStoresManager [flink-pekko.actor.default-dispatcher-8] INFO  Shutting down TaskExecutorLocalStateStoresManager.
59593 [                                ] FileChannelManagerImpl [flink-pekko.actor.default-dispatcher-9] INFO  FileChannelManager removed spill file directory /var/folders/m8/q6f016tn6cl2cp86hfq331_w0000gp/T/junit11527954557374417671/junit7764784948782209175/flink-io-047c684f-9895-4aca-b9eb-fcd3d9891a5c
59593 [                                ] NettyShuffleEnvironment [flink-pekko.actor.default-dispatcher-9] INFO  Shutting down the network environment and its components.
59594 [                                ] NettyClient [flink-pekko.actor.default-dispatcher-9] INFO  Successful shutdown (took 0 ms).
59594 [                                ] NettyServer [flink-pekko.actor.default-dispatcher-9] INFO  Successful shutdown (took 0 ms).
59594 [                                ] FileChannelManagerImpl [flink-pekko.actor.default-dispatcher-8] INFO  FileChannelManager removed spill file directory /var/folders/m8/q6f016tn6cl2cp86hfq331_w0000gp/T/junit11527954557374417671/junit7764784948782209175/flink-io-9964b9df-55bf-4ca2-bd8b-a7a4cbdd595e
59594 [                                ] NettyShuffleEnvironment [flink-pekko.actor.default-dispatcher-8] INFO  Shutting down the network environment and its components.
59594 [                                ] NettyClient [flink-pekko.actor.default-dispatcher-8] INFO  Successful shutdown (took 0 ms).
59594 [                                ] NettyServer [flink-pekko.actor.default-dispatcher-8] INFO  Successful shutdown (took 0 ms).
59594 [                                ] DispatcherRestEndpoint [ForkJoinPool.commonPool-worker-9] INFO  Removing cache directory /var/folders/m8/q6f016tn6cl2cp86hfq331_w0000gp/T/flink-web-ui
59595 [                                ] FileChannelManagerImpl [flink-pekko.actor.default-dispatcher-10] INFO  FileChannelManager removed spill file directory /var/folders/m8/q6f016tn6cl2cp86hfq331_w0000gp/T/junit11527954557374417671/junit7764784948782209175/flink-io-9cc3d4d5-d151-44f4-bd81-3e580e1c0715
59595 [                                ] NettyShuffleEnvironment [flink-pekko.actor.default-dispatcher-10] INFO  Shutting down the network environment and its components.
59595 [                                ] DispatcherRestEndpoint [ForkJoinPool.commonPool-worker-9] INFO  http://localhost:64548 lost leadership
59595 [                                ] DispatcherRestEndpoint [ForkJoinPool.commonPool-worker-9] INFO  Shut down complete.
59595 [                                ] NettyClient [flink-pekko.actor.default-dispatcher-10] INFO  Successful shutdown (took 0 ms).
59595 [                                ] NettyServer [flink-pekko.actor.default-dispatcher-10] INFO  Successful shutdown (took 0 ms).
59595 [                                ] StandaloneResourceManager [flink-pekko.actor.default-dispatcher-6] INFO  Shut down cluster because application is in CANCELED, diagnostics DispatcherResourceManagerComponent has been closed..
59595 [                                ] DispatcherResourceManagerComponent [flink-pekko.actor.default-dispatcher-6] INFO  Closing components.
59595 [                                ] SessionDispatcherLeaderProcess [flink-pekko.actor.default-dispatcher-6] INFO  Stopping SessionDispatcherLeaderProcess.
59595 [                                ] ResourceManagerServiceImpl [flink-pekko.actor.default-dispatcher-6] INFO  Stopping resource manager service.
59595 [                                ] ResourceManagerServiceImpl [pool-698-thread-1] INFO  Resource manager service is not running. Ignore revoking leadership.
59595 [                                ] FileChannelManagerImpl [flink-pekko.actor.default-dispatcher-8] INFO  FileChannelManager removed spill file directory /var/folders/m8/q6f016tn6cl2cp86hfq331_w0000gp/T/junit11527954557374417671/junit7764784948782209175/flink-netty-shuffle-3d981019-d9a7-44ae-aab9-dfa5c0849039
59595 [                                ] StandaloneDispatcher [flink-pekko.actor.default-dispatcher-6] INFO  Stopping dispatcher pekko://flink/user/rpc/dispatcher_325.
59595 [                                ] StandaloneDispatcher [flink-pekko.actor.default-dispatcher-6] INFO  Stopping all currently running jobs of dispatcher pekko://flink/user/rpc/dispatcher_325.
59595 [                                ] KvStateService [flink-pekko.actor.default-dispatcher-8] INFO  Shutting down the kvState service and its components.
59595 [                                ] DefaultJobLeaderService [flink-pekko.actor.default-dispatcher-8] INFO  Stop job leader service.
59595 [                                ] StandaloneDispatcher [flink-pekko.actor.default-dispatcher-6] INFO  Stopping all currently running applications [] of dispatcher pekko://flink/user/rpc/dispatcher_325.
59595 [                                ] FileChannelManagerImpl [flink-pekko.actor.default-dispatcher-9] INFO  FileChannelManager removed spill file directory /var/folders/m8/q6f016tn6cl2cp86hfq331_w0000gp/T/junit11527954557374417671/junit7764784948782209175/flink-netty-shuffle-cd5263aa-81d7-4ef9-86bc-b6bdfe239576
59595 [                                ] KvStateService [flink-pekko.actor.default-dispatcher-9] INFO  Shutting down the kvState service and its components.
59595 [                                ] DefaultJobLeaderService [flink-pekko.actor.default-dispatcher-9] INFO  Stop job leader service.
59595 [                                ] FileCache [flink-pekko.actor.default-dispatcher-9] INFO  removed file cache directory /var/folders/m8/q6f016tn6cl2cp86hfq331_w0000gp/T/junit11527954557374417671/junit7764784948782209175/flink-dist-cache-5cdef3e4-c2b4-4937-96b5-841effc0c1c0
59595 [                                ] TaskExecutor [flink-pekko.actor.default-dispatcher-9] INFO  Stopped TaskExecutor pekko://flink/user/rpc/taskmanager_323.
59595 [                                ] FileCache [flink-pekko.actor.default-dispatcher-8] INFO  removed file cache directory /var/folders/m8/q6f016tn6cl2cp86hfq331_w0000gp/T/junit11527954557374417671/junit7764784948782209175/flink-dist-cache-c1aad51b-75e2-4acd-a50f-3886151bf7c9
59595 [                                ] DefaultDelegationTokenManager [flink-pekko.actor.default-dispatcher-9] INFO  Stopping credential renewal
59595 [                                ] DefaultDelegationTokenManager [flink-pekko.actor.default-dispatcher-9] INFO  Stopped credential renewal
59595 [                                ] FineGrainedSlotManager [flink-pekko.actor.default-dispatcher-9] INFO  Closing the slot manager.
59595 [                                ] FineGrainedSlotManager [flink-pekko.actor.default-dispatcher-9] INFO  Suspending the slot manager.
59595 [                                ] TaskExecutor [flink-pekko.actor.default-dispatcher-8] INFO  Stopped TaskExecutor pekko://flink/user/rpc/taskmanager_324.
59595 [                                ] FileChannelManagerImpl [flink-pekko.actor.default-dispatcher-10] INFO  FileChannelManager removed spill file directory /var/folders/m8/q6f016tn6cl2cp86hfq331_w0000gp/T/junit11527954557374417671/junit7764784948782209175/flink-netty-shuffle-b821574d-5886-49bc-9c78-3f0a08c6cb4c
59596 [                                ] KvStateService [flink-pekko.actor.default-dispatcher-10] INFO  Shutting down the kvState service and its components.
59596 [                                ] DefaultJobLeaderService [flink-pekko.actor.default-dispatcher-10] INFO  Stop job leader service.
59596 [                                ] FileCache [flink-pekko.actor.default-dispatcher-10] INFO  removed file cache directory /var/folders/m8/q6f016tn6cl2cp86hfq331_w0000gp/T/junit11527954557374417671/junit7764784948782209175/flink-dist-cache-21fc25e5-8fd9-4358-9228-07923668c7c1
59596 [                                ] TaskExecutor [flink-pekko.actor.default-dispatcher-10] INFO  Stopped TaskExecutor pekko://flink/user/rpc/taskmanager_322.
59596 [                                ] StandaloneDispatcher [flink-pekko.actor.default-dispatcher-6] INFO  Stopped dispatcher pekko://flink/user/rpc/dispatcher_325.
59596 [                                ] PekkoRpcService [mini-cluster-io-thread-1] INFO  Stopping Pekko RPC service.
59596 [                                ] CoordinatedShutdown [flink-metrics-6] INFO  Running CoordinatedShutdown with reason [ActorSystemTerminateReason]
59602 [                                ] PekkoRpcService [flink-metrics-6] INFO  Stopping Pekko RPC service.
59602 [                                ] PekkoRpcService [flink-metrics-6] INFO  Stopped Pekko RPC service.
59603 [                                ] CoordinatedShutdown [flink-pekko.actor.default-dispatcher-6] INFO  Running CoordinatedShutdown with reason [ActorSystemTerminateReason]
59610 [                                ] PermanentBlobCache [flink-pekko.actor.default-dispatcher-6] INFO  Shutting down BLOB cache
59610 [                                ] TransientBlobCache [flink-pekko.actor.default-dispatcher-6] INFO  Shutting down BLOB cache
59610 [                                ] BlobServer [flink-pekko.actor.default-dispatcher-6] INFO  Stopped BLOB server at 0.0.0.0:64544
59610 [                                ] PekkoRpcService [flink-pekko.actor.default-dispatcher-6] INFO  Stopped Pekko RPC service.
59620 [                                ] TestLoggerExtension [ForkJoinPool-1-worker-19] ERROR 
--------------------------------------------------------------------------------
Test org.apache.flink.test.checkpointing.UnalignedCheckpointRescaleITCase.shouldRescaleUnalignedCheckpoint[downscale pipeline from 3 to 2, sourceSleepMs = 0] failed with:
org.opentest4j.AssertionFailedError: Graph is in globally terminal state (FAILED)
	at org.junit.jupiter.api.AssertionUtils.fail(AssertionUtils.java:42)
	at org.junit.jupiter.api.Assertions.fail(Assertions.java:150)
	at org.apache.flink.runtime.testutils.CommonTestUtils.lambda$waitForAllTaskRunning$3(CommonTestUtils.java:215)
	at org.apache.flink.runtime.testutils.CommonTestUtils.waitUntilCondition(CommonTestUtils.java:152)
	at org.apache.flink.runtime.testutils.CommonTestUtils.waitUntilCondition(CommonTestUtils.java:146)
	at org.apache.flink.runtime.testutils.CommonTestUtils.waitForAllTaskRunning(CommonTestUtils.java:210)
	at org.apache.flink.runtime.testutils.CommonTestUtils.waitForAllTaskRunning(CommonTestUtils.java:183)
	at org.apache.flink.test.checkpointing.UnalignedCheckpointTestBase.execute(UnalignedCheckpointTestBase.java:204)
	at org.apache.flink.test.checkpointing.UnalignedCheckpointRescaleITCase.shouldRescaleUnalignedCheckpoint(UnalignedCheckpointRescaleITCase.java:668)
	at jdk.internal.reflect.GeneratedMethodAccessor137.invoke(Unknown Source)
	at java.base/jdk.internal.reflect.DelegatingMethodAccessorImpl.invoke(DelegatingMethodAccessorImpl.java:43)
	at java.base/java.lang.reflect.Method.invoke(Method.java:566)
	at org.junit.platform.commons.util.ReflectionUtils.invokeMethod(ReflectionUtils.java:767)
	at org.junit.jupiter.engine.execution.MethodInvocation.proceed(MethodInvocation.java:60)
	at org.junit.jupiter.engine.execution.InvocationInterceptorChain$ValidatingInvocation.proceed(InvocationInterceptorChain.java:131)
	at org.junit.jupiter.engine.extension.TimeoutExtension.intercept(TimeoutExtension.java:156)
	at org.junit.jupiter.engine.extension.TimeoutExtension.interceptTestableMethod(TimeoutExtension.java:147)
	at org.junit.jupiter.engine.extension.TimeoutExtension.interceptTestTemplateMethod(TimeoutExtension.java:94)
	at org.junit.jupiter.engine.execution.InterceptingExecutableInvoker$ReflectiveInterceptorCall.lambda$ofVoidMethod$0(InterceptingExecutableInvoker.java:103)
	at org.junit.jupiter.engine.execution.InterceptingExecutableInvoker.lambda$invoke$0(InterceptingExecutableInvoker.java:93)
	at org.junit.jupiter.engine.execution.InvocationInterceptorChain$InterceptedInvocation.proceed(InvocationInterceptorChain.java:106)
	at org.junit.jupiter.engine.execution.InvocationInterceptorChain.proceed(InvocationInterceptorChain.java:64)
	at org.junit.jupiter.engine.execution.InvocationInterceptorChain.chainAndInvoke(InvocationInterceptorChain.java:45)
	at org.junit.jupiter.engine.execution.InvocationInterceptorChain.invoke(InvocationInterceptorChain.java:37)
	at org.junit.jupiter.engine.execution.InterceptingExecutableInvoker.invoke(InterceptingExecutableInvoker.java:92)
	at org.junit.jupiter.engine.execution.InterceptingExecutableInvoker.invoke(InterceptingExecutableInvoker.java:86)
	at org.junit.jupiter.engine.descriptor.TestMethodTestDescriptor.lambda$invokeTestMethod$8(TestMethodTestDescriptor.java:217)
	at org.junit.platform.engine.support.hierarchical.ThrowableCollector.execute(ThrowableCollector.java:73)
	at org.junit.jupiter.engine.descriptor.TestMethodTestDescriptor.invokeTestMethod(TestMethodTestDescriptor.java:213)
	at org.junit.jupiter.engine.descriptor.TestMethodTestDescriptor.execute(TestMethodTestDescriptor.java:138)
	at org.junit.jupiter.engine.descriptor.TestMethodTestDescriptor.execute(TestMethodTestDescriptor.java:68)
	at org.junit.platform.engine.support.hierarchical.NodeTestTask.lambda$executeRecursively$6(NodeTestTask.java:156)
	at org.junit.platform.engine.support.hierarchical.ThrowableCollector.execute(ThrowableCollector.java:73)
	at org.junit.platform.engine.support.hierarchical.NodeTestTask.lambda$executeRecursively$8(NodeTestTask.java:146)
	at org.junit.platform.engine.support.hierarchical.Node.around(Node.java:137)
	at org.junit.platform.engine.support.hierarchical.NodeTestTask.lambda$executeRecursively$9(NodeTestTask.java:144)
	at org.junit.platform.engine.support.hierarchical.ThrowableCollector.execute(ThrowableCollector.java:73)
	at org.junit.platform.engine.support.hierarchical.NodeTestTask.executeRecursively(NodeTestTask.java:143)
	at org.junit.platform.engine.support.hierarchical.NodeTestTask.execute(NodeTestTask.java:100)
	at org.junit.platform.engine.support.hierarchical.ForkJoinPoolHierarchicalTestExecutorService$ExclusiveTask.exec(ForkJoinPoolHierarchicalTestExecutorService.java:274)
	at org.junit.platform.engine.support.hierarchical.ForkJoinPoolHierarchicalTestExecutorService$ExclusiveTask.execSync(ForkJoinPoolHierarchicalTestExecutorService.java:247)
	at org.junit.platform.engine.support.hierarchical.ForkJoinPoolHierarchicalTestExecutorService.submit(ForkJoinPoolHierarchicalTestExecutorService.java:148)
	at org.junit.platform.engine.support.hierarchical.NodeTestTask$DefaultDynamicTestExecutor.execute(NodeTestTask.java:231)
	at org.junit.platform.engine.support.hierarchical.NodeTestTask$DefaultDynamicTestExecutor.execute(NodeTestTask.java:209)
	at org.junit.jupiter.engine.descriptor.TestTemplateTestDescriptor.execute(TestTemplateTestDescriptor.java:141)
	at org.junit.jupiter.engine.descriptor.TestTemplateTestDescriptor.lambda$execute$3(TestTemplateTestDescriptor.java:109)
	at java.base/java.util.stream.ForEachOps$ForEachOp$OfRef.accept(ForEachOps.java:183)
	at java.base/java.util.stream.ReferencePipeline$3$1.accept(ReferencePipeline.java:195)
	at java.base/java.util.stream.ReferencePipeline$2$1.accept(ReferencePipeline.java:177)
	at java.base/java.util.stream.ReferencePipeline$3$1.accept(ReferencePipeline.java:195)
	at java.base/java.util.stream.ForEachOps$ForEachOp$OfRef.accept(ForEachOps.java:183)
	at java.base/java.util.stream.ReferencePipeline$3$1.accept(ReferencePipeline.java:195)
	at java.base/java.util.Spliterators$ArraySpliterator.forEachRemaining(Spliterators.java:948)
	at java.base/java.util.stream.AbstractPipeline.copyInto(AbstractPipeline.java:484)
	at java.base/java.util.stream.AbstractPipeline.wrapAndCopyInto(AbstractPipeline.java:474)
	at java.base/java.util.stream.ForEachOps$ForEachOp.evaluateSequential(ForEachOps.java:150)
	at java.base/java.util.stream.ForEachOps$ForEachOp$OfRef.evaluateSequential(ForEachOps.java:173)
	at java.base/java.util.stream.AbstractPipeline.evaluate(AbstractPipeline.java:234)
	at java.base/java.util.stream.ReferencePipeline.forEach(ReferencePipeline.java:497)
	at java.base/java.util.stream.ReferencePipeline$7$1.accept(ReferencePipeline.java:274)
	at java.base/java.util.ArrayList$ArrayListSpliterator.forEachRemaining(ArrayList.java:1655)
	at java.base/java.util.stream.AbstractPipeline.copyInto(AbstractPipeline.java:484)
	at java.base/java.util.stream.AbstractPipeline.wrapAndCopyInto(AbstractPipeline.java:474)
	at java.base/java.util.stream.ForEachOps$ForEachOp.evaluateSequential(ForEachOps.java:150)
	at java.base/java.util.stream.ForEachOps$ForEachOp$OfRef.evaluateSequential(ForEachOps.java:173)
	at java.base/java.util.stream.AbstractPipeline.evaluate(AbstractPipeline.java:234)
	at java.base/java.util.stream.ReferencePipeline.forEach(ReferencePipeline.java:497)
	at org.junit.jupiter.engine.descriptor.TestTemplateTestDescriptor.execute(TestTemplateTestDescriptor.java:109)
	at org.junit.jupiter.engine.descriptor.TestTemplateTestDescriptor.execute(TestTemplateTestDescriptor.java:43)
	at org.junit.platform.engine.support.hierarchical.NodeTestTask.lambda$executeRecursively$6(NodeTestTask.java:156)
	at org.junit.platform.engine.support.hierarchical.ThrowableCollector.execute(ThrowableCollector.java:73)
	at org.junit.platform.engine.support.hierarchical.NodeTestTask.lambda$executeRecursively$8(NodeTestTask.java:146)
	at org.junit.platform.engine.support.hierarchical.Node.around(Node.java:137)
	at org.junit.platform.engine.support.hierarchical.NodeTestTask.lambda$executeRecursively$9(NodeTestTask.java:144)
	at org.junit.platform.engine.support.hierarchical.ThrowableCollector.execute(ThrowableCollector.java:73)
	at org.junit.platform.engine.support.hierarchical.NodeTestTask.executeRecursively(NodeTestTask.java:143)
	at org.junit.platform.engine.support.hierarchical.NodeTestTask.execute(NodeTestTask.java:100)
	at org.junit.platform.engine.support.hierarchical.ForkJoinPoolHierarchicalTestExecutorService$ExclusiveTask.exec(ForkJoinPoolHierarchicalTestExecutorService.java:274)
	at org.junit.platform.engine.support.hierarchical.ForkJoinPoolHierarchicalTestExecutorService$ExclusiveTask.execSync(ForkJoinPoolHierarchicalTestExecutorService.java:247)
	at org.junit.platform.engine.support.hierarchical.ForkJoinPoolHierarchicalTestExecutorService.invokeAll(ForkJoinPoolHierarchicalTestExecutorService.java:159)
	at org.junit.platform.engine.support.hierarchical.NodeTestTask.lambda$executeRecursively$6(NodeTestTask.java:160)
	at org.junit.platform.engine.support.hierarchical.ThrowableCollector.execute(ThrowableCollector.java:73)
	at org.junit.platform.engine.support.hierarchical.NodeTestTask.lambda$executeRecursively$8(NodeTestTask.java:146)
	at org.junit.platform.engine.support.hierarchical.Node.around(Node.java:137)
	at org.junit.platform.engine.support.hierarchical.NodeTestTask.lambda$executeRecursively$9(NodeTestTask.java:144)
	at org.junit.platform.engine.support.hierarchical.ThrowableCollector.execute(ThrowableCollector.java:73)
	at org.junit.platform.engine.support.hierarchical.NodeTestTask.executeRecursively(NodeTestTask.java:143)
	at org.junit.platform.engine.support.hierarchical.NodeTestTask.execute(NodeTestTask.java:100)
	at org.junit.platform.engine.support.hierarchical.ForkJoinPoolHierarchicalTestExecutorService$ExclusiveTask.exec(ForkJoinPoolHierarchicalTestExecutorService.java:274)
	at org.junit.platform.engine.support.hierarchical.ForkJoinPoolHierarchicalTestExecutorService$ExclusiveTask.execSync(ForkJoinPoolHierarchicalTestExecutorService.java:247)
	at org.junit.platform.engine.support.hierarchical.ForkJoinPoolHierarchicalTestExecutorService.executeSync(ForkJoinPoolHierarchicalTestExecutorService.java:194)
	at org.junit.platform.engine.support.hierarchical.ForkJoinPoolHierarchicalTestExecutorService.invokeAll(ForkJoinPoolHierarchicalTestExecutorService.java:166)
	at org.junit.platform.engine.support.hierarchical.NodeTestTask.lambda$executeRecursively$6(NodeTestTask.java:160)
	at org.junit.platform.engine.support.hierarchical.ThrowableCollector.execute(ThrowableCollector.java:73)
	at org.junit.platform.engine.support.hierarchical.NodeTestTask.lambda$executeRecursively$8(NodeTestTask.java:146)
	at org.junit.platform.engine.support.hierarchical.Node.around(Node.java:137)
	at org.junit.platform.engine.support.hierarchical.NodeTestTask.lambda$executeRecursively$9(NodeTestTask.java:144)
	at org.junit.platform.engine.support.hierarchical.ThrowableCollector.execute(ThrowableCollector.java:73)
	at org.junit.platform.engine.support.hierarchical.NodeTestTask.executeRecursively(NodeTestTask.java:143)
	at org.junit.platform.engine.support.hierarchical.NodeTestTask.execute(NodeTestTask.java:100)
	at org.junit.platform.engine.support.hierarchical.ForkJoinPoolHierarchicalTestExecutorService$ExclusiveTask.exec(ForkJoinPoolHierarchicalTestExecutorService.java:274)
	at java.base/java.util.concurrent.ForkJoinTask.doExec(ForkJoinTask.java:290)
	at java.base/java.util.concurrent.ForkJoinPool$WorkQueue.topLevelExec(ForkJoinPool.java:1020)
	at java.base/java.util.concurrent.ForkJoinPool.scan(ForkJoinPool.java:1656)
	at java.base/java.util.concurrent.ForkJoinPool.runWorker(ForkJoinPool.java:1594)
	at java.base/java.util.concurrent.ForkJoinWorkerThread.run(ForkJoinWorkerThread.java:183)
Caused by: org.apache.flink.runtime.JobException: org.apache.flink.runtime.JobException: Recovery is suppressed by FixedDelayRestartBackoffTimeStrategy(maxNumberRestartAttempts=0, backoffTimeMS=100)
	at org.apache.flink.runtime.executiongraph.failover.ExecutionFailureHandler.handleFailure(ExecutionFailureHandler.java:213)
	at org.apache.flink.runtime.executiongraph.failover.ExecutionFailureHandler.handleFailureAndReport(ExecutionFailureHandler.java:163)
	at org.apache.flink.runtime.executiongraph.failover.ExecutionFailureHandler.getFailureHandlingResult(ExecutionFailureHandler.java:118)
	at org.apache.flink.runtime.scheduler.DefaultScheduler.recordTaskFailure(DefaultScheduler.java:300)
	at org.apache.flink.runtime.scheduler.DefaultScheduler.handleTaskFailure(DefaultScheduler.java:291)
	at org.apache.flink.runtime.scheduler.DefaultScheduler.onTaskFailed(DefaultScheduler.java:284)
	at org.apache.flink.runtime.scheduler.SchedulerBase.onTaskExecutionStateUpdate(SchedulerBase.java:836)
	at org.apache.flink.runtime.scheduler.SchedulerBase.updateTaskExecutionState(SchedulerBase.java:813)
	at org.apache.flink.runtime.scheduler.SchedulerNG.updateTaskExecutionState(SchedulerNG.java:90)
	at org.apache.flink.runtime.jobmaster.JobMaster.updateTaskExecutionState(JobMaster.java:543)
	at jdk.internal.reflect.GeneratedMethodAccessor33.invoke(Unknown Source)
	at java.base/jdk.internal.reflect.DelegatingMethodAccessorImpl.invoke(DelegatingMethodAccessorImpl.java:43)
	at java.base/java.lang.reflect.Method.invoke(Method.java:566)
	at org.apache.flink.runtime.rpc.pekko.PekkoRpcActor.lambda$handleRpcInvocation$1(PekkoRpcActor.java:318)
	at org.apache.flink.runtime.concurrent.ClassLoadingUtils.runWithContextClassLoader(ClassLoadingUtils.java:83)
	at org.apache.flink.runtime.rpc.pekko.PekkoRpcActor.handleRpcInvocation(PekkoRpcActor.java:316)
	at org.apache.flink.runtime.rpc.pekko.PekkoRpcActor.handleRpcMessage(PekkoRpcActor.java:229)
	at org.apache.flink.runtime.rpc.pekko.FencedPekkoRpcActor.handleRpcMessage(FencedPekkoRpcActor.java:88)
	at org.apache.flink.runtime.rpc.pekko.PekkoRpcActor.handleMessage(PekkoRpcActor.java:174)
	at org.apache.pekko.japi.pf.UnitCaseStatement.apply(CaseStatements.scala:37)
	at org.apache.pekko.japi.pf.UnitCaseStatement.apply(CaseStatements.scala:33)
	at scala.PartialFunction.applyOrElse(PartialFunction.scala:127)
	at scala.PartialFunction.applyOrElse$(PartialFunction.scala:126)
	at org.apache.pekko.japi.pf.UnitCaseStatement.applyOrElse(CaseStatements.scala:33)
	at scala.PartialFunction$OrElse.applyOrElse(PartialFunction.scala:175)
	at scala.PartialFunction$OrElse.applyOrElse(PartialFunction.scala:176)
	at scala.PartialFunction$OrElse.applyOrElse(PartialFunction.scala:176)
	at org.apache.pekko.actor.Actor.aroundReceive(Actor.scala:547)
	at org.apache.pekko.actor.Actor.aroundReceive$(Actor.scala:545)
	at org.apache.pekko.actor.AbstractActor.aroundReceive(AbstractActor.scala:229)
	at org.apache.pekko.actor.ActorCell.receiveMessage(ActorCell.scala:590)
	at org.apache.pekko.actor.ActorCell.invoke(ActorCell.scala:557)
	at org.apache.pekko.dispatch.Mailbox.processMailbox(Mailbox.scala:273)
	at org.apache.pekko.dispatch.Mailbox.run(Mailbox.scala:234)
	at org.apache.pekko.dispatch.Mailbox.exec(Mailbox.scala:246)
	... 5 more
Caused by: java.io.IOException: java.io.IOException: Can't get next record for channel InputChannelInfo{gateIdx=0, inputChannelIdx=0}
	at org.apache.flink.streaming.runtime.io.AbstractStreamTaskNetworkInput.emitNext(AbstractStreamTaskNetworkInput.java:162)
	at org.apache.flink.streaming.runtime.io.StreamOneInputProcessor.processInput(StreamOneInputProcessor.java:65)
	at org.apache.flink.streaming.runtime.tasks.StreamTask.processInput(StreamTask.java:672)
	at org.apache.flink.streaming.runtime.tasks.mailbox.MailboxProcessor.runMailboxLoop(MailboxProcessor.java:231)
	at org.apache.flink.streaming.runtime.tasks.StreamTask.runMailboxLoop(StreamTask.java:1201)
	at org.apache.flink.streaming.runtime.tasks.StreamTask.invoke(StreamTask.java:1138)
	at org.apache.flink.runtime.taskmanager.Task.runWithSystemExitMonitoring(Task.java:987)
	at org.apache.flink.runtime.taskmanager.Task.restoreAndInvoke(Task.java:969)
	at org.apache.flink.runtime.taskmanager.Task.doRun(Task.java:774)
	at org.apache.flink.runtime.taskmanager.Task.run(Task.java:579)
	at java.base/java.lang.Thread.run(Thread.java:829)
Caused by: java.io.EOFException: java.io.EOFException
	at org.apache.flink.core.memory.DataInputDeserializer.readByte(DataInputDeserializer.java:134)
	at org.apache.flink.streaming.runtime.streamrecord.StreamElementSerializer.deserialize(StreamElementSerializer.java:201)
	at org.apache.flink.streaming.runtime.streamrecord.StreamElementSerializer.deserialize(StreamElementSerializer.java:44)
	at org.apache.flink.runtime.plugable.NonReusingDeserializationDelegate.read(NonReusingDeserializationDelegate.java:53)
	at org.apache.flink.runtime.io.network.api.serialization.SpillingAdaptiveSpanningRecordDeserializer.readNextRecord(SpillingAdaptiveSpanningRecordDeserializer.java:112)
	at org.apache.flink.runtime.io.network.api.serialization.SpillingAdaptiveSpanningRecordDeserializer.getNextRecord(SpillingAdaptiveSpanningRecordDeserializer.java:95)
	at org.apache.flink.streaming.runtime.io.AbstractStreamTaskNetworkInput.emitNext(AbstractStreamTaskNetworkInput.java:159)
	... 10 more

================================================================================
